"order_id","user_id","created_at","delay_minutes","delay_bucket","delivery_status","subscription_id","duration_days","subscription_start","subscription_end","has_complaint","is_delayed","is_issue"
3206299,142871,"2023-12-31 06:53:00",-98,ON_TIME,ON_TIME,2,184,"2023-07-26 12:06:00","2024-01-26 11:06:00",0,0,0
3205414,10616,"2023-12-30 20:27:00",-53,ON_TIME,ON_TIME,2,184,"2023-09-09 12:02:00","2024-03-11 11:02:00",0,0,0
3176025,136413,"2023-12-21 13:26:00",-31,ON_TIME,ON_TIME,2,184,"2023-11-13 13:22:00","2024-05-15 13:22:00",0,0,0
3186483,9271,"2023-12-23 17:19:00",-65,ON_TIME,ON_TIME,2,184,"2023-08-04 11:22:00","2024-02-04 10:22:00",0,0,0
3157981,11709,"2023-12-16 11:10:00",-92,ON_TIME,ON_TIME,2,184,"2023-11-10 09:47:00","2024-05-12 09:47:00",0,0,0
3147213,31362,"2023-12-13 08:34:00",-45,ON_TIME,ON_TIME,2,184,"2023-11-21 10:31:00","2024-05-23 10:31:00",0,0,0
3133656,14260,"2023-12-08 20:01:00",-22,ON_TIME,ON_TIME,2,184,"2023-11-03 16:06:00","2024-05-05 16:06:00",0,0,0
3134278,15633,"2023-12-09 03:35:00",-22,ON_TIME,ON_TIME,2,184,"2023-08-20 18:23:00","2024-02-20 17:23:00",0,0,0
3116502,72858,"2023-12-03 16:30:00",-33,ON_TIME,ON_TIME,2,184,"2023-09-08 08:35:00","2024-03-10 07:35:00",0,0,0
3111833,38699,"2023-12-02 12:58:00",-34,ON_TIME,ON_TIME,2,184,"2023-08-19 14:19:00","2024-02-19 13:19:00",0,0,0
3109743,42235,"2023-12-01 17:49:00",-52,ON_TIME,ON_TIME,2,184,"2023-07-08 19:37:00","2024-01-08 18:37:00",0,0,0
3103129,9745,"2023-11-29 16:23:00",-63,ON_TIME,ON_TIME,2,184,"2023-09-17 17:53:00","2024-03-19 16:53:00",0,0,0
3101426,9629,"2023-11-29 09:55:00",-55,ON_TIME,ON_TIME,2,184,"2023-10-12 06:47:00","2024-04-13 05:47:00",0,0,0
3069261,73323,"2023-11-19 13:05:00",-63,ON_TIME,ON_TIME,2,184,"2023-08-21 12:13:00","2024-02-21 11:13:00",0,0,0
3057005,48982,"2023-11-15 16:00:00",-49,ON_TIME,ON_TIME,2,184,"2023-08-17 10:42:00","2024-02-17 09:42:00",0,0,0
3052341,42235,"2023-11-14 06:11:00",-64,ON_TIME,ON_TIME,2,184,"2023-07-08 19:37:00","2024-01-08 18:37:00",0,0,0
3030244,81207,"2023-11-06 20:51:00",-31,ON_TIME,ON_TIME,2,184,"2023-10-09 08:40:00","2024-04-10 07:40:00",0,0,0
3021477,52845,"2023-11-04 02:13:00",-29,ON_TIME,ON_TIME,2,184,"2023-06-23 09:32:00","2023-12-24 08:32:00",0,0,0
3020371,56005,"2023-11-03 16:19:00",-21,ON_TIME,ON_TIME,2,184,"2023-11-01 18:36:00","2024-05-03 18:36:00",0,0,0
3014550,19115,"2023-11-01 17:32:00",-3,ON_TIME,ON_TIME,2,184,"2023-06-14 16:43:00","2023-12-15 15:43:00",0,0,0
2998872,64776,"2023-10-27 08:25:00",-47,ON_TIME,ON_TIME,2,184,"2023-08-18 19:39:00","2024-02-18 18:39:00",0,0,0
2955926,14260,"2023-10-11 17:01:00",-37,ON_TIME,ON_TIME,2,184,"2023-05-03 17:06:00","2023-11-03 16:06:00",0,0,0
2942757,25457,"2023-10-07 00:53:00",-23,ON_TIME,ON_TIME,2,184,"2023-04-08 14:51:00","2023-10-09 14:51:00",0,0,0
2936255,56301,"2023-10-04 15:39:00",-32,ON_TIME,ON_TIME,2,184,"2023-10-01 11:39:00","2024-04-02 10:39:00",0,0,0
2928068,64187,"2023-10-01 13:56:00",-18,ON_TIME,ON_TIME,2,184,"2023-05-16 19:08:00","2023-11-16 18:08:00",0,0,0
2810105,92717,"2023-08-13 19:39:00",-71,ON_TIME,ON_TIME,2,184,"2023-07-02 19:03:00","2024-01-02 18:03:00",0,0,0
2782884,38772,"2023-08-01 16:14:00",-24,ON_TIME,ON_TIME,2,184,"2023-04-07 18:28:00","2023-10-08 18:28:00",0,0,0
2776844,97027,"2023-07-29 22:41:00",-51,ON_TIME,ON_TIME,2,184,"2023-05-26 10:32:00","2023-11-26 09:32:00",0,0,0
2710174,159148,"2023-06-29 13:02:00",-96,ON_TIME,ON_TIME,2,184,"2023-06-19 16:52:00","2023-12-20 15:52:00",0,0,0
2704251,44418,"2023-06-26 15:14:00",-42,ON_TIME,ON_TIME,2,184,"2023-01-27 10:01:00","2023-07-30 11:01:00",0,0,0
2693124,38772,"2023-06-21 14:38:00",-55,ON_TIME,ON_TIME,2,184,"2023-04-07 18:28:00","2023-10-08 18:28:00",0,0,0
2693076,97027,"2023-06-21 14:14:00",-48,ON_TIME,ON_TIME,2,184,"2023-05-26 10:32:00","2023-11-26 09:32:00",0,0,0
2687899,113792,"2023-06-18 20:36:00",-60,ON_TIME,ON_TIME,2,184,"2023-03-28 09:50:00","2023-09-28 09:50:00",0,0,0
2661262,58133,"2023-06-08 00:16:00",-38,ON_TIME,ON_TIME,2,184,"2023-03-23 16:05:00","2023-09-23 17:05:00",0,0,0
2650098,37049,"2023-06-03 11:21:00",-57,ON_TIME,ON_TIME,2,184,"2023-02-18 13:53:00","2023-08-21 14:53:00",0,0,0
2649576,54609,"2023-06-03 06:39:00",-23,ON_TIME,ON_TIME,2,184,"2023-05-14 19:59:00","2023-11-14 18:59:00",0,0,0
2646266,72858,"2023-06-01 17:17:00",-5,ON_TIME,ON_TIME,2,184,"2023-03-08 07:35:00","2023-09-08 08:35:00",0,0,0
2613985,64187,"2023-05-18 19:42:00",-89,ON_TIME,ON_TIME,2,184,"2023-05-16 19:08:00","2023-11-16 18:08:00",0,0,0
2592119,64302,"2023-05-10 12:46:00",-34,ON_TIME,ON_TIME,2,184,"2022-12-24 14:05:00","2023-06-26 15:05:00",0,0,0
2580954,55972,"2023-05-05 17:38:00",-27,ON_TIME,ON_TIME,2,184,"2023-02-14 20:27:00","2023-08-17 21:27:00",0,0,0
2555435,81446,"2023-04-25 11:35:00",-7,ON_TIME,ON_TIME,2,184,"2023-03-03 15:46:00","2023-09-03 16:46:00",0,0,0
2544801,73781,"2023-04-21 03:22:00",-44,ON_TIME,ON_TIME,2,184,"2022-11-29 16:44:00","2023-06-01 17:44:00",0,0,0
2497108,45582,"2023-04-02 08:39:00",-12,ON_TIME,ON_TIME,2,184,"2022-12-06 16:30:00","2023-06-08 17:30:00",0,0,0
2471232,55151,"2023-03-23 05:55:00",-44,ON_TIME,ON_TIME,2,184,"2022-09-21 16:27:00","2023-03-24 15:27:00",0,0,0
2444138,14260,"2023-03-12 13:35:00",-44,ON_TIME,ON_TIME,2,184,"2022-10-30 19:37:00","2023-05-02 20:37:00",0,0,0
2434582,66910,"2023-03-09 01:15:00",-34,ON_TIME,ON_TIME,2,184,"2022-11-22 15:42:00","2023-05-25 16:42:00",0,0,0
2432474,69766,"2023-03-08 08:51:00",-16,ON_TIME,ON_TIME,2,184,"2022-11-27 11:18:00","2023-05-30 12:18:00",0,0,0
2426459,26233,"2023-03-05 17:18:00",-69,ON_TIME,ON_TIME,2,184,"2022-09-27 12:40:00","2023-03-30 12:40:00",0,0,0
2427295,72858,"2023-03-06 05:52:00",-49,ON_TIME,ON_TIME,2,184,"2022-09-05 08:35:00","2023-03-08 07:35:00",0,0,0
2388858,19203,"2023-02-18 21:56:00",-56,ON_TIME,ON_TIME,2,184,"2022-11-24 08:46:00","2023-05-27 09:46:00",0,0,0
2369124,14260,"2023-02-11 14:49:00",-58,ON_TIME,ON_TIME,2,184,"2022-10-30 19:37:00","2023-05-02 20:37:00",0,0,0
2340947,37049,"2023-02-01 13:54:00",-91,ON_TIME,ON_TIME,2,184,"2022-08-18 14:53:00","2023-02-18 13:53:00",0,0,0
2334787,24392,"2023-01-30 05:46:00",-54,ON_TIME,ON_TIME,2,184,"2022-08-01 10:55:00","2023-02-01 09:55:00",0,0,0
2326227,72858,"2023-01-27 04:04:00",-16,ON_TIME,ON_TIME,2,184,"2022-09-05 08:35:00","2023-03-08 07:35:00",0,0,0
2304899,25390,"2023-01-19 05:49:00",-78,ON_TIME,ON_TIME,2,184,"2022-11-12 21:29:00","2023-05-15 22:29:00",0,0,0
2302887,71540,"2023-01-18 10:48:00",-56,ON_TIME,ON_TIME,2,184,"2022-09-26 16:51:00","2023-03-29 16:51:00",0,0,0
2288851,26614,"2023-01-12 17:39:00",-51,ON_TIME,ON_TIME,2,184,"2022-10-26 15:46:00","2023-04-28 15:46:00",0,0,0
2281718,45686,"2023-01-10 07:30:00",-39,ON_TIME,ON_TIME,2,184,"2022-08-25 11:14:00","2023-02-25 10:14:00",0,0,0
2281115,102730,"2023-01-09 18:40:00",-10,ON_TIME,ON_TIME,2,184,"2022-11-10 11:22:00","2023-05-13 12:22:00",0,0,0
2276503,97027,"2023-01-07 20:52:00",-60,ON_TIME,ON_TIME,2,184,"2022-11-23 09:32:00","2023-05-26 10:32:00",0,0,0
2263211,63077,"2023-01-02 11:56:00",-43,ON_TIME,ON_TIME,2,184,"2022-11-26 10:47:00","2023-05-29 11:47:00",0,0,0
2261901,9312,"2023-01-01 14:44:00",-58,ON_TIME,ON_TIME,2,184,"2022-11-07 21:11:00","2023-05-10 22:11:00",0,0,0
2853548,97027,"2023-09-01 18:34:00",77,"60+ min",LATE,2,184,"2023-05-26 10:32:00","2023-11-26 09:32:00",1,1,1
2952899,117587,"2023-10-10 15:08:00",24,"16-30 min",LATE,2,184,"2023-06-17 21:00:00","2023-12-18 20:00:00",0,1,1
2520204,29549,"2023-04-10 16:40:00",10,"1-15 min",LATE,2,184,"2023-03-27 20:36:00","2023-09-27 20:36:00",0,1,1
2264541,7801,"2023-01-02 23:40:00",10,"1-15 min",LATE,2,184,"2022-11-22 19:47:00","2023-05-25 20:47:00",0,1,1
2846526,29549,"2023-08-29 17:59:00",9,"1-15 min",LATE,2,184,"2023-03-27 20:36:00","2023-09-27 20:36:00",0,1,1
2727474,28472,"2023-07-07 12:48:00",3,"1-15 min",LATE,2,184,"2023-04-12 22:02:00","2023-10-13 22:02:00",0,1,1
3202921,10616,"2023-12-30 12:43:00",-41,ON_TIME,ON_TIME,2,184,"2023-09-09 12:02:00","2024-03-11 11:02:00",0,0,0
3203951,117712,"2023-12-30 15:19:00",-72,ON_TIME,ON_TIME,2,184,"2023-12-23 17:21:00","2024-06-24 17:21:00",0,0,0
3155564,99281,"2023-12-15 15:34:00",-54,ON_TIME,ON_TIME,2,184,"2023-09-02 18:48:00","2024-03-04 17:48:00",0,0,0
3153196,148925,"2023-12-14 23:38:00",-29,ON_TIME,ON_TIME,2,184,"2023-07-08 21:24:00","2024-01-08 20:24:00",0,0,0
3075653,43839,"2023-11-21 15:44:00",-41,ON_TIME,ON_TIME,2,184,"2023-09-15 18:07:00","2024-03-17 17:07:00",0,0,0
3107318,142871,"2023-12-01 00:14:00",-84,ON_TIME,ON_TIME,2,184,"2023-07-26 12:06:00","2024-01-26 11:06:00",0,0,0
3099670,16784,"2023-11-28 15:46:00",-43,ON_TIME,ON_TIME,2,184,"2023-11-05 10:02:00","2024-05-07 10:02:00",0,0,0
3088821,61365,"2023-11-25 15:25:00",-50,ON_TIME,ON_TIME,2,184,"2023-09-25 09:12:00","2024-03-27 08:12:00",0,0,0
3086274,142871,"2023-11-25 00:50:00",-32,ON_TIME,ON_TIME,2,184,"2023-07-26 12:06:00","2024-01-26 11:06:00",0,0,0
3082980,9277,"2023-11-24 02:24:00",-44,ON_TIME,ON_TIME,2,184,"2023-10-10 13:30:00","2024-04-11 12:30:00",0,0,0
3060643,33446,"2023-11-16 21:50:00",-40,ON_TIME,ON_TIME,2,184,"2023-10-18 20:11:00","2024-04-19 19:11:00",0,0,0
3023090,117587,"2023-11-04 13:05:00",-81,ON_TIME,ON_TIME,2,184,"2023-06-17 21:00:00","2023-12-18 20:00:00",0,0,0
2966235,28076,"2023-10-15 13:25:00",-55,ON_TIME,ON_TIME,2,184,"2023-10-11 14:31:00","2024-04-12 13:31:00",0,0,0
2920350,51366,"2023-09-28 16:00:00",1,"1-15 min",LATE,2,184,"2023-06-14 21:49:00","2023-12-15 20:49:00",0,1,1
2916448,44571,"2023-09-27 09:40:00",-109,ON_TIME,ON_TIME,2,184,"2023-06-21 09:42:00","2023-12-22 08:42:00",0,0,0
2912300,19203,"2023-09-25 14:55:00",-58,ON_TIME,ON_TIME,2,184,"2023-06-01 19:47:00","2023-12-02 18:47:00",0,0,0
2890936,97027,"2023-09-17 02:31:00",-49,ON_TIME,ON_TIME,2,184,"2023-05-26 10:32:00","2023-11-26 09:32:00",0,0,0
2849767,43839,"2023-08-31 10:21:00",-57,ON_TIME,ON_TIME,2,184,"2023-03-01 19:21:00","2023-09-01 20:21:00",0,0,0
2844397,92717,"2023-08-28 18:09:00",-44,ON_TIME,ON_TIME,2,184,"2023-07-02 19:03:00","2024-01-02 18:03:00",0,0,0
2896164,148925,"2023-09-19 01:26:00",-56,ON_TIME,ON_TIME,2,184,"2023-07-08 21:24:00","2024-01-08 20:24:00",0,0,0
2805833,97027,"2023-08-11 20:14:00",-59,ON_TIME,ON_TIME,2,184,"2023-05-26 10:32:00","2023-11-26 09:32:00",0,0,0
2803319,68620,"2023-08-10 17:06:00",-63,ON_TIME,ON_TIME,2,184,"2023-03-01 17:54:00","2023-09-01 18:54:00",1,0,1
2800508,175197,"2023-08-09 14:09:00",-41,ON_TIME,ON_TIME,2,184,"2023-03-09 10:12:00","2023-09-09 11:12:00",0,0,0
2800106,97027,"2023-08-09 11:42:00",-103,ON_TIME,ON_TIME,2,184,"2023-05-26 10:32:00","2023-11-26 09:32:00",0,0,0
2792265,97027,"2023-08-05 18:56:00",-44,ON_TIME,ON_TIME,2,184,"2023-05-26 10:32:00","2023-11-26 09:32:00",0,0,0
2788182,97027,"2023-08-03 23:43:00",-68,ON_TIME,ON_TIME,2,184,"2023-05-26 10:32:00","2023-11-26 09:32:00",0,0,0
2778593,19203,"2023-07-30 17:47:00",-35,ON_TIME,ON_TIME,2,184,"2023-06-01 19:47:00","2023-12-02 18:47:00",0,0,0
2771137,44571,"2023-07-27 10:09:00",-32,ON_TIME,ON_TIME,2,184,"2023-06-21 09:42:00","2023-12-22 08:42:00",1,0,1
2766079,97027,"2023-07-24 21:19:00",-71,ON_TIME,ON_TIME,2,184,"2023-05-26 10:32:00","2023-11-26 09:32:00",0,0,0
2755702,181563,"2023-07-20 10:07:00",-47,ON_TIME,ON_TIME,2,184,"2023-07-15 12:19:00","2024-01-15 11:19:00",0,0,0
2740582,26284,"2023-07-13 13:52:00",-57,ON_TIME,ON_TIME,2,184,"2023-04-12 13:59:00","2023-10-13 13:59:00",1,0,1
2713583,9277,"2023-07-01 08:23:00",-13,ON_TIME,ON_TIME,2,184,"2023-04-03 15:09:00","2023-10-04 15:09:00",0,0,0
2707277,11364,"2023-06-28 02:22:00",-90,ON_TIME,ON_TIME,2,184,"2023-02-21 09:14:00","2023-08-24 10:14:00",0,0,0
2700317,43839,"2023-06-24 21:00:00",-41,ON_TIME,ON_TIME,2,184,"2023-03-01 19:21:00","2023-09-01 20:21:00",0,0,0
2692765,10616,"2023-06-21 11:58:00",-28,ON_TIME,ON_TIME,2,184,"2023-03-04 16:15:00","2023-09-04 17:15:00",0,0,0
2670825,149327,"2023-06-12 00:03:00",-37,ON_TIME,ON_TIME,2,184,"2023-03-29 13:02:00","2023-09-29 13:02:00",0,0,0
2659159,10616,"2023-06-07 06:02:00",-52,ON_TIME,ON_TIME,2,184,"2023-03-04 16:15:00","2023-09-04 17:15:00",0,0,0
2598653,137036,"2023-05-12 20:54:00",-54,ON_TIME,ON_TIME,2,184,"2023-04-17 12:56:00","2023-10-18 12:56:00",0,0,0
2565234,73488,"2023-04-29 13:19:00",-51,ON_TIME,ON_TIME,2,184,"2023-02-04 19:17:00","2023-08-07 20:17:00",0,0,0
2546763,28472,"2023-04-21 19:14:00",-100,ON_TIME,ON_TIME,2,184,"2023-04-12 22:02:00","2023-10-13 22:02:00",0,0,0
2523763,9610,"2023-04-12 08:30:00",-18,ON_TIME,ON_TIME,2,184,"2023-01-22 13:18:00","2023-07-25 14:18:00",0,0,0
2503937,175197,"2023-04-04 15:08:00",-27,ON_TIME,ON_TIME,2,184,"2023-03-09 10:12:00","2023-09-09 11:12:00",0,0,0
2487316,162810,"2023-03-29 12:04:00",-27,ON_TIME,ON_TIME,2,184,"2022-12-05 15:10:00","2023-06-07 16:10:00",0,0,0
2486694,45203,"2023-03-29 08:00:00",-31,ON_TIME,ON_TIME,2,184,"2022-11-11 19:20:00","2023-05-14 20:20:00",0,0,0
2457687,62602,"2023-03-17 16:17:00",-29,ON_TIME,ON_TIME,2,184,"2023-01-02 13:37:00","2023-07-05 14:37:00",0,0,0
2456152,52603,"2023-03-17 08:54:00",-27,ON_TIME,ON_TIME,2,184,"2022-11-21 10:02:00","2023-05-24 11:02:00",0,0,0
2449817,27831,"2023-03-14 18:35:00",-23,ON_TIME,ON_TIME,2,184,"2022-11-22 09:11:00","2023-05-25 10:11:00",0,0,0
2415559,57564,"2023-03-01 16:18:00",-22,ON_TIME,ON_TIME,2,184,"2022-11-22 19:12:00","2023-05-25 20:12:00",0,0,0
2398669,26442,"2023-02-23 08:22:00",-53,ON_TIME,ON_TIME,2,184,"2022-09-05 19:31:00","2023-03-08 18:31:00",0,0,0
2388197,10616,"2023-02-18 16:39:00",-48,ON_TIME,ON_TIME,2,184,"2022-08-31 20:43:00","2023-03-03 19:43:00",0,0,0
2376145,42084,"2023-02-13 22:59:00",-50,ON_TIME,ON_TIME,2,184,"2023-02-10 11:59:00","2023-08-13 12:59:00",0,0,0
2359854,44214,"2023-02-08 10:01:00",-48,ON_TIME,ON_TIME,2,184,"2022-09-22 08:08:00","2023-03-25 07:08:00",0,0,0
2345627,36679,"2023-02-03 10:04:00",-34,ON_TIME,ON_TIME,2,184,"2022-09-26 21:03:00","2023-03-29 21:03:00",1,0,1
2333670,165240,"2023-01-29 15:30:00",-29,ON_TIME,ON_TIME,2,184,"2023-01-03 14:02:00","2023-07-06 15:02:00",0,0,0
2290873,97027,"2023-01-13 14:41:00",-73,ON_TIME,ON_TIME,2,184,"2022-11-23 09:32:00","2023-05-26 10:32:00",0,0,0
2269032,97027,"2023-01-04 19:04:00",-59,ON_TIME,ON_TIME,2,184,"2022-11-23 09:32:00","2023-05-26 10:32:00",0,0,0
2266589,23877,"2023-01-03 19:08:00",-109,ON_TIME,ON_TIME,2,184,"2022-08-16 14:09:00","2023-02-16 13:09:00",0,0,0
2750345,10705,"2023-07-17 17:13:00",45,"31-60 min",LATE,2,184,"2023-06-03 17:53:00","2023-12-04 16:53:00",0,1,1
3018858,8600,"2023-11-03 10:03:00",11,"1-15 min",LATE,2,184,"2023-07-09 12:33:00","2024-01-09 11:33:00",0,1,1
2595585,9505,"2023-05-11 17:13:00",11,"1-15 min",LATE,2,184,"2023-04-07 18:10:00","2023-10-08 18:10:00",0,1,1
3204922,64816,"2023-12-30 18:18:00",-59,ON_TIME,ON_TIME,2,184,"2023-09-01 16:43:00","2024-03-03 15:43:00",0,0,0
3200482,13169,"2023-12-29 20:12:00",-52,ON_TIME,ON_TIME,2,184,"2023-10-06 09:45:00","2024-04-07 08:45:00",0,0,0
3155104,78999,"2023-12-15 13:47:00",-18,ON_TIME,ON_TIME,2,184,"2023-09-26 16:02:00","2024-03-28 15:02:00",0,0,0
3096107,22977,"2023-11-27 15:01:00",-44,ON_TIME,ON_TIME,2,184,"2023-08-25 20:42:00","2024-02-25 19:42:00",0,0,0
3009990,24060,"2023-10-31 07:36:00",-34,ON_TIME,ON_TIME,2,184,"2023-07-13 19:25:00","2024-01-13 18:25:00",0,0,0
2936518,72858,"2023-10-04 17:19:00",-61,ON_TIME,ON_TIME,2,184,"2023-09-08 08:35:00","2024-03-10 07:35:00",0,0,0
2923712,22977,"2023-09-29 21:42:00",-39,ON_TIME,ON_TIME,2,184,"2023-08-25 20:42:00","2024-02-25 19:42:00",0,0,0
2903254,36505,"2023-09-22 07:19:00",-67,ON_TIME,ON_TIME,2,184,"2023-08-21 19:38:00","2024-02-21 18:38:00",0,0,0
2892094,159148,"2023-09-17 13:23:00",-83,ON_TIME,ON_TIME,2,184,"2023-06-19 16:52:00","2023-12-20 15:52:00",0,0,0
2870376,62584,"2023-09-08 20:55:00",-34,ON_TIME,ON_TIME,2,184,"2023-08-18 19:29:00","2024-02-18 18:29:00",0,0,0
2872048,144105,"2023-09-09 15:57:00",-42,ON_TIME,ON_TIME,2,184,"2023-08-11 13:48:00","2024-02-11 12:48:00",0,0,0
2799581,24060,"2023-08-09 07:25:00",-16,ON_TIME,ON_TIME,2,184,"2023-07-13 19:25:00","2024-01-13 18:25:00",0,0,0
2792813,146433,"2023-08-06 07:48:00",-27,ON_TIME,ON_TIME,2,184,"2023-02-09 16:24:00","2023-08-12 17:24:00",0,0,0
2723004,68413,"2023-07-05 12:00:00",-38,ON_TIME,ON_TIME,2,184,"2023-05-16 19:10:00","2023-11-16 18:10:00",1,0,1
2734484,72858,"2023-07-10 15:19:00",-11,ON_TIME,ON_TIME,2,184,"2023-03-08 07:35:00","2023-09-08 08:35:00",0,0,0
2730669,62584,"2023-07-08 21:03:00",-14,ON_TIME,ON_TIME,2,184,"2023-02-15 18:29:00","2023-08-18 19:29:00",0,0,0
2722770,22977,"2023-07-05 10:33:00",2,"1-15 min",LATE,2,184,"2023-02-22 19:42:00","2023-08-25 20:42:00",0,1,1
2710494,15851,"2023-06-29 14:59:00",-49,ON_TIME,ON_TIME,2,184,"2023-04-11 17:20:00","2023-10-12 17:20:00",1,0,1
2661673,39703,"2023-06-08 09:46:00",-59,ON_TIME,ON_TIME,2,184,"2023-02-20 20:48:00","2023-08-23 21:48:00",0,0,0
2649584,9888,"2023-06-03 07:04:00",-3,ON_TIME,ON_TIME,2,184,"2023-04-29 12:48:00","2023-10-30 11:48:00",0,0,0
2642509,41011,"2023-05-31 08:52:00",-74,ON_TIME,ON_TIME,2,184,"2023-03-14 13:38:00","2023-09-14 14:38:00",0,0,0
2639514,146433,"2023-05-29 17:12:00",-11,ON_TIME,ON_TIME,2,184,"2023-02-09 16:24:00","2023-08-12 17:24:00",0,0,0
2634298,101972,"2023-05-27 16:15:00",-27,ON_TIME,ON_TIME,2,184,"2022-11-25 19:46:00","2023-05-28 20:46:00",0,0,0
2633910,62972,"2023-05-27 14:01:00",-42,ON_TIME,ON_TIME,2,184,"2023-03-14 11:04:00","2023-09-14 12:04:00",0,0,0
2589591,11675,"2023-05-09 13:40:00",-39,ON_TIME,ON_TIME,2,184,"2023-01-09 18:58:00","2023-07-12 19:58:00",0,0,0
2576171,24173,"2023-05-03 20:00:00",-52,ON_TIME,ON_TIME,2,184,"2022-11-20 15:33:00","2023-05-23 16:33:00",0,0,0
2543040,163222,"2023-04-20 11:53:00",-34,ON_TIME,ON_TIME,2,184,"2022-11-25 09:13:00","2023-05-28 10:13:00",0,0,0
2516123,159148,"2023-04-09 00:10:00",-67,ON_TIME,ON_TIME,2,184,"2022-12-17 09:35:00","2023-06-19 10:35:00",0,0,0
2449296,167195,"2023-03-14 14:57:00",-56,ON_TIME,ON_TIME,2,184,"2023-01-25 20:02:00","2023-07-28 21:02:00",0,0,0
2424085,24173,"2023-03-04 19:09:00",-49,ON_TIME,ON_TIME,2,184,"2022-11-20 15:33:00","2023-05-23 16:33:00",0,0,0
2414513,101972,"2023-03-01 10:14:00",-51,ON_TIME,ON_TIME,2,184,"2022-11-25 19:46:00","2023-05-28 20:46:00",0,0,0
2294796,46979,"2023-01-14 23:40:00",-6,ON_TIME,ON_TIME,2,184,"2022-11-19 14:29:00","2023-05-22 15:29:00",0,0,0
2268918,16632,"2023-01-04 18:07:00",-17,ON_TIME,ON_TIME,2,184,"2022-08-13 19:21:00","2023-02-13 18:21:00",0,0,0
2262576,29375,"2023-01-02 02:14:00",45,"31-60 min",LATE,2,184,"2022-10-20 09:41:00","2023-04-22 09:41:00",0,1,1
3053063,30529,"2023-11-14 11:33:00",39,"31-60 min",LATE,2,184,"2023-07-06 10:17:00","2024-01-06 09:17:00",0,1,1
2366902,117587,"2023-02-10 17:28:00",33,"31-60 min",LATE,2,184,"2022-12-14 22:00:00","2023-06-16 23:00:00",0,1,1
2377104,33572,"2023-02-14 11:57:00",31,"31-60 min",LATE,2,184,"2022-11-26 10:39:00","2023-05-29 11:39:00",0,1,1
2358574,69838,"2023-02-07 17:14:00",25,"16-30 min",LATE,2,184,"2023-02-01 16:05:00","2023-08-04 17:05:00",0,1,1
2288546,64776,"2023-01-12 15:40:00",18,"16-30 min",LATE,2,184,"2022-11-18 19:23:00","2023-05-21 20:23:00",0,1,1
2327266,29688,"2023-01-27 12:47:00",16,"16-30 min",LATE,2,184,"2022-08-03 11:33:00","2023-02-03 10:33:00",0,1,1
2755045,11709,"2023-07-19 21:11:00",15,"1-15 min",LATE,2,184,"2023-05-10 10:47:00","2023-11-10 09:47:00",0,1,1
2607795,73488,"2023-05-16 12:27:00",15,"1-15 min",LATE,2,184,"2023-02-04 19:17:00","2023-08-07 20:17:00",0,1,1
2976728,110044,"2023-10-19 03:18:00",12,"1-15 min",LATE,2,184,"2023-07-16 11:50:00","2024-01-16 10:50:00",0,1,1
3015243,33327,"2023-11-02 02:20:00",12,"1-15 min",LATE,2,184,"2023-05-04 17:05:00","2023-11-04 16:05:00",0,1,1
2883552,99411,"2023-09-14 11:08:00",11,"1-15 min",LATE,2,184,"2023-06-26 18:43:00","2023-12-27 17:43:00",0,1,1
2318748,54609,"2023-01-24 10:31:00",9,"1-15 min",LATE,2,184,"2022-11-11 18:59:00","2023-05-14 19:59:00",0,1,1
2439125,39201,"2023-03-10 17:06:00",8,"1-15 min",LATE,2,184,"2022-09-22 17:32:00","2023-03-25 16:32:00",0,1,1
2674869,32261,"2023-06-13 16:06:00",7,"1-15 min",LATE,2,184,"2023-01-31 22:13:00","2023-08-03 23:13:00",0,1,1
2630988,9888,"2023-05-26 10:41:00",6,"1-15 min",LATE,2,184,"2023-04-29 12:48:00","2023-10-30 11:48:00",0,1,1
2621680,11709,"2023-05-22 08:27:00",6,"1-15 min",LATE,2,184,"2023-05-10 10:47:00","2023-11-10 09:47:00",0,1,1
2323060,10005,"2023-01-25 21:42:00",6,"1-15 min",LATE,2,184,"2022-08-15 21:13:00","2023-02-15 20:13:00",0,1,1
2684928,49072,"2023-06-17 16:19:00",5,"1-15 min",LATE,2,184,"2023-05-11 09:01:00","2023-11-11 08:01:00",0,1,1
2769274,29218,"2023-07-26 12:08:00",3,"1-15 min",LATE,2,184,"2023-02-04 19:23:00","2023-08-07 20:23:00",0,1,1
2619321,14260,"2023-05-21 09:18:00",3,"1-15 min",LATE,2,184,"2023-05-03 17:06:00","2023-11-03 16:06:00",0,1,1
2432484,25586,"2023-03-08 08:54:00",1,"1-15 min",LATE,2,184,"2022-11-01 20:20:00","2023-05-04 21:20:00",0,1,1
3099395,86252,"2023-11-28 14:31:00",0,ON_TIME,ON_TIME,2,184,"2023-10-13 09:47:00","2024-04-14 08:47:00",0,0,0
3199609,52292,"2023-12-29 16:22:00",-8,ON_TIME,ON_TIME,2,184,"2023-09-15 20:06:00","2024-03-17 19:06:00",0,0,0
3198851,30529,"2023-12-29 13:48:00",-12,ON_TIME,ON_TIME,2,184,"2023-07-06 10:17:00","2024-01-06 09:17:00",0,0,0
3198994,61365,"2023-12-29 14:17:00",-40,ON_TIME,ON_TIME,2,184,"2023-09-25 09:12:00","2024-03-27 08:12:00",0,0,0
3195780,87644,"2023-12-28 15:03:00",-64,ON_TIME,ON_TIME,2,184,"2023-09-02 20:05:00","2024-03-04 19:05:00",0,0,0
3177689,94149,"2023-12-21 21:17:00",-39,ON_TIME,ON_TIME,2,184,"2023-12-07 19:00:00","2024-06-08 19:00:00",0,0,0
3197102,71420,"2023-12-28 23:00:00",-61,ON_TIME,ON_TIME,2,184,"2023-11-20 19:53:00","2024-05-22 19:53:00",0,0,0
3167415,54841,"2023-12-19 07:17:00",-2,ON_TIME,ON_TIME,2,184,"2023-11-11 15:26:00","2024-05-13 15:26:00",0,0,0
3155829,55889,"2023-12-15 16:48:00",-35,ON_TIME,ON_TIME,2,184,"2023-06-20 14:06:00","2023-12-21 13:06:00",0,0,0
3155794,7661,"2023-12-15 16:39:00",-45,ON_TIME,ON_TIME,2,184,"2023-11-22 17:55:00","2024-05-24 17:55:00",0,0,0
3150128,54841,"2023-12-14 07:49:00",-24,ON_TIME,ON_TIME,2,184,"2023-11-11 15:26:00","2024-05-13 15:26:00",0,0,0
3141409,42235,"2023-12-11 09:13:00",-46,ON_TIME,ON_TIME,2,184,"2023-07-08 19:37:00","2024-01-08 18:37:00",0,0,0
3110720,44571,"2023-12-02 07:52:00",-39,ON_TIME,ON_TIME,2,184,"2023-06-21 09:42:00","2023-12-22 08:42:00",0,0,0
3132668,10005,"2023-12-08 14:49:00",-49,ON_TIME,ON_TIME,2,184,"2023-08-18 21:13:00","2024-02-18 20:13:00",0,0,0
3128561,52703,"2023-12-07 12:56:00",-53,ON_TIME,ON_TIME,2,184,"2023-08-18 15:18:00","2024-02-18 14:18:00",0,0,0
3106683,40811,"2023-11-30 18:44:00",-48,ON_TIME,ON_TIME,2,184,"2023-09-29 10:29:00","2024-03-31 09:29:00",0,0,0
3107094,181228,"2023-11-30 21:58:00",-33,ON_TIME,ON_TIME,2,184,"2023-11-08 17:51:00","2024-05-10 17:51:00",0,0,0
3095159,64302,"2023-11-27 11:47:00",-4,ON_TIME,ON_TIME,2,184,"2023-06-27 13:19:00","2023-12-28 12:19:00",0,0,0
3074580,64766,"2023-11-21 10:56:00",-4,ON_TIME,ON_TIME,2,184,"2023-10-10 12:17:00","2024-04-11 11:17:00",0,0,0
3054072,9500,"2023-11-14 16:27:00",-72,ON_TIME,ON_TIME,2,184,"2023-07-06 13:32:00","2024-01-06 12:32:00",0,0,0
3052376,9271,"2023-11-14 07:21:00",-30,ON_TIME,ON_TIME,2,184,"2023-08-04 11:22:00","2024-02-04 10:22:00",0,0,0
3023950,28277,"2023-11-04 16:19:00",-7,ON_TIME,ON_TIME,2,184,"2023-09-24 08:55:00","2024-03-26 07:55:00",0,0,0
3082575,69838,"2023-11-23 21:21:00",-40,ON_TIME,ON_TIME,2,184,"2023-08-06 14:23:00","2024-02-06 13:23:00",0,0,0
3070258,38686,"2023-11-19 18:49:00",-30,ON_TIME,ON_TIME,2,184,"2023-10-12 13:27:00","2024-04-13 12:27:00",0,0,0
3072896,64816,"2023-11-20 16:12:00",-39,ON_TIME,ON_TIME,2,184,"2023-09-01 16:43:00","2024-03-03 15:43:00",0,0,0
3072431,59230,"2023-11-20 14:18:00",-9,ON_TIME,ON_TIME,2,184,"2023-11-17 12:19:00","2024-05-19 12:19:00",0,0,0
3065441,61365,"2023-11-18 12:24:00",-35,ON_TIME,ON_TIME,2,184,"2023-09-25 09:12:00","2024-03-27 08:12:00",0,0,0
3058223,11709,"2023-11-16 07:35:00",-26,ON_TIME,ON_TIME,2,184,"2023-11-10 09:47:00","2024-05-12 09:47:00",0,0,0
3046190,20522,"2023-11-12 06:23:00",-26,ON_TIME,ON_TIME,2,184,"2023-06-08 11:04:00","2023-12-09 10:04:00",0,0,0
3041261,155478,"2023-11-10 14:48:00",-44,ON_TIME,ON_TIME,2,184,"2023-09-29 10:04:00","2024-03-31 09:04:00",0,0,0
3039055,43857,"2023-11-09 19:32:00",-12,ON_TIME,ON_TIME,2,184,"2023-08-01 20:06:00","2024-02-01 19:06:00",0,0,0
3038581,25586,"2023-11-09 16:36:00",-52,ON_TIME,ON_TIME,2,184,"2023-05-10 12:57:00","2023-11-10 11:57:00",0,0,0
3034607,15633,"2023-11-08 12:38:00",-23,ON_TIME,ON_TIME,2,184,"2023-08-20 18:23:00","2024-02-20 17:23:00",0,0,0
3018871,155478,"2023-11-03 10:07:00",-20,ON_TIME,ON_TIME,2,184,"2023-09-29 10:04:00","2024-03-31 09:04:00",0,0,0
3010463,15269,"2023-10-31 10:38:00",-10,ON_TIME,ON_TIME,2,184,"2023-10-06 10:13:00","2024-04-07 09:13:00",0,0,0
3007589,113792,"2023-10-30 09:49:00",-5,ON_TIME,ON_TIME,2,184,"2023-09-28 11:54:00","2024-03-30 10:54:00",0,0,0
2995310,38230,"2023-10-25 17:57:00",-45,ON_TIME,ON_TIME,2,184,"2023-09-21 20:57:00","2024-03-23 19:57:00",0,0,0
2988448,67225,"2023-10-23 10:43:00",-25,ON_TIME,ON_TIME,2,184,"2023-06-16 13:32:00","2023-12-17 12:32:00",0,0,0
2985061,33327,"2023-10-22 03:10:00",-81,ON_TIME,ON_TIME,2,184,"2023-05-04 17:05:00","2023-11-04 16:05:00",0,0,0
2980761,38230,"2023-10-20 13:42:00",-43,ON_TIME,ON_TIME,2,184,"2023-09-21 20:57:00","2024-03-23 19:57:00",0,0,0
2972959,113792,"2023-10-17 16:44:00",-34,ON_TIME,ON_TIME,2,184,"2023-09-28 11:54:00","2024-03-30 10:54:00",1,0,1
2966292,64187,"2023-10-15 13:43:00",-22,ON_TIME,ON_TIME,2,184,"2023-05-16 19:08:00","2023-11-16 18:08:00",0,0,0
2966203,9629,"2023-10-15 13:17:00",-50,ON_TIME,ON_TIME,2,184,"2023-10-12 06:47:00","2024-04-13 05:47:00",0,0,0
2967214,19115,"2023-10-15 17:45:00",-68,ON_TIME,ON_TIME,2,184,"2023-06-14 16:43:00","2023-12-15 15:43:00",0,0,0
2960350,38230,"2023-10-13 12:07:00",-5,ON_TIME,ON_TIME,2,184,"2023-09-21 20:57:00","2024-03-23 19:57:00",0,0,0
2957891,155478,"2023-10-12 13:00:00",-39,ON_TIME,ON_TIME,2,184,"2023-09-29 10:04:00","2024-03-31 09:04:00",0,0,0
2954058,55889,"2023-10-10 23:38:00",-63,ON_TIME,ON_TIME,2,184,"2023-06-20 14:06:00","2023-12-21 13:06:00",0,0,0
2948182,49072,"2023-10-08 19:35:00",-76,ON_TIME,ON_TIME,2,184,"2023-05-11 09:01:00","2023-11-11 08:01:00",0,0,0
2944945,113792,"2023-10-07 18:18:00",-49,ON_TIME,ON_TIME,2,184,"2023-09-28 11:54:00","2024-03-30 10:54:00",0,0,0
2944883,52603,"2023-10-07 17:52:00",-37,ON_TIME,ON_TIME,2,184,"2023-08-18 09:44:00","2024-02-18 08:44:00",0,0,0
2921399,42235,"2023-09-29 07:41:00",-46,ON_TIME,ON_TIME,2,184,"2023-07-08 19:37:00","2024-01-08 18:37:00",0,0,0
2916549,49072,"2023-09-27 10:13:00",2,"1-15 min",LATE,2,184,"2023-05-11 09:01:00","2023-11-11 08:01:00",0,1,1
2911288,38230,"2023-09-25 10:24:00",-51,ON_TIME,ON_TIME,2,184,"2023-09-21 20:57:00","2024-03-23 19:57:00",0,0,0
2911076,20522,"2023-09-25 09:28:00",-90,ON_TIME,ON_TIME,2,184,"2023-06-08 11:04:00","2023-12-09 10:04:00",0,0,0
2909528,14260,"2023-09-24 15:08:00",-20,ON_TIME,ON_TIME,2,184,"2023-05-03 17:06:00","2023-11-03 16:06:00",0,0,0
2905763,43857,"2023-09-23 08:04:00",-48,ON_TIME,ON_TIME,2,184,"2023-08-01 20:06:00","2024-02-01 19:06:00",0,0,0
2902605,16545,"2023-09-21 18:36:00",-37,ON_TIME,ON_TIME,2,184,"2023-04-09 20:07:00","2023-10-10 20:07:00",0,0,0
2898334,9629,"2023-09-19 22:55:00",-81,ON_TIME,ON_TIME,2,184,"2023-04-11 06:47:00","2023-10-12 06:47:00",0,0,0
2898521,9500,"2023-09-20 05:48:00",-42,ON_TIME,ON_TIME,2,184,"2023-07-06 13:32:00","2024-01-06 12:32:00",0,0,0
2898637,67225,"2023-09-20 08:30:00",-54,ON_TIME,ON_TIME,2,184,"2023-06-16 13:32:00","2023-12-17 12:32:00",0,0,0
2877241,33327,"2023-09-11 16:14:00",-90,ON_TIME,ON_TIME,2,184,"2023-05-04 17:05:00","2023-11-04 16:05:00",0,0,0
2873996,44571,"2023-09-10 13:21:00",-123,ON_TIME,ON_TIME,2,184,"2023-06-21 09:42:00","2023-12-22 08:42:00",0,0,0
2872701,28620,"2023-09-09 20:45:00",-9,ON_TIME,ON_TIME,2,184,"2023-07-05 17:04:00","2024-01-05 16:04:00",0,0,0
2928703,175551,"2023-10-01 17:07:00",-8,ON_TIME,ON_TIME,2,184,"2023-04-11 10:22:00","2023-10-12 10:22:00",0,0,0
2858853,18546,"2023-09-04 09:40:00",-90,ON_TIME,ON_TIME,2,184,"2023-08-01 10:22:00","2024-02-01 09:22:00",0,0,0
2850503,155478,"2023-08-31 14:18:00",-47,ON_TIME,ON_TIME,2,184,"2023-03-27 21:41:00","2023-09-27 21:41:00",0,0,0
2842181,70152,"2023-08-27 19:41:00",-2,ON_TIME,ON_TIME,2,184,"2023-04-12 14:17:00","2023-10-13 14:17:00",0,0,0
2834649,14260,"2023-08-24 14:28:00",-11,ON_TIME,ON_TIME,2,184,"2023-05-03 17:06:00","2023-11-03 16:06:00",0,0,0
2833474,11299,"2023-08-24 07:23:00",-13,ON_TIME,ON_TIME,2,184,"2023-03-06 11:10:00","2023-09-06 12:10:00",0,0,0
2830445,40811,"2023-08-22 17:06:00",-30,ON_TIME,ON_TIME,2,184,"2023-03-29 10:29:00","2023-09-29 10:29:00",0,0,0
2823624,19456,"2023-08-19 21:17:00",-60,ON_TIME,ON_TIME,2,184,"2023-07-17 14:09:00","2024-01-17 13:09:00",0,0,0
2817812,37049,"2023-08-17 12:01:00",-47,ON_TIME,ON_TIME,2,184,"2023-02-18 13:53:00","2023-08-21 14:53:00",0,0,0
2807635,61365,"2023-08-12 17:32:00",-33,ON_TIME,ON_TIME,2,184,"2023-03-25 08:12:00","2023-09-25 09:12:00",0,0,0
2801707,54609,"2023-08-10 07:24:00",-51,ON_TIME,ON_TIME,2,184,"2023-05-14 19:59:00","2023-11-14 18:59:00",0,0,0
2799756,30529,"2023-08-09 09:33:00",-12,ON_TIME,ON_TIME,2,184,"2023-07-06 10:17:00","2024-01-06 09:17:00",0,0,0
2799920,11299,"2023-08-09 10:39:00",-102,ON_TIME,ON_TIME,2,184,"2023-03-06 11:10:00","2023-09-06 12:10:00",0,0,0
2795132,11299,"2023-08-07 07:39:00",-34,ON_TIME,ON_TIME,2,184,"2023-03-06 11:10:00","2023-09-06 12:10:00",0,0,0
2783586,9236,"2023-08-01 22:18:00",-52,ON_TIME,ON_TIME,2,184,"2023-02-13 15:38:00","2023-08-16 16:38:00",0,0,0
2777448,37049,"2023-07-30 11:07:00",-68,ON_TIME,ON_TIME,2,184,"2023-02-18 13:53:00","2023-08-21 14:53:00",0,0,0
2766019,9500,"2023-07-24 20:27:00",-2,ON_TIME,ON_TIME,2,184,"2023-07-06 13:32:00","2024-01-06 12:32:00",0,0,0
2762965,68069,"2023-07-23 14:45:00",-20,ON_TIME,ON_TIME,2,184,"2023-02-10 18:25:00","2023-08-13 19:25:00",0,0,0
2763312,144293,"2023-07-23 16:54:00",-42,ON_TIME,ON_TIME,2,184,"2023-04-03 14:22:00","2023-10-04 14:22:00",0,0,0
2754265,52845,"2023-07-19 14:43:00",-38,ON_TIME,ON_TIME,2,184,"2023-06-23 09:32:00","2023-12-24 08:32:00",0,0,0
2741696,38686,"2023-07-13 23:06:00",-19,ON_TIME,ON_TIME,2,184,"2023-04-10 16:22:00","2023-10-11 16:22:00",0,0,0
2742892,74608,"2023-07-14 13:55:00",-13,ON_TIME,ON_TIME,2,184,"2023-02-03 14:57:00","2023-08-06 15:57:00",0,0,0
2727400,70390,"2023-07-07 12:17:00",-39,ON_TIME,ON_TIME,2,184,"2023-05-23 11:17:00","2023-11-23 10:17:00",0,0,0
2727605,64187,"2023-07-07 13:42:00",-46,ON_TIME,ON_TIME,2,184,"2023-05-16 19:08:00","2023-11-16 18:08:00",0,0,0
2717675,58133,"2023-07-02 20:02:00",-46,ON_TIME,ON_TIME,2,184,"2023-03-23 16:05:00","2023-09-23 17:05:00",0,0,0
2712555,113792,"2023-06-30 15:09:00",-47,ON_TIME,ON_TIME,2,184,"2023-03-28 09:50:00","2023-09-28 09:50:00",0,0,0
2707751,8368,"2023-06-28 11:12:00",-52,ON_TIME,ON_TIME,2,184,"2023-04-14 10:00:00","2023-10-15 10:00:00",0,0,0
2705122,16732,"2023-06-26 22:59:00",-53,ON_TIME,ON_TIME,2,184,"2023-03-18 10:03:00","2023-09-18 11:03:00",0,0,0
2700287,11709,"2023-06-24 20:35:00",-20,ON_TIME,ON_TIME,2,184,"2023-05-10 10:47:00","2023-11-10 09:47:00",0,0,0
2699323,70152,"2023-06-24 13:23:00",-12,ON_TIME,ON_TIME,2,184,"2023-04-12 14:17:00","2023-10-13 14:17:00",0,0,0
2694352,64816,"2023-06-22 09:20:00",-81,ON_TIME,ON_TIME,2,184,"2023-01-28 13:12:00","2023-07-31 14:12:00",0,0,0
2692458,182214,"2023-06-21 09:42:00",-16,ON_TIME,ON_TIME,2,184,"2023-05-15 08:20:00","2023-11-15 07:20:00",0,0,0
2692930,25857,"2023-06-21 13:13:00",-40,ON_TIME,ON_TIME,2,184,"2023-01-04 18:21:00","2023-07-07 19:21:00",0,0,0
2692468,62972,"2023-06-21 09:46:00",-55,ON_TIME,ON_TIME,2,184,"2023-03-14 11:04:00","2023-09-14 12:04:00",0,0,0
2686886,57815,"2023-06-18 13:15:00",-39,ON_TIME,ON_TIME,2,184,"2023-01-11 15:50:00","2023-07-14 16:50:00",0,0,0
2683384,49250,"2023-06-17 09:47:00",2,"1-15 min",LATE,2,184,"2023-03-21 16:29:00","2023-09-21 17:29:00",0,1,1
2673781,73488,"2023-06-13 10:19:00",-14,ON_TIME,ON_TIME,2,184,"2023-02-04 19:17:00","2023-08-07 20:17:00",0,0,0
2672061,81446,"2023-06-12 14:14:00",-55,ON_TIME,ON_TIME,2,184,"2023-03-03 15:46:00","2023-09-03 16:46:00",0,0,0
2665659,9271,"2023-06-09 19:58:00",-3,ON_TIME,ON_TIME,2,184,"2023-01-30 12:34:00","2023-08-02 13:34:00",0,0,0
2659274,33327,"2023-06-07 08:33:00",-33,ON_TIME,ON_TIME,2,184,"2023-05-04 17:05:00","2023-11-04 16:05:00",0,0,0
2660263,30213,"2023-06-07 14:49:00",-54,ON_TIME,ON_TIME,2,184,"2023-05-11 19:34:00","2023-11-11 18:34:00",1,0,1
2644419,11299,"2023-05-31 22:38:00",-34,ON_TIME,ON_TIME,2,184,"2023-03-06 11:10:00","2023-09-06 12:10:00",0,0,0
2642388,25390,"2023-05-31 05:29:00",-117,ON_TIME,ON_TIME,2,184,"2023-05-15 22:29:00","2023-11-15 21:29:00",0,0,0
2640371,60299,"2023-05-30 08:48:00",-64,ON_TIME,ON_TIME,2,184,"2023-02-08 20:55:00","2023-08-11 21:55:00",0,0,0
2640125,14260,"2023-05-29 23:23:00",-56,ON_TIME,ON_TIME,2,184,"2023-05-03 17:06:00","2023-11-03 16:06:00",0,0,0
2639159,67225,"2023-05-29 15:23:00",-46,ON_TIME,ON_TIME,2,184,"2022-12-14 12:32:00","2023-06-16 13:32:00",0,0,0
2636719,45156,"2023-05-28 15:16:00",-40,ON_TIME,ON_TIME,2,184,"2022-12-26 12:20:00","2023-06-28 13:20:00",0,0,0
2635135,64187,"2023-05-28 01:35:00",-47,ON_TIME,ON_TIME,2,184,"2023-05-16 19:08:00","2023-11-16 18:08:00",0,0,0
2633888,167195,"2023-05-27 13:51:00",-55,ON_TIME,ON_TIME,2,184,"2023-01-25 20:02:00","2023-07-28 21:02:00",0,0,0
2626573,44660,"2023-05-24 11:30:00",-15,ON_TIME,ON_TIME,2,184,"2022-11-29 16:16:00","2023-06-01 17:16:00",0,0,0
2626062,86252,"2023-05-24 00:13:00",-66,ON_TIME,ON_TIME,2,184,"2023-04-12 09:47:00","2023-10-13 09:47:00",0,0,0
2617638,69838,"2023-05-20 13:59:00",-67,ON_TIME,ON_TIME,2,184,"2023-02-01 16:05:00","2023-08-04 17:05:00",0,0,0
2614679,11299,"2023-05-19 09:25:00",-89,ON_TIME,ON_TIME,2,184,"2023-03-06 11:10:00","2023-09-06 12:10:00",0,0,0
2606583,14260,"2023-05-15 20:28:00",-56,ON_TIME,ON_TIME,2,184,"2023-05-03 17:06:00","2023-11-03 16:06:00",0,0,0
2603818,11299,"2023-05-14 17:40:00",-40,ON_TIME,ON_TIME,2,184,"2023-03-06 11:10:00","2023-09-06 12:10:00",0,0,0
2599079,43857,"2023-05-13 07:30:00",-24,ON_TIME,ON_TIME,2,184,"2023-01-25 08:10:00","2023-07-28 09:10:00",0,0,0
2601406,15497,"2023-05-14 06:44:00",-7,ON_TIME,ON_TIME,2,184,"2023-03-27 13:01:00","2023-09-27 13:01:00",0,0,0
2593735,64766,"2023-05-11 01:08:00",-46,ON_TIME,ON_TIME,2,184,"2023-04-08 11:24:00","2023-10-09 11:24:00",0,0,0
2593468,58443,"2023-05-10 21:22:00",-50,ON_TIME,ON_TIME,2,184,"2022-11-19 12:11:00","2023-05-22 13:11:00",0,0,0
2595500,55889,"2023-05-11 16:39:00",-62,ON_TIME,ON_TIME,2,184,"2022-11-23 17:35:00","2023-05-26 18:35:00",0,0,0
2587141,23407,"2023-05-08 14:53:00",-64,ON_TIME,ON_TIME,2,184,"2023-01-25 22:25:00","2023-07-28 23:25:00",0,0,0
2584037,8245,"2023-05-07 10:56:00",-109,ON_TIME,ON_TIME,2,184,"2023-01-23 11:07:00","2023-07-26 12:07:00",0,0,0
2577302,38230,"2023-05-04 11:30:00",-48,ON_TIME,ON_TIME,2,184,"2023-03-21 19:57:00","2023-09-21 20:57:00",0,0,0
2574384,43857,"2023-05-03 10:04:00",-43,ON_TIME,ON_TIME,2,184,"2023-01-25 08:10:00","2023-07-28 09:10:00",0,0,0
2571361,43857,"2023-05-01 21:41:00",-60,ON_TIME,ON_TIME,2,184,"2023-01-25 08:10:00","2023-07-28 09:10:00",0,0,0
2571833,33327,"2023-05-02 09:20:00",-26,ON_TIME,ON_TIME,2,184,"2022-11-01 16:05:00","2023-05-04 17:05:00",0,0,0
2559691,29327,"2023-04-27 07:55:00",-37,ON_TIME,ON_TIME,2,184,"2023-03-13 16:04:00","2023-09-13 17:04:00",0,0,0
2555282,25586,"2023-04-25 10:44:00",-74,ON_TIME,ON_TIME,2,184,"2022-11-01 20:20:00","2023-05-04 21:20:00",0,0,0
2550740,49573,"2023-04-23 13:51:00",-17,ON_TIME,ON_TIME,2,184,"2023-03-07 16:38:00","2023-09-07 17:38:00",0,0,0
2544509,44660,"2023-04-20 21:32:00",-63,ON_TIME,ON_TIME,2,184,"2022-11-29 16:16:00","2023-06-01 17:16:00",0,0,0
2540365,38686,"2023-04-19 11:31:00",-60,ON_TIME,ON_TIME,2,184,"2023-04-10 16:22:00","2023-10-11 16:22:00",0,0,0
2540055,9312,"2023-04-19 09:51:00",-19,ON_TIME,ON_TIME,2,184,"2022-11-07 21:11:00","2023-05-10 22:11:00",0,0,0
2534525,64766,"2023-04-17 10:02:00",-65,ON_TIME,ON_TIME,2,184,"2023-04-08 11:24:00","2023-10-09 11:24:00",0,0,0
2531441,16732,"2023-04-14 20:29:00",-84,ON_TIME,ON_TIME,2,184,"2023-03-18 10:03:00","2023-09-18 11:03:00",0,0,0
2531730,33327,"2023-04-15 00:07:00",-23,ON_TIME,ON_TIME,2,184,"2022-11-01 16:05:00","2023-05-04 17:05:00",0,0,0
2532422,24186,"2023-04-15 12:12:00",-55,ON_TIME,ON_TIME,2,184,"2023-03-04 17:37:00","2023-09-04 18:37:00",0,0,0
2527142,18482,"2023-04-13 12:18:00",-58,ON_TIME,ON_TIME,2,184,"2022-11-23 13:29:00","2023-05-26 14:29:00",0,0,0
2511735,8670,"2023-04-07 12:47:00",-62,ON_TIME,ON_TIME,2,184,"2022-11-19 12:42:00","2023-05-22 13:42:00",0,0,0
2510415,64776,"2023-04-06 20:38:00",-44,ON_TIME,ON_TIME,2,184,"2022-11-18 19:23:00","2023-05-21 20:23:00",0,0,0
2494313,9271,"2023-04-01 08:20:00",-57,ON_TIME,ON_TIME,2,184,"2023-01-30 12:34:00","2023-08-02 13:34:00",0,0,0
2490418,69838,"2023-03-30 15:10:00",-52,ON_TIME,ON_TIME,2,184,"2023-02-01 16:05:00","2023-08-04 17:05:00",0,0,0
2487006,29327,"2023-03-29 10:24:00",-52,ON_TIME,ON_TIME,2,184,"2023-03-13 16:04:00","2023-09-13 17:04:00",0,0,0
2481439,9236,"2023-03-27 10:25:00",-43,ON_TIME,ON_TIME,2,184,"2023-02-13 15:38:00","2023-08-16 16:38:00",0,0,0
2482317,47916,"2023-03-27 14:25:00",-24,ON_TIME,ON_TIME,2,184,"2022-11-20 13:06:00","2023-05-23 14:06:00",0,0,0
2480284,46325,"2023-03-26 17:36:00",-63,ON_TIME,ON_TIME,2,184,"2022-10-21 21:31:00","2023-04-23 21:31:00",0,0,0
2477721,8368,"2023-03-25 17:08:00",-48,ON_TIME,ON_TIME,2,184,"2022-10-12 10:00:00","2023-04-14 10:00:00",0,0,0
2472014,38230,"2023-03-23 12:05:00",-57,ON_TIME,ON_TIME,2,184,"2023-03-21 19:57:00","2023-09-21 20:57:00",0,0,0
2472516,29218,"2023-03-23 14:59:00",-25,ON_TIME,ON_TIME,2,184,"2023-02-04 19:23:00","2023-08-07 20:23:00",0,0,0
2458755,64766,"2023-03-18 07:39:00",-70,ON_TIME,ON_TIME,2,184,"2022-09-29 12:53:00","2023-04-01 12:53:00",0,0,0
2434697,64302,"2023-03-09 07:24:00",-8,ON_TIME,ON_TIME,2,184,"2022-12-24 14:05:00","2023-06-26 15:05:00",0,0,0
2435842,63077,"2023-03-09 13:54:00",-33,ON_TIME,ON_TIME,2,184,"2022-11-26 10:47:00","2023-05-29 11:47:00",0,0,0
2434167,58443,"2023-03-08 19:09:00",-56,ON_TIME,ON_TIME,2,184,"2022-11-19 12:11:00","2023-05-22 13:11:00",0,0,0
2427852,18825,"2023-03-06 11:21:00",-39,ON_TIME,ON_TIME,2,184,"2022-09-22 18:05:00","2023-03-25 17:05:00",0,0,0
2433717,10005,"2023-03-08 16:08:00",-59,ON_TIME,ON_TIME,2,184,"2023-02-15 20:13:00","2023-08-18 21:13:00",0,0,0
2425061,14260,"2023-03-05 11:01:00",-60,ON_TIME,ON_TIME,2,184,"2022-10-30 19:37:00","2023-05-02 20:37:00",0,0,0
2423783,30746,"2023-03-04 17:07:00",-50,ON_TIME,ON_TIME,2,184,"2022-09-11 19:56:00","2023-03-14 18:56:00",0,0,0
2421258,9975,"2023-03-03 16:27:00",-43,ON_TIME,ON_TIME,2,184,"2022-10-04 18:10:00","2023-04-06 18:10:00",0,0,0
2419708,60299,"2023-03-03 09:25:00",-33,ON_TIME,ON_TIME,2,184,"2023-02-08 20:55:00","2023-08-11 21:55:00",0,0,0
2417772,38699,"2023-03-02 13:22:00",-53,ON_TIME,ON_TIME,2,184,"2023-02-03 11:13:00","2023-08-06 12:13:00",0,0,0
2416433,19345,"2023-03-02 00:02:00",-42,ON_TIME,ON_TIME,2,184,"2023-01-26 12:04:00","2023-07-29 13:04:00",0,0,0
2417406,42235,"2023-03-02 11:48:00",0,ON_TIME,ON_TIME,2,184,"2022-12-12 19:21:00","2023-06-14 20:21:00",0,0,0
2413209,46325,"2023-02-28 16:25:00",-42,ON_TIME,ON_TIME,2,184,"2022-10-21 21:31:00","2023-04-23 21:31:00",0,0,0
2407116,45156,"2023-02-26 11:30:00",-30,ON_TIME,ON_TIME,2,184,"2022-12-26 12:20:00","2023-06-28 13:20:00",1,0,1
2405486,24810,"2023-02-25 17:31:00",-45,ON_TIME,ON_TIME,2,184,"2022-09-23 11:52:00","2023-03-26 11:52:00",0,0,0
2405690,10976,"2023-02-25 18:42:00",-55,ON_TIME,ON_TIME,2,184,"2022-09-25 12:00:00","2023-03-28 12:00:00",0,0,0
2403564,24186,"2023-02-25 06:48:00",-49,ON_TIME,ON_TIME,2,184,"2022-09-01 18:37:00","2023-03-04 17:37:00",0,0,0
2398884,94149,"2023-02-23 09:49:00",-31,ON_TIME,ON_TIME,2,184,"2022-09-27 15:55:00","2023-03-30 15:55:00",0,0,0
2394473,14260,"2023-02-21 09:52:00",-51,ON_TIME,ON_TIME,2,184,"2022-10-30 19:37:00","2023-05-02 20:37:00",0,0,0
2393628,64776,"2023-02-20 18:48:00",-1,ON_TIME,ON_TIME,2,184,"2022-11-18 19:23:00","2023-05-21 20:23:00",0,0,0
2390982,158669,"2023-02-19 18:04:00",-11,ON_TIME,ON_TIME,2,184,"2022-10-22 21:56:00","2023-04-24 21:56:00",0,0,0
2381493,31362,"2023-02-16 08:51:00",-33,ON_TIME,ON_TIME,2,184,"2022-11-18 10:31:00","2023-05-21 11:31:00",0,0,0
2379783,38230,"2023-02-15 13:06:00",-16,ON_TIME,ON_TIME,2,184,"2022-09-18 20:57:00","2023-03-21 19:57:00",0,0,0
2378517,23407,"2023-02-14 20:04:00",-80,ON_TIME,ON_TIME,2,184,"2023-01-25 22:25:00","2023-07-28 23:25:00",0,0,0
2378272,32959,"2023-02-14 17:44:00",-52,ON_TIME,ON_TIME,2,184,"2023-01-11 13:05:00","2023-07-14 14:05:00",0,0,0
2363503,87738,"2023-02-09 14:00:00",-47,ON_TIME,ON_TIME,2,184,"2022-08-23 13:36:00","2023-02-23 12:36:00",0,0,0
2351363,71732,"2023-02-05 10:37:00",-33,ON_TIME,ON_TIME,2,184,"2022-10-09 08:00:00","2023-04-11 08:00:00",0,0,0
2352798,18546,"2023-02-05 15:44:00",-17,ON_TIME,ON_TIME,2,184,"2023-01-25 11:33:00","2023-07-28 12:33:00",0,0,0
2348432,57815,"2023-02-04 10:56:00",-26,ON_TIME,ON_TIME,2,184,"2023-01-11 15:50:00","2023-07-14 16:50:00",0,0,0
2341645,64776,"2023-02-01 17:39:00",-36,ON_TIME,ON_TIME,2,184,"2022-11-18 19:23:00","2023-05-21 20:23:00",0,0,0
2344634,44038,"2023-02-02 18:41:00",-17,ON_TIME,ON_TIME,2,184,"2022-11-05 19:21:00","2023-05-08 20:21:00",0,0,0
2340891,37049,"2023-02-01 13:35:00",-91,ON_TIME,ON_TIME,2,184,"2022-08-18 14:53:00","2023-02-18 13:53:00",0,0,0
2339171,67225,"2023-01-31 18:14:00",-32,ON_TIME,ON_TIME,2,184,"2022-12-14 12:32:00","2023-06-16 13:32:00",0,0,0
2339905,24392,"2023-02-01 07:22:00",-52,ON_TIME,ON_TIME,2,184,"2022-08-01 10:55:00","2023-02-01 09:55:00",0,0,0
2334290,9168,"2023-01-29 19:39:00",-13,ON_TIME,ON_TIME,2,184,"2022-12-29 18:01:00","2023-07-01 19:01:00",0,0,0
2318916,16732,"2023-01-24 11:23:00",-49,ON_TIME,ON_TIME,2,184,"2022-09-09 10:04:00","2023-03-12 09:04:00",0,0,0
2317512,64816,"2023-01-23 17:14:00",-20,ON_TIME,ON_TIME,2,184,"2022-07-28 14:12:00","2023-01-28 13:12:00",0,0,0
2316043,44169,"2023-01-23 10:29:00",-33,ON_TIME,ON_TIME,2,184,"2022-11-21 21:59:00","2023-05-24 22:59:00",0,0,0
2309434,71732,"2023-01-20 16:23:00",-56,ON_TIME,ON_TIME,2,184,"2022-10-09 08:00:00","2023-04-11 08:00:00",0,0,0
2299830,114125,"2023-01-16 22:03:00",-60,ON_TIME,ON_TIME,2,184,"2022-09-27 15:18:00","2023-03-30 15:18:00",0,0,0
2300461,14260,"2023-01-17 10:26:00",-20,ON_TIME,ON_TIME,2,184,"2022-10-30 19:37:00","2023-05-02 20:37:00",0,0,0
2290477,77720,"2023-01-13 12:46:00",-47,ON_TIME,ON_TIME,2,184,"2023-01-13 12:34:00","2023-07-16 13:34:00",0,0,0
2288040,74608,"2023-01-12 13:06:00",-9,ON_TIME,ON_TIME,2,184,"2022-08-03 15:57:00","2023-02-03 14:57:00",0,0,0
2284241,58133,"2023-01-10 23:16:00",-5,ON_TIME,ON_TIME,2,184,"2022-09-19 10:31:00","2023-03-22 09:31:00",0,0,0
2281193,55151,"2023-01-09 19:11:00",-55,ON_TIME,ON_TIME,2,184,"2022-09-21 16:27:00","2023-03-24 15:27:00",0,0,0
2278034,44277,"2023-01-08 14:28:00",-11,ON_TIME,ON_TIME,2,184,"2022-07-18 16:14:00","2023-01-18 15:14:00",0,0,0
2271159,59328,"2023-01-05 16:32:00",-70,ON_TIME,ON_TIME,2,184,"2022-07-09 17:53:00","2023-01-09 16:53:00",0,0,0
2266714,31943,"2023-01-03 20:34:00",-65,ON_TIME,ON_TIME,2,184,"2022-12-27 20:32:00","2023-06-29 21:32:00",0,0,0
2268437,45582,"2023-01-04 14:55:00",-20,ON_TIME,ON_TIME,2,184,"2022-12-06 16:30:00","2023-06-08 17:30:00",0,0,0
2268102,14260,"2023-01-04 13:20:00",-55,ON_TIME,ON_TIME,2,184,"2022-10-30 19:37:00","2023-05-02 20:37:00",0,0,0
3188378,83978,"2023-12-24 11:13:00",-160,ON_TIME,ON_TIME,3,366,"2023-04-29 17:12:00","2024-04-29 16:12:00",0,0,0
3187833,45855,"2023-12-24 07:54:00",-58,ON_TIME,ON_TIME,3,366,"2023-12-10 17:16:00","2024-12-10 17:16:00",0,0,0
3184670,36652,"2023-12-23 11:56:00",-33,ON_TIME,ON_TIME,3,366,"2023-10-06 10:18:00","2024-10-06 09:18:00",0,0,0
3182170,61293,"2023-12-22 20:11:00",19,"16-30 min",LATE,3,366,"2023-01-21 11:35:00","2024-01-22 11:35:00",0,1,1
3174160,7832,"2023-12-21 00:20:00",-65,ON_TIME,ON_TIME,3,366,"2023-08-31 13:48:00","2024-08-31 12:48:00",0,0,0
3147631,20311,"2023-12-13 10:38:00",-46,ON_TIME,ON_TIME,3,366,"2023-01-21 17:19:00","2024-01-22 17:19:00",0,0,0
3135707,8368,"2023-12-09 13:13:00",-60,ON_TIME,ON_TIME,3,366,"2023-11-11 14:06:00","2024-11-11 14:06:00",0,0,0
3121027,70090,"2023-12-05 08:59:00",-55,ON_TIME,ON_TIME,3,366,"2023-01-18 19:02:00","2024-01-19 19:02:00",0,0,0
3092318,148411,"2023-11-26 13:56:00",-14,ON_TIME,ON_TIME,3,366,"2023-03-29 09:45:00","2024-03-29 08:45:00",0,0,0
3088938,8506,"2023-11-25 15:48:00",-79,ON_TIME,ON_TIME,3,366,"2023-01-25 18:04:00","2024-01-26 18:04:00",0,0,0
3058863,41541,"2023-11-16 11:04:00",-14,ON_TIME,ON_TIME,3,366,"2023-01-25 11:20:00","2024-01-26 11:20:00",0,0,0
3058708,20517,"2023-11-16 10:24:00",-55,ON_TIME,ON_TIME,3,366,"2023-05-22 15:48:00","2024-05-22 14:48:00",0,0,0
3050063,70773,"2023-11-13 10:53:00",-16,ON_TIME,ON_TIME,3,366,"2023-01-21 16:00:00","2024-01-22 16:00:00",0,0,0
3033369,58753,"2023-11-08 01:15:00",5,"1-15 min",LATE,3,366,"2022-11-21 11:32:00","2023-11-22 11:32:00",0,1,1
3029893,7804,"2023-11-06 17:53:00",-10,ON_TIME,ON_TIME,3,366,"2023-08-23 12:02:00","2024-08-23 11:02:00",0,0,0
3025884,97749,"2023-11-05 12:34:00",-26,ON_TIME,ON_TIME,3,366,"2022-12-04 17:51:00","2023-12-05 17:51:00",0,0,0
3012275,143726,"2023-10-31 21:46:00",-57,ON_TIME,ON_TIME,3,366,"2022-11-21 19:05:00","2023-11-22 19:05:00",0,0,0
2995726,144559,"2023-10-25 21:26:00",-54,ON_TIME,ON_TIME,3,366,"2023-01-12 16:03:00","2024-01-13 16:03:00",0,0,0
2990590,47734,"2023-10-23 23:21:00",-13,ON_TIME,ON_TIME,3,366,"2022-11-21 18:11:00","2023-11-22 18:11:00",0,0,0
2989445,39753,"2023-10-23 15:03:00",-33,ON_TIME,ON_TIME,3,366,"2023-05-19 11:39:00","2024-05-19 10:39:00",0,0,0
2985735,97749,"2023-10-22 11:30:00",-94,ON_TIME,ON_TIME,3,366,"2022-12-04 17:51:00","2023-12-05 17:51:00",0,0,0
2982553,11364,"2023-10-21 09:41:00",-82,ON_TIME,ON_TIME,3,366,"2023-08-24 10:14:00","2024-08-24 09:14:00",0,0,0
2980507,49211,"2023-10-20 12:38:00",6,"1-15 min",LATE,3,366,"2023-08-07 14:58:00","2024-08-07 13:58:00",0,1,1
2978849,27604,"2023-10-19 18:16:00",3,"1-15 min",LATE,3,366,"2023-06-19 12:55:00","2024-06-19 11:55:00",0,1,1
2957562,47734,"2023-10-12 11:24:00",-61,ON_TIME,ON_TIME,3,366,"2022-11-21 18:11:00","2023-11-22 18:11:00",0,0,0
2957743,91893,"2023-10-12 12:20:00",-13,ON_TIME,ON_TIME,3,366,"2023-04-13 23:39:00","2024-04-13 22:39:00",0,0,0
2944797,66678,"2023-10-07 17:26:00",16,"16-30 min",LATE,3,366,"2023-08-21 13:07:00","2024-08-21 12:07:00",0,1,1
2942502,9125,"2023-10-06 21:34:00",-25,ON_TIME,ON_TIME,3,366,"2023-01-30 15:10:00","2024-01-31 15:10:00",0,0,0
2940132,9287,"2023-10-06 08:23:00",27,"16-30 min",LATE,3,366,"2023-05-01 14:26:00","2024-05-01 13:26:00",0,1,1
2934137,118551,"2023-10-03 17:38:00",-81,ON_TIME,ON_TIME,3,366,"2023-05-26 08:34:00","2024-05-26 07:34:00",0,0,0
2929336,43704,"2023-10-01 23:40:00",-58,ON_TIME,ON_TIME,3,366,"2023-04-20 20:38:00","2024-04-20 19:38:00",0,0,0
2927312,21545,"2023-10-01 10:57:00",-45,ON_TIME,ON_TIME,3,366,"2023-02-24 08:02:00","2024-02-25 08:02:00",0,0,0
2926126,43267,"2023-09-30 19:24:00",-61,ON_TIME,ON_TIME,3,366,"2023-07-25 13:00:00","2024-07-25 12:00:00",0,0,0
2927083,48323,"2023-10-01 09:54:00",-94,ON_TIME,ON_TIME,3,366,"2022-12-13 18:05:00","2023-12-14 18:05:00",0,0,0
2889666,9676,"2023-09-16 14:57:00",-27,ON_TIME,ON_TIME,3,366,"2023-03-11 13:30:00","2024-03-11 13:30:00",0,0,0
2883543,8359,"2023-09-14 11:05:00",-58,ON_TIME,ON_TIME,3,366,"2023-05-16 10:44:00","2024-05-16 09:44:00",0,0,0
2874350,92905,"2023-09-10 14:57:00",-63,ON_TIME,ON_TIME,3,366,"2023-02-26 15:04:00","2024-02-27 15:04:00",0,0,0
2870386,69381,"2023-09-08 21:04:00",-41,ON_TIME,ON_TIME,3,366,"2023-05-22 18:02:00","2024-05-22 17:02:00",0,0,0
2854330,9125,"2023-09-02 09:40:00",-64,ON_TIME,ON_TIME,3,366,"2023-01-30 15:10:00","2024-01-31 15:10:00",0,0,0
2845939,70773,"2023-08-29 14:35:00",-55,ON_TIME,ON_TIME,3,366,"2023-01-21 16:00:00","2024-01-22 16:00:00",0,0,0
2837921,10069,"2023-08-25 23:24:00",-48,ON_TIME,ON_TIME,3,366,"2023-03-14 12:44:00","2024-03-14 12:44:00",0,0,0
2827226,39753,"2023-08-21 12:50:00",-28,ON_TIME,ON_TIME,3,366,"2023-05-19 11:39:00","2024-05-19 10:39:00",0,0,0
2821644,21378,"2023-08-19 01:24:00",-93,ON_TIME,ON_TIME,3,366,"2023-02-20 09:03:00","2024-02-21 09:03:00",0,0,0
2819468,70773,"2023-08-18 07:10:00",-59,ON_TIME,ON_TIME,3,366,"2023-01-21 16:00:00","2024-01-22 16:00:00",0,0,0
2807677,131817,"2023-08-12 17:49:00",-59,ON_TIME,ON_TIME,3,366,"2022-11-03 10:26:00","2023-11-04 10:26:00",0,0,0
2808207,8506,"2023-08-12 23:42:00",-3,ON_TIME,ON_TIME,3,366,"2023-01-25 18:04:00","2024-01-26 18:04:00",0,0,0
2799407,21545,"2023-08-08 23:35:00",-55,ON_TIME,ON_TIME,3,366,"2023-02-24 08:02:00","2024-02-25 08:02:00",0,0,0
2782383,68949,"2023-08-01 13:13:00",-78,ON_TIME,ON_TIME,3,366,"2022-10-22 21:19:00","2023-10-23 21:19:00",0,0,0
2777372,36154,"2023-07-30 10:37:00",-13,ON_TIME,ON_TIME,3,366,"2022-08-10 13:51:00","2023-08-11 13:51:00",0,0,0
2774915,100238,"2023-07-29 08:12:00",-49,ON_TIME,ON_TIME,3,366,"2022-10-29 12:15:00","2023-10-30 11:15:00",0,0,0
2768622,100238,"2023-07-26 02:26:00",-34,ON_TIME,ON_TIME,3,366,"2022-10-29 12:15:00","2023-10-30 11:15:00",0,0,0
2759209,24273,"2023-07-21 18:43:00",-14,ON_TIME,ON_TIME,3,366,"2023-04-11 19:48:00","2024-04-11 18:48:00",0,0,0
2738831,131817,"2023-07-12 17:10:00",-26,ON_TIME,ON_TIME,3,366,"2022-11-03 10:26:00","2023-11-04 10:26:00",0,0,0
2739507,21622,"2023-07-13 02:17:00",-51,ON_TIME,ON_TIME,3,366,"2023-01-24 11:57:00","2024-01-25 11:57:00",0,0,0
2731361,39753,"2023-07-09 10:38:00",-22,ON_TIME,ON_TIME,3,366,"2023-05-19 11:39:00","2024-05-19 10:39:00",0,0,0
2728684,30194,"2023-07-07 22:16:00",-16,ON_TIME,ON_TIME,3,366,"2022-11-26 07:14:00","2023-11-27 07:14:00",0,0,0
2728587,131817,"2023-07-07 21:11:00",-103,ON_TIME,ON_TIME,3,366,"2022-11-03 10:26:00","2023-11-04 10:26:00",0,0,0
2726459,61216,"2023-07-06 22:17:00",-53,ON_TIME,ON_TIME,3,366,"2022-08-09 14:09:00","2023-08-10 14:09:00",0,0,0
2720828,33446,"2023-07-04 11:58:00",-70,ON_TIME,ON_TIME,3,366,"2022-10-13 14:51:00","2023-10-14 14:51:00",0,0,0
2699482,97046,"2023-06-24 14:22:00",-30,ON_TIME,ON_TIME,3,366,"2022-07-07 20:45:00","2023-07-08 20:45:00",0,0,0
2665260,10625,"2023-06-09 17:05:00",26,"16-30 min",LATE,3,366,"2022-08-14 08:46:00","2023-08-15 08:46:00",0,1,1
2662585,70773,"2023-06-08 14:39:00",-52,ON_TIME,ON_TIME,3,366,"2023-01-21 16:00:00","2024-01-22 16:00:00",0,0,0
2589026,68786,"2023-05-09 10:57:00",-46,ON_TIME,ON_TIME,3,366,"2022-11-10 15:47:00","2023-11-11 15:47:00",0,0,0
2587362,91424,"2023-05-08 16:04:00",-36,ON_TIME,ON_TIME,3,366,"2023-03-25 17:00:00","2024-03-25 17:00:00",0,0,0
2576613,29960,"2023-05-04 06:37:00",-28,ON_TIME,ON_TIME,3,366,"2023-01-21 18:50:00","2024-01-22 18:50:00",0,0,0
2568991,35912,"2023-04-30 22:51:00",-60,ON_TIME,ON_TIME,3,366,"2023-01-26 22:01:00","2024-01-27 22:01:00",0,0,0
2567065,58723,"2023-04-30 10:32:00",-50,ON_TIME,ON_TIME,3,366,"2022-11-26 11:17:00","2023-11-27 11:17:00",0,0,0
2565129,47648,"2023-04-29 12:43:00",-25,ON_TIME,ON_TIME,3,366,"2023-03-19 10:01:00","2024-03-19 10:01:00",0,0,0
2554351,40691,"2023-04-24 20:37:00",-56,ON_TIME,ON_TIME,3,366,"2023-03-06 07:44:00","2024-03-06 07:44:00",0,0,0
2534009,143709,"2023-04-16 22:34:00",-60,ON_TIME,ON_TIME,3,366,"2022-05-19 15:02:00","2023-05-20 15:02:00",0,0,0
2530750,10069,"2023-04-14 16:14:00",-56,ON_TIME,ON_TIME,3,366,"2023-03-14 12:44:00","2024-03-14 12:44:00",0,0,0
2528974,24273,"2023-04-14 06:21:00",-75,ON_TIME,ON_TIME,3,366,"2023-04-11 19:48:00","2024-04-11 18:48:00",0,0,0
2520719,61293,"2023-04-10 20:53:00",-19,ON_TIME,ON_TIME,3,366,"2023-01-21 11:35:00","2024-01-22 11:35:00",0,0,0
2501749,47917,"2023-04-03 19:47:00",-55,ON_TIME,ON_TIME,3,366,"2022-05-20 14:15:00","2023-05-21 14:15:00",0,0,0
2485763,50117,"2023-03-28 17:20:00",17,"16-30 min",LATE,3,366,"2022-09-04 09:49:00","2023-09-05 09:49:00",0,1,1
2482597,71667,"2023-03-27 15:24:00",-29,ON_TIME,ON_TIME,3,366,"2022-11-30 15:53:00","2023-12-01 15:53:00",0,0,0
2480996,21622,"2023-03-27 01:43:00",-54,ON_TIME,ON_TIME,3,366,"2023-01-24 11:57:00","2024-01-25 11:57:00",0,0,0
2464899,70773,"2023-03-20 13:26:00",-3,ON_TIME,ON_TIME,3,366,"2023-01-21 16:00:00","2024-01-22 16:00:00",0,0,0
2463284,17160,"2023-03-19 18:53:00",-17,ON_TIME,ON_TIME,3,366,"2022-05-12 13:06:00","2023-05-13 13:06:00",0,0,0
2444156,10583,"2023-03-12 13:39:00",-79,ON_TIME,ON_TIME,3,366,"2022-08-16 06:23:00","2023-08-17 06:23:00",0,0,0
2433240,10625,"2023-03-08 13:23:00",-10,ON_TIME,ON_TIME,3,366,"2022-08-14 08:46:00","2023-08-15 08:46:00",0,0,0
2403795,35912,"2023-02-25 09:30:00",-32,ON_TIME,ON_TIME,3,366,"2023-01-26 22:01:00","2024-01-27 22:01:00",0,0,0
2394154,59342,"2023-02-21 02:00:00",-53,ON_TIME,ON_TIME,3,366,"2022-08-20 10:27:00","2023-08-21 10:27:00",0,0,0
2354010,69488,"2023-02-06 08:14:00",-18,ON_TIME,ON_TIME,3,366,"2022-02-13 14:41:00","2023-02-14 14:41:00",0,0,0
2348795,115214,"2023-02-04 12:31:00",-31,ON_TIME,ON_TIME,3,366,"2022-09-27 15:10:00","2023-09-28 15:10:00",0,0,0
2347621,46005,"2023-02-03 21:33:00",-23,ON_TIME,ON_TIME,3,366,"2022-12-19 16:10:00","2023-12-20 16:10:00",0,0,0
2325817,59291,"2023-01-26 21:12:00",-51,ON_TIME,ON_TIME,3,366,"2022-08-09 12:24:00","2023-08-10 12:24:00",0,0,0
2325282,26023,"2023-01-26 17:23:00",-31,ON_TIME,ON_TIME,3,366,"2023-01-25 15:51:00","2024-01-26 15:51:00",0,0,0
2311700,61928,"2023-01-21 14:36:00",-39,ON_TIME,ON_TIME,3,366,"2022-04-08 20:27:00","2023-04-09 20:27:00",0,0,0
2302591,22506,"2023-01-18 09:09:00",-68,ON_TIME,ON_TIME,3,366,"2022-02-22 18:42:00","2023-02-23 18:42:00",0,0,0
2290908,26972,"2023-01-13 14:52:00",-65,ON_TIME,ON_TIME,3,366,"2022-01-31 12:36:00","2023-02-01 12:36:00",0,0,0
2285195,50893,"2023-01-11 12:37:00",-13,ON_TIME,ON_TIME,3,366,"2022-09-17 18:19:00","2023-09-18 18:19:00",0,0,0
2502145,140498,"2023-04-03 23:01:00",46,"31-60 min",LATE,3,366,"2023-01-22 19:32:00","2024-01-23 19:32:00",0,1,1
2319679,33446,"2023-01-24 14:50:00",43,"31-60 min",LATE,3,366,"2022-10-13 14:51:00","2023-10-14 14:51:00",0,1,1
2978092,29549,"2023-10-19 14:13:00",40,"31-60 min",LATE,3,366,"2023-10-10 17:22:00","2024-10-10 16:22:00",0,1,1
3098959,47734,"2023-11-28 13:06:00",26,"16-30 min",LATE,3,366,"2023-11-22 18:11:00","2024-11-22 18:11:00",0,1,1
2395745,36972,"2023-02-21 17:55:00",15,"1-15 min",LATE,3,366,"2022-02-23 09:56:00","2023-02-24 09:56:00",0,1,1
3020304,59930,"2023-11-03 16:02:00",14,"1-15 min",LATE,3,366,"2023-01-26 15:44:00","2024-01-27 15:44:00",0,1,1
2986397,50457,"2023-10-22 14:12:00",11,"1-15 min",LATE,3,366,"2023-02-01 13:21:00","2024-02-02 13:21:00",0,1,1
2597973,29762,"2023-05-12 15:38:00",8,"1-15 min",LATE,3,366,"2022-08-31 14:36:00","2023-09-01 14:36:00",0,1,1
2351332,148380,"2023-02-05 10:32:00",8,"1-15 min",LATE,3,366,"2022-09-07 10:02:00","2023-09-08 10:02:00",0,1,1
2487226,9406,"2023-03-29 11:33:00",5,"1-15 min",LATE,3,366,"2022-09-16 11:43:00","2023-09-17 11:43:00",0,1,1
3206583,165240,"2023-12-31 09:46:00",-68,ON_TIME,ON_TIME,3,366,"2023-07-08 10:54:00","2024-07-08 09:54:00",0,0,0
3182232,35472,"2023-12-22 20:24:00",-51,ON_TIME,ON_TIME,3,366,"2023-01-24 20:01:00","2024-01-25 20:01:00",0,0,0
3169579,143726,"2023-12-19 17:14:00",-1,ON_TIME,ON_TIME,3,366,"2023-11-29 16:43:00","2024-11-29 16:43:00",0,0,0
3156403,21545,"2023-12-15 20:15:00",-62,ON_TIME,ON_TIME,3,366,"2023-02-24 08:02:00","2024-02-25 08:02:00",0,0,0
3159216,47734,"2023-12-16 14:38:00",-38,ON_TIME,ON_TIME,3,366,"2023-11-22 18:11:00","2024-11-22 18:11:00",0,0,0
3142149,50457,"2023-12-11 12:25:00",-53,ON_TIME,ON_TIME,3,366,"2023-02-01 13:21:00","2024-02-02 13:21:00",0,0,0
3138189,46259,"2023-12-10 09:48:00",-52,ON_TIME,ON_TIME,3,366,"2023-02-12 20:20:00","2024-02-13 20:20:00",0,0,0
3053866,47734,"2023-11-14 15:19:00",-61,ON_TIME,ON_TIME,3,366,"2022-11-21 18:11:00","2023-11-22 18:11:00",0,0,0
3052509,11333,"2023-11-14 08:41:00",-83,ON_TIME,ON_TIME,3,366,"2023-08-29 08:30:00","2024-08-29 07:30:00",0,0,0
3108739,47734,"2023-12-01 13:17:00",-63,ON_TIME,ON_TIME,3,366,"2023-11-22 18:11:00","2024-11-22 18:11:00",0,0,0
3024103,66678,"2023-11-04 17:16:00",-26,ON_TIME,ON_TIME,3,366,"2023-08-21 13:07:00","2024-08-21 12:07:00",0,0,0
3101514,29762,"2023-11-29 10:14:00",-44,ON_TIME,ON_TIME,3,366,"2023-09-05 15:51:00","2024-09-05 14:51:00",0,0,0
3098315,21545,"2023-11-28 10:43:00",-42,ON_TIME,ON_TIME,3,366,"2023-02-24 08:02:00","2024-02-25 08:02:00",0,0,0
3090434,64105,"2023-11-26 03:31:00",-10,ON_TIME,ON_TIME,3,366,"2023-08-18 16:47:00","2024-08-18 15:47:00",0,0,0
3077360,16159,"2023-11-22 10:49:00",-89,ON_TIME,ON_TIME,3,366,"2023-06-04 11:24:00","2024-06-04 10:24:00",0,0,0
3067475,55126,"2023-11-18 21:55:00",-40,ON_TIME,ON_TIME,3,366,"2023-05-31 22:27:00","2024-05-31 21:27:00",0,0,0
3066961,43267,"2023-11-18 18:14:00",-31,ON_TIME,ON_TIME,3,366,"2023-07-25 13:00:00","2024-07-25 12:00:00",0,0,0
3065541,162810,"2023-11-18 12:38:00",-54,ON_TIME,ON_TIME,3,366,"2023-06-19 19:07:00","2024-06-19 18:07:00",0,0,0
3051982,59635,"2023-11-13 21:39:00",-20,ON_TIME,ON_TIME,3,366,"2023-10-07 09:13:00","2024-10-07 08:13:00",0,0,0
3041522,29762,"2023-11-10 15:51:00",-46,ON_TIME,ON_TIME,3,366,"2023-09-05 15:51:00","2024-09-05 14:51:00",0,0,0
3038035,29762,"2023-11-09 13:54:00",-61,ON_TIME,ON_TIME,3,366,"2023-09-05 15:51:00","2024-09-05 14:51:00",0,0,0
3023661,64105,"2023-11-04 14:59:00",-10,ON_TIME,ON_TIME,3,366,"2023-08-18 16:47:00","2024-08-18 15:47:00",0,0,0
3016600,43267,"2023-11-02 12:59:00",-12,ON_TIME,ON_TIME,3,366,"2023-07-25 13:00:00","2024-07-25 12:00:00",0,0,0
3005731,54957,"2023-10-29 13:46:00",-76,ON_TIME,ON_TIME,3,366,"2023-08-21 16:34:00","2024-08-21 15:34:00",0,0,0
2989489,47734,"2023-10-23 15:17:00",-13,ON_TIME,ON_TIME,3,366,"2022-11-21 18:11:00","2023-11-22 18:11:00",0,0,0
2984129,11670,"2023-10-21 17:01:00",-44,ON_TIME,ON_TIME,3,366,"2023-02-26 16:45:00","2024-02-27 16:45:00",0,0,0
2979230,35472,"2023-10-19 21:19:00",-61,ON_TIME,ON_TIME,3,366,"2023-01-24 20:01:00","2024-01-25 20:01:00",0,0,0
2961079,34827,"2023-10-13 15:45:00",-42,ON_TIME,ON_TIME,3,366,"2023-09-02 19:07:00","2024-09-02 18:07:00",0,0,0
2960198,57564,"2023-10-13 11:26:00",-37,ON_TIME,ON_TIME,3,366,"2023-05-25 20:12:00","2024-05-25 19:12:00",0,0,0
2957684,165240,"2023-10-12 12:01:00",-41,ON_TIME,ON_TIME,3,366,"2023-07-08 10:54:00","2024-07-08 09:54:00",0,0,0
2915179,18263,"2023-09-26 15:56:00",-50,ON_TIME,ON_TIME,3,366,"2023-07-25 11:17:00","2024-07-25 10:17:00",0,0,0
2905629,16159,"2023-09-23 01:02:00",-90,ON_TIME,ON_TIME,3,366,"2023-06-04 11:24:00","2024-06-04 10:24:00",0,0,0
2899235,165240,"2023-09-20 12:36:00",-82,ON_TIME,ON_TIME,3,366,"2023-07-08 10:54:00","2024-07-08 09:54:00",0,0,0
2865769,40935,"2023-09-06 22:21:00",-11,ON_TIME,ON_TIME,3,366,"2023-08-17 15:17:00","2024-08-17 14:17:00",0,0,0
2852797,36972,"2023-09-01 13:47:00",-16,ON_TIME,ON_TIME,3,366,"2023-02-24 09:56:00","2024-02-25 09:56:00",0,0,0
2839666,66487,"2023-08-26 18:02:00",-99,ON_TIME,ON_TIME,3,366,"2023-04-23 19:38:00","2024-04-23 18:38:00",0,0,0
2814580,54054,"2023-08-15 19:15:00",-83,ON_TIME,ON_TIME,3,366,"2023-07-01 16:29:00","2024-07-01 15:29:00",0,0,0
2812921,64052,"2023-08-15 08:47:00",-70,ON_TIME,ON_TIME,3,366,"2023-08-04 17:34:00","2024-08-04 16:34:00",0,0,0
2803351,129531,"2023-08-10 17:14:00",-58,ON_TIME,ON_TIME,3,366,"2023-02-22 18:43:00","2024-02-23 18:43:00",0,0,0
2792910,34883,"2023-08-06 09:16:00",-28,ON_TIME,ON_TIME,3,366,"2022-08-08 15:02:00","2023-08-09 15:02:00",0,0,0
2792580,29762,"2023-08-05 22:44:00",-22,ON_TIME,ON_TIME,3,366,"2022-08-31 14:36:00","2023-09-01 14:36:00",0,0,0
2778766,53841,"2023-07-30 19:06:00",-73,ON_TIME,ON_TIME,3,366,"2023-05-18 11:13:00","2024-05-18 10:13:00",0,0,0
2773693,148411,"2023-07-28 13:45:00",-32,ON_TIME,ON_TIME,3,366,"2023-03-29 09:45:00","2024-03-29 08:45:00",0,0,0
2768200,64835,"2023-07-25 19:19:00",-81,ON_TIME,ON_TIME,3,366,"2023-04-09 21:35:00","2024-04-09 20:35:00",0,0,0
2781375,121165,"2023-07-31 22:48:00",-8,ON_TIME,ON_TIME,3,366,"2022-11-24 16:49:00","2023-11-25 16:49:00",0,0,0
2746138,29762,"2023-07-15 22:41:00",-57,ON_TIME,ON_TIME,3,366,"2022-08-31 14:36:00","2023-09-01 14:36:00",0,0,0
2741207,53841,"2023-07-13 17:46:00",-34,ON_TIME,ON_TIME,3,366,"2023-05-18 11:13:00","2024-05-18 10:13:00",0,0,0
2733350,21545,"2023-07-10 08:51:00",-32,ON_TIME,ON_TIME,3,366,"2023-02-24 08:02:00","2024-02-25 08:02:00",0,0,0
2732248,10625,"2023-07-09 15:35:00",-20,ON_TIME,ON_TIME,3,366,"2022-08-14 08:46:00","2023-08-15 08:46:00",0,0,0
2732526,55947,"2023-07-09 17:16:00",-25,ON_TIME,ON_TIME,3,366,"2022-11-11 11:24:00","2023-11-12 11:24:00",0,0,0
2727164,43267,"2023-07-07 10:57:00",-25,ON_TIME,ON_TIME,3,366,"2022-07-24 13:00:00","2023-07-25 13:00:00",0,0,0
2721511,71667,"2023-07-04 16:18:00",-68,ON_TIME,ON_TIME,3,366,"2022-11-30 15:53:00","2023-12-01 15:53:00",0,0,0
2696607,10625,"2023-06-23 09:17:00",-32,ON_TIME,ON_TIME,3,366,"2022-08-14 08:46:00","2023-08-15 08:46:00",0,0,0
2690376,53841,"2023-06-20 08:29:00",-54,ON_TIME,ON_TIME,3,366,"2023-05-18 11:13:00","2024-05-18 10:13:00",0,0,0
2683360,129179,"2023-06-17 09:40:00",-13,ON_TIME,ON_TIME,3,366,"2023-03-06 12:37:00","2024-03-06 12:37:00",0,0,0
2671886,97002,"2023-06-12 13:17:00",-67,ON_TIME,ON_TIME,3,366,"2022-08-08 10:58:00","2023-08-09 10:58:00",0,0,0
2669449,96456,"2023-06-11 13:23:00",-8,ON_TIME,ON_TIME,3,366,"2023-04-07 19:32:00","2024-04-07 18:32:00",0,0,0
2664628,33446,"2023-06-09 13:26:00",-59,ON_TIME,ON_TIME,3,366,"2022-10-13 14:51:00","2023-10-14 14:51:00",0,0,0
2659029,59930,"2023-06-06 23:44:00",-26,ON_TIME,ON_TIME,3,366,"2023-01-26 15:44:00","2024-01-27 15:44:00",0,0,0
2654605,143726,"2023-06-05 06:23:00",-19,ON_TIME,ON_TIME,3,366,"2022-11-21 19:05:00","2023-11-22 19:05:00",0,0,0
2648466,47734,"2023-06-02 15:45:00",-60,ON_TIME,ON_TIME,3,366,"2022-11-21 18:11:00","2023-11-22 18:11:00",0,0,0
2642877,40813,"2023-05-31 11:14:00",-81,ON_TIME,ON_TIME,3,366,"2023-04-11 19:09:00","2024-04-11 18:09:00",0,0,0
2636046,109591,"2023-05-28 12:37:00",-30,ON_TIME,ON_TIME,3,366,"2023-04-10 10:04:00","2024-04-10 09:04:00",0,0,0
2636562,147384,"2023-05-28 14:34:00",-45,ON_TIME,ON_TIME,3,366,"2022-11-22 09:56:00","2023-11-23 09:56:00",0,0,0
2621043,146218,"2023-05-21 18:43:00",-17,ON_TIME,ON_TIME,3,366,"2022-08-03 20:31:00","2023-08-04 20:31:00",0,0,0
2612428,30015,"2023-05-18 10:53:00",-43,ON_TIME,ON_TIME,3,366,"2023-05-01 11:42:00","2024-05-01 10:42:00",0,0,0
2566676,46259,"2023-04-30 01:29:00",-96,ON_TIME,ON_TIME,3,366,"2023-02-12 20:20:00","2024-02-13 20:20:00",0,0,0
2508590,94328,"2023-04-06 10:44:00",-24,ON_TIME,ON_TIME,3,366,"2022-10-31 13:20:00","2023-11-01 13:20:00",0,0,0
2546507,121165,"2023-04-21 17:28:00",-56,ON_TIME,ON_TIME,3,366,"2022-11-24 16:49:00","2023-11-25 16:49:00",0,0,0
2546980,43704,"2023-04-21 21:40:00",-9,ON_TIME,ON_TIME,3,366,"2023-04-20 20:38:00","2024-04-20 19:38:00",0,0,0
2542039,147384,"2023-04-19 22:35:00",-33,ON_TIME,ON_TIME,3,366,"2022-11-22 09:56:00","2023-11-23 09:56:00",0,0,0
2537206,170320,"2023-04-18 09:12:00",-93,ON_TIME,ON_TIME,3,366,"2023-01-24 20:42:00","2024-01-25 20:42:00",0,0,0
2534573,22072,"2023-04-17 10:14:00",-19,ON_TIME,ON_TIME,3,366,"2023-04-14 15:09:00","2024-04-14 14:09:00",0,0,0
2521056,16159,"2023-04-11 01:49:00",-550,ON_TIME,ON_TIME,3,366,"2022-06-03 11:24:00","2023-06-04 11:24:00",0,0,0
2513431,53064,"2023-04-08 00:54:00",-8,ON_TIME,ON_TIME,3,366,"2022-11-18 11:36:00","2023-11-19 11:36:00",0,0,0
2505986,29762,"2023-04-05 11:41:00",-42,ON_TIME,ON_TIME,3,366,"2022-08-31 14:36:00","2023-09-01 14:36:00",0,0,0
2490918,146218,"2023-03-30 18:04:00",-48,ON_TIME,ON_TIME,3,366,"2022-08-03 20:31:00","2023-08-04 20:31:00",0,0,0
2489577,129531,"2023-03-30 10:50:00",-58,ON_TIME,ON_TIME,3,366,"2023-02-22 18:43:00","2024-02-23 18:43:00",0,0,0
2467502,59930,"2023-03-21 14:35:00",-1,ON_TIME,ON_TIME,3,366,"2023-01-26 15:44:00","2024-01-27 15:44:00",0,0,0
2463256,11333,"2023-03-19 18:42:00",-64,ON_TIME,ON_TIME,3,366,"2022-08-28 08:30:00","2023-08-29 08:30:00",0,0,0
2455826,47220,"2023-03-16 23:41:00",-3,ON_TIME,ON_TIME,3,366,"2023-01-24 19:33:00","2024-01-25 19:33:00",0,0,0
2456733,43704,"2023-03-17 11:38:00",-48,ON_TIME,ON_TIME,3,366,"2022-04-19 20:38:00","2023-04-20 20:38:00",0,0,0
2454791,64835,"2023-03-16 15:50:00",-24,ON_TIME,ON_TIME,3,366,"2022-04-07 20:45:00","2023-04-08 20:45:00",0,0,0
2448202,110578,"2023-03-14 08:08:00",-30,ON_TIME,ON_TIME,3,366,"2022-06-22 21:00:00","2023-06-23 21:00:00",0,0,0
2434738,33446,"2023-03-09 08:00:00",-11,ON_TIME,ON_TIME,3,366,"2022-10-13 14:51:00","2023-10-14 14:51:00",0,0,0
2416316,29762,"2023-03-01 22:39:00",-7,ON_TIME,ON_TIME,3,366,"2022-08-31 14:36:00","2023-09-01 14:36:00",0,0,0
2400801,41357,"2023-02-23 22:48:00",-67,ON_TIME,ON_TIME,3,366,"2022-05-22 11:00:00","2023-05-23 11:00:00",0,0,0
2396677,47734,"2023-02-22 10:05:00",-40,ON_TIME,ON_TIME,3,366,"2022-11-21 18:11:00","2023-11-22 18:11:00",0,0,0
2396167,143709,"2023-02-21 22:24:00",-28,ON_TIME,ON_TIME,3,366,"2022-05-19 15:02:00","2023-05-20 15:02:00",0,0,0
2386934,47220,"2023-02-18 10:36:00",-61,ON_TIME,ON_TIME,3,366,"2023-01-24 19:33:00","2024-01-25 19:33:00",0,0,0
2351379,35301,"2023-02-05 10:40:00",-4,ON_TIME,ON_TIME,3,366,"2023-01-29 14:36:00","2024-01-30 14:36:00",0,0,0
2346607,71667,"2023-02-03 14:38:00",-13,ON_TIME,ON_TIME,3,366,"2022-11-30 15:53:00","2023-12-01 15:53:00",0,0,0
2337458,47220,"2023-01-31 08:13:00",-54,ON_TIME,ON_TIME,3,366,"2023-01-24 19:33:00","2024-01-25 19:33:00",0,0,0
2331216,40813,"2023-01-28 18:12:00",-30,ON_TIME,ON_TIME,3,366,"2022-01-30 18:42:00","2023-01-31 18:42:00",0,0,0
2321644,34635,"2023-01-25 12:22:00",-54,ON_TIME,ON_TIME,3,366,"2022-06-14 17:10:00","2023-06-15 17:10:00",0,0,0
2317351,55947,"2023-01-23 16:19:00",-50,ON_TIME,ON_TIME,3,366,"2022-11-11 11:24:00","2023-11-12 11:24:00",0,0,0
2301526,166483,"2023-01-17 16:19:00",0,ON_TIME,ON_TIME,3,366,"2022-12-25 17:40:00","2023-12-26 17:40:00",0,0,0
2292927,64105,"2023-01-14 12:14:00",-60,ON_TIME,ON_TIME,3,366,"2022-02-17 17:46:00","2023-02-18 17:46:00",0,0,0
2279166,9966,"2023-01-09 01:26:00",-37,ON_TIME,ON_TIME,3,366,"2022-03-18 18:55:00","2023-03-19 18:55:00",0,0,0
2271209,70090,"2023-01-05 16:54:00",-8,ON_TIME,ON_TIME,3,366,"2022-01-17 19:02:00","2023-01-18 19:02:00",0,0,0
2783037,45748,"2023-08-01 17:03:00",28,"16-30 min",LATE,3,366,"2023-04-21 13:11:00","2024-04-21 12:11:00",0,1,1
2973703,67992,"2023-10-17 23:07:00",18,"16-30 min",LATE,3,366,"2023-01-27 08:03:00","2024-01-28 08:03:00",0,1,1
2281835,78834,"2023-01-10 08:50:00",13,"1-15 min",LATE,3,366,"2022-08-06 10:46:00","2023-08-07 10:46:00",0,1,1
3168149,67992,"2023-12-19 11:11:00",8,"1-15 min",LATE,3,366,"2023-01-27 08:03:00","2024-01-28 08:03:00",0,1,1
2414183,24060,"2023-03-01 07:19:00",28,"16-30 min",LATE,3,366,"2022-07-04 08:29:00","2023-07-05 08:29:00",0,1,1
3025597,62972,"2023-11-05 11:12:00",2,"1-15 min",LATE,3,366,"2023-09-14 12:04:00","2024-09-14 11:04:00",0,1,1
2517224,94446,"2023-04-09 13:43:00",2,"1-15 min",LATE,3,366,"2022-09-27 19:48:00","2023-09-28 19:48:00",0,1,1
3204817,28827,"2023-12-30 17:53:00",-89,ON_TIME,ON_TIME,3,366,"2023-04-09 13:12:00","2024-04-09 12:12:00",0,0,0
3193599,61293,"2023-12-27 18:45:00",-31,ON_TIME,ON_TIME,3,366,"2023-01-21 11:35:00","2024-01-22 11:35:00",0,0,0
3188381,8689,"2023-12-24 11:14:00",-63,ON_TIME,ON_TIME,3,366,"2023-03-31 19:16:00","2024-03-31 18:16:00",0,0,0
3182450,25457,"2023-12-22 21:19:00",-87,ON_TIME,ON_TIME,3,366,"2023-10-09 14:51:00","2024-10-09 13:51:00",0,0,0
3174692,96602,"2023-12-21 09:08:00",-13,ON_TIME,ON_TIME,3,366,"2023-05-25 12:20:00","2024-05-25 11:20:00",0,0,0
3162492,92905,"2023-12-17 13:53:00",-65,ON_TIME,ON_TIME,3,366,"2023-02-26 15:04:00","2024-02-27 15:04:00",0,0,0
3147629,47281,"2023-12-13 10:37:00",-6,ON_TIME,ON_TIME,3,366,"2023-03-11 21:08:00","2024-03-11 21:08:00",0,0,0
3148655,36005,"2023-12-13 15:00:00",-40,ON_TIME,ON_TIME,3,366,"2023-08-18 16:15:00","2024-08-18 15:15:00",0,0,0
3115957,87573,"2023-12-03 14:29:00",-59,ON_TIME,ON_TIME,3,366,"2023-01-03 14:21:00","2024-01-04 14:21:00",0,0,0
3110788,38139,"2023-12-02 08:38:00",-60,ON_TIME,ON_TIME,3,366,"2023-09-22 18:49:00","2024-09-22 17:49:00",0,0,0
3112333,151459,"2023-12-02 14:46:00",-3,ON_TIME,ON_TIME,3,366,"2023-09-24 18:17:00","2024-09-24 17:17:00",1,0,1
3104592,96602,"2023-11-30 09:32:00",-39,ON_TIME,ON_TIME,3,366,"2023-05-25 12:20:00","2024-05-25 11:20:00",0,0,0
3098822,8024,"2023-11-28 12:32:00",-7,ON_TIME,ON_TIME,3,366,"2023-04-06 14:18:00","2024-04-06 13:18:00",0,0,0
3101138,97749,"2023-11-29 08:33:00",-18,ON_TIME,ON_TIME,3,366,"2022-12-04 17:51:00","2023-12-05 17:51:00",0,0,0
3073730,38139,"2023-11-20 22:48:00",-23,ON_TIME,ON_TIME,3,366,"2023-09-22 18:49:00","2024-09-22 17:49:00",0,0,0
3072374,120121,"2023-11-20 14:07:00",-75,ON_TIME,ON_TIME,3,366,"2023-01-25 10:04:00","2024-01-26 10:04:00",0,0,0
3065828,165365,"2023-11-18 13:30:00",-57,ON_TIME,ON_TIME,3,366,"2023-08-17 11:21:00","2024-08-17 10:21:00",0,0,0
3051049,144559,"2023-11-13 15:05:00",-4,ON_TIME,ON_TIME,3,366,"2023-01-12 16:03:00","2024-01-13 16:03:00",0,0,0
3030507,38139,"2023-11-06 23:23:00",-3,ON_TIME,ON_TIME,3,366,"2023-09-22 18:49:00","2024-09-22 17:49:00",0,0,0
2978094,38139,"2023-10-19 14:14:00",-36,ON_TIME,ON_TIME,3,366,"2023-09-22 18:49:00","2024-09-22 17:49:00",0,0,0
3013871,144559,"2023-11-01 14:18:00",-11,ON_TIME,ON_TIME,3,366,"2023-01-12 16:03:00","2024-01-13 16:03:00",0,0,0
3012614,47281,"2023-11-01 08:13:00",-25,ON_TIME,ON_TIME,3,366,"2023-03-11 21:08:00","2024-03-11 21:08:00",0,0,0
3002608,9396,"2023-10-28 13:04:00",-31,ON_TIME,ON_TIME,3,366,"2023-09-02 19:44:00","2024-09-02 18:44:00",0,0,0
2997767,41625,"2023-10-26 16:51:00",-58,ON_TIME,ON_TIME,3,366,"2023-02-24 16:47:00","2024-02-25 16:47:00",0,0,0
2986052,61293,"2023-10-22 12:45:00",-62,ON_TIME,ON_TIME,3,366,"2023-01-21 11:35:00","2024-01-22 11:35:00",0,0,0
2985003,25457,"2023-10-22 00:46:00",-12,ON_TIME,ON_TIME,3,366,"2023-10-09 14:51:00","2024-10-09 13:51:00",0,0,0
2971966,9396,"2023-10-17 12:24:00",-46,ON_TIME,ON_TIME,3,366,"2023-09-02 19:44:00","2024-09-02 18:44:00",0,0,0
2956979,36005,"2023-10-12 08:31:00",-9,ON_TIME,ON_TIME,3,366,"2023-08-18 16:15:00","2024-08-18 15:15:00",0,0,0
2951078,77227,"2023-10-09 21:14:00",-42,ON_TIME,ON_TIME,3,366,"2023-04-09 10:45:00","2024-04-09 09:45:00",0,0,0
2936146,19486,"2023-10-04 15:02:00",-24,ON_TIME,ON_TIME,3,366,"2023-04-12 12:11:00","2024-04-12 11:11:00",0,0,0
2911638,28081,"2023-09-25 12:01:00",-45,ON_TIME,ON_TIME,3,366,"2023-01-14 20:36:00","2024-01-15 20:36:00",0,0,0
2905844,162567,"2023-09-23 09:01:00",-29,ON_TIME,ON_TIME,3,366,"2023-08-17 18:43:00","2024-08-17 17:43:00",0,0,0
2898433,13371,"2023-09-20 00:22:00",-45,ON_TIME,ON_TIME,3,366,"2023-01-27 08:40:00","2024-01-28 08:40:00",0,0,0
2887410,7945,"2023-09-15 18:10:00",-10,ON_TIME,ON_TIME,3,366,"2022-11-19 11:44:00","2023-11-20 11:44:00",0,0,0
2867346,58470,"2023-09-07 15:58:00",-36,ON_TIME,ON_TIME,3,366,"2023-04-13 22:13:00","2024-04-13 21:13:00",0,0,0
2863653,28718,"2023-09-06 01:14:00",-12,ON_TIME,ON_TIME,3,366,"2023-09-04 20:41:00","2024-09-04 19:41:00",0,0,0
2853866,165365,"2023-09-01 21:45:00",-60,ON_TIME,ON_TIME,3,366,"2023-08-17 11:21:00","2024-08-17 10:21:00",0,0,0
2840089,39582,"2023-08-26 22:52:00",-21,ON_TIME,ON_TIME,3,366,"2023-03-18 16:28:00","2024-03-18 16:28:00",0,0,0
2832297,38439,"2023-08-23 14:31:00",-15,ON_TIME,ON_TIME,3,366,"2023-05-13 11:23:00","2024-05-13 10:23:00",0,0,0
2820855,58470,"2023-08-18 16:21:00",-88,ON_TIME,ON_TIME,3,366,"2023-04-13 22:13:00","2024-04-13 21:13:00",0,0,0
2814157,58470,"2023-08-15 15:52:00",-52,ON_TIME,ON_TIME,3,366,"2023-04-13 22:13:00","2024-04-13 21:13:00",0,0,0
2799083,19486,"2023-08-08 19:20:00",-36,ON_TIME,ON_TIME,3,366,"2023-04-12 12:11:00","2024-04-12 11:11:00",0,0,0
2782249,144559,"2023-08-01 12:14:00",-38,ON_TIME,ON_TIME,3,366,"2023-01-12 16:03:00","2024-01-13 16:03:00",0,0,0
2757916,47281,"2023-07-21 10:36:00",-56,ON_TIME,ON_TIME,3,366,"2023-03-11 21:08:00","2024-03-11 21:08:00",0,0,0
2757986,120121,"2023-07-21 11:00:00",-2,ON_TIME,ON_TIME,3,366,"2023-01-25 10:04:00","2024-01-26 10:04:00",0,0,0
2753493,120121,"2023-07-19 10:04:00",-3,ON_TIME,ON_TIME,3,366,"2023-01-25 10:04:00","2024-01-26 10:04:00",0,0,0
2781635,69609,"2023-08-01 07:51:00",-50,ON_TIME,ON_TIME,3,366,"2022-08-24 14:23:00","2023-08-25 14:23:00",0,0,0
2740646,46670,"2023-07-13 14:14:00",-63,ON_TIME,ON_TIME,3,366,"2023-07-06 18:07:00","2024-07-06 17:07:00",0,0,0
2717243,46670,"2023-07-02 16:39:00",-37,ON_TIME,ON_TIME,3,366,"2022-07-02 12:35:00","2023-07-03 12:35:00",0,0,0
2703699,87573,"2023-06-26 12:06:00",-7,ON_TIME,ON_TIME,3,366,"2023-01-03 14:21:00","2024-01-04 14:21:00",0,0,0
2686961,39633,"2023-06-18 13:36:00",-93,ON_TIME,ON_TIME,3,366,"2023-01-26 18:55:00","2024-01-27 18:55:00",0,0,0
2674468,68786,"2023-06-13 14:04:00",-41,ON_TIME,ON_TIME,3,366,"2022-11-10 15:47:00","2023-11-11 15:47:00",0,0,0
2668102,45748,"2023-06-10 21:20:00",-44,ON_TIME,ON_TIME,3,366,"2023-04-21 13:11:00","2024-04-21 12:11:00",0,0,0
2662260,151459,"2023-06-08 12:52:00",-110,ON_TIME,ON_TIME,3,366,"2022-09-23 18:17:00","2023-09-24 18:17:00",0,0,0
2644087,46929,"2023-05-31 19:14:00",-49,ON_TIME,ON_TIME,3,366,"2023-02-16 20:22:00","2024-02-17 20:22:00",0,0,0
2645910,58470,"2023-06-01 15:16:00",-41,ON_TIME,ON_TIME,3,366,"2023-04-13 22:13:00","2024-04-13 21:13:00",0,0,0
2637629,151459,"2023-05-28 22:53:00",-42,ON_TIME,ON_TIME,3,366,"2022-09-23 18:17:00","2023-09-24 18:17:00",0,0,0
2633874,78834,"2023-05-27 13:46:00",-22,ON_TIME,ON_TIME,3,366,"2022-08-06 10:46:00","2023-08-07 10:46:00",0,0,0
2613344,151459,"2023-05-18 15:15:00",-98,ON_TIME,ON_TIME,3,366,"2022-09-23 18:17:00","2023-09-24 18:17:00",0,0,0
2605154,103874,"2023-05-15 11:36:00",-34,ON_TIME,ON_TIME,3,366,"2022-07-05 12:36:00","2023-07-06 12:36:00",0,0,0
2571226,42098,"2023-05-01 20:09:00",-56,ON_TIME,ON_TIME,3,366,"2022-05-27 20:17:00","2023-05-28 20:17:00",0,0,0
2566788,39633,"2023-04-30 08:25:00",-79,ON_TIME,ON_TIME,3,366,"2023-01-26 18:55:00","2024-01-27 18:55:00",0,0,0
2563980,49505,"2023-04-28 21:05:00",-56,ON_TIME,ON_TIME,3,366,"2022-05-21 18:12:00","2023-05-22 18:12:00",0,0,0
2557154,28827,"2023-04-25 22:44:00",-24,ON_TIME,ON_TIME,3,366,"2023-04-09 13:12:00","2024-04-09 12:12:00",0,0,0
2545403,8600,"2023-04-21 11:28:00",-60,ON_TIME,ON_TIME,3,366,"2022-05-14 12:22:00","2023-05-15 12:22:00",0,0,0
2531516,39582,"2023-04-14 21:16:00",-34,ON_TIME,ON_TIME,3,366,"2023-03-18 16:28:00","2024-03-18 16:28:00",0,0,0
2526691,7945,"2023-04-13 10:06:00",-81,ON_TIME,ON_TIME,3,366,"2022-11-19 11:44:00","2023-11-20 11:44:00",1,0,1
2527603,94446,"2023-04-13 14:36:00",-48,ON_TIME,ON_TIME,3,366,"2022-09-27 19:48:00","2023-09-28 19:48:00",1,0,1
2514444,78834,"2023-04-08 13:07:00",-17,ON_TIME,ON_TIME,3,366,"2022-08-06 10:46:00","2023-08-07 10:46:00",0,0,0
2471194,36005,"2023-03-23 02:28:00",-64,ON_TIME,ON_TIME,3,366,"2022-08-03 10:52:00","2023-08-04 10:52:00",0,0,0
2468789,67992,"2023-03-22 07:07:00",-31,ON_TIME,ON_TIME,3,366,"2023-01-27 08:03:00","2024-01-28 08:03:00",0,0,0
2468862,47281,"2023-03-22 08:18:00",-8,ON_TIME,ON_TIME,3,366,"2023-03-11 21:08:00","2024-03-11 21:08:00",0,0,0
2453177,160274,"2023-03-16 09:04:00",-35,ON_TIME,ON_TIME,3,366,"2022-11-14 20:13:00","2023-11-15 20:13:00",0,0,0
2431926,41541,"2023-03-07 20:59:00",-3,ON_TIME,ON_TIME,3,366,"2023-01-25 11:20:00","2024-01-26 11:20:00",0,0,0
2425655,107452,"2023-03-05 13:38:00",-60,ON_TIME,ON_TIME,3,366,"2022-11-20 18:23:00","2023-11-21 18:23:00",0,0,0
2421353,44336,"2023-03-03 16:53:00",-11,ON_TIME,ON_TIME,3,366,"2022-08-08 14:15:00","2023-08-09 14:15:00",0,0,0
2393982,41126,"2023-02-20 22:37:00",-30,ON_TIME,ON_TIME,3,366,"2022-06-24 11:37:00","2023-06-25 11:37:00",0,0,0
2387612,41742,"2023-02-18 13:44:00",-59,ON_TIME,ON_TIME,3,366,"2022-03-18 17:24:00","2023-03-19 17:24:00",0,0,0
2383446,10705,"2023-02-16 19:46:00",-79,ON_TIME,ON_TIME,3,366,"2022-02-19 21:31:00","2023-02-20 21:31:00",0,0,0
2383123,10705,"2023-02-16 17:22:00",-24,ON_TIME,ON_TIME,3,366,"2022-02-19 21:31:00","2023-02-20 21:31:00",0,0,0
2379392,36005,"2023-02-15 11:04:00",-52,ON_TIME,ON_TIME,3,366,"2022-08-03 10:52:00","2023-08-04 10:52:00",0,0,0
2370609,95845,"2023-02-12 03:18:00",-27,ON_TIME,ON_TIME,3,366,"2022-07-04 08:57:00","2023-07-05 08:57:00",0,0,0
2364695,20311,"2023-02-09 21:58:00",-89,ON_TIME,ON_TIME,3,366,"2023-01-21 17:19:00","2024-01-22 17:19:00",0,0,0
2365535,87573,"2023-02-10 10:37:00",-59,ON_TIME,ON_TIME,3,366,"2023-01-03 14:21:00","2024-01-04 14:21:00",0,0,0
2359573,20311,"2023-02-08 08:14:00",-42,ON_TIME,ON_TIME,3,366,"2023-01-21 17:19:00","2024-01-22 17:19:00",0,0,0
2346949,58470,"2023-02-03 16:28:00",-5,ON_TIME,ON_TIME,3,366,"2022-04-12 22:13:00","2023-04-13 22:13:00",0,0,0
2331347,41126,"2023-01-28 19:02:00",-47,ON_TIME,ON_TIME,3,366,"2022-06-24 11:37:00","2023-06-25 11:37:00",0,0,0
2329767,18609,"2023-01-28 11:40:00",-50,ON_TIME,ON_TIME,3,366,"2022-05-24 09:09:00","2023-05-25 09:09:00",0,0,0
2308747,9396,"2023-01-20 13:23:00",-87,ON_TIME,ON_TIME,3,366,"2022-09-01 19:44:00","2023-09-02 19:44:00",0,0,0
2305631,8600,"2023-01-19 11:44:00",-7,ON_TIME,ON_TIME,3,366,"2022-05-14 12:22:00","2023-05-15 12:22:00",0,0,0
2801038,19833,"2023-08-09 17:45:00",64,"60+ min",LATE,3,366,"2023-05-10 19:24:00","2024-05-10 18:24:00",0,1,1
2391836,27604,"2023-02-20 09:03:00",21,"16-30 min",LATE,3,366,"2022-06-17 12:33:00","2023-06-18 12:33:00",0,1,1
2875033,83978,"2023-09-10 18:37:00",18,"16-30 min",LATE,3,366,"2023-04-29 17:12:00","2024-04-29 16:12:00",0,1,1
2705564,115214,"2023-06-27 10:08:00",14,"1-15 min",LATE,3,366,"2022-09-27 15:10:00","2023-09-28 15:10:00",0,1,1
3175389,63555,"2023-12-21 11:15:00",10,"1-15 min",LATE,3,366,"2023-04-09 13:08:00","2024-04-09 12:08:00",0,1,1
3117519,20089,"2023-12-04 05:36:00",10,"1-15 min",LATE,3,366,"2023-03-11 12:22:00","2024-03-11 12:22:00",0,1,1
3084147,8024,"2023-11-24 12:54:00",7,"1-15 min",LATE,3,366,"2023-04-06 14:18:00","2024-04-06 13:18:00",0,1,1
2947837,29501,"2023-10-08 16:55:00",5,"1-15 min",LATE,3,366,"2022-11-21 09:51:00","2023-11-22 09:51:00",0,1,1
2310187,9500,"2023-01-20 22:55:00",2,"1-15 min",LATE,3,366,"2022-07-03 13:00:00","2023-07-04 13:00:00",0,1,1
2886506,8127,"2023-09-15 13:05:00",0,ON_TIME,ON_TIME,3,366,"2023-06-14 11:14:00","2024-06-14 10:14:00",0,0,0
3207242,131144,"2023-12-31 12:37:00",-89,ON_TIME,ON_TIME,3,366,"2023-05-12 19:00:00","2024-05-12 18:00:00",0,0,0
3199576,8506,"2023-12-29 16:17:00",-68,ON_TIME,ON_TIME,3,366,"2023-01-25 18:04:00","2024-01-26 18:04:00",0,0,0
3197027,43132,"2023-12-28 22:27:00",-61,ON_TIME,ON_TIME,3,366,"2023-10-13 21:29:00","2024-10-13 20:29:00",0,0,0
3193164,75441,"2023-12-27 15:51:00",-46,ON_TIME,ON_TIME,3,366,"2023-03-27 19:11:00","2024-03-27 18:11:00",0,0,0
3191578,18612,"2023-12-26 23:30:00",-26,ON_TIME,ON_TIME,3,366,"2023-10-25 18:19:00","2024-10-25 17:19:00",0,0,0
3184553,74922,"2023-12-23 11:41:00",-1,ON_TIME,ON_TIME,3,366,"2023-04-22 11:27:00","2024-04-22 10:27:00",0,0,0
3177027,39753,"2023-12-21 17:34:00",-57,ON_TIME,ON_TIME,3,366,"2023-05-19 11:39:00","2024-05-19 10:39:00",0,0,0
3149093,43668,"2023-12-13 17:05:00",-36,ON_TIME,ON_TIME,3,366,"2023-10-08 15:09:00","2024-10-08 14:09:00",0,0,0
3151700,55470,"2023-12-14 14:21:00",-55,ON_TIME,ON_TIME,3,366,"2023-05-21 19:03:00","2024-05-21 18:03:00",0,0,0
3149270,9287,"2023-12-13 18:19:00",-22,ON_TIME,ON_TIME,3,366,"2023-05-01 14:26:00","2024-05-01 13:26:00",0,0,0
3146761,9336,"2023-12-12 21:49:00",-43,ON_TIME,ON_TIME,3,366,"2023-03-23 21:29:00","2024-03-23 21:29:00",0,0,0
3148690,26489,"2023-12-13 15:08:00",-42,ON_TIME,ON_TIME,3,366,"2023-07-10 16:59:00","2024-07-10 15:59:00",0,0,0
3144334,55470,"2023-12-12 08:15:00",-63,ON_TIME,ON_TIME,3,366,"2023-05-21 19:03:00","2024-05-21 18:03:00",0,0,0
3143256,164140,"2023-12-11 17:29:00",-61,ON_TIME,ON_TIME,3,366,"2023-12-09 18:30:00","2024-12-09 18:30:00",0,0,0
3143474,77236,"2023-12-11 18:44:00",-49,ON_TIME,ON_TIME,3,366,"2023-04-23 21:02:00","2024-04-23 20:02:00",0,0,0
3098062,45582,"2023-11-28 09:50:00",-21,ON_TIME,ON_TIME,3,366,"2023-06-11 11:49:00","2024-06-11 10:49:00",0,0,0
3131254,22506,"2023-12-08 09:59:00",-9,ON_TIME,ON_TIME,3,366,"2023-02-25 11:21:00","2024-02-26 11:21:00",0,0,0
3128373,59170,"2023-12-07 12:16:00",-30,ON_TIME,ON_TIME,3,366,"2023-08-19 16:48:00","2024-08-19 15:48:00",0,0,0
3127755,55470,"2023-12-07 09:55:00",-41,ON_TIME,ON_TIME,3,366,"2023-05-21 19:03:00","2024-05-21 18:03:00",0,0,0
3126299,12560,"2023-12-06 16:04:00",-38,ON_TIME,ON_TIME,3,366,"2022-12-23 15:38:00","2023-12-24 15:38:00",0,0,0
3104509,89050,"2023-11-30 09:07:00",-9,ON_TIME,ON_TIME,3,366,"2023-03-19 14:37:00","2024-03-19 14:37:00",0,0,0
3103744,8506,"2023-11-29 20:53:00",-2,ON_TIME,ON_TIME,3,366,"2023-01-25 18:04:00","2024-01-26 18:04:00",0,0,0
3100466,109781,"2023-11-28 20:52:00",-47,ON_TIME,ON_TIME,3,366,"2023-03-22 12:26:00","2024-03-22 12:26:00",0,0,0
3090601,26023,"2023-11-26 08:12:00",-54,ON_TIME,ON_TIME,3,366,"2023-01-25 15:51:00","2024-01-26 15:51:00",0,0,0
3083676,74922,"2023-11-24 11:00:00",-56,ON_TIME,ON_TIME,3,366,"2023-04-22 11:27:00","2024-04-22 10:27:00",0,0,0
3062480,10940,"2023-11-17 14:53:00",-34,ON_TIME,ON_TIME,3,366,"2023-02-05 13:36:00","2024-02-06 13:36:00",0,0,0
3056861,106076,"2023-11-15 15:21:00",-46,ON_TIME,ON_TIME,3,366,"2023-10-17 13:21:00","2024-10-17 12:21:00",0,0,0
3053732,29327,"2023-11-14 14:45:00",-81,ON_TIME,ON_TIME,3,366,"2023-10-07 16:26:00","2024-10-07 15:26:00",0,0,0
3047207,16519,"2023-11-12 12:13:00",-52,ON_TIME,ON_TIME,3,366,"2023-05-10 15:48:00","2024-05-10 14:48:00",0,0,0
3048871,22079,"2023-11-12 19:24:00",-36,ON_TIME,ON_TIME,3,366,"2022-11-20 08:30:00","2023-11-21 08:30:00",0,0,0
3046231,8368,"2023-11-12 07:51:00",-22,ON_TIME,ON_TIME,3,366,"2023-11-11 14:06:00","2024-11-11 14:06:00",0,0,0
2978847,67556,"2023-10-19 18:15:00",-11,ON_TIME,ON_TIME,3,366,"2023-01-20 15:00:00","2024-01-21 15:00:00",0,0,0
3041189,35883,"2023-11-10 14:28:00",-3,ON_TIME,ON_TIME,3,366,"2023-03-24 14:26:00","2024-03-24 14:26:00",0,0,0
3033426,11279,"2023-11-08 06:01:00",-3,ON_TIME,ON_TIME,3,366,"2023-07-09 15:24:00","2024-07-09 14:24:00",0,0,0
3034803,22621,"2023-11-08 13:17:00",-9,ON_TIME,ON_TIME,3,366,"2022-11-11 20:18:00","2023-11-12 20:18:00",0,0,0
3030277,36652,"2023-11-06 21:16:00",-26,ON_TIME,ON_TIME,3,366,"2023-10-06 10:18:00","2024-10-06 09:18:00",0,0,0
3023605,10398,"2023-11-04 14:46:00",-2,ON_TIME,ON_TIME,3,366,"2023-10-25 11:19:00","2024-10-25 10:19:00",0,0,0
3016279,43204,"2023-11-02 11:39:00",-20,ON_TIME,ON_TIME,3,366,"2023-03-25 11:33:00","2024-03-25 11:33:00",0,0,0
3012022,8689,"2023-10-31 18:56:00",-35,ON_TIME,ON_TIME,3,366,"2023-03-31 19:16:00","2024-03-31 18:16:00",0,0,0
3011183,11591,"2023-10-31 13:51:00",-17,ON_TIME,ON_TIME,3,366,"2023-01-21 14:06:00","2024-01-22 14:06:00",0,0,0
3002456,84672,"2023-10-28 12:21:00",-54,ON_TIME,ON_TIME,3,366,"2023-02-03 11:04:00","2024-02-04 11:04:00",0,0,0
3000606,39753,"2023-10-27 16:28:00",-26,ON_TIME,ON_TIME,3,366,"2023-05-19 11:39:00","2024-05-19 10:39:00",0,0,0
2995167,59340,"2023-10-25 16:59:00",-47,ON_TIME,ON_TIME,3,366,"2023-01-09 21:22:00","2024-01-10 21:22:00",0,0,0
2997906,77236,"2023-10-26 17:38:00",-60,ON_TIME,ON_TIME,3,366,"2023-04-23 21:02:00","2024-04-23 20:02:00",0,0,0
2996207,9147,"2023-10-26 08:32:00",-47,ON_TIME,ON_TIME,3,366,"2023-10-06 17:03:00","2024-10-06 16:03:00",0,0,0
2985343,59524,"2023-10-22 09:51:00",-58,ON_TIME,ON_TIME,3,366,"2023-08-25 14:53:00","2024-08-25 13:53:00",0,0,0
2974456,74488,"2023-10-18 10:44:00",-92,ON_TIME,ON_TIME,3,366,"2022-11-23 09:14:00","2023-11-24 09:14:00",0,0,0
2974004,24392,"2023-10-18 08:18:00",-22,ON_TIME,ON_TIME,3,366,"2023-02-01 11:08:00","2024-02-02 11:08:00",0,0,0
2968972,58524,"2023-10-16 11:43:00",-26,ON_TIME,ON_TIME,3,366,"2023-04-01 15:52:00","2024-04-01 14:52:00",0,0,0
2967025,135865,"2023-10-15 16:48:00",-29,ON_TIME,ON_TIME,3,366,"2023-08-30 17:33:00","2024-08-30 16:33:00",0,0,0
2962952,142562,"2023-10-14 12:05:00",-65,ON_TIME,ON_TIME,3,366,"2023-07-29 07:31:00","2024-07-29 06:31:00",0,0,0
2939091,32261,"2023-10-05 16:29:00",-5,ON_TIME,ON_TIME,3,366,"2023-09-03 09:15:00","2024-09-03 08:15:00",0,0,0
2928163,16159,"2023-10-01 14:18:00",-72,ON_TIME,ON_TIME,3,366,"2023-06-04 11:24:00","2024-06-04 10:24:00",0,0,0
2921651,8506,"2023-09-29 09:46:00",-61,ON_TIME,ON_TIME,3,366,"2023-01-25 18:04:00","2024-01-26 18:04:00",0,0,0
2920738,36154,"2023-09-28 18:45:00",-54,ON_TIME,ON_TIME,3,366,"2023-08-14 13:30:00","2024-08-14 12:30:00",0,0,0
2920028,20517,"2023-09-28 14:19:00",-36,ON_TIME,ON_TIME,3,366,"2023-05-22 15:48:00","2024-05-22 14:48:00",0,0,0
2914051,77236,"2023-09-26 10:20:00",-3,ON_TIME,ON_TIME,3,366,"2023-04-23 21:02:00","2024-04-23 20:02:00",0,0,0
2911437,30426,"2023-09-25 11:02:00",-59,ON_TIME,ON_TIME,3,366,"2023-08-17 16:04:00","2024-08-17 15:04:00",0,0,0
2906574,61568,"2023-09-23 13:19:00",-65,ON_TIME,ON_TIME,3,366,"2023-02-11 10:25:00","2024-02-12 10:25:00",0,0,0
2904387,13430,"2023-09-22 14:22:00",-61,ON_TIME,ON_TIME,3,366,"2023-01-26 09:13:00","2024-01-27 09:13:00",0,0,0
2903696,22621,"2023-09-22 10:47:00",-33,ON_TIME,ON_TIME,3,366,"2022-11-11 20:18:00","2023-11-12 20:18:00",0,0,0
2898442,39753,"2023-09-20 00:34:00",-33,ON_TIME,ON_TIME,3,366,"2023-05-19 11:39:00","2024-05-19 10:39:00",0,0,0
2896668,10069,"2023-09-19 10:49:00",-97,ON_TIME,ON_TIME,3,366,"2023-03-14 12:44:00","2024-03-14 12:44:00",0,0,0
2893943,83978,"2023-09-18 10:07:00",-93,ON_TIME,ON_TIME,3,366,"2023-04-29 17:12:00","2024-04-29 16:12:00",0,0,0
2888541,20365,"2023-09-16 10:17:00",-2,ON_TIME,ON_TIME,3,366,"2023-01-21 16:43:00","2024-01-22 16:43:00",0,0,0
2883878,10940,"2023-09-14 12:31:00",-19,ON_TIME,ON_TIME,3,366,"2023-02-05 13:36:00","2024-02-06 13:36:00",0,0,0
2867262,29434,"2023-09-07 15:25:00",-71,ON_TIME,ON_TIME,3,366,"2023-02-09 13:58:00","2024-02-10 13:58:00",0,0,0
2853936,84892,"2023-09-01 22:31:00",-56,ON_TIME,ON_TIME,3,366,"2022-09-21 16:02:00","2023-09-22 16:02:00",0,0,0
2853589,88471,"2023-09-01 18:51:00",-23,ON_TIME,ON_TIME,3,366,"2023-03-21 09:11:00","2024-03-21 09:11:00",0,0,0
2846959,30385,"2023-08-29 23:03:00",-37,ON_TIME,ON_TIME,3,366,"2023-04-09 16:00:00","2024-04-09 15:00:00",0,0,0
2845797,11591,"2023-08-29 13:42:00",-56,ON_TIME,ON_TIME,3,366,"2023-01-21 14:06:00","2024-01-22 14:06:00",0,0,0
2843923,16159,"2023-08-28 15:16:00",-62,ON_TIME,ON_TIME,3,366,"2023-06-04 11:24:00","2024-06-04 10:24:00",0,0,0
2840589,47648,"2023-08-27 10:32:00",-43,ON_TIME,ON_TIME,3,366,"2023-03-19 10:01:00","2024-03-19 10:01:00",0,0,0
2841612,59328,"2023-08-27 15:48:00",-74,ON_TIME,ON_TIME,3,366,"2023-01-11 09:30:00","2024-01-12 09:30:00",0,0,0
2875294,68949,"2023-09-10 21:22:00",-32,ON_TIME,ON_TIME,3,366,"2022-10-22 21:19:00","2023-10-23 21:19:00",0,0,0
2876643,69381,"2023-09-11 13:31:00",-46,ON_TIME,ON_TIME,3,366,"2023-05-22 18:02:00","2024-05-22 17:02:00",0,0,0
2819868,29598,"2023-08-18 10:36:00",-29,ON_TIME,ON_TIME,3,366,"2023-01-31 20:20:00","2024-02-01 20:20:00",0,0,0
2817494,71614,"2023-08-17 10:27:00",-43,ON_TIME,ON_TIME,3,366,"2022-12-05 20:34:00","2023-12-06 20:34:00",0,0,0
2818834,90224,"2023-08-17 18:13:00",-37,ON_TIME,ON_TIME,3,366,"2022-11-19 10:36:00","2023-11-20 10:36:00",0,0,0
2815331,8822,"2023-08-16 10:14:00",-24,ON_TIME,ON_TIME,3,366,"2022-11-19 12:46:00","2023-11-20 12:46:00",0,0,0
2816314,74922,"2023-08-16 16:36:00",-60,ON_TIME,ON_TIME,3,366,"2023-04-22 11:27:00","2024-04-22 10:27:00",0,0,0
2808328,24392,"2023-08-13 06:32:00",-61,ON_TIME,ON_TIME,3,366,"2023-02-01 11:08:00","2024-02-02 11:08:00",0,0,0
2807715,86942,"2023-08-12 18:09:00",-43,ON_TIME,ON_TIME,3,366,"2023-03-27 14:08:00","2024-03-27 13:08:00",0,0,0
2800682,61555,"2023-08-09 15:16:00",-60,ON_TIME,ON_TIME,3,366,"2022-08-09 17:18:00","2023-08-10 17:18:00",0,0,0
2797668,19719,"2023-08-08 09:28:00",-35,ON_TIME,ON_TIME,3,366,"2022-08-09 20:55:00","2023-08-10 20:55:00",0,0,0
2796791,82557,"2023-08-07 17:44:00",-32,ON_TIME,ON_TIME,3,366,"2023-07-23 19:23:00","2024-07-23 18:23:00",0,0,0
2795722,61216,"2023-08-07 11:47:00",-46,ON_TIME,ON_TIME,3,366,"2022-08-09 14:09:00","2023-08-10 14:09:00",0,0,0
2794244,21752,"2023-08-06 16:10:00",-68,ON_TIME,ON_TIME,3,366,"2022-11-01 20:05:00","2023-11-02 20:05:00",0,0,0
2792405,59328,"2023-08-05 20:22:00",-37,ON_TIME,ON_TIME,3,366,"2023-01-11 09:30:00","2024-01-12 09:30:00",0,0,0
2787715,50117,"2023-08-03 18:31:00",-3,ON_TIME,ON_TIME,3,366,"2022-09-04 09:49:00","2023-09-05 09:49:00",0,0,0
2786051,9336,"2023-08-03 08:22:00",0,ON_TIME,ON_TIME,3,366,"2023-03-23 21:29:00","2024-03-23 21:29:00",0,0,0
2782443,84892,"2023-08-01 13:38:00",-70,ON_TIME,ON_TIME,3,366,"2022-09-21 16:02:00","2023-09-22 16:02:00",0,0,0
2778031,88471,"2023-07-30 14:25:00",-91,ON_TIME,ON_TIME,3,366,"2023-03-21 09:11:00","2024-03-21 09:11:00",0,0,0
2775890,66487,"2023-07-29 15:06:00",-1,ON_TIME,ON_TIME,3,366,"2023-04-23 19:38:00","2024-04-23 18:38:00",0,0,0
2769687,27604,"2023-07-26 14:23:00",-73,ON_TIME,ON_TIME,3,366,"2023-06-19 12:55:00","2024-06-19 11:55:00",0,0,0
2768262,100238,"2023-07-25 19:45:00",-34,ON_TIME,ON_TIME,3,366,"2022-10-29 12:15:00","2023-10-30 11:15:00",0,0,0
2762116,49501,"2023-07-23 09:57:00",-33,ON_TIME,ON_TIME,3,366,"2023-01-25 21:43:00","2024-01-26 21:43:00",0,0,0
2760953,88471,"2023-07-22 15:38:00",-53,ON_TIME,ON_TIME,3,366,"2023-03-21 09:11:00","2024-03-21 09:11:00",0,0,0
2755083,70773,"2023-07-19 21:38:00",-8,ON_TIME,ON_TIME,3,366,"2023-01-21 16:00:00","2024-01-22 16:00:00",0,0,0
2752243,29360,"2023-07-18 15:34:00",-95,ON_TIME,ON_TIME,3,366,"2022-09-27 12:34:00","2023-09-28 12:34:00",0,0,0
2752445,59328,"2023-07-18 16:50:00",-46,ON_TIME,ON_TIME,3,366,"2023-01-11 09:30:00","2024-01-12 09:30:00",0,0,0
2751022,50117,"2023-07-18 01:23:00",-50,ON_TIME,ON_TIME,3,366,"2022-09-04 09:49:00","2023-09-05 09:49:00",0,0,0
2765152,75409,"2023-07-24 14:06:00",-54,ON_TIME,ON_TIME,3,366,"2023-02-04 10:58:00","2024-02-05 10:58:00",0,0,0
2748395,46819,"2023-07-16 22:42:00",-44,ON_TIME,ON_TIME,3,366,"2023-01-23 10:03:00","2024-01-24 10:03:00",0,0,0
2747122,36005,"2023-07-16 12:45:00",-64,ON_TIME,ON_TIME,3,366,"2022-08-03 10:52:00","2023-08-04 10:52:00",0,0,0
2747080,34883,"2023-07-16 12:35:00",-51,ON_TIME,ON_TIME,3,366,"2022-08-08 15:02:00","2023-08-09 15:02:00",0,0,0
2746925,8955,"2023-07-16 11:51:00",-45,ON_TIME,ON_TIME,3,366,"2023-04-08 17:41:00","2024-04-08 16:41:00",0,0,0
2742983,9377,"2023-07-14 14:15:00",-45,ON_TIME,ON_TIME,3,366,"2022-08-09 17:01:00","2023-08-10 17:01:00",0,0,0
2742887,45326,"2023-07-14 13:54:00",-27,ON_TIME,ON_TIME,3,366,"2022-11-20 14:33:00","2023-11-21 14:33:00",0,0,0
2741419,8359,"2023-07-13 19:39:00",-23,ON_TIME,ON_TIME,3,366,"2023-05-16 10:44:00","2024-05-16 09:44:00",0,0,0
2736317,39582,"2023-07-11 13:58:00",-110,ON_TIME,ON_TIME,3,366,"2023-03-18 16:28:00","2024-03-18 16:28:00",0,0,0
2733037,59328,"2023-07-09 22:49:00",-56,ON_TIME,ON_TIME,3,366,"2023-01-11 09:30:00","2024-01-12 09:30:00",0,0,0
2734269,59328,"2023-07-10 14:10:00",-26,ON_TIME,ON_TIME,3,366,"2023-01-11 09:30:00","2024-01-12 09:30:00",0,0,0
2730292,19888,"2023-07-08 17:11:00",-57,ON_TIME,ON_TIME,3,366,"2022-08-14 16:42:00","2023-08-15 16:42:00",0,0,0
2728049,16263,"2023-07-07 16:15:00",-25,ON_TIME,ON_TIME,3,366,"2023-01-24 14:57:00","2024-01-25 14:57:00",0,0,0
2724620,76222,"2023-07-06 07:30:00",-39,ON_TIME,ON_TIME,3,366,"2023-01-15 13:26:00","2024-01-16 13:26:00",0,0,0
2709318,118551,"2023-06-29 00:35:00",-77,ON_TIME,ON_TIME,3,366,"2023-05-26 08:34:00","2024-05-26 07:34:00",0,0,0
2705180,15449,"2023-06-26 23:56:00",-26,ON_TIME,ON_TIME,3,366,"2023-01-11 14:04:00","2024-01-12 14:04:00",0,0,0
2704834,54390,"2023-06-26 19:16:00",-52,ON_TIME,ON_TIME,3,366,"2023-01-04 12:52:00","2024-01-05 12:52:00",0,0,0
2705487,76222,"2023-06-27 09:32:00",-35,ON_TIME,ON_TIME,3,366,"2023-01-15 13:26:00","2024-01-16 13:26:00",0,0,0
2701168,92905,"2023-06-25 11:11:00",-68,ON_TIME,ON_TIME,3,366,"2023-02-26 15:04:00","2024-02-27 15:04:00",0,0,0
2691299,9147,"2023-06-20 15:19:00",-55,ON_TIME,ON_TIME,3,366,"2022-09-22 16:21:00","2023-09-23 16:21:00",0,0,0
2684377,22079,"2023-06-17 13:53:00",-34,ON_TIME,ON_TIME,3,366,"2022-11-20 08:30:00","2023-11-21 08:30:00",0,0,0
2681204,55947,"2023-06-16 10:49:00",-36,ON_TIME,ON_TIME,3,366,"2022-11-11 11:24:00","2023-11-12 11:24:00",0,0,0
2676192,35924,"2023-06-14 10:09:00",-46,ON_TIME,ON_TIME,3,366,"2022-08-18 10:28:00","2023-08-19 10:28:00",0,0,0
2675428,21378,"2023-06-13 20:02:00",-49,ON_TIME,ON_TIME,3,366,"2023-02-20 09:03:00","2024-02-21 09:03:00",0,0,0
2670118,23969,"2023-06-11 16:31:00",-28,ON_TIME,ON_TIME,3,366,"2023-01-23 19:20:00","2024-01-24 19:20:00",0,0,0
2664325,92905,"2023-06-09 11:36:00",-43,ON_TIME,ON_TIME,3,366,"2023-02-26 15:04:00","2024-02-27 15:04:00",0,0,0
2661934,74488,"2023-06-08 11:04:00",-53,ON_TIME,ON_TIME,3,366,"2022-11-23 09:14:00","2023-11-24 09:14:00",0,0,0
2663109,43668,"2023-06-08 18:09:00",-15,ON_TIME,ON_TIME,3,366,"2022-09-21 17:36:00","2023-09-22 17:36:00",0,0,0
2658942,70773,"2023-06-06 22:45:00",-49,ON_TIME,ON_TIME,3,366,"2023-01-21 16:00:00","2024-01-22 16:00:00",0,0,0
2658956,122321,"2023-06-06 22:52:00",-76,ON_TIME,ON_TIME,3,366,"2022-08-06 17:33:00","2023-08-07 17:33:00",0,0,0
2659328,36477,"2023-06-07 09:06:00",-60,ON_TIME,ON_TIME,3,366,"2022-12-08 16:13:00","2023-12-09 16:13:00",0,0,0
2657186,184008,"2023-06-06 09:18:00",-60,ON_TIME,ON_TIME,3,366,"2023-06-03 18:51:00","2024-06-03 17:51:00",0,0,0
2658236,8506,"2023-06-06 16:12:00",-15,ON_TIME,ON_TIME,3,366,"2023-01-25 18:04:00","2024-01-26 18:04:00",0,0,0
2657961,8689,"2023-06-06 14:32:00",-28,ON_TIME,ON_TIME,3,366,"2023-03-31 19:16:00","2024-03-31 18:16:00",0,0,0
2651587,13371,"2023-06-03 19:57:00",-44,ON_TIME,ON_TIME,3,366,"2023-01-27 08:40:00","2024-01-28 08:40:00",0,0,0
2646708,142562,"2023-06-01 21:49:00",-79,ON_TIME,ON_TIME,3,366,"2022-07-28 07:31:00","2023-07-29 07:31:00",0,0,0
2639446,50117,"2023-05-29 16:52:00",-42,ON_TIME,ON_TIME,3,366,"2022-09-04 09:49:00","2023-09-05 09:49:00",0,0,0
2632784,85209,"2023-05-27 00:00:00",-63,ON_TIME,ON_TIME,3,366,"2022-06-21 18:36:00","2023-06-22 18:36:00",0,0,0
2630631,71614,"2023-05-26 08:06:00",-44,ON_TIME,ON_TIME,3,366,"2022-12-05 20:34:00","2023-12-06 20:34:00",0,0,0
2625827,10351,"2023-05-23 21:08:00",-77,ON_TIME,ON_TIME,3,366,"2023-01-24 14:34:00","2024-01-25 14:34:00",0,0,0
2624531,30385,"2023-05-23 11:05:00",-60,ON_TIME,ON_TIME,3,366,"2023-04-09 16:00:00","2024-04-09 15:00:00",0,0,0
2621837,43267,"2023-05-22 09:35:00",-35,ON_TIME,ON_TIME,3,366,"2022-07-24 13:00:00","2023-07-25 13:00:00",0,0,0
2618407,97749,"2023-05-20 18:03:00",-90,ON_TIME,ON_TIME,3,366,"2022-12-04 17:51:00","2023-12-05 17:51:00",0,0,0
2618165,122941,"2023-05-20 16:32:00",-18,ON_TIME,ON_TIME,3,366,"2022-09-30 10:55:00","2023-10-01 10:55:00",0,0,0
2610815,27604,"2023-05-17 16:16:00",-4,ON_TIME,ON_TIME,3,366,"2022-06-17 12:33:00","2023-06-18 12:33:00",0,0,0
2608629,16519,"2023-05-16 17:31:00",-28,ON_TIME,ON_TIME,3,366,"2023-05-10 15:48:00","2024-05-10 14:48:00",0,0,0
2601739,100324,"2023-05-14 10:02:00",-9,ON_TIME,ON_TIME,3,366,"2022-08-16 11:12:00","2023-08-17 11:12:00",0,0,0
2598556,43675,"2023-05-12 19:43:00",-46,ON_TIME,ON_TIME,3,366,"2022-11-23 13:03:00","2023-11-24 13:03:00",0,0,0
2591705,28827,"2023-05-10 10:47:00",-98,ON_TIME,ON_TIME,3,366,"2023-04-09 13:12:00","2024-04-09 12:12:00",0,0,0
2588468,9287,"2023-05-09 07:12:00",-38,ON_TIME,ON_TIME,3,366,"2023-05-01 14:26:00","2024-05-01 13:26:00",0,0,0
2583269,83330,"2023-05-06 19:45:00",-58,ON_TIME,ON_TIME,3,366,"2023-04-18 11:13:00","2024-04-18 10:13:00",0,0,0
2578618,43267,"2023-05-04 18:25:00",-25,ON_TIME,ON_TIME,3,366,"2022-07-24 13:00:00","2023-07-25 13:00:00",0,0,0
2577125,8689,"2023-05-04 10:43:00",-55,ON_TIME,ON_TIME,3,366,"2023-03-31 19:16:00","2024-03-31 18:16:00",0,0,0
2575101,98684,"2023-05-03 13:44:00",-55,ON_TIME,ON_TIME,3,366,"2022-09-20 09:22:00","2023-09-21 09:22:00",0,0,0
2571736,22506,"2023-05-02 08:41:00",-28,ON_TIME,ON_TIME,3,366,"2023-02-25 11:21:00","2024-02-26 11:21:00",0,0,0
2571940,77236,"2023-05-02 09:59:00",-52,ON_TIME,ON_TIME,3,366,"2023-04-23 21:02:00","2024-04-23 20:02:00",0,0,0
2571543,37739,"2023-05-02 00:17:00",-19,ON_TIME,ON_TIME,3,366,"2022-05-09 19:51:00","2023-05-10 19:51:00",0,0,0
2570756,27604,"2023-05-01 16:56:00",-28,ON_TIME,ON_TIME,3,366,"2022-06-17 12:33:00","2023-06-18 12:33:00",0,0,0
2566655,94572,"2023-04-30 00:43:00",-45,ON_TIME,ON_TIME,3,366,"2022-05-10 12:05:00","2023-05-11 12:05:00",0,0,0
2562438,50893,"2023-04-28 10:19:00",-59,ON_TIME,ON_TIME,3,366,"2022-09-17 18:19:00","2023-09-18 18:19:00",0,0,0
2490134,106076,"2023-03-30 13:36:00",-11,ON_TIME,ON_TIME,3,366,"2022-10-16 13:21:00","2023-10-17 13:21:00",0,0,0
2558926,8127,"2023-04-26 17:45:00",-33,ON_TIME,ON_TIME,3,366,"2022-06-13 11:14:00","2023-06-14 11:14:00",0,0,0
2554617,7939,"2023-04-24 23:23:00",-60,ON_TIME,ON_TIME,3,366,"2022-07-23 06:47:00","2023-07-24 06:47:00",0,0,0
2555556,59342,"2023-04-25 12:12:00",-57,ON_TIME,ON_TIME,3,366,"2022-08-20 10:27:00","2023-08-21 10:27:00",0,0,0
2551539,45686,"2023-04-23 17:57:00",-53,ON_TIME,ON_TIME,3,366,"2023-02-25 21:10:00","2024-02-26 21:10:00",0,0,0
2544608,43668,"2023-04-20 22:32:00",-16,ON_TIME,ON_TIME,3,366,"2022-09-21 17:36:00","2023-09-22 17:36:00",0,0,0
2531435,160274,"2023-04-14 20:23:00",-71,ON_TIME,ON_TIME,3,366,"2022-11-14 20:13:00","2023-11-15 20:13:00",0,0,0
2523018,7832,"2023-04-11 19:09:00",-14,ON_TIME,ON_TIME,3,366,"2022-06-24 19:53:00","2023-06-25 19:53:00",0,0,0
2520617,43204,"2023-04-10 19:53:00",-42,ON_TIME,ON_TIME,3,366,"2023-03-25 11:33:00","2024-03-25 11:33:00",0,0,0
2519537,36972,"2023-04-10 13:22:00",-18,ON_TIME,ON_TIME,3,366,"2023-02-24 09:56:00","2024-02-25 09:56:00",0,0,0
2516007,118551,"2023-04-08 22:40:00",-60,ON_TIME,ON_TIME,3,366,"2022-05-25 08:34:00","2023-05-26 08:34:00",0,0,0
2512536,60420,"2023-04-07 16:44:00",-36,ON_TIME,ON_TIME,3,366,"2022-08-06 18:13:00","2023-08-07 18:13:00",0,0,0
2507867,11610,"2023-04-05 23:25:00",-98,ON_TIME,ON_TIME,3,366,"2022-04-10 11:08:00","2023-04-11 11:08:00",1,0,1
2507650,70343,"2023-04-05 21:06:00",-35,ON_TIME,ON_TIME,3,366,"2022-08-04 09:35:00","2023-08-05 09:35:00",0,0,0
2507775,7832,"2023-04-05 22:17:00",-29,ON_TIME,ON_TIME,3,366,"2022-06-24 19:53:00","2023-06-25 19:53:00",0,0,0
2506404,48444,"2023-04-05 13:21:00",-52,ON_TIME,ON_TIME,3,366,"2022-04-26 10:02:00","2023-04-27 10:02:00",0,0,0
2498828,41625,"2023-04-02 18:57:00",-102,ON_TIME,ON_TIME,3,366,"2023-02-24 16:47:00","2024-02-25 16:47:00",0,0,0
2493545,41357,"2023-03-31 18:25:00",-23,ON_TIME,ON_TIME,3,366,"2022-05-22 11:00:00","2023-05-23 11:00:00",0,0,0
2485571,61216,"2023-03-28 16:15:00",-23,ON_TIME,ON_TIME,3,366,"2022-08-09 14:09:00","2023-08-10 14:09:00",0,0,0
2477293,41853,"2023-03-25 15:15:00",-73,ON_TIME,ON_TIME,3,366,"2022-08-07 19:41:00","2023-08-08 19:41:00",0,0,0
2471407,129531,"2023-03-23 08:35:00",-60,ON_TIME,ON_TIME,3,366,"2023-02-22 18:43:00","2024-02-23 18:43:00",0,0,0
2470852,81016,"2023-03-22 20:18:00",-54,ON_TIME,ON_TIME,3,366,"2023-01-22 14:33:00","2024-01-23 14:33:00",0,0,0
2467489,30385,"2023-03-21 14:31:00",-55,ON_TIME,ON_TIME,3,366,"2022-04-08 16:00:00","2023-04-09 16:00:00",0,0,0
2456508,29563,"2023-03-17 10:38:00",-42,ON_TIME,ON_TIME,3,366,"2023-02-20 11:21:00","2024-02-21 11:21:00",0,0,0
2449805,41625,"2023-03-14 18:31:00",-48,ON_TIME,ON_TIME,3,366,"2023-02-24 16:47:00","2024-02-25 16:47:00",0,0,0
2448172,10583,"2023-03-14 07:43:00",-16,ON_TIME,ON_TIME,3,366,"2022-08-16 06:23:00","2023-08-17 06:23:00",0,0,0
2448388,59328,"2023-03-14 09:34:00",-33,ON_TIME,ON_TIME,3,366,"2023-01-11 09:30:00","2024-01-12 09:30:00",0,0,0
2448463,36477,"2023-03-14 10:02:00",-50,ON_TIME,ON_TIME,3,366,"2022-12-08 16:13:00","2023-12-09 16:13:00",0,0,0
2445171,70773,"2023-03-12 19:30:00",-60,ON_TIME,ON_TIME,3,366,"2023-01-21 16:00:00","2024-01-22 16:00:00",0,0,0
2447542,42154,"2023-03-13 18:30:00",-25,ON_TIME,ON_TIME,3,366,"2022-04-16 20:13:00","2023-04-17 20:13:00",0,0,0
2436734,8506,"2023-03-09 19:24:00",-66,ON_TIME,ON_TIME,3,366,"2023-01-25 18:04:00","2024-01-26 18:04:00",0,0,0
2427698,44576,"2023-03-06 10:26:00",-10,ON_TIME,ON_TIME,3,366,"2023-01-24 10:31:00","2024-01-25 10:31:00",0,0,0
2424587,11591,"2023-03-05 03:47:00",-75,ON_TIME,ON_TIME,3,366,"2023-01-21 14:06:00","2024-01-22 14:06:00",0,0,0
2421363,29501,"2023-03-03 16:57:00",-17,ON_TIME,ON_TIME,3,366,"2022-11-21 09:51:00","2023-11-22 09:51:00",0,0,0
2420262,34827,"2023-03-03 11:57:00",-22,ON_TIME,ON_TIME,3,366,"2022-07-09 21:46:00","2023-07-10 21:46:00",0,0,0
2418704,29501,"2023-03-02 17:49:00",-84,ON_TIME,ON_TIME,3,366,"2022-11-21 09:51:00","2023-11-22 09:51:00",0,0,0
2418425,44924,"2023-03-02 16:13:00",-83,ON_TIME,ON_TIME,3,366,"2022-03-16 11:27:00","2023-03-17 11:27:00",0,0,0
2413254,36990,"2023-02-28 16:37:00",-68,ON_TIME,ON_TIME,3,366,"2022-09-21 18:52:00","2023-09-22 18:52:00",0,0,0
2412740,56986,"2023-02-28 14:05:00",-44,ON_TIME,ON_TIME,3,366,"2023-01-23 18:29:00","2024-01-24 18:29:00",0,0,0
2411374,50657,"2023-02-27 22:24:00",-53,ON_TIME,ON_TIME,3,366,"2022-04-12 21:55:00","2023-04-13 21:55:00",0,0,0
2402845,24273,"2023-02-24 18:03:00",-45,ON_TIME,ON_TIME,3,366,"2022-04-10 19:48:00","2023-04-11 19:48:00",0,0,0
2386961,79749,"2023-02-18 10:45:00",-60,ON_TIME,ON_TIME,3,366,"2023-02-13 10:14:00","2024-02-14 10:14:00",0,0,0
2392692,98684,"2023-02-20 13:25:00",-49,ON_TIME,ON_TIME,3,366,"2022-09-20 09:22:00","2023-09-21 09:22:00",0,0,0
2386928,75441,"2023-02-18 10:33:00",-58,ON_TIME,ON_TIME,3,366,"2022-03-18 14:41:00","2023-03-19 14:41:00",0,0,0
2388572,49211,"2023-02-18 19:05:00",-12,ON_TIME,ON_TIME,3,366,"2022-08-04 12:17:00","2023-08-05 12:17:00",0,0,0
2384010,26489,"2023-02-17 07:27:00",-65,ON_TIME,ON_TIME,3,366,"2022-02-16 13:00:00","2023-02-17 13:00:00",0,0,0
2381250,39753,"2023-02-16 01:25:00",-24,ON_TIME,ON_TIME,3,366,"2022-05-18 11:39:00","2023-05-19 11:39:00",0,0,0
2378648,26023,"2023-02-14 21:48:00",-45,ON_TIME,ON_TIME,3,366,"2023-01-25 15:51:00","2024-01-26 15:51:00",0,0,0
2377150,8359,"2023-02-14 12:07:00",-45,ON_TIME,ON_TIME,3,366,"2022-05-14 20:01:00","2023-05-15 20:01:00",0,0,0
2377074,54390,"2023-02-14 11:48:00",-49,ON_TIME,ON_TIME,3,366,"2023-01-04 12:52:00","2024-01-05 12:52:00",0,0,0
2377749,33446,"2023-02-14 14:44:00",-30,ON_TIME,ON_TIME,3,366,"2022-10-13 14:51:00","2023-10-14 14:51:00",0,0,0
2374526,28443,"2023-02-13 12:38:00",-43,ON_TIME,ON_TIME,3,366,"2022-12-11 14:51:00","2023-12-12 14:51:00",0,0,0
2370241,22079,"2023-02-11 21:33:00",-40,ON_TIME,ON_TIME,3,366,"2022-11-20 08:30:00","2023-11-21 08:30:00",0,0,0
2370928,29501,"2023-02-12 09:41:00",-39,ON_TIME,ON_TIME,3,366,"2022-11-21 09:51:00","2023-11-22 09:51:00",0,0,0
2368824,58022,"2023-02-11 13:31:00",-29,ON_TIME,ON_TIME,3,366,"2022-04-18 12:20:00","2023-04-19 12:20:00",0,0,0
2368485,22506,"2023-02-11 11:53:00",-80,ON_TIME,ON_TIME,3,366,"2022-02-22 18:42:00","2023-02-23 18:42:00",0,0,0
2365343,19833,"2023-02-10 09:50:00",-24,ON_TIME,ON_TIME,3,366,"2022-05-09 19:24:00","2023-05-10 19:24:00",0,0,0
2364916,11591,"2023-02-10 00:33:00",-26,ON_TIME,ON_TIME,3,366,"2023-01-21 14:06:00","2024-01-22 14:06:00",0,0,0
2362884,11429,"2023-02-09 11:12:00",-37,ON_TIME,ON_TIME,3,366,"2022-09-03 12:04:00","2023-09-04 12:04:00",0,0,0
2363345,16159,"2023-02-09 13:11:00",-9,ON_TIME,ON_TIME,3,366,"2022-06-03 11:24:00","2023-06-04 11:24:00",0,0,0
2361877,21899,"2023-02-08 21:54:00",-3,ON_TIME,ON_TIME,3,366,"2022-05-18 20:24:00","2023-05-19 20:24:00",0,0,0
2356201,41612,"2023-02-06 21:06:00",-10,ON_TIME,ON_TIME,3,366,"2022-05-16 12:05:00","2023-05-17 12:05:00",0,0,0
2353871,91893,"2023-02-06 01:47:00",-44,ON_TIME,ON_TIME,3,366,"2022-04-12 23:39:00","2023-04-13 23:39:00",0,0,0
2354529,29563,"2023-02-06 10:49:00",-75,ON_TIME,ON_TIME,3,366,"2022-02-19 11:21:00","2023-02-20 11:21:00",0,0,0
2348568,115214,"2023-02-04 11:36:00",-31,ON_TIME,ON_TIME,3,366,"2022-09-27 15:10:00","2023-09-28 15:10:00",0,0,0
2343377,43675,"2023-02-02 12:27:00",-57,ON_TIME,ON_TIME,3,366,"2022-11-23 13:03:00","2023-11-24 13:03:00",0,0,0
2342387,11591,"2023-02-02 00:30:00",-49,ON_TIME,ON_TIME,3,366,"2023-01-21 14:06:00","2024-01-22 14:06:00",1,0,1
2339717,26284,"2023-01-31 23:28:00",-56,ON_TIME,ON_TIME,3,366,"2022-03-13 11:03:00","2023-03-14 11:03:00",0,0,0
2324939,21899,"2023-01-26 15:38:00",-52,ON_TIME,ON_TIME,3,366,"2022-05-18 20:24:00","2023-05-19 20:24:00",0,0,0
2325235,64052,"2023-01-26 17:13:00",-30,ON_TIME,ON_TIME,3,366,"2022-08-03 17:34:00","2023-08-04 17:34:00",0,0,0
2325109,30213,"2023-01-26 16:31:00",-24,ON_TIME,ON_TIME,3,366,"2022-05-09 19:31:00","2023-05-10 19:31:00",0,0,0
2322089,8231,"2023-01-25 14:43:00",-27,ON_TIME,ON_TIME,3,366,"2022-05-18 20:30:00","2023-05-19 20:30:00",0,0,0
2313041,83330,"2023-01-22 02:38:00",-25,ON_TIME,ON_TIME,3,366,"2022-04-17 11:13:00","2023-04-18 11:13:00",0,0,0
2307942,15118,"2023-01-20 10:04:00",-24,ON_TIME,ON_TIME,3,366,"2022-10-24 09:32:00","2023-10-25 09:32:00",0,0,0
2303296,43668,"2023-01-18 12:51:00",-21,ON_TIME,ON_TIME,3,366,"2022-09-21 17:36:00","2023-09-22 17:36:00",0,0,0
2302229,61705,"2023-01-17 23:04:00",-90,ON_TIME,ON_TIME,3,366,"2022-01-20 08:45:00","2023-01-21 08:45:00",0,0,0
2302128,37739,"2023-01-17 21:45:00",-17,ON_TIME,ON_TIME,3,366,"2022-05-09 19:51:00","2023-05-10 19:51:00",0,0,0
2301297,55947,"2023-01-17 15:09:00",-40,ON_TIME,ON_TIME,3,366,"2022-11-11 11:24:00","2023-11-12 11:24:00",0,0,0
2298745,47648,"2023-01-16 14:24:00",-20,ON_TIME,ON_TIME,3,366,"2022-03-18 10:01:00","2023-03-19 10:01:00",0,0,0
2293409,8884,"2023-01-14 14:18:00",-73,ON_TIME,ON_TIME,3,366,"2022-10-23 08:43:00","2023-10-24 08:43:00",0,0,0
2293540,38162,"2023-01-14 14:52:00",-14,ON_TIME,ON_TIME,3,366,"2022-11-20 16:08:00","2023-11-21 16:08:00",0,0,0
2291877,50979,"2023-01-13 21:54:00",-57,ON_TIME,ON_TIME,3,366,"2022-02-16 14:52:00","2023-02-17 14:52:00",0,0,0
2286232,61216,"2023-01-11 18:31:00",-34,ON_TIME,ON_TIME,3,366,"2022-08-09 14:09:00","2023-08-10 14:09:00",0,0,0
2287325,90224,"2023-01-12 10:17:00",-49,ON_TIME,ON_TIME,3,366,"2022-11-19 10:36:00","2023-11-20 10:36:00",0,0,0
2277793,55947,"2023-01-08 13:15:00",-31,ON_TIME,ON_TIME,3,366,"2022-11-11 11:24:00","2023-11-12 11:24:00",0,0,0
2272121,46451,"2023-01-06 08:27:00",-34,ON_TIME,ON_TIME,3,366,"2022-08-28 11:03:00","2023-08-29 11:03:00",0,0,0
2269843,118551,"2023-01-05 09:19:00",-17,ON_TIME,ON_TIME,3,366,"2022-05-25 08:34:00","2023-05-26 08:34:00",0,0,0
2265286,49211,"2023-01-03 11:34:00",-36,ON_TIME,ON_TIME,3,366,"2022-08-04 12:17:00","2023-08-05 12:17:00",0,0,0
2264677,41357,"2023-01-03 07:52:00",-29,ON_TIME,ON_TIME,3,366,"2022-05-22 11:00:00","2023-05-23 11:00:00",0,0,0
