id,subscription_info_id,user_id,subscription_start,subscription_end,deactivated_at,deactivated_by_id
6,1,8794,19/5/2017 15:55,19/8/2017 15:55,,
7,1,9406,19/5/2017 15:55,19/8/2017 15:55,,
11,3,7727,23/5/2017 09:23,24/5/2018 09:23,,
13,2,8870,23/5/2017 16:51,23/11/2017 16:51,,
17,1,14870,23/5/2017 16:51,23/8/2017 16:51,,
18,2,8720,24/5/2017 16:28,24/11/2017 16:28,,
19,1,8923,24/5/2017 16:28,24/8/2017 16:28,,
24,1,9156,26/5/2017 19:11,26/8/2017 19:11,,
25,1,9500,26/5/2017 19:11,26/8/2017 19:11,,
32,2,9316,27/5/2017 16:39,27/11/2017 16:39,,
34,1,15851,29/5/2017 18:29,29/8/2017 18:29,,
47,1,7927,9/6/2017 17:03,9/9/2017 17:03,,
51,1,7661,16/6/2017 19:39,16/9/2017 19:39,,
52,3,9103,16/6/2017 19:39,17/6/2018 19:39,,
56,1,8794,19/8/2017 15:55,19/11/2017 15:55,,
64,1,8955,16/7/2017 18:26,16/10/2017 18:26,,
66,1,9629,22/7/2017 17:00,22/10/2017 17:00,,
69,1,15393,4/8/2017 19:45,4/11/2017 19:45,,
75,1,9406,24/8/2017 16:57,24/11/2017 16:57,,
77,1,18097,25/8/2017 17:11,25/11/2017 17:11,,
79,1,8923,29/8/2017 17:09,29/11/2017 17:09,,
84,1,15851,2/9/2017 16:46,3/12/2017 16:46,,
87,2,9156,7/9/2017 16:42,10/3/2018 16:42,,
95,1,7927,16/9/2017 16:49,17/12/2017 16:49,,
97,1,7661,20/9/2017 17:14,21/12/2017 17:14,,
111,1,18744,9/10/2017 20:29,9/1/2018 20:29,,
115,1,9500,16/10/2017 19:58,16/1/2018 19:58,,
116,1,14817,17/10/2017 19:53,17/1/2018 19:53,,
118,1,8955,20/10/2017 16:42,20/1/2018 16:42,,
122,1,9629,28/10/2017 19:25,28/1/2018 19:25,,
125,1,15099,2/11/2017 21:13,2/2/2018 21:13,,
126,1,15393,6/11/2017 20:49,6/2/2018 20:49,,
133,1,8794,20/11/2017 18:10,20/2/2018 18:10,,
139,1,9406,30/11/2017 17:12,2/3/2018 17:12,,
140,1,18097,30/11/2017 17:12,2/3/2018 17:12,,
141,2,9316,1/12/2017 20:15,3/6/2018 20:15,,
144,2,8142,5/12/2017 20:38,7/6/2018 20:38,,
147,1,7916,5/12/2017 20:38,7/3/2018 20:38,,
153,1,8923,6/12/2017 19:12,8/3/2018 19:12,,
157,1,19115,6/12/2017 19:21,8/3/2018 19:21,,
159,1,20482,7/12/2017 17:06,9/3/2018 17:06,,
162,1,20365,8/12/2017 18:31,10/3/2018 18:31,,
164,1,20006,8/12/2017 18:31,10/3/2018 18:31,,
168,1,15118,9/12/2017 18:54,11/3/2018 18:54,,
170,2,9236,9/12/2017 18:55,11/6/2018 18:55,,
171,1,18263,10/12/2017 18:03,12/3/2018 18:03,,
176,1,8870,12/12/2017 15:22,14/3/2018 15:22,,
178,1,20311,13/12/2017 18:57,15/3/2018 18:57,,
179,1,7680,15/12/2017 17:16,17/3/2018 17:16,,
191,1,7661,26/12/2017 09:28,28/3/2018 09:28,,
197,3,9059,31/12/2017 15:20,1/1/2019 15:20,,
201,3,7544,2/1/2018 19:30,3/1/2019 19:30,,
210,1,15851,9/1/2018 17:21,11/4/2018 17:21,,
212,1,11364,10/1/2018 17:13,12/4/2018 17:13,,
213,1,21487,11/1/2018 18:30,13/4/2018 18:30,,
216,1,7634,12/1/2018 13:02,14/4/2018 13:02,,
224,2,16013,17/1/2018 17:06,20/7/2018 17:06,,
226,1,11584,18/1/2018 18:56,20/4/2018 18:56,,
237,3,9336,22/1/2018 14:46,23/1/2019 14:46,,
240,1,21284,22/1/2018 18:18,24/4/2018 18:18,,
241,1,20968,23/1/2018 11:25,25/4/2018 11:25,,
243,1,21545,23/1/2018 17:40,25/4/2018 17:40,,
246,1,8955,25/1/2018 15:08,27/4/2018 15:08,,
247,1,9500,25/1/2018 17:27,27/4/2018 17:27,,
252,1,16732,29/1/2018 17:11,1/5/2018 17:11,,
253,1,9406,2/3/2018 17:12,2/6/2018 17:12,,
256,1,18744,31/1/2018 13:03,3/5/2018 13:03,,
262,1,16263,2/2/2018 17:26,5/5/2018 17:26,,
264,1,11299,3/2/2018 12:37,6/5/2018 12:37,,
269,1,15099,6/2/2018 17:17,9/5/2018 17:17,,
276,1,9629,14/2/2018 16:50,17/5/2018 16:50,,
278,1,15393,18/2/2018 16:39,21/5/2018 16:39,,
280,1,8794,21/2/2018 14:42,24/5/2018 14:42,,
289,3,21899,26/2/2018 18:03,27/2/2019 18:03,,
290,1,9610,26/2/2018 19:07,29/5/2018 19:07,,
294,1,20392,2/3/2018 20:25,2/6/2018 20:25,,
298,1,8822,5/3/2018 17:59,5/6/2018 17:59,,
299,1,8506,6/3/2018 12:53,6/6/2018 12:53,,
300,1,18097,6/3/2018 17:11,6/6/2018 17:11,,
304,1,9316,3/6/2018 20:15,3/9/2018 20:15,,
305,1,19115,12/3/2018 17:42,12/6/2018 17:42,,
306,1,8923,12/3/2018 18:51,12/6/2018 18:51,,
310,1,18263,14/3/2018 20:08,14/6/2018 20:08,,
312,1,9156,15/3/2018 13:22,15/6/2018 13:22,,
318,1,8870,19/3/2018 11:57,19/6/2018 11:57,,
321,1,20311,20/3/2018 19:06,20/6/2018 19:06,,
323,1,20365,21/3/2018 18:06,21/6/2018 18:06,,
353,1,7661,10/4/2018 11:15,11/7/2018 11:15,,
354,1,9316,3/9/2018 20:15,4/12/2018 20:15,,
356,1,10789,12/4/2018 11:17,13/7/2018 11:17,,
358,1,7916,14/4/2018 15:49,15/7/2018 15:49,,
366,1,21487,25/4/2018 12:44,26/7/2018 12:44,,
370,1,8955,29/4/2018 13:26,30/7/2018 13:26,,
372,1,16263,5/5/2018 17:26,5/8/2018 17:26,,
374,1,21284,2/5/2018 17:49,2/8/2018 17:49,,
378,1,21545,4/5/2018 18:03,4/8/2018 18:03,,
381,1,18744,7/5/2018 11:10,7/8/2018 11:10,,
382,1,16732,9/5/2018 11:30,9/8/2018 11:30,,
390,1,15099,17/5/2018 16:49,17/8/2018 16:49,,
391,1,9629,18/5/2018 19:27,18/8/2018 19:27,,
394,1,24392,23/5/2018 13:51,23/8/2018 13:51,,
397,3,18609,28/5/2018 13:25,29/5/2019 13:25,,
399,1,8794,29/5/2018 13:25,29/8/2018 13:25,,
400,1,15851,29/5/2018 14:02,29/8/2018 14:02,,
401,3,7727,29/5/2018 15:53,30/5/2019 15:53,,
413,1,9610,4/6/2018 16:01,4/9/2018 16:01,,
414,1,20392,5/6/2018 12:11,5/9/2018 12:11,,
416,1,18593,6/6/2018 15:54,6/9/2018 15:54,,
418,1,19456,10/6/2018 18:44,10/9/2018 18:44,,
420,1,11584,11/6/2018 12:10,11/9/2018 12:10,,
423,1,18097,13/6/2018 19:23,13/9/2018 19:23,,
426,1,19115,19/6/2018 17:47,19/9/2018 17:47,,
427,1,18263,19/6/2018 18:57,19/9/2018 18:57,,
428,2,9156,20/6/2018 10:43,21/12/2018 10:43,,
431,1,9277,22/6/2018 13:34,22/9/2018 13:34,,
434,3,9103,24/6/2018 11:09,25/6/2019 11:09,,
435,1,8870,25/6/2018 10:41,25/9/2018 10:41,,
440,2,9236,29/6/2018 14:04,30/12/2018 14:04,,
445,1,8923,4/7/2018 11:21,4/10/2018 11:21,,
446,1,25390,4/7/2018 11:49,4/10/2018 11:49,,
450,1,9726,6/7/2018 18:34,6/10/2018 18:34,,
458,1,20365,15/7/2018 10:50,15/10/2018 10:50,,
459,1,7661,15/7/2018 16:59,15/10/2018 16:59,,
460,1,9406,16/7/2018 16:34,16/10/2018 16:34,,
463,1,20968,19/7/2018 09:42,19/10/2018 09:42,,
465,1,10789,20/7/2018 11:16,20/10/2018 11:16,,
471,1,8955,2/8/2018 16:15,2/11/2018 16:15,,
476,1,16732,10/8/2018 13:13,10/11/2018 13:13,,
477,1,26614,12/8/2018 15:30,12/11/2018 15:30,,
480,1,9500,14/8/2018 12:42,14/11/2018 12:42,,
483,1,16013,17/8/2018 16:50,17/11/2018 16:50,,
487,1,9629,26/8/2018 10:48,26/11/2018 10:48,,
492,1,21207,3/9/2018 11:33,4/12/2018 11:33,,
495,1,10803,7/9/2018 16:16,8/12/2018 16:16,,
500,1,19456,11/9/2018 16:18,12/12/2018 16:18,,
503,1,9610,14/9/2018 11:12,15/12/2018 11:12,,
504,1,18593,15/9/2018 16:37,16/12/2018 16:37,,
512,1,18097,21/9/2018 18:54,22/12/2018 18:54,,
514,1,20392,22/9/2018 16:55,23/12/2018 16:55,,
516,2,18263,24/9/2018 12:32,27/3/2019 12:32,,
518,1,16263,27/9/2018 10:55,28/12/2018 10:55,,
523,1,8870,2/10/2018 12:37,2/1/2019 12:37,,
524,1,26023,3/10/2018 16:01,3/1/2019 16:01,,
526,1,9277,6/10/2018 15:53,6/1/2019 15:53,,
531,1,11299,10/10/2018 16:27,10/1/2019 16:27,,
534,1,8923,12/10/2018 16:59,12/1/2019 16:59,,
541,1,7661,20/10/2018 10:32,20/1/2019 10:32,,
553,1,20365,25/10/2018 18:21,25/1/2019 18:21,,
555,1,10789,26/10/2018 17:23,26/1/2019 17:23,,
560,1,9406,30/10/2018 17:14,30/1/2019 17:14,,
562,1,7589,5/11/2018 12:55,5/2/2019 12:55,,
564,1,15099,8/11/2018 17:31,8/2/2019 17:31,,
567,1,16732,14/11/2018 13:20,14/2/2019 13:20,,
568,1,21545,14/11/2018 19:35,14/2/2019 19:35,,
569,1,19115,15/11/2018 13:18,15/2/2019 13:18,,
571,1,26614,16/11/2018 19:20,16/2/2019 19:20,,
582,1,28443,25/11/2018 12:26,25/2/2019 12:26,,
583,1,8955,26/11/2018 17:55,26/2/2019 17:55,,
584,1,21284,26/11/2018 18:11,26/2/2019 18:11,,
586,1,8911,28/11/2018 16:49,28/2/2019 16:49,,
591,1,27604,3/12/2018 17:01,5/3/2019 17:01,,
592,1,9629,5/12/2018 19:02,7/3/2019 19:02,,
593,1,27831,6/12/2018 17:01,8/3/2019 17:01,,
599,1,11584,10/12/2018 19:08,12/3/2019 19:08,,
601,1,24392,11/12/2018 19:28,13/3/2019 19:28,,
602,2,28081,12/12/2018 19:23,14/6/2019 19:23,,
603,1,9500,13/12/2018 13:09,15/3/2019 13:09,,
604,1,19456,13/12/2018 17:02,15/3/2019 17:02,,
606,1,28503,16/12/2018 13:19,18/3/2019 13:19,,
609,1,18593,17/12/2018 15:57,19/3/2019 15:57,,
611,1,8454,18/12/2018 12:23,20/3/2019 12:23,,
618,1,20392,30/12/2018 15:19,1/4/2019 15:19,,
619,1,9156,30/12/2018 18:09,1/4/2019 18:09,,
620,1,26023,3/1/2019 16:01,5/4/2019 16:01,,
622,1,9610,2/1/2019 14:26,4/4/2019 14:26,,
624,1,15633,3/1/2019 12:52,5/4/2019 12:52,,
628,1,16263,5/1/2019 16:53,7/4/2019 16:53,,
630,1,23989,5/1/2019 18:26,7/4/2019 18:26,,
632,1,18097,6/1/2019 18:33,8/4/2019 18:33,,
633,1,28742,7/1/2019 17:35,9/4/2019 17:35,,
635,1,21207,9/1/2019 12:10,11/4/2019 12:10,,
639,1,28827,10/1/2019 17:25,12/4/2019 17:25,,
644,1,9277,13/1/2019 12:39,15/4/2019 12:39,,
646,3,7544,13/1/2019 17:36,14/1/2020 17:36,,
647,1,8923,14/1/2019 14:00,16/4/2019 14:00,,
657,1,8822,22/1/2019 14:29,24/4/2019 14:29,,
662,2,11332,24/1/2019 09:46,27/7/2019 09:46,,
664,2,11386,24/1/2019 11:55,27/7/2019 11:55,,
665,3,28950,24/1/2019 12:29,25/1/2020 12:29,,
670,3,7545,24/1/2019 15:04,25/1/2020 15:04,,
672,1,7661,24/1/2019 16:33,26/4/2019 16:33,,
673,2,9316,24/1/2019 17:58,27/7/2019 17:58,,
678,3,9271,25/1/2019 12:34,26/1/2020 12:34,,
681,1,10158,25/1/2019 17:44,27/4/2019 17:44,,
684,2,10005,25/1/2019 19:47,28/7/2019 19:47,,
685,1,28277,25/1/2019 19:51,27/4/2019 19:51,,
687,2,29696,26/1/2019 12:16,29/7/2019 12:16,,
688,3,8794,26/1/2019 12:26,27/1/2020 12:26,,
691,1,9027,26/1/2019 12:57,28/4/2019 12:57,,
696,1,29792,26/1/2019 13:51,28/4/2019 13:51,,
697,2,29657,26/1/2019 14:12,29/7/2019 14:12,,
702,3,11279,26/1/2019 18:11,27/1/2020 18:11,,
703,3,9336,26/1/2019 18:57,27/1/2020 18:57,,
706,2,8142,27/1/2019 17:11,30/7/2019 17:11,,
708,1,8870,28/1/2019 13:18,30/4/2019 13:18,,
711,2,10789,28/1/2019 15:01,31/7/2019 15:01,,
712,2,21284,26/2/2019 18:11,29/8/2019 18:11,,
723,3,10940,31/1/2019 13:36,1/2/2020 13:36,,
724,2,17556,31/1/2019 13:57,3/8/2019 13:57,,
725,1,9888,31/1/2019 18:10,3/5/2019 18:10,,
726,1,15099,8/2/2019 17:31,11/5/2019 17:31,,
728,3,8955,26/2/2019 17:55,27/2/2020 17:55,,
732,1,20365,3/2/2019 12:11,6/5/2019 12:11,,
736,2,29434,5/2/2019 13:24,8/8/2019 13:24,,
747,1,8720,9/2/2019 13:50,12/5/2019 13:50,,
748,2,9236,10/2/2019 15:45,13/8/2019 15:45,,
750,3,29563,11/2/2019 12:18,12/2/2020 12:18,,
753,1,31128,12/2/2019 12:32,15/5/2019 12:32,,
754,2,9406,12/2/2019 12:59,15/8/2019 12:59,,
755,1,29953,12/2/2019 19:25,15/5/2019 19:25,,
757,1,20311,15/2/2019 17:26,18/5/2019 17:26,,
758,2,31323,16/2/2019 15:47,19/8/2019 15:47,,
759,1,29762,17/2/2019 12:27,20/5/2019 12:27,,
761,2,21545,18/2/2019 17:43,21/8/2019 17:43,,
762,2,22506,18/2/2019 18:42,21/8/2019 18:42,,
764,1,19115,20/2/2019 12:32,23/5/2019 12:32,,
766,3,9059,21/2/2019 11:10,22/2/2020 11:10,,
767,1,30960,21/2/2019 11:54,24/5/2019 11:54,,
769,1,28443,25/2/2019 12:26,28/5/2019 12:26,,
773,2,26284,23/2/2019 11:53,26/8/2019 11:53,,
775,1,26614,24/2/2019 12:30,27/5/2019 12:30,,
777,1,16732,24/2/2019 16:01,27/5/2019 16:01,,
779,1,26023,5/4/2019 16:01,6/7/2019 16:01,,
785,1,29598,6/3/2019 16:57,6/6/2019 16:57,,
788,1,9629,12/3/2019 19:14,12/6/2019 19:14,,
789,1,24392,14/3/2019 11:37,14/6/2019 11:37,,
793,1,27604,20/3/2019 15:29,20/6/2019 15:29,,
794,1,19456,20/3/2019 17:56,20/6/2019 17:56,,
795,1,9500,21/3/2019 11:04,21/6/2019 11:04,,
798,1,11584,22/3/2019 19:07,22/6/2019 19:07,,
799,1,18593,24/3/2019 10:57,24/6/2019 10:57,,
801,2,28503,27/3/2019 18:20,27/9/2019 18:20,,
804,1,20392,4/4/2019 16:19,5/7/2019 16:19,,
806,1,16263,7/4/2019 16:53,8/7/2019 16:53,,
807,1,9610,5/4/2019 09:47,6/7/2019 09:47,,
814,3,24273,8/4/2019 18:48,8/4/2020 18:48,,
816,1,15633,9/4/2019 13:32,10/7/2019 13:32,,
820,1,21207,17/4/2019 10:24,18/7/2019 10:24,,
827,2,8923,26/4/2019 10:57,27/10/2019 10:57,,
829,1,7661,27/4/2019 14:50,28/7/2019 14:50,,
830,1,28277,29/4/2019 16:55,30/7/2019 16:55,,
832,1,33572,3/5/2019 18:24,3/8/2019 18:24,,
837,1,20365,7/5/2019 19:17,7/8/2019 19:17,,
846,1,15099,13/5/2019 18:18,13/8/2019 18:18,,
848,1,11709,17/5/2019 09:49,17/8/2019 09:49,,
849,1,26023,6/7/2019 16:01,6/10/2019 16:01,,
851,1,20311,21/5/2019 08:08,21/8/2019 08:08,,
853,1,32083,22/5/2019 14:27,22/8/2019 14:27,,
855,1,19115,24/5/2019 19:41,24/8/2019 19:41,,
856,1,29953,25/5/2019 19:19,25/8/2019 19:19,,
858,1,31128,28/5/2019 19:20,28/8/2019 19:20,,
860,1,26614,29/5/2019 19:34,29/8/2019 19:34,,
861,1,28443,1/6/2019 08:27,1/9/2019 08:27,,
862,1,16732,1/6/2019 09:04,1/9/2019 09:04,,
868,1,9888,5/6/2019 18:32,5/9/2019 18:32,,
871,1,9277,8/6/2019 09:13,8/9/2019 09:13,,
872,1,29598,9/6/2019 20:04,9/9/2019 20:04,,
873,1,24392,15/6/2019 12:50,15/9/2019 12:50,,
877,1,9629,17/6/2019 07:49,17/9/2019 07:49,,
878,3,18609,17/6/2019 08:15,17/6/2020 08:15,,
880,1,34635,22/6/2019 18:22,22/9/2019 18:22,,
882,1,19456,24/6/2019 11:58,24/9/2019 11:58,,
884,1,18593,26/6/2019 18:26,26/9/2019 18:26,,
889,1,9500,2/7/2019 16:23,2/10/2019 16:23,,
893,2,29696,29/7/2019 12:16,29/1/2020 12:16,,
895,2,26614,29/8/2019 19:34,29/2/2020 19:34,,
896,2,28081,3/7/2019 18:45,3/1/2020 18:45,,
898,2,9277,8/9/2019 09:13,10/3/2020 09:13,,
899,2,16732,1/9/2019 09:04,3/3/2020 09:04,,
904,2,11591,4/7/2019 16:14,4/1/2020 16:14,,
910,2,11695,4/7/2019 19:23,4/1/2020 19:23,,
911,2,10005,28/7/2019 19:47,28/1/2020 19:47,,
912,2,9629,17/9/2019 07:49,19/3/2020 07:49,,
914,2,11648,5/7/2019 09:30,5/1/2020 09:30,,
915,2,18097,5/7/2019 09:49,5/1/2020 09:49,,
916,2,8821,5/7/2019 10:06,5/1/2020 10:06,,
917,2,9271,26/1/2020 12:34,28/7/2020 12:34,,
919,2,8822,5/7/2019 13:02,5/1/2020 13:02,,
924,2,7529,5/7/2019 18:01,5/1/2020 18:01,,
925,2,17721,5/7/2019 18:12,5/1/2020 18:12,,
927,2,31363,5/7/2019 19:06,5/1/2020 19:06,,
929,2,28503,27/9/2019 18:20,29/3/2020 18:20,,
930,2,8454,6/7/2019 08:41,6/1/2020 08:41,,
937,2,22977,6/7/2019 16:04,6/1/2020 16:04,,
939,2,13430,7/7/2019 08:12,7/1/2020 08:12,,
942,2,7927,7/7/2019 11:48,7/1/2020 11:48,,
943,2,8794,27/1/2020 12:26,29/7/2020 12:26,,
944,2,7732,7/7/2019 18:29,7/1/2020 18:29,,
945,2,17335,8/7/2019 10:32,8/1/2020 10:32,,
947,2,9147,8/7/2019 16:07,8/1/2020 16:07,,
948,2,9888,5/9/2019 18:32,7/3/2020 18:32,,
949,2,13005,8/7/2019 16:14,8/1/2020 16:14,,
950,2,20311,21/8/2019 08:08,21/2/2020 08:08,,
951,1,9610,8/7/2019 18:38,8/10/2019 18:38,,
952,2,26284,26/8/2019 11:53,26/2/2020 11:53,,
956,2,32959,9/7/2019 15:54,9/1/2020 15:54,,
960,2,15633,10/7/2019 13:32,10/1/2020 13:32,,
964,1,35039,10/7/2019 14:24,10/10/2019 14:24,,
965,2,21545,21/8/2019 17:43,21/2/2020 17:43,,
966,2,20392,10/7/2019 18:47,10/1/2020 18:47,,
979,2,15099,13/8/2019 18:18,13/2/2020 18:18,,
981,1,16263,11/7/2019 17:47,11/10/2019 17:47,,
982,2,23989,11/7/2019 17:54,11/1/2020 17:54,,
984,2,28277,30/7/2019 16:55,30/1/2020 16:55,,
985,2,25390,11/7/2019 18:43,11/1/2020 18:43,,
986,2,8884,11/7/2019 18:56,11/1/2020 18:56,,
987,2,9103,11/7/2019 19:32,11/1/2020 19:32,,
988,2,29960,12/7/2019 08:49,12/1/2020 08:49,,
991,2,17556,3/8/2019 13:57,3/2/2020 13:57,,
994,2,13371,12/7/2019 10:56,12/1/2020 10:56,,
995,2,27959,12/7/2019 10:56,12/1/2020 10:56,,
997,2,14756,12/7/2019 11:05,12/1/2020 11:05,,
999,2,31362,12/7/2019 13:12,12/1/2020 13:12,,
1002,2,22506,21/8/2019 18:42,21/2/2020 18:42,,
1005,2,10789,31/7/2019 15:01,31/1/2020 15:01,,
1007,2,22372,12/7/2019 17:29,12/1/2020 17:29,,
1010,2,21622,13/7/2019 08:01,13/1/2020 08:01,,
1015,2,29762,13/7/2019 10:23,13/1/2020 10:23,,
1016,2,8720,13/7/2019 10:49,13/1/2020 10:49,,
1021,2,10940,1/2/2020 13:36,3/8/2020 13:36,,
1025,1,21207,23/7/2019 09:37,23/10/2019 09:37,,
1027,1,11332,2/8/2019 09:15,2/11/2019 09:15,,
1032,2,21899,6/8/2019 17:16,6/2/2020 17:16,,
1033,2,32261,7/8/2019 09:10,7/2/2020 09:10,,
1038,2,8870,8/8/2019 15:32,8/2/2020 15:32,,
1039,1,33572,9/8/2019 10:11,9/11/2019 10:11,,
1042,1,29434,11/8/2019 07:54,11/11/2019 07:54,,
1043,2,28827,11/8/2019 10:13,11/2/2020 10:13,,
1048,2,7589,12/8/2019 14:01,12/2/2020 14:01,,
1050,1,7661,13/8/2019 09:48,13/11/2019 09:48,,
1058,1,35912,16/8/2019 09:27,16/11/2019 09:27,,
1059,1,35804,16/8/2019 17:31,16/11/2019 17:31,,
1060,1,35921,17/8/2019 10:44,17/11/2019 10:44,,
1062,1,9406,18/8/2019 10:17,18/11/2019 10:17,,
1068,1,11709,20/8/2019 16:14,20/11/2019 16:14,,
1076,1,20365,24/8/2019 14:27,24/11/2019 14:27,,
1078,1,10705,25/8/2019 09:48,25/11/2019 09:48,,
1080,1,36038,26/8/2019 13:44,26/11/2019 13:44,,
1081,1,19115,26/8/2019 14:49,26/11/2019 14:49,,
1092,1,27604,30/8/2019 18:20,30/11/2019 18:20,,
1106,1,10287,3/9/2019 17:32,4/12/2019 17:32,,
1107,1,10740,3/9/2019 17:32,4/12/2019 17:32,,
1116,1,16159,3/9/2019 17:32,4/12/2019 17:32,,
1132,1,35933,4/9/2019 09:48,5/12/2019 09:48,,
1139,1,28443,6/9/2019 14:51,7/12/2019 14:51,,
1142,1,29953,8/9/2019 10:03,9/12/2019 10:03,,
1143,2,29657,8/9/2019 11:25,10/3/2020 11:25,,
1157,1,27698,10/9/2019 09:07,11/12/2019 09:07,,
1165,1,29309,10/9/2019 09:07,11/12/2019 09:07,,
1173,1,31015,10/9/2019 09:07,11/12/2019 09:07,,
1176,1,31545,10/9/2019 09:07,11/12/2019 09:07,,
1207,1,34172,11/9/2019 16:05,12/12/2019 16:05,,
1224,1,36005,15/9/2019 13:31,16/12/2019 13:31,,
1225,1,29598,15/9/2019 16:19,16/12/2019 16:19,,
1235,1,36831,23/9/2019 16:02,24/12/2019 16:02,,
1242,1,36889,26/9/2019 13:55,27/12/2019 13:55,,
1243,1,19456,26/9/2019 18:11,27/12/2019 18:11,,
1248,1,37004,28/9/2019 15:42,29/12/2019 15:42,,
1250,1,18593,4/10/2019 20:01,4/1/2020 20:01,,
1253,1,27831,5/10/2019 13:50,5/1/2020 13:50,,
1263,1,31128,10/10/2019 14:50,10/1/2020 14:50,,
1267,1,24392,13/10/2019 09:13,13/1/2020 09:13,,
1280,1,26023,19/10/2019 15:51,19/1/2020 15:51,,
1285,1,16263,22/10/2019 14:57,22/1/2020 14:57,,
1286,1,37730,22/10/2019 15:01,22/1/2020 15:01,,
1289,1,9610,26/10/2019 15:05,26/1/2020 15:05,,
1295,2,9145,28/10/2019 15:13,29/4/2020 15:13,,
1296,2,26489,28/10/2019 16:54,29/4/2020 16:54,,
1300,2,37049,29/10/2019 08:19,30/4/2020 08:19,,
1301,1,21207,29/10/2019 10:11,29/1/2020 10:11,,
1304,2,21284,29/10/2019 17:50,30/4/2020 17:50,,
1313,2,32083,30/10/2019 19:28,1/5/2020 19:28,,
1324,2,34635,1/11/2019 15:12,3/5/2020 15:12,,
1325,2,27491,1/11/2019 17:07,3/5/2020 17:07,,
1329,2,20887,2/11/2019 17:58,4/5/2020 17:58,,
1334,2,30194,3/11/2019 09:08,5/5/2020 09:08,,
1342,2,30213,4/11/2019 21:47,6/5/2020 21:47,,
1343,1,21487,5/11/2019 10:03,5/2/2020 10:03,,
1346,2,7661,13/11/2019 09:48,15/5/2020 09:48,,
1360,1,27274,6/11/2019 12:44,6/2/2020 12:44,,
1367,1,8923,7/11/2019 09:32,7/2/2020 09:32,,
1371,2,14870,7/11/2019 10:58,9/5/2020 10:58,,
1418,2,36505,7/11/2019 21:06,9/5/2020 21:06,,
1476,1,8670,13/11/2019 15:32,13/2/2020 15:32,,
1486,1,28620,14/11/2019 11:01,14/2/2020 11:01,,
1492,1,11332,14/11/2019 13:31,14/2/2020 13:31,,
1593,2,9406,20/11/2019 17:34,22/5/2020 17:34,,
1601,2,11709,21/11/2019 10:56,23/5/2020 10:56,,
1659,2,29953,9/12/2019 10:03,10/6/2020 10:03,,
1660,3,12560,24/11/2019 19:42,24/11/2020 19:42,,
1674,2,15633,10/1/2020 13:32,12/7/2020 13:32,,
1679,2,10616,25/11/2019 20:04,27/5/2020 20:04,,
1688,2,28443,7/12/2019 14:51,8/6/2020 14:51,,
1690,2,19115,26/11/2019 20:06,28/5/2020 20:06,,
1693,2,9500,27/11/2019 10:11,29/5/2020 10:11,,
1763,2,27604,5/12/2019 21:04,6/6/2020 21:04,,
1772,2,38314,6/12/2019 15:59,7/6/2020 15:59,,
1804,2,20365,8/12/2019 19:46,9/6/2020 19:46,,
1836,3,9271,28/7/2020 12:34,29/7/2021 12:34,,
1867,2,9168,15/12/2019 17:55,16/6/2020 17:55,,
1882,2,36005,18/12/2019 15:57,19/6/2020 15:57,,
1888,3,28732,18/12/2019 20:07,18/12/2020 20:07,,
1963,2,19456,28/12/2019 09:51,29/6/2020 09:51,,
1997,2,31323,2/1/2020 10:48,4/7/2020 10:48,,
1998,2,26023,19/1/2020 15:51,21/7/2020 15:51,,
2006,2,29598,2/1/2020 17:06,4/7/2020 17:06,,
2028,2,28081,4/1/2020 17:14,6/7/2020 17:14,,
2080,3,11591,9/1/2020 21:33,9/1/2021 21:33,,
2125,2,31128,13/1/2020 20:55,15/7/2020 20:55,,
2130,2,9147,14/1/2020 13:44,16/7/2020 13:44,,
2140,2,24392,15/1/2020 11:40,17/7/2020 11:40,,
2161,2,8821,17/1/2020 18:36,19/7/2020 18:36,,
2181,2,22977,19/1/2020 16:01,21/7/2020 16:01,,
2182,3,29960,19/1/2020 18:50,19/1/2021 18:50,,
2199,3,16263,22/1/2020 14:57,22/1/2021 14:57,,
2200,2,13169,20/1/2020 16:51,22/7/2020 16:51,,
2211,2,9888,7/3/2020 18:32,7/9/2020 18:32,,
2218,3,8506,21/1/2020 09:06,21/1/2021 09:06,,
2219,3,24273,8/4/2020 18:48,9/4/2021 18:48,,
2222,2,31362,21/1/2020 10:41,23/7/2020 10:41,,
2230,3,22506,21/2/2020 18:42,21/2/2021 18:42,,
2231,2,8822,21/1/2020 14:28,23/7/2020 14:28,,
2233,3,29563,12/2/2020 12:18,12/2/2021 12:18,,
2236,2,20392,21/1/2020 17:17,23/7/2020 17:17,,
2241,3,21622,21/1/2020 19:52,21/1/2021 19:52,,
2244,3,39770,13/5/2020 14:25,14/5/2021 14:25,,
2245,3,13371,21/1/2020 20:13,21/1/2021 20:13,,
2247,2,41518,21/1/2020 21:18,23/7/2020 21:18,,
2255,3,21545,21/2/2020 17:43,21/2/2021 17:43,,
2256,3,40813,22/1/2020 10:30,22/1/2021 10:30,,
2261,3,9629,19/3/2020 07:49,20/3/2021 07:49,,
2272,2,8884,22/1/2020 18:24,24/7/2020 18:24,,
2274,3,39165,13/5/2020 14:25,14/5/2021 14:25,,
2275,2,7801,22/1/2020 19:26,24/7/2020 19:26,,
2276,2,18593,22/1/2020 20:41,24/7/2020 20:41,,
2281,2,27831,23/1/2020 09:15,25/7/2020 09:15,,
2282,3,7544,23/1/2020 10:28,23/1/2021 10:28,,
2283,3,25454,23/1/2020 10:36,23/1/2021 10:36,,
2289,2,15497,23/1/2020 13:47,25/7/2020 13:47,,
2294,2,26595,23/1/2020 17:40,25/7/2020 17:40,,
2295,2,16732,3/3/2020 09:04,3/9/2020 09:04,,
2298,2,31005,23/1/2020 17:59,25/7/2020 17:59,,
2301,2,11695,23/1/2020 18:48,25/7/2020 18:48,,
2304,2,29762,23/1/2020 19:19,25/7/2020 19:19,,
2309,3,9103,23/1/2020 20:17,23/1/2021 20:17,,
2312,2,29218,23/1/2020 20:42,25/7/2020 20:42,,
2314,2,16236,23/1/2020 20:56,25/7/2020 20:56,,
2315,3,22767,23/1/2020 21:23,23/1/2021 21:23,,
2316,2,38162,23/1/2020 22:27,25/7/2020 22:27,,
2318,3,13430,24/1/2020 09:13,24/1/2021 09:13,,
2329,2,17335,24/1/2020 13:34,26/7/2020 13:34,,
2339,2,36889,24/1/2020 18:47,26/7/2020 18:47,,
2341,3,15099,13/2/2020 18:18,13/2/2021 18:18,,
2345,2,29696,29/1/2020 12:16,31/7/2020 12:16,,
2347,3,27959,25/1/2020 08:54,25/1/2021 08:54,,
2351,2,31061,25/1/2020 12:54,27/7/2020 12:54,,
2370,2,10789,31/1/2020 15:01,2/8/2020 15:01,,
2374,2,9275,25/1/2020 21:23,27/7/2020 21:23,,
2376,2,26023,21/7/2020 15:51,21/1/2021 15:51,,
2392,2,9610,26/1/2020 19:41,28/7/2020 19:41,,
2394,2,8245,26/1/2020 20:10,28/7/2020 20:10,,
2400,2,17721,27/1/2020 11:30,29/7/2020 11:30,,
2403,2,10940,3/8/2020 13:36,3/2/2021 13:36,,
2413,3,9277,10/3/2020 09:13,11/3/2021 09:13,,
2415,3,7529,27/1/2020 20:02,27/1/2021 20:02,,
2417,3,21899,6/2/2020 17:16,6/2/2021 17:16,,
2418,2,8275,27/1/2020 21:02,29/7/2020 21:02,,
2431,3,7927,28/1/2020 15:46,28/1/2021 15:46,,
2432,3,9363,28/1/2020 16:15,28/1/2021 16:15,,
2437,2,10625,28/1/2020 17:40,30/7/2020 17:40,,
2439,2,7589,12/2/2020 14:01,14/8/2020 14:01,,
2446,2,10005,29/1/2020 10:58,31/7/2020 10:58,,
2456,2,26284,26/2/2020 11:53,28/8/2020 11:53,,
2461,3,8955,27/2/2020 17:55,27/2/2021 17:55,,
2465,3,26972,30/1/2020 12:36,30/1/2021 12:36,,
2466,3,36154,30/1/2020 12:40,30/1/2021 12:40,,
2470,3,29434,30/1/2020 15:40,30/1/2021 15:40,,
2480,2,21378,30/1/2020 20:33,1/8/2020 20:33,,
2482,2,11429,31/1/2020 09:04,2/8/2020 09:04,,
2485,2,32261,7/2/2020 09:10,9/8/2020 09:10,,
2486,2,8720,31/1/2020 10:22,2/8/2020 10:22,,
2487,3,9236,31/1/2020 10:30,31/1/2021 10:30,,
2488,3,7545,31/1/2020 10:47,31/1/2021 10:47,,
2490,2,32831,31/1/2020 11:13,2/8/2020 11:13,,
2494,2,29327,31/1/2020 13:43,2/8/2020 13:43,,
2501,2,41680,31/1/2020 19:28,2/8/2020 19:28,,
2507,2,17556,3/2/2020 13:57,5/8/2020 13:57,,
2508,3,8799,1/2/2020 12:13,1/2/2021 12:13,,
2509,3,40691,1/2/2020 13:13,1/2/2021 13:13,,
2513,2,28277,2/2/2020 20:34,4/8/2020 20:34,,
2515,3,11279,5/2/2020 14:40,5/2/2021 14:40,,
2516,2,35039,5/2/2020 20:49,7/8/2020 20:49,,
2517,2,8923,9/2/2020 22:39,11/8/2020 22:39,,
2519,2,27274,12/2/2020 12:54,14/8/2020 12:54,,
2520,2,8870,13/2/2020 09:41,15/8/2020 09:41,,
2522,3,11333,17/2/2020 21:51,17/2/2021 21:51,,
2523,2,8454,18/2/2020 10:11,20/8/2020 10:11,,
2527,2,24186,18/2/2020 19:27,20/8/2020 19:27,,
2529,3,10705,18/2/2020 21:31,18/2/2021 21:31,,
2530,3,37739,18/2/2020 22:51,18/2/2021 22:51,,
2531,3,11364,19/2/2020 09:14,19/2/2021 09:14,,
2534,3,28950,19/2/2020 14:05,19/2/2021 14:05,,
2539,3,28503,29/3/2020 18:20,30/3/2021 18:20,,
2541,2,36972,20/2/2020 09:56,22/8/2020 09:56,,
2542,3,11670,20/2/2020 10:23,20/2/2021 10:23,,
2546,2,24678,20/2/2020 17:29,22/8/2020 17:29,,
2549,2,22372,20/2/2020 19:56,22/8/2020 19:56,,
2551,3,10940,3/2/2021 13:36,4/2/2022 13:36,,
2552,2,14756,21/2/2020 12:47,23/8/2020 12:47,,
2553,2,20162,21/2/2020 16:48,23/8/2020 16:48,,
2554,2,20311,21/2/2020 17:04,23/8/2020 17:04,,
2556,3,32259,21/2/2020 18:16,21/2/2021 18:16,,
2557,2,8670,22/2/2020 09:47,24/8/2020 09:47,,
2567,3,9059,28/2/2020 15:33,28/2/2021 15:33,,
2569,3,21207,2/3/2020 09:54,3/3/2021 09:54,,
2570,2,26614,2/3/2020 18:44,2/9/2020 18:44,,
2571,3,9336,3/3/2020 10:57,4/3/2021 10:57,,
2574,2,33465,10/3/2020 14:05,10/9/2020 14:05,,
2579,3,41742,10/3/2020 18:09,11/3/2021 18:09,,
2584,3,27875,10/3/2020 19:59,11/3/2021 19:59,,
2586,2,19122,10/3/2020 22:14,10/9/2020 22:14,,
2587,2,43675,10/3/2020 23:06,10/9/2020 23:06,,
2589,3,10069,11/3/2020 12:44,12/3/2021 12:44,,
2590,2,28081,6/7/2020 17:14,6/1/2021 17:14,,
2592,2,33572,11/3/2020 16:55,11/9/2020 16:55,,
2595,3,43204,11/3/2020 19:56,12/3/2021 19:56,,
2596,2,44418,11/3/2020 21:04,11/9/2020 21:04,,
2600,2,44576,12/3/2020 12:15,12/9/2020 12:15,,
2602,2,33490,12/3/2020 13:09,12/9/2020 13:09,,
2608,2,37026,12/3/2020 18:15,12/9/2020 18:15,,
2610,2,17380,12/3/2020 18:57,12/9/2020 18:57,,
2611,3,19108,12/3/2020 19:15,13/3/2021 19:15,,
2614,2,38230,12/3/2020 19:57,12/9/2020 19:57,,
2620,2,22621,13/3/2020 09:36,13/9/2020 09:36,,
2623,2,40811,13/3/2020 11:50,13/9/2020 11:50,,
2624,2,42894,13/3/2020 13:02,13/9/2020 13:02,,
2627,3,42154,13/3/2020 14:06,14/3/2021 14:06,,
2633,3,22072,13/3/2020 18:53,14/3/2021 18:53,,
2634,3,39582,13/3/2020 19:01,14/3/2021 19:01,,
2636,3,38329,13/3/2020 19:52,14/3/2021 19:52,,
2637,2,13613,13/3/2020 19:53,13/9/2020 19:53,,
2641,3,10856,13/3/2020 21:53,14/3/2021 21:53,,
2647,2,42487,14/3/2020 09:43,14/9/2020 09:43,,
2650,3,44924,14/3/2020 11:27,15/3/2021 11:27,,
2651,2,8015,14/3/2020 12:02,14/9/2020 12:02,,
2655,2,28620,14/3/2020 16:12,14/9/2020 16:12,,
2659,2,44363,14/3/2020 21:36,14/9/2020 21:36,,
2660,2,23787,14/3/2020 21:48,14/9/2020 21:48,,
2662,2,15118,14/3/2020 23:33,14/9/2020 23:33,,
2667,2,11390,15/3/2020 16:04,15/9/2020 16:04,,
2670,2,27604,6/6/2020 21:04,7/12/2020 21:04,,
2677,2,45326,18/3/2020 15:25,18/9/2020 15:25,,
2683,2,44660,19/3/2020 11:29,19/9/2020 11:29,,
2692,3,9131,19/3/2020 21:32,20/3/2021 21:32,,
2699,3,49363,20/3/2020 20:17,21/3/2021 20:17,,
2703,2,19486,21/3/2020 19:37,21/9/2020 19:37,,
2710,3,38439,22/3/2020 14:35,23/3/2021 14:35,,
2711,2,40935,11/4/2020 22:23,12/10/2020 22:23,,
2712,2,10017,22/3/2020 20:43,22/9/2020 20:43,,
2714,2,46953,23/3/2020 16:35,23/9/2020 16:35,,
2728,2,56005,26/4/2020 10:23,27/10/2020 10:23,,
2731,3,30015,28/4/2020 10:42,29/4/2021 10:42,,
2732,2,42184,28/4/2020 19:50,29/10/2020 19:50,,
2737,2,30194,5/5/2020 09:08,5/11/2020 09:08,,
2738,3,41357,4/5/2020 14:46,5/5/2021 14:46,,
2741,2,50657,4/5/2020 15:27,4/11/2020 15:27,,
2743,3,40908,4/5/2020 21:03,5/5/2021 21:03,,
2747,3,59635,5/5/2020 08:11,6/5/2021 08:11,,
2752,2,55947,5/5/2020 10:26,5/11/2020 10:26,,
2753,3,24369,5/5/2020 10:31,6/5/2021 10:31,,
2759,2,10005,31/7/2020 10:58,31/1/2021 10:58,,
2767,2,29953,10/6/2020 10:03,11/12/2020 10:03,,
2768,2,21487,5/5/2020 14:25,5/11/2020 14:25,,
2771,2,16519,5/5/2020 14:48,5/11/2020 14:48,,
2776,2,47734,5/5/2020 17:14,5/11/2020 17:14,,
2777,2,55889,5/5/2020 17:24,5/11/2020 17:24,,
2778,2,44571,5/5/2020 17:47,5/11/2020 17:47,,
2781,3,32959,5/5/2020 18:07,6/5/2021 18:07,,
2782,3,19833,5/5/2020 19:04,6/5/2021 19:04,,
2783,2,49501,5/5/2020 19:04,5/11/2020 19:04,,
2787,3,26489,6/5/2020 05:55,7/5/2021 05:55,,
2788,2,23969,6/5/2020 06:51,6/11/2020 06:51,,
2791,2,49072,6/5/2020 08:01,6/11/2020 08:01,,
2793,2,45846,6/5/2020 09:01,6/11/2020 09:01,,
2795,2,45725,6/5/2020 09:37,6/11/2020 09:37,,
2799,2,55972,6/5/2020 11:09,6/11/2020 11:09,,
2800,3,16159,6/5/2020 11:49,7/5/2021 11:49,,
2805,2,7661,15/5/2020 09:48,15/11/2020 09:48,,
2808,2,46696,6/5/2020 15:00,6/11/2020 15:00,,
2814,2,46600,6/5/2020 16:40,6/11/2020 16:40,,
2815,2,51326,6/5/2020 16:59,6/11/2020 16:59,,
2816,2,46005,6/5/2020 18:18,6/11/2020 18:18,,
2817,3,8024,6/5/2020 18:32,7/5/2021 18:32,,
2819,2,25390,6/5/2020 21:29,6/11/2020 21:29,,
2823,2,51185,7/5/2020 08:28,7/11/2020 08:28,,
2824,2,19456,29/6/2020 09:51,30/12/2020 09:51,,
2829,3,19719,7/5/2020 11:06,8/5/2021 11:06,,
2834,2,37049,7/5/2020 13:42,7/11/2020 13:42,,
2835,2,9505,7/5/2020 13:48,7/11/2020 13:48,,
2837,2,15449,7/5/2020 14:20,7/11/2020 14:20,,
2841,2,54160,7/5/2020 15:35,7/11/2020 15:35,,
2846,3,30213,7/5/2020 18:31,8/5/2021 18:31,,
2851,2,38772,7/5/2020 20:22,7/11/2020 20:22,,
2852,2,40768,7/5/2020 20:27,7/11/2020 20:27,,
2857,2,52292,8/5/2020 09:40,8/11/2020 09:40,,
2861,3,9500,29/5/2020 10:11,30/5/2021 10:11,,
2863,3,34635,8/5/2020 13:19,9/5/2021 13:19,,
2864,3,27219,8/5/2020 14:39,9/5/2021 14:39,,
2869,2,36319,8/5/2020 16:18,8/11/2020 16:18,,
2870,2,45582,8/5/2020 16:25,8/11/2020 16:25,,
2873,3,36652,8/5/2020 18:26,9/5/2021 18:26,,
2875,2,44169,8/5/2020 18:46,8/11/2020 18:46,,
2878,3,28443,8/6/2020 14:51,9/6/2021 14:51,,
2879,3,9168,16/6/2020 17:55,17/6/2021 17:55,,
2881,2,11675,9/5/2020 10:01,9/11/2020 10:01,,
2884,3,22578,9/5/2020 10:48,10/5/2021 10:48,,
2885,3,20517,9/5/2020 11:19,10/5/2021 11:19,,
2886,2,50469,9/5/2020 12:16,9/11/2020 12:16,,
2890,2,36505,9/5/2020 21:06,9/11/2020 21:06,,
2899,3,8359,9/5/2020 18:10,10/5/2021 18:10,,
2900,3,39753,9/5/2020 18:38,10/5/2021 18:38,,
2902,2,21571,9/5/2020 20:09,9/11/2020 20:09,,
2903,2,13613,13/9/2020 19:53,16/3/2021 19:53,,
2907,3,17160,10/5/2020 12:06,11/5/2021 12:06,,
2908,2,38699,10/5/2020 12:17,10/11/2020 12:17,,
2913,2,59729,10/5/2020 18:02,10/11/2020 18:02,,
2915,3,55126,10/5/2020 18:29,11/5/2021 18:29,,
2918,3,48584,11/5/2020 08:16,12/5/2021 08:16,,
2921,2,29657,16/5/2020 17:25,16/11/2020 17:25,,
2925,2,45855,21/5/2020 15:48,21/11/2020 15:48,,
2927,3,42098,22/5/2020 14:32,23/5/2021 14:32,,
2928,3,46451,22/5/2020 18:50,23/5/2021 18:50,,
2930,2,11709,26/5/2020 11:37,26/11/2020 11:37,,
2931,2,19115,29/5/2020 17:42,29/11/2020 17:42,,
2932,2,56986,1/6/2020 12:57,2/12/2020 12:57,,
2941,2,9287,9/6/2020 08:30,10/12/2020 08:30,,
2945,3,9396,9/6/2020 10:24,10/6/2021 10:24,,
2951,2,18657,9/6/2020 15:08,10/12/2020 15:08,,
2954,2,15967,9/6/2020 18:09,10/12/2020 18:09,,
2956,2,16236,25/7/2020 20:56,25/1/2021 20:56,,
2958,2,9495,9/6/2020 19:35,10/12/2020 19:35,,
2959,3,51366,9/6/2020 20:49,10/6/2021 20:49,,
2962,3,46670,10/6/2020 12:54,11/6/2021 12:54,,
2965,2,48323,10/6/2020 18:05,11/12/2020 18:05,,
2967,3,17721,29/7/2020 11:30,30/7/2021 11:30,,
2968,2,24173,10/6/2020 19:04,11/12/2020 19:04,,
2970,2,54599,11/6/2020 07:04,12/12/2020 07:04,,
2973,3,8127,11/6/2020 10:14,12/6/2021 10:14,,
2977,3,61555,11/6/2020 17:05,12/6/2021 17:05,,
2979,2,42009,11/6/2020 20:09,12/12/2020 20:09,,
2980,2,60663,11/6/2020 20:29,12/12/2020 20:29,,
2982,2,26595,25/7/2020 17:40,25/1/2021 17:40,,
2989,2,49845,12/6/2020 15:34,13/12/2020 15:34,,
2991,2,57815,12/6/2020 16:08,13/12/2020 16:08,,
2994,3,54054,12/6/2020 16:49,13/6/2021 16:49,,
3007,2,20365,14/6/2020 13:47,15/12/2020 13:47,,
3008,3,60420,14/6/2020 17:23,15/6/2021 17:23,,
3010,3,27491,14/6/2020 17:46,15/6/2021 17:46,,
3012,2,29218,25/7/2020 20:42,25/1/2021 20:42,,
3017,2,27604,7/12/2020 21:04,9/6/2021 21:04,,
3021,2,51491,18/6/2020 18:14,19/12/2020 18:14,,
3025,2,18609,3/7/2020 13:51,3/1/2021 13:51,,
3027,2,29598,7/7/2020 21:30,7/1/2021 21:30,,
3032,2,24392,18/7/2020 16:38,18/1/2021 16:38,,
3034,2,13169,22/7/2020 16:51,22/1/2021 16:51,,
3036,3,49211,20/7/2020 14:35,21/7/2021 14:35,,
3037,2,60299,20/7/2020 15:59,20/1/2021 15:59,,
3038,3,64052,20/7/2020 16:14,21/7/2021 16:14,,
3039,3,21752,20/7/2020 19:01,21/7/2021 19:01,,
3040,2,15633,20/7/2020 19:40,20/1/2021 19:40,,
3042,3,7727,21/7/2020 05:16,22/7/2021 05:16,,
3043,3,7939,21/7/2020 05:47,22/7/2021 05:47,,
3044,3,11429,2/8/2020 09:04,3/8/2021 09:04,,
3048,2,15497,25/7/2020 13:47,25/1/2021 13:47,,
3050,3,8275,29/7/2020 21:02,30/7/2021 21:02,,
3051,3,8231,21/7/2020 12:11,22/7/2021 12:11,,
3054,3,9406,21/7/2020 13:17,22/7/2021 13:17,,
3055,2,29887,21/7/2020 14:15,21/1/2021 14:15,,
3056,2,39201,21/7/2020 14:31,21/1/2021 14:31,,
3058,2,51103,21/7/2020 16:58,21/1/2021 16:58,,
3061,2,15269,21/7/2020 20:09,21/1/2021 20:09,,
3062,2,16732,3/9/2020 09:04,6/3/2021 09:04,,
3064,2,22977,22/7/2020 08:20,22/1/2021 08:20,,
3066,3,18263,22/7/2020 10:17,23/7/2021 10:17,,
3068,3,43267,22/7/2020 12:00,23/7/2021 12:00,,
3069,2,18593,24/7/2020 20:41,24/1/2021 20:41,,
3073,2,21284,22/7/2020 16:24,22/1/2021 16:24,,
3074,3,25476,22/7/2020 16:57,23/7/2021 16:57,,
3076,2,9610,28/7/2020 19:41,28/1/2021 19:41,,
3079,2,41853,23/7/2020 09:52,23/1/2021 09:52,,
3083,2,11325,24/7/2020 06:22,24/1/2021 06:22,,
3085,3,35924,24/7/2020 09:01,25/7/2021 09:01,,
3089,3,59170,24/7/2020 12:38,25/7/2021 12:38,,
3090,3,29360,24/7/2020 13:08,25/7/2021 13:08,,
3095,3,43668,24/7/2020 17:00,25/7/2021 17:00,,
3097,3,36005,24/7/2020 17:31,25/7/2021 17:31,,
3105,2,29327,2/8/2020 13:43,2/2/2021 13:43,,
3108,2,24186,20/8/2020 19:27,20/2/2021 19:27,,
3109,2,62659,26/7/2020 16:23,26/1/2021 16:23,,
3111,2,23310,26/7/2020 18:07,26/1/2021 18:07,,
3115,2,9125,28/7/2020 15:10,28/1/2021 15:10,,
3116,3,52243,29/7/2020 12:04,30/7/2021 12:04,,
3118,2,36889,2/8/2020 19:14,2/2/2021 19:14,,
3119,2,54500,2/8/2020 19:40,2/2/2021 19:40,,
3120,2,21378,4/8/2020 20:12,4/2/2021 20:12,,
3121,2,8821,5/8/2020 10:47,5/2/2021 10:47,,
3124,2,9275,8/8/2020 15:40,8/2/2021 15:40,,
3125,2,40811,13/9/2020 11:50,16/3/2021 11:50,,
3127,3,63808,10/8/2020 17:40,11/8/2021 17:40,,
3128,3,59342,10/8/2020 18:10,11/8/2021 18:10,,
3129,3,29762,10/8/2020 18:17,11/8/2021 18:17,,
3131,3,38162,11/8/2020 06:48,12/8/2021 06:48,,
3136,3,36990,11/8/2020 19:05,12/8/2021 19:05,,
3139,3,33960,12/8/2020 06:05,13/8/2021 06:05,,
3140,2,42487,14/9/2020 09:43,17/3/2021 09:43,,
3143,3,10625,12/8/2020 07:46,13/8/2021 07:46,,
3144,3,9147,12/8/2020 08:29,13/8/2021 08:29,,
3145,2,64302,12/8/2020 09:33,12/2/2021 09:33,,
3150,2,31061,12/8/2020 11:21,12/2/2021 11:21,,
3151,2,56301,12/8/2020 11:46,12/2/2021 11:46,,
3152,2,23877,12/8/2020 13:09,12/2/2021 13:09,,
3154,3,62972,12/8/2020 14:17,13/8/2021 14:17,,
3157,3,26442,12/8/2020 15:37,13/8/2021 15:37,,
3158,3,19888,12/8/2020 15:42,13/8/2021 15:42,,
3159,3,8884,12/8/2020 18:02,13/8/2021 18:02,,
3160,2,9888,7/9/2020 18:32,10/3/2021 18:32,,
3162,2,31362,12/8/2020 19:59,12/2/2021 19:59,,
3163,2,10127,13/8/2020 08:07,13/2/2021 08:07,,
3166,2,17335,13/8/2020 09:36,13/2/2021 09:36,,
3167,2,26284,28/8/2020 11:53,28/2/2021 11:53,,
3168,2,8282,13/8/2020 11:05,13/2/2021 11:05,,
3170,3,59524,13/8/2020 12:15,14/8/2021 12:15,,
3171,2,45756,13/8/2020 12:30,13/2/2021 12:30,,
3174,2,38230,12/9/2020 19:57,15/3/2021 19:57,,
3175,2,7801,13/8/2020 17:20,13/2/2021 17:20,,
3177,3,55972,6/11/2020 11:09,7/11/2021 11:09,,
3179,3,10583,14/8/2020 05:23,15/8/2021 05:23,,
3185,3,30426,14/8/2020 15:04,15/8/2021 15:04,,
3187,2,20311,23/8/2020 17:04,23/2/2021 17:04,,
3188,2,11390,15/9/2020 16:04,18/3/2021 16:04,,
3189,3,8822,14/8/2020 18:24,15/8/2021 18:24,,
3193,3,44213,14/8/2020 21:07,15/8/2021 21:07,,
3200,3,26233,15/8/2020 15:42,16/8/2021 15:42,,
3210,2,43839,16/8/2020 10:28,16/2/2021 10:28,,
3215,2,15118,14/9/2020 23:33,17/3/2021 23:33,,
3217,2,64105,16/8/2020 17:46,16/2/2021 17:46,,
3218,3,24273,9/4/2021 18:48,10/4/2022 19:48,,
3220,2,36972,22/8/2020 09:56,22/2/2021 09:56,,
3225,3,53147,19/8/2020 12:31,20/8/2021 12:31,,
3230,3,22366,24/8/2020 18:35,25/8/2021 18:35,,
3231,2,58524,25/8/2020 13:37,25/2/2021 13:37,,
3241,3,26614,5/9/2020 16:10,6/9/2021 16:10,,
3243,2,56349,8/9/2020 08:58,11/3/2021 08:58,,
3249,2,8245,14/9/2020 13:00,17/3/2021 13:00,,
3250,2,22372,14/9/2020 16:12,17/3/2021 16:12,,
3251,3,48323,11/12/2020 18:05,12/12/2021 18:05,,
3254,2,28277,15/9/2020 07:55,18/3/2021 07:55,,
3256,3,44363,15/9/2020 09:00,16/9/2021 09:00,,
3257,2,8670,15/9/2020 12:14,18/3/2021 12:14,,
3259,2,20162,16/9/2020 08:40,19/3/2021 08:40,,
3264,3,9271,29/7/2021 12:34,30/7/2022 13:34,,
3266,2,27831,16/9/2020 19:02,19/3/2021 19:02,,
3268,2,52703,17/9/2020 10:00,20/3/2021 10:00,,
3272,3,61365,18/9/2020 08:12,19/9/2021 08:12,,
3276,3,43675,18/9/2020 14:14,19/9/2021 14:14,,
3280,2,54933,18/9/2020 19:22,21/3/2021 19:22,,
3283,2,25390,6/11/2020 21:29,9/5/2021 21:29,,
3287,2,28620,19/9/2020 19:27,22/3/2021 19:27,,
3291,2,44194,20/9/2020 10:06,23/3/2021 10:06,,
3292,2,36505,9/11/2020 21:06,12/5/2021 21:06,,
3293,2,48444,20/9/2020 12:47,23/3/2021 12:47,,
3295,2,28637,20/9/2020 15:12,23/3/2021 15:12,,
3297,2,44660,22/9/2020 18:01,25/3/2021 18:01,,
3299,2,44576,23/9/2020 16:59,26/3/2021 16:59,,
3300,2,19486,23/9/2020 19:09,26/3/2021 19:09,,
3304,3,43132,30/9/2020 12:25,1/10/2021 12:25,,
3306,2,38314,30/9/2020 14:29,2/4/2021 14:29,,
3308,2,66444,2/10/2020 20:07,4/4/2021 20:07,,
3309,3,41058,4/10/2020 17:43,5/10/2021 17:43,,
3313,2,27274,9/10/2020 19:34,11/4/2021 19:34,,
3314,3,49072,6/11/2020 08:01,7/11/2021 08:01,,
3317,2,53064,12/10/2020 18:26,14/4/2021 18:26,,
3320,3,35472,13/10/2020 06:19,14/10/2021 06:19,,
3321,2,40935,13/10/2020 08:51,15/4/2021 08:51,,
3323,2,45582,8/11/2020 16:25,11/5/2021 16:25,,
3325,2,9505,7/11/2020 13:48,10/5/2021 13:48,,
3327,3,32213,13/10/2020 20:28,14/10/2021 20:28,,
3328,3,56005,27/10/2020 10:23,28/10/2021 10:23,,
3331,2,44171,14/10/2020 14:05,16/4/2021 14:05,,
3333,3,28827,14/10/2020 15:14,15/10/2021 15:14,,
3337,3,44418,14/10/2020 18:40,15/10/2021 18:40,,
3338,3,20089,15/10/2020 08:56,16/10/2021 08:56,,
3339,2,11610,15/10/2020 10:15,17/4/2021 10:15,,
3340,2,54841,15/10/2020 10:22,17/4/2021 10:22,,
3341,2,58022,15/10/2020 11:20,17/4/2021 11:20,,
3348,3,42524,16/10/2020 08:24,17/10/2021 08:24,,
3352,2,11709,26/11/2020 11:37,29/5/2021 11:37,,
3355,2,58443,16/10/2020 15:16,18/4/2021 15:16,,
3367,2,11569,17/10/2020 09:19,19/4/2021 09:19,,
3371,3,18612,17/10/2020 11:52,18/10/2021 11:52,,
3373,2,69766,17/10/2020 12:48,19/4/2021 12:48,,
3377,2,10976,17/10/2020 19:58,19/4/2021 19:58,,
3379,2,23159,18/10/2020 11:01,20/4/2021 11:01,,
3384,2,26023,21/1/2021 15:51,24/7/2021 15:51,,
3385,2,28718,18/10/2020 17:29,20/4/2021 17:29,,
3387,2,33327,18/10/2020 20:41,20/4/2021 20:41,,
3388,2,62514,19/10/2020 07:56,21/4/2021 07:56,,
3389,2,14870,19/10/2020 09:58,21/4/2021 09:58,,
3392,2,52949,19/10/2020 11:10,21/4/2021 11:10,,
3393,2,66910,19/10/2020 12:42,21/4/2021 12:42,,
3398,2,66386,20/10/2020 19:08,22/4/2021 19:08,,
3407,2,41518,29/10/2020 07:57,1/5/2021 07:57,,
3408,2,9312,30/10/2020 13:20,2/5/2021 13:20,,
3413,3,68786,2/11/2020 15:42,3/11/2021 15:42,,
3415,2,16519,5/11/2020 14:48,8/5/2021 14:48,,
3421,2,22412,5/11/2020 14:11,8/5/2021 14:11,,
3423,2,70343,5/11/2020 18:39,8/5/2021 18:39,,
3424,3,55947,6/11/2020 14:25,7/11/2021 14:25,,
3428,2,55889,7/11/2020 18:36,10/5/2021 18:36,,
3429,2,7589,8/11/2020 07:08,11/5/2021 07:08,,
3432,3,45855,21/11/2020 15:48,22/11/2021 15:48,,
3433,3,22621,9/11/2020 20:18,10/11/2021 20:18,,
3435,3,42184,10/11/2020 07:04,11/11/2021 07:04,,
3441,3,72950,10/11/2020 18:24,11/11/2021 18:24,,
3445,3,9676,11/11/2020 10:28,12/11/2021 10:28,,
3446,3,47734,11/11/2020 11:42,12/11/2021 11:42,,
3451,3,44571,11/11/2020 21:24,12/11/2021 21:24,,
3455,3,51326,12/11/2020 20:06,13/11/2021 20:06,,
3456,3,74488,12/11/2020 20:45,13/11/2021 20:45,,
3458,3,21571,13/11/2020 09:32,14/11/2021 09:32,,
3459,3,22506,21/2/2021 18:42,22/2/2022 18:42,,
3464,3,10940,4/2/2022 13:36,5/2/2023 13:36,,
3465,3,13430,24/1/2021 09:13,25/1/2022 09:13,,
3470,3,23969,14/11/2020 07:22,15/11/2021 07:22,,
3472,3,69661,14/11/2020 14:18,15/11/2021 14:18,,
3473,3,49501,14/11/2020 16:12,15/11/2021 16:12,,
3474,3,7661,15/11/2020 09:48,16/11/2021 09:48,,
3475,3,29218,25/1/2021 20:42,26/1/2022 20:42,,
3480,3,45326,15/11/2020 10:05,16/11/2021 10:05,,
3481,3,7945,15/11/2020 15:23,16/11/2021 15:23,,
3484,3,44169,15/11/2020 17:23,16/11/2021 17:23,,
3485,3,72915,15/11/2020 18:22,16/11/2021 18:22,,
3488,3,28472,15/11/2020 20:53,16/11/2021 20:53,,
3496,2,30194,22/11/2020 07:14,25/5/2021 07:14,,
3497,2,29657,22/11/2020 11:12,25/5/2021 11:12,,
3499,2,51185,22/11/2020 13:36,25/5/2021 13:36,,
3501,2,44675,24/11/2020 10:04,27/5/2021 10:04,,
3503,2,71667,26/11/2020 15:53,29/5/2021 15:53,,
3504,2,71614,27/11/2020 20:25,30/5/2021 20:25,,
3505,2,73496,30/11/2020 09:52,2/6/2021 09:52,,
3506,3,46005,30/11/2020 14:52,1/12/2021 14:52,,
3508,2,19115,1/12/2020 20:45,3/6/2021 20:45,,
3517,3,56986,12/12/2020 13:22,13/12/2021 13:22,,
3518,2,21516,12/12/2020 18:27,14/6/2021 18:27,,
3519,3,79749,14/12/2020 10:03,15/12/2021 10:03,,
3523,2,29953,16/12/2020 21:18,18/6/2021 21:18,,
3525,3,12560,19/12/2020 18:36,20/12/2021 18:36,,
3527,3,41541,21/12/2020 13:05,22/12/2021 13:05,,
3529,3,54064,23/12/2020 14:09,24/12/2021 14:09,,
3530,2,57815,23/12/2020 17:06,25/6/2021 17:06,,
3531,3,45156,23/12/2020 19:21,24/12/2021 19:21,,
3533,3,54390,24/12/2020 15:02,25/12/2021 15:02,,
3534,2,22079,26/12/2020 13:04,28/6/2021 13:04,,
3535,2,37049,26/12/2020 17:33,28/6/2021 17:33,,
3536,2,19456,30/12/2020 09:51,2/7/2021 09:51,,
3541,3,23466,2/1/2021 12:58,3/1/2022 12:58,,
3542,2,59291,3/1/2021 18:11,6/7/2021 18:11,,
3544,3,36460,4/1/2021 10:24,5/1/2022 10:24,,
3545,2,29549,4/1/2021 12:26,7/7/2021 12:26,,
3546,2,40811,16/3/2021 11:50,16/9/2021 11:50,,
3549,3,15449,5/1/2021 10:50,6/1/2022 10:50,,
3550,2,9497,5/1/2021 13:01,8/7/2021 13:01,,
3551,2,20365,5/1/2021 17:11,8/7/2021 17:11,,
3553,2,23787,6/1/2021 19:51,9/7/2021 19:51,,
3560,3,28081,12/1/2021 20:36,13/1/2022 20:36,,
3561,2,69838,13/1/2021 16:02,16/7/2021 16:02,,
3563,3,18609,14/1/2021 15:17,15/1/2022 15:17,,
3564,2,29598,14/1/2021 16:44,17/7/2021 16:44,,
3566,3,29960,19/1/2021 18:50,20/1/2022 18:50,,
3569,3,60663,18/1/2021 13:19,19/1/2022 13:19,,
3574,3,8506,21/1/2021 09:06,22/1/2022 09:06,,
3575,2,63435,18/1/2021 17:42,21/7/2021 17:42,,
3583,3,61705,19/1/2021 08:45,20/1/2022 08:45,,
3584,2,24186,20/2/2021 19:27,23/8/2021 19:27,,
3585,3,9103,23/1/2021 20:17,24/1/2022 20:17,,
3586,3,16632,19/1/2021 09:53,20/1/2022 09:53,,
3588,3,64105,16/2/2021 17:46,17/2/2022 17:46,,
3590,2,73488,19/1/2021 10:55,22/7/2021 10:55,,
3591,2,18546,19/1/2021 11:33,22/7/2021 11:33,,
3592,3,67992,19/1/2021 11:54,20/1/2022 11:54,,
3595,2,51491,19/1/2021 13:03,22/7/2021 13:03,,
3596,3,11591,19/1/2021 14:06,20/1/2022 14:06,,
3597,2,29327,2/2/2021 13:43,5/8/2021 13:43,,
3599,2,15497,25/1/2021 13:47,28/7/2021 13:47,,
3602,3,70773,19/1/2021 16:00,20/1/2022 16:00,,
3605,3,42487,17/3/2021 09:43,18/3/2022 09:43,,
3606,3,44924,15/3/2021 11:27,16/3/2022 11:27,,
3609,2,44520,19/1/2021 18:45,22/7/2021 18:45,,
3610,2,16732,6/3/2021 09:04,6/9/2021 09:04,,
3612,3,79309,19/1/2021 19:52,20/1/2022 19:52,,
3613,2,38772,19/1/2021 19:55,22/7/2021 19:55,,
3615,2,38230,15/3/2021 19:57,15/9/2021 19:57,,
3616,2,16629,19/1/2021 20:36,22/7/2021 20:36,,
3619,2,23407,19/1/2021 22:25,22/7/2021 22:25,,
3623,2,53064,14/4/2021 18:26,15/10/2021 18:26,,
3628,3,50842,20/1/2021 14:32,21/1/2022 14:32,,
3629,3,81016,20/1/2021 14:33,21/1/2022 14:33,,
3633,2,45333,20/1/2021 19:16,23/7/2021 19:16,,
3634,2,9059,28/2/2021 15:33,31/8/2021 15:33,,
3638,2,15967,20/1/2021 20:12,23/7/2021 20:12,,
3639,2,23310,26/1/2021 18:07,29/7/2021 18:07,,
3642,3,57925,20/1/2021 21:16,21/1/2022 21:16,,
3644,2,62584,21/1/2021 10:12,24/7/2021 10:12,,
3645,3,36972,22/2/2021 09:56,23/2/2022 09:56,,
3646,2,9610,28/1/2021 19:41,31/7/2021 19:41,,
3648,3,7916,21/1/2021 11:01,22/1/2022 11:01,,
3652,2,84866,21/1/2021 14:04,24/7/2021 14:04,,
3654,2,38699,21/1/2021 14:27,24/7/2021 14:27,,
3655,2,16236,25/1/2021 20:56,28/7/2021 20:56,,
3656,2,74608,21/1/2021 15:57,24/7/2021 15:57,,
3657,3,16263,22/1/2021 14:57,23/1/2022 14:57,,
3659,3,22050,21/1/2021 16:56,22/1/2022 16:56,,
3666,3,39770,14/5/2021 14:25,15/5/2022 15:25,,
3669,3,39753,10/5/2021 18:38,11/5/2022 19:38,,
3670,2,64816,21/1/2021 21:26,24/7/2021 21:26,,
3673,2,76203,22/1/2021 09:45,25/7/2021 09:45,,
3675,3,26972,30/1/2021 12:36,31/1/2022 12:36,,
3676,3,21545,21/2/2021 17:43,22/2/2022 17:43,,
3679,2,38015,22/1/2021 11:12,25/7/2021 11:12,,
3681,3,21622,22/1/2021 11:57,23/1/2022 11:57,,
3684,3,10351,22/1/2021 14:34,23/1/2022 14:34,,
3686,3,50457,22/1/2021 15:06,23/1/2022 15:06,,
3692,2,19203,22/1/2021 18:01,25/7/2021 18:01,,
3697,3,47220,22/1/2021 19:33,23/1/2022 19:33,,
3698,3,10069,12/3/2021 12:44,13/3/2022 12:44,,
3706,3,54599,23/1/2021 10:41,24/1/2022 10:41,,
3707,3,13371,23/1/2021 10:44,24/1/2022 10:44,,
3708,2,84672,23/1/2021 13:25,26/7/2021 13:25,,
3710,3,56227,23/1/2021 14:04,24/1/2022 14:04,,
3711,2,41853,23/1/2021 15:14,26/7/2021 15:14,,
3714,2,29375,23/1/2021 16:11,26/7/2021 16:11,,
3719,2,20482,23/1/2021 18:49,26/7/2021 18:49,,
3721,2,24392,23/1/2021 19:16,26/7/2021 19:16,,
3726,2,39703,23/1/2021 22:25,26/7/2021 22:25,,
3728,2,47600,24/1/2021 12:01,27/7/2021 12:01,,
3729,2,11675,24/1/2021 12:34,27/7/2021 12:34,,
3730,3,22767,24/1/2021 12:54,25/1/2022 12:54,,
3733,3,9125,28/1/2021 15:10,29/1/2022 15:10,,
3734,2,39201,24/1/2021 16:57,27/7/2021 16:57,,
3735,2,56301,12/2/2021 11:46,15/8/2021 11:46,,
3736,3,23877,12/2/2021 13:09,13/2/2022 13:09,,
3737,3,35912,24/1/2021 22:01,25/1/2022 22:01,,
3738,2,13169,25/1/2021 08:02,28/7/2021 08:02,,
3754,2,51103,28/1/2021 17:04,31/7/2021 17:04,,
3755,2,31005,28/1/2021 19:36,31/7/2021 19:36,,
3758,2,60299,3/2/2021 20:00,6/8/2021 20:00,,
3759,2,20954,4/2/2021 14:03,7/8/2021 14:03,,
3760,3,36154,4/2/2021 18:25,5/2/2022 18:25,,
3761,2,10005,4/2/2021 19:01,7/8/2021 19:01,,
3763,2,48989,5/2/2021 18:26,8/8/2021 18:26,,
3766,2,36889,7/2/2021 19:04,10/8/2021 19:04,,
3767,3,40691,8/2/2021 09:05,9/2/2022 09:05,,
3768,2,9275,10/2/2021 11:31,13/8/2021 11:31,,
3769,2,68069,11/2/2021 21:28,14/8/2021 21:28,,
3771,3,11279,12/2/2021 20:18,13/2/2022 20:18,,
3773,2,26023,24/7/2021 15:51,24/1/2022 15:51,,
3783,2,62275,16/2/2021 11:09,19/8/2021 11:09,,
3785,2,77227,16/2/2021 11:40,19/8/2021 11:40,,
3788,3,11364,19/2/2021 09:14,20/2/2022 09:14,,
3795,3,64052,21/7/2021 16:14,22/7/2022 17:14,,
3796,2,25457,16/2/2021 19:52,19/8/2021 19:52,,
3797,2,28443,9/6/2021 14:51,10/12/2021 14:51,,
3798,2,81331,16/2/2021 19:58,19/8/2021 19:58,,
3800,2,54500,17/2/2021 10:06,20/8/2021 10:06,,
3802,2,15269,17/2/2021 10:43,20/8/2021 10:43,,
3807,2,87738,17/2/2021 12:36,20/8/2021 12:36,,
3810,3,78229,17/2/2021 15:34,18/2/2022 15:34,,
3814,3,10705,18/2/2021 21:31,19/2/2022 21:31,,
3816,2,9629,20/3/2021 07:49,20/9/2021 07:49,,
3817,3,21378,17/2/2021 18:57,18/2/2022 18:57,,
3819,2,43839,17/2/2021 20:30,20/8/2021 20:30,,
3820,3,27959,17/2/2021 22:14,18/2/2022 22:14,,
3822,3,41625,18/2/2021 09:07,19/2/2022 09:07,,
3826,3,29563,18/2/2021 11:21,19/2/2022 11:21,,
3829,3,43204,12/3/2021 19:56,13/3/2022 19:56,,
3830,3,10789,18/2/2021 14:25,19/2/2022 14:25,,
3833,3,11670,20/2/2021 10:23,21/2/2022 10:23,,
3836,2,8245,17/3/2021 13:00,17/9/2021 13:00,,
3838,3,22977,18/2/2021 19:42,19/2/2022 19:42,,
3839,3,7529,18/2/2021 19:56,19/2/2022 19:56,,
3840,3,26284,28/2/2021 11:53,1/3/2022 11:53,,
3841,2,29887,18/2/2021 20:12,21/8/2021 20:12,,
3847,2,10616,19/2/2021 13:13,22/8/2021 13:13,,
3850,2,25390,9/5/2021 21:29,9/11/2021 21:29,,
3855,2,87008,20/2/2021 09:09,23/8/2021 09:09,,
3858,2,13613,16/3/2021 19:53,16/9/2021 19:53,,
3860,3,8955,27/2/2021 17:55,28/2/2022 17:55,,
3864,2,27272,20/2/2021 20:55,23/8/2021 20:55,,
3866,2,17335,21/2/2021 10:03,24/8/2021 10:03,,
3868,2,31061,21/2/2021 10:53,24/8/2021 10:53,,
3870,2,11325,21/2/2021 11:51,24/8/2021 11:51,,
3875,2,28277,18/3/2021 07:55,18/9/2021 07:55,,
3880,2,52603,21/2/2021 17:00,24/8/2021 17:00,,
3882,2,24173,21/2/2021 17:56,24/8/2021 17:56,,
3884,3,63788,22/2/2021 08:59,23/2/2022 08:59,,
3886,2,15118,17/3/2021 23:33,17/9/2021 23:33,,
3887,3,47513,22/2/2021 10:26,23/2/2022 10:26,,
3888,2,15099,28/2/2021 09:49,31/8/2021 09:49,,
3889,3,89050,28/2/2021 13:56,1/3/2022 13:56,,
3890,2,34420,28/2/2021 16:45,31/8/2021 16:45,,
3894,2,41011,8/3/2021 08:51,8/9/2021 08:51,,
3895,2,38686,12/3/2021 09:00,12/9/2021 09:00,,
3897,3,9336,13/3/2021 20:45,14/3/2022 20:45,,
3899,2,9888,15/3/2021 10:21,15/9/2021 10:21,,
3900,2,31362,15/3/2021 10:35,15/9/2021 10:35,,
3902,3,21899,15/3/2021 17:11,16/3/2022 17:11,,
3903,3,11333,16/3/2021 10:37,17/3/2022 10:37,,
3904,3,62514,21/4/2021 07:56,22/4/2022 08:56,,
3910,3,39582,16/3/2021 16:28,17/3/2022 16:28,,
3911,2,27364,16/3/2021 17:09,16/9/2021 17:09,,
3915,3,88471,17/3/2021 09:11,18/3/2022 09:11,,
3920,3,47648,17/3/2021 10:01,18/3/2022 10:01,,
3923,3,66992,17/3/2021 11:04,18/3/2022 11:04,,
3925,3,47552,17/3/2021 11:39,18/3/2022 11:39,,
3926,3,37739,17/3/2021 12:20,18/3/2022 12:20,,
3927,3,40768,17/3/2021 12:25,18/3/2022 12:25,,
3928,3,45725,17/3/2021 12:36,18/3/2022 12:36,,
3929,2,86289,17/3/2021 12:57,17/9/2021 12:57,,
3930,3,29434,17/3/2021 12:58,18/3/2022 12:58,,
3934,3,75441,17/3/2021 14:41,18/3/2022 14:41,,
3940,3,41742,17/3/2021 17:24,18/3/2022 17:24,,
3941,3,9966,17/3/2021 18:55,18/3/2022 18:55,,
3945,3,9081,17/3/2021 20:43,18/3/2022 20:43,,
3947,3,71713,17/3/2021 20:44,18/3/2022 20:44,,
3949,2,83751,17/3/2021 21:51,17/9/2021 21:51,,
3951,2,68949,18/3/2021 09:52,18/9/2021 09:52,,
3952,3,22072,18/3/2021 09:52,19/3/2022 09:52,,
3953,2,46979,18/3/2021 11:32,18/9/2021 11:32,,
3954,2,19345,18/3/2021 11:37,18/9/2021 11:37,,
3955,2,73273,18/3/2021 13:13,18/9/2021 13:13,,
3960,2,64302,18/3/2021 16:47,18/9/2021 16:47,,
3961,2,64776,18/3/2021 17:37,18/9/2021 17:37,,
3962,3,52219,18/3/2021 17:59,19/3/2022 17:59,,
3964,2,72345,18/3/2021 19:09,18/9/2021 19:09,,
3965,3,8282,18/3/2021 19:53,19/3/2022 19:53,,
3970,3,40935,15/4/2021 08:51,16/4/2022 09:51,,
3973,3,10940,5/2/2023 13:36,6/2/2024 13:36,,
3974,3,50657,19/3/2021 11:07,20/3/2022 11:07,,
3985,3,49250,19/3/2021 16:29,20/3/2022 16:29,,
3986,3,10017,19/3/2021 18:17,20/3/2022 18:17,,
3989,3,16545,19/3/2021 19:15,20/3/2022 19:15,,
3993,2,18593,19/3/2021 21:47,19/9/2021 21:47,,
3996,2,49986,20/3/2021 08:40,20/9/2021 08:40,,
3999,2,59170,25/7/2021 12:38,25/1/2022 12:38,,
4001,3,30015,29/4/2021 10:42,30/4/2022 11:42,,
4003,3,7544,20/3/2021 12:56,21/3/2022 12:56,,
4014,2,7801,20/3/2021 20:59,20/9/2021 20:59,,
4019,2,36319,21/3/2021 11:24,21/9/2021 11:24,,
4020,2,75862,21/3/2021 12:58,21/9/2021 12:58,,
4021,2,8821,21/3/2021 13:40,21/9/2021 13:40,,
4022,3,41126,21/3/2021 15:21,22/3/2022 15:21,,
4025,3,7545,21/3/2021 18:31,22/3/2022 18:31,,
4026,2,19486,26/3/2021 19:09,26/9/2021 19:09,,
4030,2,45582,11/5/2021 16:25,11/11/2021 16:25,,
4032,3,44213,15/8/2021 21:07,16/8/2022 22:07,,
4034,3,58022,17/4/2021 11:20,18/4/2022 12:20,,
4039,2,82557,22/3/2021 19:03,22/9/2021 19:03,,
4042,2,27287,24/3/2021 17:43,24/9/2021 17:43,,
4043,2,54933,24/3/2021 20:05,24/9/2021 20:05,,
4044,3,86942,25/3/2021 13:08,26/3/2022 13:08,,
4049,3,58524,30/3/2021 14:52,31/3/2022 15:52,,
4050,3,9277,31/3/2021 14:29,1/4/2022 15:29,,
4051,2,74606,1/4/2021 15:49,2/10/2021 15:49,,
4056,2,28620,10/4/2021 07:35,11/10/2021 07:35,,
4057,2,92905,10/4/2021 18:35,11/10/2021 18:35,,
4058,2,83330,14/4/2021 10:13,15/10/2021 10:13,,
4059,2,9505,10/5/2021 13:48,10/11/2021 13:48,,
4060,3,17160,11/5/2021 12:06,12/5/2022 13:06,,
4061,2,39633,15/4/2021 13:34,16/10/2021 13:34,,
4063,2,27831,15/4/2021 17:11,16/10/2021 17:11,,
4067,3,42154,15/4/2021 19:13,16/4/2022 20:13,,
4069,3,66444,15/4/2021 19:37,16/4/2022 20:37,,
4072,3,9168,17/6/2021 17:55,18/6/2022 18:55,,
4076,2,52703,16/4/2021 10:12,17/10/2021 10:12,,
4077,2,9345,16/4/2021 10:16,17/10/2021 10:16,,
4078,2,8670,16/4/2021 10:26,17/10/2021 10:26,,
4079,2,73861,16/4/2021 10:27,17/10/2021 10:27,,
4081,3,66487,16/4/2021 11:53,17/4/2022 12:53,,
4086,2,54841,17/4/2021 10:22,18/10/2021 10:22,,
4088,3,28718,20/4/2021 17:29,21/4/2022 18:29,,
4089,2,46663,16/4/2021 19:48,17/10/2021 19:48,,
4090,2,20311,16/4/2021 20:53,17/10/2021 20:53,,
4092,3,28732,17/4/2021 08:53,18/4/2022 09:53,,
4093,3,48444,17/4/2021 08:55,18/4/2022 09:55,,
4094,2,28637,17/4/2021 09:37,18/10/2021 09:37,,
4095,3,57834,17/4/2021 10:54,18/4/2022 11:54,,
4096,2,64399,17/4/2021 11:02,18/10/2021 11:02,,
4101,3,43085,17/4/2021 15:41,18/4/2022 16:41,,
4106,3,74922,17/4/2021 19:27,18/4/2022 20:27,,
4109,3,57230,18/4/2021 09:48,19/4/2022 10:48,,
4112,2,90224,18/4/2021 11:11,19/10/2021 11:11,,
4114,2,81446,18/4/2021 14:02,19/10/2021 14:02,,
4119,3,43704,18/4/2021 19:38,19/4/2022 20:38,,
4120,2,29953,18/6/2021 21:18,19/12/2021 21:18,,
4123,3,39165,14/5/2021 14:25,15/5/2022 15:25,,
4125,3,58443,19/4/2021 10:37,20/4/2022 11:37,,
4127,3,45748,19/4/2021 12:11,20/4/2022 13:11,,
4130,2,16784,19/4/2021 14:23,20/10/2021 14:23,,
4131,2,66678,19/4/2021 14:46,20/10/2021 14:46,,
4132,3,55889,10/5/2021 18:36,11/5/2022 19:36,,
4133,2,33465,19/4/2021 16:20,20/10/2021 16:20,,
4136,2,65077,19/4/2021 19:45,20/10/2021 19:45,,
4141,2,52292,20/4/2021 10:32,21/10/2021 10:32,,
4142,2,25586,20/4/2021 10:48,21/10/2021 10:48,,
4149,3,16519,8/5/2021 14:48,9/5/2022 15:48,,
4150,3,7804,20/4/2021 18:26,21/4/2022 19:26,,
4154,2,33327,21/4/2021 10:48,22/10/2021 10:48,,
4163,3,59635,6/5/2021 08:11,7/5/2022 09:11,,
4165,3,30213,8/5/2021 18:31,9/5/2022 19:31,,
4168,2,66386,27/4/2021 13:53,28/10/2021 13:53,,
4169,2,9312,2/5/2021 13:20,2/11/2021 13:20,,
4175,3,38439,5/5/2021 13:27,6/5/2022 14:27,,
4177,2,56349,7/5/2021 09:02,7/11/2021 09:02,,
4178,3,19833,8/5/2021 18:24,9/5/2022 19:24,,
4179,2,69766,9/5/2021 09:02,9/11/2021 09:02,,
4180,3,94572,9/5/2021 11:05,10/5/2022 12:05,,
4183,2,82736,12/5/2021 20:41,12/11/2021 20:41,,
4184,3,20517,13/5/2021 14:44,14/5/2022 15:44,,
4186,3,51491,22/7/2021 13:03,23/7/2022 14:03,,
4188,2,30194,25/5/2021 07:14,25/11/2021 07:14,,
4189,3,8359,13/5/2021 19:01,14/5/2022 20:01,,
4190,3,41357,13/5/2021 19:52,14/5/2022 20:52,,
4193,2,16732,6/9/2021 09:04,9/3/2022 09:04,,
4194,3,18263,23/7/2021 10:17,24/7/2022 11:17,,
4199,3,19888,13/8/2021 15:42,14/8/2022 16:42,,
4200,3,41612,15/5/2021 11:05,16/5/2022 12:05,,
4201,2,49072,7/11/2021 08:01,10/5/2022 09:01,,
4203,3,44214,15/5/2021 17:51,16/5/2022 18:51,,
4205,3,49505,16/5/2021 10:14,17/5/2022 11:14,,
4208,2,24678,16/5/2021 18:06,16/11/2021 18:06,,
4209,2,44660,16/5/2021 18:11,16/11/2021 18:11,,
4210,3,9131,16/5/2021 19:14,17/5/2022 20:14,,
4215,3,88110,17/5/2021 20:04,18/5/2022 21:04,,
4217,3,51366,10/6/2021 20:49,11/6/2022 21:49,,
4218,3,96602,18/5/2021 13:05,19/5/2022 14:05,,
4220,2,71667,29/5/2021 15:53,29/11/2021 15:53,,
4224,3,55126,19/5/2021 07:52,20/5/2022 08:52,,
4225,3,8127,12/6/2021 10:14,13/6/2022 11:14,,
4228,2,81178,19/5/2021 19:39,19/11/2021 19:39,,
4229,2,34126,21/5/2021 09:12,21/11/2021 09:12,,
4230,2,33572,23/5/2021 10:48,23/11/2021 10:48,,
4231,3,42098,26/5/2021 19:17,27/5/2022 20:17,,
4235,2,11709,1/6/2021 13:19,2/12/2021 13:19,,
4237,3,16159,2/6/2021 10:24,3/6/2022 11:24,,
4238,3,34635,3/6/2021 14:58,4/6/2022 15:58,,
4239,2,71614,3/6/2021 18:39,4/12/2021 18:39,,
4240,2,19115,4/6/2021 18:32,5/12/2021 18:32,,
4241,2,85209,5/6/2021 20:54,6/12/2021 20:54,,
4244,3,27604,10/6/2021 15:51,11/6/2022 16:51,,
4251,3,97046,29/6/2021 07:49,30/6/2022 08:49,,
4252,3,54054,29/6/2021 15:29,30/6/2022 16:29,,
4253,2,7819,29/6/2021 17:41,30/12/2021 17:41,,
4254,3,26023,24/1/2022 15:51,25/1/2023 15:51,,
4256,2,57815,30/6/2021 13:41,31/12/2021 13:41,,
4257,3,7939,22/7/2021 05:47,23/7/2022 06:47,,
4258,2,44038,30/6/2021 15:18,31/12/2021 15:18,,
4262,2,40811,16/9/2021 11:50,19/3/2022 11:50,,
4267,2,11610,1/7/2021 09:51,1/1/2022 09:51,,
4269,3,46670,1/7/2021 11:35,2/7/2022 12:35,,
4271,3,83358,1/7/2021 12:30,2/7/2022 13:30,,
4272,3,46451,1/7/2021 13:08,2/7/2022 14:08,,
4276,2,64816,24/7/2021 21:26,24/1/2022 21:26,,
4277,3,19719,1/7/2021 16:17,2/7/2022 17:17,,
4283,2,7589,1/7/2021 18:51,1/1/2022 18:51,,
4284,2,26595,1/7/2021 19:14,1/1/2022 19:14,,
4286,3,10583,15/8/2021 05:23,16/8/2022 06:23,,
4287,3,69937,2/7/2021 07:49,3/7/2022 08:49,,
4289,3,70343,2/7/2021 08:36,3/7/2022 09:36,,
4293,3,36652,2/7/2021 10:23,3/7/2022 11:23,,
4295,3,9500,2/7/2021 12:00,3/7/2022 13:00,,
4298,2,23407,22/7/2021 22:25,22/1/2022 22:25,,
4299,2,38699,24/7/2021 14:27,24/1/2022 14:27,,
4303,3,19456,2/7/2021 20:34,3/7/2022 21:34,,
4304,2,38230,15/9/2021 19:57,18/3/2022 19:57,,
4306,3,24060,3/7/2021 07:29,4/7/2022 08:29,,
4307,3,8454,3/7/2021 07:31,4/7/2022 08:31,,
4308,3,95845,3/7/2021 07:57,4/7/2022 08:57,,
4317,2,13169,28/7/2021 08:02,28/1/2022 08:02,,
4318,3,81610,3/7/2021 15:35,4/7/2022 16:35,,
4320,2,86384,4/7/2021 08:59,4/1/2022 08:59,,
4323,2,46696,4/7/2021 14:20,4/1/2022 14:20,,
4324,3,61555,4/7/2021 17:28,5/7/2022 18:28,,
4327,2,62584,24/7/2021 10:12,24/1/2022 10:12,,
4330,3,32261,5/7/2021 13:10,6/7/2022 14:10,,
4334,3,43267,23/7/2021 12:00,24/7/2022 13:00,,
4335,3,30426,15/8/2021 15:04,16/8/2022 16:04,,
4336,2,18546,22/7/2021 11:33,22/1/2022 11:33,,
4338,2,29657,5/7/2021 18:51,5/1/2022 18:51,,
4341,3,10625,13/8/2021 07:46,14/8/2022 08:46,,
4343,2,74608,24/7/2021 15:57,24/1/2022 15:57,,
4346,2,22412,6/7/2021 18:16,6/1/2022 18:16,,
4348,3,59729,6/7/2021 20:00,7/7/2022 21:00,,
4354,3,36534,7/7/2021 19:10,8/7/2022 20:10,,
4355,2,32959,7/7/2021 20:09,7/1/2022 20:09,,
4358,3,41011,8/9/2021 08:51,9/9/2022 09:51,,
4359,2,15633,8/7/2021 18:22,8/1/2022 18:22,,
4361,2,25390,9/11/2021 21:29,12/5/2022 22:29,,
4363,3,34827,8/7/2021 20:46,9/7/2022 21:46,,
4365,2,9236,9/7/2021 10:09,9/1/2022 10:09,,
4368,2,20365,13/7/2021 19:45,13/1/2022 19:45,,
4369,2,23787,17/7/2021 08:18,17/1/2022 08:18,,
4371,2,29598,19/7/2021 08:18,19/1/2022 08:18,,
4373,2,69838,20/7/2021 07:14,20/1/2022 07:14,,
4375,3,60420,25/7/2021 13:19,26/7/2022 14:19,,
4376,2,35301,26/7/2021 07:59,26/1/2022 07:59,,
4377,2,59291,27/7/2021 13:05,27/1/2022 13:05,,
4378,3,24392,28/7/2021 07:22,29/7/2022 08:22,,
4383,2,44520,29/7/2021 07:02,29/1/2022 07:02,,
4384,2,84672,29/7/2021 07:30,29/1/2022 07:30,,
4385,3,59524,14/8/2021 12:15,15/8/2022 13:15,,
4390,3,26233,16/8/2021 15:42,17/8/2022 16:42,,
4392,2,39201,30/7/2021 08:09,30/1/2022 08:09,,
4398,2,28277,18/9/2021 07:55,21/3/2022 07:55,,
4399,2,23310,30/7/2021 19:25,30/1/2022 19:25,,
4400,2,100324,30/7/2021 19:48,30/1/2022 19:48,,
4401,2,87644,30/7/2021 20:51,30/1/2022 20:51,,
4402,2,73273,18/9/2021 13:13,21/3/2022 13:13,,
4405,2,20162,31/7/2021 14:03,31/1/2022 14:03,,
4409,2,48584,1/8/2021 14:25,1/2/2022 14:25,,
4410,3,17721,1/8/2021 15:21,2/8/2022 16:21,,
4413,3,49211,1/8/2021 17:59,2/8/2022 18:59,,
4414,3,36005,2/8/2021 09:52,3/8/2022 10:52,,
4415,3,41853,2/8/2021 10:21,3/8/2022 11:21,,
4416,3,73488,2/8/2021 12:00,3/8/2022 13:00,,
4424,2,37049,6/8/2021 15:25,6/2/2022 15:25,,
4426,2,38015,11/8/2021 19:48,11/2/2022 19:48,,
4427,2,10005,12/8/2021 20:13,12/2/2022 20:13,,
4428,2,47600,14/8/2021 09:13,14/2/2022 09:13,,
4429,3,35924,16/8/2021 14:32,17/8/2022 15:32,,
4430,2,62972,16/8/2021 14:59,16/2/2022 14:59,,
4431,2,29762,17/8/2021 11:38,17/2/2022 11:38,,
4432,2,100891,18/8/2021 07:02,18/2/2022 07:02,,
4433,3,59342,19/8/2021 09:27,20/8/2022 10:27,,
4435,2,87738,20/8/2021 12:36,20/2/2022 12:36,,
4438,2,10616,26/8/2021 11:30,26/2/2022 11:30,,
4440,2,29549,30/8/2021 19:29,2/3/2022 19:29,,
4441,3,11429,31/8/2021 11:01,1/9/2022 12:01,,
4443,2,28656,31/8/2021 14:02,3/3/2022 14:02,,
4447,3,73057,31/8/2021 17:06,1/9/2022 18:06,,
4449,3,24186,31/8/2021 17:37,1/9/2022 18:37,,
4450,3,36990,31/8/2021 17:51,1/9/2022 18:51,,
4451,3,62602,31/8/2021 18:19,1/9/2022 19:19,,
4452,3,9396,31/8/2021 18:44,1/9/2022 19:44,,
4453,2,60759,31/8/2021 18:53,3/3/2022 18:53,,
4454,3,71590,31/8/2021 18:54,1/9/2022 19:54,,
4456,3,29327,31/8/2021 20:19,1/9/2022 21:19,,
4458,2,61365,19/9/2021 08:12,22/3/2022 08:12,,
4462,2,31061,1/9/2021 10:15,4/3/2022 10:15,,
4463,3,38162,1/9/2021 12:08,2/9/2022 13:08,,
4468,3,9406,1/9/2021 19:55,2/9/2022 20:55,,
4469,2,72858,2/9/2021 07:35,5/3/2022 07:35,,
4470,3,9147,2/9/2021 08:18,3/9/2022 09:18,,
4472,3,50117,2/9/2021 09:54,3/9/2022 10:54,,
4473,2,83330,15/10/2021 10:13,17/4/2022 11:13,,
4474,2,42235,2/9/2021 10:29,5/3/2022 10:29,,
4475,3,29360,2/9/2021 11:06,3/9/2022 12:06,,
4477,2,18825,2/9/2021 15:00,5/3/2022 15:00,,
4478,2,22372,2/9/2021 16:21,5/3/2022 16:21,,
4480,2,26442,2/9/2021 18:31,5/3/2022 18:31,,
4482,2,24173,3/9/2021 09:18,6/3/2022 09:18,,
4485,3,77227,3/9/2021 19:35,4/9/2022 20:35,,
4491,3,24064,5/9/2021 09:04,6/9/2022 10:04,,
4492,2,15269,5/9/2021 09:21,8/3/2022 09:21,,
4493,2,17335,5/9/2021 09:24,8/3/2022 09:24,,
4500,2,88471,18/3/2022 09:11,18/9/2022 10:11,,
4501,2,9505,10/11/2021 13:48,13/5/2022 14:48,,
4507,2,52603,6/9/2021 08:51,9/3/2022 08:51,,
4511,2,9629,20/9/2021 07:49,23/3/2022 07:49,,
4513,3,9610,6/9/2021 14:25,7/9/2022 15:25,,
4514,3,44924,16/3/2022 11:27,17/3/2023 11:27,,
4517,3,43668,7/9/2021 14:32,8/9/2022 15:32,,
4518,3,44213,16/8/2022 22:07,17/8/2023 22:07,,
4519,3,8562,11/9/2021 19:30,12/9/2022 20:30,,
4520,2,96574,12/9/2021 13:41,15/3/2022 13:41,,
4524,2,8368,17/9/2021 11:54,20/3/2022 11:54,,
4525,2,38686,18/9/2021 10:34,21/3/2022 10:34,,
4532,2,19486,29/9/2021 12:48,1/4/2022 13:48,,
4535,2,73047,3/10/2021 12:16,5/4/2022 13:16,,
4536,3,104761,5/10/2021 14:17,6/10/2022 15:17,,
4541,3,43132,9/10/2021 17:20,10/10/2022 18:20,,
4545,3,105486,12/10/2021 20:02,13/10/2022 21:02,,
4546,3,106076,15/10/2021 12:21,16/10/2022 13:21,,
4547,3,46325,16/10/2021 15:08,17/10/2022 16:08,,
4550,2,82557,21/10/2021 11:44,23/4/2022 12:44,,
4551,2,8245,21/10/2021 11:52,23/4/2022 12:52,,
4552,3,48323,12/12/2021 18:05,13/12/2022 18:05,,
4553,2,9888,21/10/2021 13:42,23/4/2022 14:42,,
4554,3,10940,6/2/2024 13:36,6/2/2025 13:36,,
4557,3,22621,10/11/2021 20:18,11/11/2022 20:18,,
4558,3,86217,21/10/2021 16:11,22/10/2022 17:11,,
4559,2,8670,21/10/2021 16:20,23/4/2022 17:20,,
4560,3,83751,21/10/2021 17:03,22/10/2022 18:03,,
4561,2,20311,21/10/2021 17:04,23/4/2022 18:04,,
4566,3,77236,21/10/2021 18:35,22/10/2022 19:35,,
4568,3,43675,21/10/2021 18:43,22/10/2022 19:43,,
4571,3,13430,25/1/2022 09:13,26/1/2023 09:13,,
4572,3,9103,24/1/2022 20:17,25/1/2023 20:17,,
4573,2,64399,21/10/2021 19:15,23/4/2022 20:15,,
4574,2,7801,21/10/2021 19:37,23/4/2022 20:37,,
4576,3,68949,21/10/2021 20:19,22/10/2022 21:19,,
4578,3,8884,22/10/2021 07:43,23/10/2022 08:43,,
4583,3,45855,22/11/2021 15:48,23/11/2022 15:48,,
4585,3,7661,16/11/2021 09:48,17/11/2022 09:48,,
4587,3,35472,22/10/2021 12:40,23/10/2022 13:40,,
4590,3,18612,22/10/2021 15:55,23/10/2022 16:55,,
4591,3,97749,22/10/2021 16:00,23/10/2022 17:00,,
4595,2,33327,22/10/2021 17:06,24/4/2022 18:06,,
4596,3,10069,13/3/2022 12:44,14/3/2023 12:44,,
4598,3,44363,22/10/2021 17:51,23/10/2022 18:51,,
4605,3,15118,23/10/2021 08:32,24/10/2022 09:32,,
4606,3,41541,22/12/2021 13:05,23/12/2022 13:05,,
4607,3,56005,28/10/2021 10:23,29/10/2022 11:23,,
4609,2,54841,23/10/2021 11:39,25/4/2022 12:39,,
4610,3,46819,23/10/2021 13:52,24/10/2022 14:52,,
4611,3,90224,23/10/2021 15:07,24/10/2022 16:07,,
4613,3,45582,11/11/2021 16:25,12/11/2022 16:25,,
4615,3,8822,23/10/2021 16:58,24/10/2022 17:58,,
4616,2,27831,23/10/2021 17:16,25/4/2022 18:16,,
4618,2,60299,23/10/2021 18:37,25/4/2022 19:37,,
4625,3,11364,20/2/2022 09:14,21/2/2023 09:14,,
4629,3,27272,24/10/2021 13:27,25/10/2022 14:27,,
4630,3,53064,24/10/2021 17:49,25/10/2022 18:49,,
4633,2,52292,24/10/2021 19:42,26/4/2022 20:42,,
4636,2,31362,24/10/2021 22:02,26/4/2022 23:02,,
4637,2,9059,25/10/2021 07:53,27/4/2022 08:53,,
4638,2,10772,25/10/2021 09:29,27/4/2022 10:29,,
4639,2,25586,25/10/2021 10:12,27/4/2022 11:12,,
4641,3,28443,10/12/2021 14:51,11/12/2022 14:51,,
4644,3,32213,25/10/2021 18:39,26/10/2022 19:39,,
4646,2,40910,25/10/2021 20:04,27/4/2022 21:04,,
4647,3,21752,25/10/2021 20:07,26/10/2022 21:07,,
4649,2,46953,25/10/2021 20:14,27/4/2022 21:14,,
4650,2,46979,25/10/2021 20:35,27/4/2022 21:35,,
4651,3,10017,20/3/2022 18:17,21/3/2023 18:17,,
4654,2,64302,26/10/2021 09:06,28/4/2022 10:06,,
4655,3,25457,26/10/2021 09:56,27/10/2022 10:56,,
4660,3,39633,26/10/2021 13:33,27/10/2022 14:33,,
4661,2,66678,26/10/2021 13:56,28/4/2022 14:56,,
4663,3,101972,26/10/2021 14:41,27/10/2022 15:41,,
4666,2,7819,30/12/2021 17:41,2/7/2022 18:41,,
4673,2,83974,26/10/2021 18:30,28/4/2022 19:30,,
4674,2,19203,26/10/2021 18:38,28/4/2022 19:38,,
4677,3,71667,29/11/2021 15:53,30/11/2022 15:53,,
4678,2,64776,27/10/2021 07:23,29/4/2022 08:23,,
4682,3,56986,13/12/2021 13:22,14/12/2022 13:22,,
4684,3,28637,27/10/2021 09:17,28/10/2022 10:17,,
4686,3,94328,27/10/2021 09:48,28/10/2022 10:48,,
4687,3,7945,16/11/2021 15:23,17/11/2022 15:23,,
4690,2,28532,27/10/2021 11:34,29/4/2022 12:34,,
4691,3,91472,27/10/2021 13:28,28/10/2022 14:28,,
4692,3,67014,27/10/2021 13:51,28/10/2022 14:51,,
4695,2,81446,27/10/2021 15:53,29/4/2022 16:53,,
4701,3,45203,27/10/2021 18:50,28/10/2022 19:50,,
4702,2,14260,27/10/2021 19:37,29/4/2022 20:37,,
4703,2,25390,12/5/2022 22:29,12/11/2022 21:29,,
4704,2,18593,27/10/2021 19:51,29/4/2022 20:51,,
4709,2,86289,28/10/2021 09:29,30/4/2022 10:29,,
4712,3,100238,28/10/2021 11:15,29/10/2022 12:15,,
4713,2,103979,29/10/2021 20:53,1/5/2022 21:53,,
4717,2,66386,1/11/2021 18:49,4/5/2022 19:49,,
4718,2,9312,4/11/2021 21:11,7/5/2022 22:11,,
4719,3,68786,7/11/2021 15:58,8/11/2022 15:58,,
4723,2,57564,8/11/2021 18:04,11/5/2022 19:04,,
4724,3,55947,10/11/2021 11:24,11/11/2022 11:24,,
4725,3,107452,12/11/2021 20:30,13/11/2022 20:30,,
4726,2,69766,13/11/2021 10:00,16/5/2022 11:00,,
4730,3,74488,16/11/2021 09:50,17/11/2022 09:50,,
4735,2,44660,18/11/2021 17:34,21/5/2022 18:34,,
4739,2,44169,18/11/2021 21:59,21/5/2022 22:59,,
4740,2,11675,18/11/2021 22:02,21/5/2022 23:02,,
4741,3,22079,19/11/2021 08:30,20/11/2022 08:30,,
4742,2,21571,19/11/2021 09:07,22/5/2022 10:07,,
4743,3,58753,19/11/2021 10:30,20/11/2022 10:30,,
4746,2,71540,19/11/2021 14:00,22/5/2022 15:00,,
4747,3,45326,19/11/2021 14:33,20/11/2022 14:33,,
4748,3,71614,4/12/2021 18:39,5/12/2022 18:39,,
4750,2,10976,19/11/2021 17:35,22/5/2022 18:35,,
4751,3,47734,19/11/2021 18:02,20/11/2022 18:02,,
4756,2,13613,20/11/2021 08:40,23/5/2022 09:40,,
4760,2,97027,20/11/2021 09:32,23/5/2022 10:32,,
4763,2,52703,20/11/2021 10:31,23/5/2022 11:31,,
4764,2,110044,20/11/2021 13:12,23/5/2022 14:12,,
4767,3,69661,20/11/2021 15:32,21/11/2022 15:32,,
4770,3,58723,20/11/2021 19:06,21/11/2022 19:06,,
4771,2,38772,20/11/2021 19:11,23/5/2022 20:11,,
4774,2,110578,20/11/2021 20:55,23/5/2022 21:55,,
4775,3,30194,25/11/2021 07:14,26/11/2022 07:14,,
4778,3,66910,21/11/2021 15:42,22/11/2022 15:42,,
4781,3,36477,22/11/2021 10:04,23/11/2022 10:04,,
4782,3,76222,22/11/2021 10:20,23/11/2022 10:20,,
4787,3,22506,22/2/2022 18:42,23/2/2023 18:42,,
4797,2,28620,23/11/2021 11:28,26/5/2022 12:28,,
4802,3,11279,13/2/2022 20:18,14/2/2023 20:18,,
4805,3,45156,24/12/2021 19:21,25/12/2022 19:21,,
4806,2,109375,24/11/2021 16:42,27/5/2022 17:42,,
4807,2,18546,22/1/2022 11:33,25/7/2022 12:33,,
4812,3,16784,24/11/2021 20:33,25/11/2022 20:33,,
4813,3,42524,25/11/2021 09:42,26/11/2022 09:42,,
4815,3,52243,25/11/2021 10:37,26/11/2022 10:37,,
4816,3,33572,25/11/2021 10:39,26/11/2022 10:39,,
4820,2,27287,3/12/2021 17:18,5/6/2022 18:18,,
4821,2,44571,5/12/2021 10:40,7/6/2022 11:40,,
4822,2,62659,5/12/2021 19:38,7/6/2022 20:38,,
4824,2,19115,7/12/2021 19:59,9/6/2022 20:59,,
4832,2,81178,16/12/2021 16:29,18/6/2022 17:29,,
4833,3,64105,17/2/2022 17:46,18/2/2023 17:46,,
4835,3,72915,16/12/2021 18:40,17/12/2022 18:40,,
4836,3,28081,13/1/2022 20:36,14/1/2023 20:36,,
4837,3,44418,16/12/2021 20:27,17/12/2022 20:27,,
4840,2,85209,17/12/2021 11:21,19/6/2022 12:21,,
4841,3,70773,20/1/2022 16:00,21/1/2023 16:00,,
4843,2,22977,19/2/2022 19:42,22/8/2022 20:42,,
4846,2,29109,17/12/2021 20:16,19/6/2022 21:16,,
4847,3,28827,17/12/2021 20:57,18/12/2022 20:57,,
4848,2,19345,17/12/2021 21:49,19/6/2022 22:49,,
4853,3,46005,18/12/2021 16:10,19/12/2022 16:10,,
4862,3,57815,31/12/2021 13:41,1/1/2023 13:41,,
4867,2,52845,20/12/2021 08:32,22/6/2022 09:32,,
4868,2,106967,20/12/2021 09:32,22/6/2022 10:32,,
4871,3,12560,21/12/2021 18:04,22/12/2022 18:04,,
4872,2,34883,21/12/2021 21:14,23/6/2022 22:14,,
4875,3,47648,18/3/2022 10:01,19/3/2023 10:01,,
4876,2,29953,22/12/2021 15:17,24/6/2022 16:17,,
4879,2,23407,22/1/2022 22:25,25/7/2022 23:25,,
4881,3,16263,23/1/2022 14:57,24/1/2023 14:57,,
4882,3,36972,23/2/2022 09:56,24/2/2023 09:56,,
4883,3,61705,20/1/2022 08:45,21/1/2023 08:45,,
4887,3,54390,28/12/2021 17:33,29/12/2022 17:33,,
4888,2,59328,29/12/2021 15:24,1/7/2022 16:24,,
4890,2,70152,4/1/2022 11:00,7/7/2022 12:00,,
4893,3,32959,7/1/2022 20:09,8/1/2023 20:09,,
4895,3,15449,8/1/2022 14:03,9/1/2023 14:03,,
4896,2,29657,9/1/2022 12:40,12/7/2022 13:40,,
4897,2,86384,11/1/2022 18:44,14/7/2022 19:44,,
4898,2,87644,30/1/2022 20:51,2/8/2022 21:51,,
4899,2,40811,19/3/2022 11:50,19/9/2022 12:50,,
4900,3,23466,13/1/2022 13:37,14/1/2023 13:37,,
4901,3,47220,23/1/2022 19:33,24/1/2023 19:33,,
4903,3,26972,31/1/2022 12:36,1/2/2023 12:36,,
4905,3,13371,24/1/2022 10:44,25/1/2023 10:44,,
4906,3,29960,20/1/2022 18:50,21/1/2023 18:50,,
4907,2,38230,18/3/2022 19:57,18/9/2022 20:57,,
4909,2,44277,13/1/2022 22:54,16/7/2022 23:54,,
4910,3,43204,13/3/2022 19:56,14/3/2023 19:56,,
4913,2,20162,31/1/2022 14:03,3/8/2022 15:03,,
4914,3,10351,23/1/2022 14:34,24/1/2023 14:34,,
4915,3,18263,24/7/2022 11:17,25/7/2023 11:17,,
4916,3,20365,14/1/2022 13:59,15/1/2023 13:59,,
4917,3,9125,29/1/2022 15:10,30/1/2023 15:10,,
4918,3,59930,14/1/2022 18:51,15/1/2023 18:51,,
4919,3,67556,14/1/2022 19:38,15/1/2023 19:38,,
4920,3,41518,14/1/2022 19:46,15/1/2023 19:46,,
4924,3,26023,25/1/2023 15:51,26/1/2024 15:51,,
4925,2,23877,13/2/2022 13:09,16/8/2022 14:09,,
4926,3,49501,15/1/2022 11:59,16/1/2023 11:59,,
4928,3,23969,15/1/2022 16:00,16/1/2023 16:00,,
4931,2,59729,7/7/2022 21:00,7/1/2023 20:00,,
4934,3,24273,10/4/2022 19:48,11/4/2023 19:48,,
4938,2,48982,16/1/2022 11:06,19/7/2022 12:06,,
4942,3,38439,6/5/2022 14:27,7/5/2023 14:27,,
4945,2,15633,16/1/2022 14:37,19/7/2022 15:37,,
4947,3,22050,22/1/2022 16:56,23/1/2023 16:56,,
4948,3,60663,19/1/2022 13:19,20/1/2023 13:19,,
4950,3,8275,16/1/2022 17:43,17/1/2023 17:43,,
4951,3,120121,16/1/2022 18:00,17/1/2023 18:00,,
4954,3,49072,10/5/2022 09:01,11/5/2023 09:01,,
4955,3,79749,17/1/2022 10:08,18/1/2023 10:08,,
4956,2,29218,26/1/2022 20:42,29/7/2022 21:42,,
4960,3,35912,25/1/2022 22:01,26/1/2023 22:01,,
4962,2,74608,24/1/2022 15:57,27/7/2022 16:57,,
4963,3,70090,17/1/2022 19:02,18/1/2023 19:02,,
4964,3,24060,4/7/2022 08:29,5/7/2023 08:29,,
4965,3,67992,20/1/2022 11:54,21/1/2023 11:54,,
4966,2,64816,24/1/2022 21:26,27/7/2022 22:26,,
4970,3,21622,23/1/2022 11:57,24/1/2023 11:57,,
4973,2,38699,24/1/2022 14:27,27/7/2022 15:27,,
4975,2,82031,18/1/2022 12:32,21/7/2022 13:32,,
4977,3,81016,21/1/2022 14:33,22/1/2023 14:33,,
4983,3,11591,20/1/2022 14:06,21/1/2023 14:06,,
4984,2,52949,19/1/2022 12:14,22/7/2022 13:14,,
4987,2,23787,21/1/2022 08:52,24/7/2022 09:52,,
4988,2,69838,24/1/2022 16:43,27/7/2022 17:43,,
4989,3,8506,24/1/2022 18:04,25/1/2023 18:04,,
4990,2,29598,25/1/2022 09:07,28/7/2022 10:07,,
4991,2,62584,25/1/2022 18:02,28/7/2022 19:02,,
4992,3,50457,27/1/2022 15:14,28/1/2023 15:14,,
4993,2,59170,27/1/2022 17:07,30/7/2022 18:07,,
4995,3,35301,27/1/2022 20:27,28/1/2023 20:27,,
4996,3,125538,28/1/2022 20:32,29/1/2023 20:32,,
4997,3,84672,30/1/2022 09:43,31/1/2023 09:43,,
4999,3,40813,30/1/2022 18:42,31/1/2023 18:42,,
5000,3,46259,30/1/2022 20:32,31/1/2023 20:32,,
5001,2,61216,31/1/2022 10:06,3/8/2022 11:06,,
5002,2,59291,31/1/2022 12:27,3/8/2022 13:27,,
5008,2,36154,7/2/2022 12:51,10/8/2022 13:51,,
5011,2,37049,9/2/2022 14:51,12/8/2022 15:51,,
5012,3,20089,9/2/2022 16:50,10/2/2023 16:50,,
5013,3,40691,9/2/2022 18:44,10/2/2023 18:44,,
5014,2,100324,9/2/2022 22:32,12/8/2022 23:32,,
5015,2,34126,10/2/2022 09:07,13/8/2022 10:07,,
5016,2,16732,9/3/2022 09:04,9/9/2022 10:04,,
5018,3,21378,18/2/2022 18:57,19/2/2023 18:57,,
5020,2,9236,10/2/2022 15:38,13/8/2022 16:38,,
5021,2,13169,10/2/2022 16:31,13/8/2022 17:31,,
5023,2,35883,10/2/2022 17:11,13/8/2022 18:11,,
5024,2,16632,10/2/2022 18:21,13/8/2022 19:21,,
5030,3,8955,28/2/2022 17:55,1/3/2023 17:55,,
5032,3,10705,19/2/2022 21:31,20/2/2023 21:31,,
5035,3,7529,19/2/2022 19:56,20/2/2023 19:56,,
5037,2,10005,12/2/2022 20:13,15/8/2022 21:13,,
5038,2,87738,20/2/2022 12:36,23/8/2022 13:36,,
5040,2,61365,22/3/2022 08:12,22/9/2022 09:12,,
5041,2,72901,13/2/2022 08:17,16/8/2022 09:17,,
5042,3,49250,20/3/2022 16:29,21/3/2023 16:29,,
5043,3,48584,13/2/2022 10:01,14/2/2023 10:01,,
5044,2,73273,21/3/2022 13:13,21/9/2022 14:13,,
5045,3,69488,13/2/2022 14:41,14/2/2023 14:41,,
5046,3,30015,30/4/2022 11:42,1/5/2023 11:42,,
5048,3,62972,16/2/2022 14:59,17/2/2023 14:59,,
5049,2,43839,13/2/2022 17:06,16/8/2022 18:06,,
5052,3,54599,13/2/2022 19:24,14/2/2023 19:24,,
5053,2,96456,13/2/2022 19:34,16/8/2022 20:34,,
5055,3,55972,13/2/2022 20:27,14/2/2023 20:27,,
5056,3,21545,22/2/2022 17:43,23/2/2023 17:43,,
5061,2,39201,14/2/2022 15:29,17/8/2022 16:29,,
5063,2,28277,21/3/2022 07:55,21/9/2022 08:55,,
5065,3,17160,12/5/2022 13:06,13/5/2023 13:06,,
5068,3,41742,18/3/2022 17:24,19/3/2023 17:24,,
5072,2,55151,15/2/2022 15:14,18/8/2022 16:14,,
5077,3,92905,16/2/2022 08:45,17/2/2023 08:45,,
5078,2,24678,16/2/2022 10:04,19/8/2022 11:04,,
5079,2,52603,9/3/2022 08:51,9/9/2022 09:51,,
5083,3,26489,16/2/2022 13:00,17/2/2023 13:00,,
5084,3,29563,19/2/2022 11:21,20/2/2023 11:21,,
5086,3,50979,16/2/2022 14:52,17/2/2023 14:52,,
5089,2,47600,16/2/2022 17:40,19/8/2022 18:40,,
5091,3,8024,16/2/2022 19:27,17/2/2023 19:27,,
5092,3,27959,18/2/2022 22:14,19/2/2023 22:14,,
5095,3,41625,19/2/2022 09:07,20/2/2023 09:07,,
5098,2,129531,19/2/2022 18:43,22/8/2022 19:43,,
5099,2,29762,21/2/2022 10:09,24/8/2022 11:09,,
5100,3,11670,22/2/2022 20:32,23/2/2023 20:32,,
5102,2,72858,5/3/2022 07:35,5/9/2022 08:35,,
5103,2,10616,26/2/2022 18:39,29/8/2022 19:39,,
5106,2,26442,5/3/2022 18:31,5/9/2022 19:31,,
5107,2,15497,3/3/2022 18:25,3/9/2022 19:25,,
5108,2,29549,4/3/2022 18:25,4/9/2022 19:25,,
5109,2,38015,5/3/2022 19:19,5/9/2022 20:19,,
5110,3,89050,7/3/2022 16:36,8/3/2023 16:36,,
5112,3,39582,17/3/2022 16:28,18/3/2023 16:28,,
5113,3,8282,19/3/2022 19:53,20/3/2023 19:53,,
5116,3,9676,10/3/2022 13:30,11/3/2023 13:30,,
5126,2,23310,10/3/2022 18:04,10/9/2022 19:04,,
5127,2,100753,10/3/2022 18:16,10/9/2022 19:16,,
5129,2,52002,11/3/2022 10:05,11/9/2022 11:05,,
5130,2,113792,11/3/2022 10:27,11/9/2022 11:27,,
5131,2,15269,11/3/2022 10:52,11/9/2022 11:52,,
5132,3,83330,17/4/2022 11:13,18/4/2023 11:13,,
5134,2,38686,21/3/2022 10:34,21/9/2022 11:34,,
5137,2,87974,11/3/2022 18:49,11/9/2022 19:49,,
5139,3,43704,19/4/2022 20:38,20/4/2023 20:38,,
5143,3,7939,23/7/2022 06:47,24/7/2023 06:47,,
5145,3,9966,18/3/2022 18:55,19/3/2023 18:55,,
5151,3,7545,22/3/2022 18:31,23/3/2023 18:31,,
5154,2,17335,13/3/2022 09:11,13/9/2022 10:11,,
5156,3,26284,13/3/2022 11:03,14/3/2023 11:03,,
5162,3,63555,13/3/2022 13:28,14/3/2023 13:28,,
5171,2,134693,14/3/2022 13:11,14/9/2022 14:11,,
5172,2,20482,14/3/2022 14:00,14/9/2022 15:00,,
5178,3,47552,18/3/2022 11:39,19/3/2023 11:39,,
5181,3,22372,15/3/2022 13:25,16/3/2023 13:25,,
5185,3,75441,18/3/2022 14:41,19/3/2023 14:41,,
5187,2,46663,15/3/2022 20:06,15/9/2022 21:06,,
5188,3,16519,9/5/2022 15:48,10/5/2023 15:48,,
5191,3,52219,19/3/2022 17:59,20/3/2023 17:59,,
5192,2,96574,16/3/2022 14:07,16/9/2022 15:07,,
5193,2,18825,16/3/2022 14:48,16/9/2022 15:48,,
5196,2,9629,23/3/2022 07:49,23/9/2022 08:49,,
5200,3,42154,16/4/2022 20:13,17/4/2023 20:13,,
5204,3,9336,20/3/2022 14:42,21/3/2023 14:42,,
5205,3,109781,21/3/2022 12:26,22/3/2023 12:26,,
5206,3,86942,26/3/2022 13:08,27/3/2023 14:08,,
5208,3,58524,31/3/2022 15:52,1/4/2023 15:52,,
5210,3,91424,24/3/2022 17:00,25/3/2023 17:00,,
5211,2,64766,25/3/2022 03:29,25/9/2022 04:29,,
5214,2,122941,27/3/2022 11:06,27/9/2022 11:06,,
5218,3,73047,5/4/2022 13:16,6/4/2023 13:16,,
5219,3,9277,2/4/2022 15:09,3/4/2023 15:09,,
5221,2,8368,5/4/2022 09:29,6/10/2022 09:29,,
5225,3,10940,6/2/2025 13:36,7/2/2026 13:36,,
5228,3,19833,9/5/2022 19:24,10/5/2023 19:24,,
5241,3,64835,7/4/2022 20:45,8/4/2023 20:45,,
5242,2,9505,13/5/2022 14:48,13/11/2022 13:48,,
5243,2,71732,8/4/2022 08:00,9/10/2022 08:00,,
5244,3,24273,11/4/2023 19:48,11/4/2024 18:48,,
5248,3,52845,22/6/2022 09:32,23/6/2023 09:32,,
5257,3,30385,8/4/2022 16:00,9/4/2023 16:00,,
5258,3,22072,8/4/2022 16:49,9/4/2023 16:49,,
5265,3,74922,18/4/2022 20:27,19/4/2023 20:27,,
5266,2,29109,19/6/2022 21:16,20/12/2022 20:16,,
5267,3,16545,8/4/2022 20:07,9/4/2023 20:07,,
5268,2,70390,8/4/2022 20:10,9/10/2022 20:10,,
5269,3,61928,8/4/2022 20:27,9/4/2023 20:27,,
5276,2,86252,9/4/2022 09:47,10/10/2022 09:47,,
5278,3,109591,9/4/2022 10:04,10/4/2023 10:04,,
5279,2,45725,9/4/2022 10:23,10/10/2022 10:23,,
5282,2,56634,9/4/2022 11:06,10/10/2022 11:06,,
5288,3,30213,9/5/2022 19:31,10/5/2023 19:31,,
5293,3,95845,4/7/2022 08:57,5/7/2023 08:57,,
5294,2,110684,10/4/2022 10:10,11/10/2022 10:10,,
5296,3,11610,10/4/2022 11:08,11/4/2023 11:08,,
5302,2,20311,23/4/2022 18:04,24/10/2022 18:04,,
5305,2,131817,11/4/2022 12:02,12/10/2022 12:02,,
5306,2,135836,11/4/2022 12:06,12/10/2022 12:06,,
5308,3,19486,11/4/2022 12:11,12/4/2023 12:11,,
5309,3,9500,3/7/2022 13:00,4/7/2023 13:00,,
5310,2,36319,11/4/2022 13:21,12/10/2022 13:21,,
5316,2,85283,11/4/2022 17:06,12/10/2022 17:06,,
5318,2,18546,25/7/2022 12:33,25/1/2023 11:33,,
5319,3,8359,14/5/2022 20:01,15/5/2023 20:01,,
5324,3,7819,2/7/2022 18:41,3/7/2023 18:41,,
5325,2,9888,23/4/2022 14:42,24/10/2022 14:42,,
5326,3,41612,16/5/2022 12:05,17/5/2023 12:05,,
5328,3,39175,12/4/2022 10:43,13/4/2023 10:43,,
5331,2,69793,12/4/2022 14:04,13/10/2022 14:04,,
5333,3,45748,20/4/2022 13:11,21/4/2023 13:11,,
5336,3,62514,22/4/2022 08:56,23/4/2023 08:56,,
5338,2,58443,20/4/2022 11:37,21/10/2022 11:37,,
5342,2,25390,12/11/2022 21:29,15/5/2023 22:29,,
5345,3,50657,12/4/2022 21:55,13/4/2023 21:55,,
5347,3,58470,12/4/2022 22:13,13/4/2023 22:13,,
5348,3,91893,12/4/2022 23:39,13/4/2023 23:39,,
5349,2,64776,29/4/2022 08:23,30/10/2022 07:23,,
5350,3,54064,13/4/2022 09:15,14/4/2023 09:15,,
5353,3,60984,13/4/2022 10:27,14/4/2023 10:27,,
5354,3,62149,13/4/2022 10:34,14/4/2023 10:34,,
5359,2,121539,13/4/2022 11:18,14/10/2022 11:18,,
5365,2,29375,13/4/2022 13:16,14/10/2022 13:16,,
5368,3,58022,18/4/2022 12:20,19/4/2023 12:20,,
5371,3,39570,13/4/2022 18:09,14/4/2023 18:09,,
5378,2,7801,23/4/2022 20:37,24/10/2022 20:37,,
5379,2,124620,13/4/2022 20:05,14/10/2022 20:05,,
5380,2,81342,13/4/2022 20:05,14/10/2022 20:05,,
5381,2,46696,13/4/2022 20:09,14/10/2022 20:09,,
5384,2,33817,14/4/2022 09:23,15/10/2022 09:23,,
5385,3,40935,16/4/2022 09:51,17/4/2023 09:51,,
5389,2,31061,14/4/2022 11:54,15/10/2022 11:54,,
5392,3,72259,15/4/2022 08:57,16/4/2023 08:57,,
5394,2,55972,14/2/2023 20:27,17/8/2023 21:27,,
5395,2,101716,17/4/2022 12:14,18/10/2022 12:14,,
5398,3,66487,22/4/2022 10:10,23/4/2023 10:10,,
5400,3,48444,26/4/2022 10:02,27/4/2023 10:02,,
5401,2,25586,27/4/2022 18:46,28/10/2022 18:46,,
5402,2,9312,7/5/2022 22:11,7/11/2022 21:11,,
5404,2,14260,29/4/2022 20:37,30/10/2022 19:37,,
5405,2,64187,30/4/2022 10:31,31/10/2022 09:31,,
5406,2,33327,30/4/2022 14:20,31/10/2022 13:20,,
5407,3,63435,30/4/2022 20:25,1/5/2023 20:25,,
5410,2,44038,4/5/2022 13:00,4/11/2022 12:00,,
5414,2,102730,6/5/2022 12:22,6/11/2022 11:22,,
5417,3,42235,8/5/2022 14:44,9/5/2022 17:50,9/5/2022 14:50,96171
5418,3,94572,10/5/2022 12:05,11/5/2023 12:05,,
5419,3,37739,9/5/2022 19:51,10/5/2023 19:51,,
5421,3,8600,14/5/2022 12:22,15/5/2023 12:22,,
5422,2,69766,16/5/2022 11:00,16/11/2022 10:00,,
5426,3,39165,18/5/2022 10:39,19/5/2023 10:39,,
5427,2,31362,18/5/2022 11:31,18/11/2022 10:31,,
5428,3,39753,18/5/2022 11:39,19/5/2023 11:39,,
5429,2,44169,21/5/2022 22:59,21/11/2022 21:59,,
5430,2,8670,18/5/2022 14:31,18/11/2022 13:31,,
5432,2,18215,18/5/2022 18:03,18/11/2022 17:03,,
5433,2,46979,18/5/2022 18:34,18/11/2022 17:34,,
5434,3,20517,18/5/2022 19:33,19/5/2023 19:33,,
5435,3,21899,18/5/2022 20:24,19/5/2023 20:24,,
5437,3,8231,18/5/2022 20:30,19/5/2023 20:30,,
5438,2,24173,18/5/2022 20:41,18/11/2022 19:41,,
5439,2,57564,18/5/2022 20:53,18/11/2022 19:53,,
5443,2,54841,19/5/2022 11:08,19/11/2022 10:08,,
5444,3,96602,19/5/2022 14:05,20/5/2023 14:05,,
5447,2,10940,7/2/2026 13:36,10/8/2026 13:36,,
5448,3,143709,19/5/2022 15:02,20/5/2023 15:02,,
5452,2,44660,21/5/2022 18:34,21/11/2022 17:34,,
5457,2,20522,20/5/2022 10:11,20/11/2022 09:11,,
5458,2,47916,20/5/2022 14:06,20/11/2022 13:06,,
5460,3,47917,20/5/2022 14:15,21/5/2023 14:15,,
5462,3,59635,20/5/2022 19:08,21/5/2023 19:08,,
5464,2,125956,20/5/2022 20:26,20/11/2022 19:26,,
5468,2,29501,21/5/2022 10:51,21/11/2022 09:51,,
5470,2,143726,21/5/2022 14:51,21/11/2022 13:51,,
5473,3,69381,21/5/2022 18:02,22/5/2023 18:02,,
5474,3,49505,21/5/2022 18:12,22/5/2023 18:12,,
5475,3,86705,21/5/2022 18:43,22/5/2023 18:43,,
5476,3,34827,9/7/2022 21:46,10/7/2023 21:46,,
5477,2,27831,22/5/2022 10:11,22/11/2022 09:11,,
5479,3,41357,22/5/2022 11:00,23/5/2023 11:00,,
5480,2,97027,23/5/2022 10:32,23/11/2022 09:32,,
5482,2,49573,22/5/2022 13:51,22/11/2022 12:51,,
5485,2,63077,22/5/2022 16:58,22/11/2022 15:58,,
5486,2,82557,22/5/2022 19:07,22/11/2022 18:07,,
5489,2,55889,23/5/2022 18:35,23/11/2022 17:35,,
5491,3,18609,24/5/2022 09:09,25/5/2023 09:09,,
5493,2,19203,24/5/2022 09:46,24/11/2022 08:46,,
5495,3,42098,27/5/2022 20:17,28/5/2023 20:17,,
5498,3,118551,25/5/2022 08:34,26/5/2023 08:34,,
5499,2,40498,25/5/2022 09:12,25/11/2022 08:12,,
5501,3,110578,25/5/2022 12:37,25/5/2022 13:30,25/5/2022 10:30,128513
5502,3,16159,3/6/2022 11:24,4/6/2023 11:24,,
5504,2,31943,29/5/2022 11:43,29/11/2022 10:43,,
5505,3,55126,30/5/2022 11:41,31/5/2023 11:41,,
5508,2,109375,2/6/2022 20:32,3/12/2022 19:32,,
5509,2,44571,7/6/2022 11:40,8/12/2022 10:40,,
5512,2,67225,7/6/2022 12:52,8/12/2022 11:52,,
5513,2,19115,9/6/2022 20:59,10/12/2022 19:59,,
5514,2,51366,11/6/2022 21:49,12/12/2022 20:49,,
5515,2,117587,9/6/2022 20:18,10/12/2022 19:18,,
5516,2,42235,11/6/2022 20:21,12/12/2022 19:21,,
5518,3,8127,13/6/2022 11:14,14/6/2023 11:14,,
5519,3,34635,14/6/2022 17:10,15/6/2023 17:10,,
5521,2,28620,15/6/2022 18:03,16/12/2022 17:03,,
5522,3,27604,17/6/2022 12:33,18/6/2023 12:33,,
5524,3,54054,30/6/2022 16:29,1/7/2023 16:29,,
5525,3,85209,21/6/2022 18:36,22/6/2023 18:36,,
5526,2,9168,21/6/2022 22:00,22/12/2022 21:00,,
5529,2,7804,22/6/2022 17:14,23/12/2022 16:14,,
5530,2,38230,18/9/2022 20:57,21/3/2023 19:57,,
5533,2,11675,22/6/2022 19:53,23/12/2022 18:53,,
5534,3,110578,22/6/2022 21:00,23/6/2023 21:00,,
5538,2,136413,23/6/2022 09:55,24/12/2022 08:55,,
5539,2,40768,23/6/2022 11:13,24/12/2022 10:13,,
5540,2,11325,23/6/2022 13:11,24/12/2022 12:11,,
5541,2,81446,23/6/2022 13:27,24/12/2022 12:27,,
5543,2,64302,23/6/2022 15:05,24/12/2022 14:05,,
5545,2,99411,23/6/2022 18:43,24/12/2022 17:43,,
5548,3,41126,24/6/2022 11:37,25/6/2023 11:37,,
5549,2,52292,24/6/2022 14:48,25/12/2022 13:48,,
5551,2,59729,7/1/2023 20:00,10/7/2023 21:00,,
5552,3,7832,24/6/2022 19:53,25/6/2023 19:53,,
5554,2,81178,25/6/2022 10:13,26/12/2022 09:13,,
5555,2,22977,22/8/2022 20:42,22/2/2023 19:42,,
5560,2,25857,26/6/2022 16:46,27/12/2022 15:46,,
5561,2,8245,26/6/2022 18:30,27/12/2022 17:30,,
5562,2,29953,26/6/2022 19:56,27/12/2022 18:56,,
5565,2,9271,30/7/2022 13:34,30/1/2023 12:34,,
5570,2,66678,28/6/2022 13:29,29/12/2022 12:29,,
5572,3,46670,2/7/2022 12:35,3/7/2023 12:35,,
5573,2,19345,28/6/2022 21:43,29/12/2022 20:43,,
5574,2,59340,29/6/2022 10:48,30/12/2022 09:48,,
5578,2,147648,5/7/2022 11:38,5/1/2023 10:38,,
5579,3,103874,5/7/2022 12:36,6/7/2023 12:36,,
5581,3,97046,7/7/2022 20:45,8/7/2023 20:45,,
5583,2,59328,9/7/2022 17:53,9/1/2023 16:53,,
5584,2,19456,11/7/2022 08:58,11/1/2023 07:58,,
5586,2,144559,12/7/2022 17:03,12/1/2023 16:03,,
5587,3,43085,14/7/2022 21:35,15/7/2023 21:35,,
5588,2,29657,15/7/2022 13:10,15/1/2023 12:10,,
5589,2,61293,15/7/2022 20:40,15/1/2023 19:40,,
5590,2,23407,25/7/2022 23:25,25/1/2023 22:25,,
5591,2,56645,17/7/2022 15:30,17/1/2023 14:30,,
5592,2,86384,18/7/2022 09:18,18/1/2023 08:18,,
5593,2,44277,18/7/2022 16:14,18/1/2023 15:14,,
5594,2,8146,18/7/2022 18:10,18/1/2023 17:10,,
5596,3,43267,24/7/2022 13:00,25/7/2023 13:00,,
5600,2,9287,22/7/2022 12:32,22/1/2023 11:32,,
5603,3,142562,28/7/2022 07:31,29/7/2023 07:31,,
5604,2,64816,28/7/2022 14:12,28/1/2023 13:12,,
5605,2,32261,28/7/2022 18:07,28/1/2023 17:07,,
5607,2,29598,31/7/2022 21:20,31/1/2023 20:20,,
5608,2,146433,1/8/2022 08:35,1/2/2023 07:35,,
5609,2,24392,1/8/2022 10:55,1/2/2023 09:55,,
5610,2,69838,1/8/2022 17:05,1/2/2023 16:05,,
5611,3,36005,3/8/2022 10:52,4/8/2023 10:52,,
5612,3,10625,14/8/2022 08:46,15/8/2023 08:46,,
5614,2,29688,3/8/2022 11:33,3/2/2023 10:33,,
5615,2,38699,3/8/2022 12:13,3/2/2023 11:13,,
5617,2,13169,13/8/2022 17:31,13/2/2023 16:31,,
5618,2,74608,3/8/2022 15:57,3/2/2023 14:57,,
5619,3,64052,3/8/2022 17:34,4/8/2023 17:34,,
5620,2,87644,3/8/2022 19:02,3/2/2023 18:02,,
5622,3,146218,3/8/2022 20:31,4/8/2023 20:31,,
5625,3,70343,4/8/2022 09:35,5/8/2023 09:35,,
5626,3,64052,4/8/2023 17:34,4/8/2024 16:34,,
5627,2,75409,4/8/2022 11:58,4/2/2023 10:58,,
5628,2,61365,22/9/2022 09:12,25/3/2023 08:12,,
5629,3,49211,4/8/2022 12:17,5/8/2023 12:17,,
5630,2,73488,4/8/2022 13:37,4/2/2023 12:37,,
5631,2,10940,10/8/2026 13:36,10/2/2027 13:36,,
5632,2,16732,9/9/2022 10:04,12/3/2023 09:04,,
5633,3,19888,14/8/2022 16:42,15/8/2023 16:42,,
5634,3,36154,10/8/2022 13:51,11/8/2023 13:51,,
5636,2,29218,4/8/2022 20:23,4/2/2023 19:23,,
5638,2,48982,4/8/2022 20:39,4/2/2023 19:39,,
5639,3,28443,11/12/2022 14:51,12/12/2023 14:51,,
5640,2,52703,5/8/2022 13:59,5/2/2023 12:59,,
5643,3,101937,5/8/2022 18:12,6/8/2023 18:12,,
5646,3,78834,6/8/2022 10:46,7/8/2023 10:46,,
5647,2,9236,13/8/2022 16:38,13/2/2023 15:38,,
5648,3,122321,6/8/2022 17:33,7/8/2023 17:33,,
5649,3,60420,6/8/2022 18:13,7/8/2023 18:13,,
5650,3,10583,16/8/2022 06:23,17/8/2023 06:23,,
5651,2,23877,16/8/2022 14:09,16/2/2023 13:09,,
5655,3,41853,7/8/2022 19:41,8/8/2023 19:41,,
5656,3,36652,7/8/2022 20:13,8/8/2023 20:13,,
5658,2,60299,8/8/2022 09:43,8/2/2023 08:43,,
5661,2,28656,8/8/2022 10:47,8/2/2023 09:47,,
5662,3,97002,8/8/2022 10:58,9/8/2023 10:58,,
5663,2,144105,8/8/2022 13:48,8/2/2023 12:48,,
5664,3,30426,16/8/2022 16:04,17/8/2023 16:04,,
5665,3,44336,8/8/2022 14:15,9/8/2023 14:15,,
5666,3,34883,8/8/2022 15:02,9/8/2023 15:02,,
5673,2,16632,13/8/2022 19:21,13/2/2023 18:21,,
5675,3,59291,9/8/2022 12:24,10/8/2023 12:24,,
5676,2,8689,9/8/2022 13:23,9/2/2023 12:23,,
5677,3,61216,9/8/2022 14:09,10/8/2023 14:09,,
5678,2,29434,9/8/2022 14:58,9/2/2023 13:58,,
5679,3,9377,9/8/2022 17:01,10/8/2023 17:01,,
5680,3,61555,9/8/2022 17:18,10/8/2023 17:18,,
5681,2,96456,16/8/2022 20:34,16/2/2023 19:34,,
5682,3,19719,9/8/2022 20:55,10/8/2023 20:55,,
5683,2,28277,21/9/2022 08:55,24/3/2023 07:55,,
5684,2,59524,15/8/2022 13:15,15/2/2023 12:15,,
5685,3,28081,14/1/2023 20:36,15/1/2024 20:36,,
5689,3,59342,20/8/2022 10:27,21/8/2023 10:27,,
5690,2,43839,16/8/2022 18:06,16/2/2023 17:06,,
5691,2,10005,15/8/2022 21:13,15/2/2023 20:13,,
5692,2,129531,22/8/2022 19:43,22/2/2023 18:43,,
5693,2,62584,15/8/2022 19:29,15/2/2023 18:29,,
5694,3,100324,16/8/2022 11:12,17/8/2023 11:12,,
5696,3,35924,18/8/2022 10:28,19/8/2023 10:28,,
5697,2,87738,23/8/2022 13:36,23/2/2023 12:36,,
5698,2,37049,18/8/2022 14:53,18/2/2023 13:53,,
5699,2,32604,19/8/2022 12:45,19/2/2023 11:45,,
5703,3,69609,24/8/2022 14:23,25/8/2023 14:23,,
5704,2,45686,25/8/2022 11:14,25/2/2023 10:14,,
5705,2,72858,5/9/2022 08:35,8/3/2023 07:35,,
5706,2,17721,27/8/2022 19:04,27/2/2023 18:04,,
5707,3,11333,28/8/2022 08:30,29/8/2023 08:30,,
5708,3,46451,28/8/2022 11:03,29/8/2023 11:03,,
5710,2,24186,1/9/2022 18:37,4/3/2023 17:37,,
5711,3,29762,31/8/2022 14:36,1/9/2023 14:36,,
5712,2,10616,31/8/2022 20:43,3/3/2023 19:43,,
5713,3,9396,1/9/2022 19:44,2/9/2023 19:44,,
5715,2,71732,9/10/2022 08:00,11/4/2023 08:00,,
5716,2,26442,5/9/2022 19:31,8/3/2023 18:31,,
5717,3,11429,3/9/2022 12:04,4/9/2023 12:04,,
5719,3,50117,4/9/2022 09:49,5/9/2023 09:49,,
5721,3,148380,7/9/2022 10:02,8/9/2023 10:02,,
5724,2,29549,8/9/2022 20:31,11/3/2023 19:31,,
5725,2,29327,9/9/2022 17:12,12/3/2023 16:12,,
5728,2,88471,18/9/2022 10:11,21/3/2023 09:11,,
5730,2,41011,11/9/2022 14:38,14/3/2023 13:38,,
5731,2,30746,11/9/2022 19:56,14/3/2023 18:56,,
5733,3,9406,16/9/2022 11:43,17/9/2023 11:43,,
5734,3,50893,17/9/2022 18:19,18/9/2023 18:19,,
5736,2,58133,19/9/2022 10:31,22/3/2023 09:31,,
5737,3,98684,20/9/2022 09:22,21/9/2023 09:22,,
5738,2,55972,17/8/2023 21:27,17/2/2024 20:27,,
5739,2,15269,21/9/2022 12:22,24/3/2023 11:22,,
5741,2,35883,21/9/2022 15:26,24/3/2023 14:26,,
5742,3,84892,21/9/2022 16:02,22/9/2023 16:02,,
5743,2,55151,21/9/2022 16:27,24/3/2023 15:27,,
5744,3,43668,21/9/2022 17:36,22/9/2023 17:36,,
5745,3,36990,21/9/2022 18:52,22/9/2023 18:52,,
5750,2,44214,22/9/2022 08:08,25/3/2023 07:08,,
5752,3,76206,22/9/2022 09:18,23/9/2023 09:18,,
5754,3,100238,29/10/2022 12:15,30/10/2023 11:15,,
5756,3,50893,18/9/2023 18:19,18/9/2024 17:19,,
5757,2,136521,22/9/2022 15:57,25/3/2023 14:57,,
5758,3,9147,22/9/2022 16:21,23/9/2023 16:21,,
5759,2,39201,22/9/2022 17:32,25/3/2023 16:32,,
5760,2,18825,22/9/2022 18:05,25/3/2023 17:05,,
5763,2,155478,23/9/2022 10:13,26/3/2023 10:13,,
5764,2,73273,23/9/2022 11:18,26/3/2023 11:18,,
5765,2,24810,23/9/2022 11:52,26/3/2023 11:52,,
5766,2,15497,23/9/2022 13:28,26/3/2023 13:28,,
5768,3,68949,22/10/2022 21:19,23/10/2023 21:19,,
5769,2,38772,23/9/2022 18:14,26/3/2023 18:14,,
5770,3,151459,23/9/2022 18:17,24/9/2023 18:17,,
5775,2,113792,25/9/2022 09:50,28/3/2023 09:50,,
5776,2,10976,25/9/2022 12:00,28/3/2023 12:00,,
5777,2,77227,25/9/2022 18:25,28/3/2023 18:25,,
5778,2,148411,26/9/2022 09:45,29/3/2023 09:45,,
5779,2,40811,26/9/2022 10:29,29/3/2023 10:29,,
5782,2,71540,26/9/2022 16:51,29/3/2023 16:51,,
5784,2,36679,26/9/2022 21:03,29/3/2023 21:03,,
5785,2,9629,27/9/2022 11:07,30/3/2023 11:07,,
5786,3,29360,27/9/2022 12:34,28/9/2023 12:34,,
5787,2,26233,27/9/2022 12:40,30/3/2023 12:40,,
5790,3,115214,27/9/2022 15:10,28/9/2023 15:10,,
5791,2,114125,27/9/2022 15:18,30/3/2023 15:18,,
5792,2,27287,27/9/2022 15:50,30/3/2023 15:50,,
5793,3,22621,11/11/2022 20:18,12/11/2023 20:18,,
5794,2,94149,27/9/2022 15:55,30/3/2023 15:55,,
5797,3,94446,27/9/2022 19:48,28/9/2023 19:48,,
5799,2,156112,27/9/2022 21:27,30/3/2023 21:27,,
5801,2,64766,29/9/2022 12:53,1/4/2023 12:53,,
5802,2,72345,29/9/2022 21:43,1/4/2023 21:43,,
5803,3,122941,30/9/2022 10:55,1/10/2023 10:55,,
5804,2,86252,10/10/2022 09:47,12/4/2023 09:47,,
5805,2,9975,4/10/2022 18:10,6/4/2023 18:10,,
5807,2,38686,6/10/2022 10:13,8/4/2023 10:13,,
5808,3,8884,23/10/2022 08:43,24/10/2023 08:43,,
5812,2,8368,12/10/2022 10:00,14/4/2023 10:00,,
5813,3,43132,12/10/2022 21:29,13/10/2023 21:29,,
5814,3,33446,13/10/2022 14:51,14/10/2023 14:51,,
5816,2,70390,14/10/2022 11:25,16/4/2023 11:25,,
5817,2,69793,14/10/2022 15:34,16/4/2023 15:34,,
5818,3,15118,24/10/2022 09:32,25/10/2023 09:32,,
5819,3,106076,16/10/2022 13:21,17/10/2023 13:21,,
5821,2,69838,1/2/2023 16:05,4/8/2023 17:05,,
5822,2,56634,16/10/2022 20:59,18/4/2023 20:59,,
5825,2,29375,20/10/2022 09:41,22/4/2023 09:41,,
5827,2,46325,21/10/2022 21:31,23/4/2023 21:31,,
5830,2,158669,22/10/2022 21:56,24/4/2023 21:56,,
5832,3,18612,24/10/2022 18:19,25/10/2023 18:19,,
5833,2,9888,25/10/2022 09:46,27/4/2023 09:46,,
5836,2,26614,26/10/2022 15:46,28/4/2023 15:46,,
5837,2,68413,27/10/2022 20:17,29/4/2023 20:17,,
5838,2,9312,7/11/2022 21:11,10/5/2023 22:11,,
5840,2,14260,30/10/2022 19:37,2/5/2023 20:37,,
5841,2,56005,29/10/2022 16:22,1/5/2023 16:22,,
5842,3,94328,31/10/2022 13:20,1/11/2023 13:20,,
5843,2,33327,1/11/2022 16:05,4/5/2023 17:05,,
5844,3,21752,1/11/2022 20:05,2/11/2023 20:05,,
5845,2,25586,1/11/2022 20:20,4/5/2023 21:20,,
5847,3,131817,3/11/2022 10:26,4/11/2023 10:26,,
5849,2,131144,4/11/2022 18:07,7/5/2023 19:07,,
5850,2,44038,5/11/2022 19:21,8/5/2023 20:21,,
5856,3,55947,11/11/2022 11:24,12/11/2023 11:24,,
5858,2,31362,18/11/2022 10:31,21/5/2023 11:31,,
5859,2,102730,10/11/2022 11:22,13/5/2023 12:22,,
5860,2,85752,10/11/2022 14:00,13/5/2023 15:00,,
5861,3,68786,10/11/2022 15:47,11/11/2023 15:47,,
5862,3,22079,20/11/2022 08:30,21/11/2023 08:30,,
5863,2,54609,11/11/2022 18:59,14/5/2023 19:59,,
5864,2,45203,11/11/2022 19:20,14/5/2023 20:20,,
5865,2,64187,11/11/2022 22:23,14/5/2023 23:23,,
5867,3,160274,14/11/2022 20:13,15/11/2023 20:13,,
5870,2,33572,26/11/2022 10:39,29/5/2023 11:39,,
5871,3,53064,18/11/2022 11:36,19/11/2023 11:36,,
5873,2,44169,21/11/2022 21:59,24/5/2023 22:59,,
5877,2,97027,23/11/2022 09:32,26/5/2023 10:32,,
5878,2,64776,18/11/2022 19:23,21/5/2023 20:23,,
5880,3,30194,26/11/2022 07:14,27/11/2023 07:14,,
5884,2,66910,22/11/2022 15:42,25/5/2023 16:42,,
5885,3,90224,19/11/2022 10:36,20/11/2023 10:36,,
5887,2,54841,19/11/2022 11:16,22/5/2023 12:16,,
5888,3,7945,19/11/2022 11:44,20/11/2023 11:44,,
5890,2,58443,19/11/2022 12:11,22/5/2023 13:11,,
5891,2,8670,19/11/2022 12:42,22/5/2023 13:42,,
5892,3,8822,19/11/2022 12:46,20/11/2023 12:46,,
5893,3,29434,9/2/2023 13:58,10/2/2024 13:58,,
5894,2,46979,19/11/2022 14:29,22/5/2023 15:29,,
5895,2,7661,19/11/2022 17:55,22/5/2023 18:55,,
5896,2,47916,20/11/2022 13:06,23/5/2023 14:06,,
5897,3,13430,26/1/2023 09:13,27/1/2024 09:13,,
5898,3,45326,20/11/2022 14:33,21/11/2023 14:33,,
5901,3,105486,20/11/2022 02:21,21/11/2023 02:21,,
5903,2,11364,21/2/2023 09:14,24/8/2023 10:14,,
5905,3,29501,21/11/2022 09:51,22/11/2023 09:51,,
5909,2,18546,25/1/2023 11:33,28/7/2023 12:33,,
5910,2,24173,20/11/2022 15:33,23/5/2023 16:33,,
5911,3,38162,20/11/2022 16:08,21/11/2023 16:08,,
5914,3,107452,20/11/2022 18:23,21/11/2023 18:23,,
5915,3,71667,30/11/2022 15:53,1/12/2023 15:53,,
5917,2,52603,21/11/2022 10:02,24/5/2023 11:02,,
5918,3,58753,21/11/2022 11:32,22/11/2023 11:32,,
5919,3,8506,25/1/2023 18:04,26/1/2024 18:04,,
5921,2,20522,21/11/2022 13:32,24/5/2023 14:32,,
5922,3,48323,13/12/2022 18:05,14/12/2023 18:05,,
5926,2,55889,23/11/2022 17:35,26/5/2023 18:35,,
5927,3,47734,21/11/2022 18:11,22/11/2023 18:11,,
5928,3,143726,21/11/2022 19:05,22/11/2023 19:05,,
5929,2,27831,22/11/2022 09:11,25/5/2023 10:11,,
5931,3,147384,22/11/2022 09:56,23/11/2023 09:56,,
5933,2,51366,12/12/2022 20:49,14/6/2023 21:49,,
5934,2,57564,22/11/2022 19:12,25/5/2023 20:12,,
5935,2,7801,22/11/2022 19:47,25/5/2023 20:47,,
5936,2,22977,22/2/2023 19:42,25/8/2023 20:42,,
5938,3,74488,23/11/2022 09:14,24/11/2023 09:14,,
5939,2,19203,24/11/2022 08:46,27/5/2023 09:46,,
5941,3,43675,23/11/2022 13:03,24/11/2023 13:03,,
5943,2,18482,23/11/2022 13:29,26/5/2023 14:29,,
5946,2,49072,11/5/2023 09:01,11/11/2023 08:01,,
5947,2,99411,24/12/2022 17:43,26/6/2023 18:43,,
5950,3,121165,24/11/2022 16:49,25/11/2023 16:49,,
5954,2,163222,25/11/2022 09:13,28/5/2023 10:13,,
5956,2,9236,13/2/2023 15:38,16/8/2023 16:38,,
5957,2,82557,25/11/2022 12:06,28/5/2023 13:06,,
5959,2,101972,25/11/2022 19:46,28/5/2023 20:46,,
5960,2,63077,26/11/2022 10:47,29/5/2023 11:47,,
5961,3,58723,26/11/2022 11:17,27/11/2023 11:17,,
5962,2,69766,27/11/2022 11:18,30/5/2023 12:18,,
5964,2,92717,28/11/2022 10:04,31/5/2023 11:04,,
5965,2,40498,28/11/2022 20:14,31/5/2023 21:14,,
5968,2,44660,29/11/2022 16:16,1/6/2023 17:16,,
5969,2,73781,29/11/2022 16:44,1/6/2023 17:44,,
5971,2,28732,3/12/2022 22:01,5/6/2023 23:01,,
5972,3,97749,4/12/2022 17:51,5/12/2023 17:51,,
5973,2,162810,5/12/2022 15:10,7/6/2023 16:10,,
5974,2,44571,8/12/2022 10:40,10/6/2023 11:40,,
5975,3,71614,5/12/2022 20:34,6/12/2023 20:34,,
5977,2,45582,6/12/2022 16:30,8/6/2023 17:30,,
5979,2,19115,10/12/2022 19:59,12/6/2023 20:59,,
5980,3,36477,8/12/2022 16:13,9/12/2023 16:13,,
5982,2,42235,12/12/2022 19:21,14/6/2023 20:21,,
5984,2,67225,14/12/2022 12:32,16/6/2023 13:32,,
5985,2,117587,14/12/2022 22:00,16/6/2023 23:00,18/1/2023 22:33,128513
5988,2,159148,17/12/2022 09:35,19/6/2023 10:35,,
5990,3,46005,19/12/2022 16:10,20/12/2023 16:10,,
5993,2,28620,21/12/2022 11:29,23/6/2023 12:29,,
5995,3,12560,23/12/2022 15:38,24/12/2023 15:38,,
5996,2,64302,24/12/2022 14:05,26/6/2023 15:05,,
5998,3,166483,25/12/2022 17:40,26/12/2023 17:40,,
5999,2,136413,26/12/2022 09:50,28/6/2023 10:50,,
6000,2,45156,26/12/2022 12:20,28/6/2023 13:20,,
6002,2,31943,27/12/2022 20:32,29/6/2023 21:32,,
6003,2,29953,28/12/2022 20:55,30/6/2023 21:55,,
6004,2,9168,29/12/2022 18:01,1/7/2023 19:01,,
6008,2,62602,2/1/2023 13:37,5/7/2023 14:37,,
6009,2,165240,3/1/2023 14:02,6/7/2023 15:02,,
6010,3,87573,3/1/2023 14:21,4/1/2024 14:21,,
6011,3,54390,4/1/2023 12:52,5/1/2024 12:52,,
6012,2,25857,4/1/2023 18:21,7/7/2023 19:21,,
6016,3,47648,19/3/2023 10:01,19/3/2024 10:01,,
6018,2,11675,9/1/2023 18:58,12/7/2023 19:58,,
6019,3,59340,9/1/2023 21:22,10/1/2024 21:22,,
6020,3,144559,12/1/2023 16:03,13/1/2024 16:03,,
6021,2,44277,18/1/2023 15:14,21/7/2023 16:14,,
6022,3,59328,11/1/2023 09:30,12/1/2024 09:30,,
6023,2,32959,11/1/2023 13:05,14/7/2023 14:05,,
6024,3,15449,11/1/2023 14:04,12/1/2024 14:04,,
6025,2,66678,11/1/2023 15:12,14/7/2023 16:12,,
6026,2,57815,11/1/2023 15:50,14/7/2023 16:50,,
6029,2,77720,13/1/2023 12:34,16/7/2023 13:34,,
6030,2,19456,14/1/2023 09:14,17/7/2023 10:14,,
6032,3,76222,15/1/2023 13:26,16/1/2024 13:26,,
6034,3,11591,21/1/2023 14:06,22/1/2024 14:06,,
6036,3,70090,18/1/2023 19:02,19/1/2024 19:02,,
6037,3,70773,21/1/2023 16:00,22/1/2024 16:00,,
6038,3,29960,21/1/2023 18:50,22/1/2024 18:50,,
6040,2,86384,20/1/2023 09:29,23/7/2023 10:29,,
6041,3,43704,20/4/2023 20:38,20/4/2024 19:38,,
6042,2,100753,20/1/2023 13:50,23/7/2023 14:50,,
6045,3,67556,20/1/2023 15:00,21/1/2024 15:00,,
6048,3,81016,22/1/2023 14:33,23/1/2024 14:33,,
6049,3,16263,24/1/2023 14:57,25/1/2024 14:57,,
6050,3,61293,21/1/2023 11:35,22/1/2024 11:35,,
6052,3,47220,24/1/2023 19:33,25/1/2024 19:33,,
6053,3,9125,30/1/2023 15:10,31/1/2024 15:10,,
6054,3,20365,21/1/2023 16:43,22/1/2024 16:43,,
6055,3,20311,21/1/2023 17:19,22/1/2024 17:19,,
6058,2,38230,21/3/2023 19:57,21/9/2023 20:57,,
6061,2,22050,23/1/2023 16:56,26/7/2023 17:56,,
6065,2,9610,22/1/2023 13:18,25/7/2023 14:18,,
6066,2,64816,28/1/2023 13:12,31/7/2023 14:12,,
6068,2,23407,25/1/2023 22:25,28/7/2023 23:25,,
6069,3,140498,22/1/2023 19:32,23/1/2024 19:32,,
6070,3,46819,23/1/2023 10:03,24/1/2024 10:03,,
6071,3,21622,24/1/2023 11:57,25/1/2024 11:57,,
6072,2,38806,23/1/2023 10:56,26/7/2023 11:56,,
6073,3,10351,24/1/2023 14:34,25/1/2024 14:34,,
6074,2,8245,23/1/2023 11:07,26/7/2023 12:07,,
6076,3,44924,17/3/2023 11:27,17/3/2024 11:27,,
6077,2,74608,3/2/2023 14:57,6/8/2023 15:57,,
6082,3,56986,23/1/2023 18:29,24/1/2024 18:29,,
6083,3,29598,31/1/2023 20:20,1/2/2024 20:20,,
6084,3,23969,23/1/2023 19:20,24/1/2024 19:20,,
6085,3,35912,26/1/2023 22:01,27/1/2024 22:01,,
6087,3,44576,24/1/2023 10:31,25/1/2024 10:31,,
6090,3,36972,24/2/2023 09:56,25/2/2024 09:56,,
6091,3,35472,24/1/2023 20:01,25/1/2024 20:01,,
6092,3,170320,24/1/2023 20:42,25/1/2024 20:42,,
6093,2,43857,25/1/2023 08:10,28/7/2023 09:10,,
6094,3,120121,25/1/2023 10:04,26/1/2024 10:04,,
6096,3,41541,25/1/2023 11:20,26/1/2024 11:20,,
6097,2,48982,4/2/2023 19:39,7/8/2023 20:39,,
6098,2,167195,25/1/2023 20:02,28/7/2023 21:02,,
6099,2,28277,24/3/2023 07:55,24/9/2023 08:55,,
6100,3,49501,25/1/2023 21:43,26/1/2024 21:43,,
6101,2,9271,30/1/2023 12:34,2/8/2023 13:34,,
6102,2,29218,4/2/2023 19:23,7/8/2023 20:23,,
6103,2,87644,3/2/2023 18:02,6/8/2023 19:02,,
6105,2,19345,26/1/2023 12:04,29/7/2023 13:04,,
6107,3,59930,26/1/2023 15:44,27/1/2024 15:44,,
6108,3,75409,4/2/2023 10:58,5/2/2024 10:58,,
6109,3,39633,26/1/2023 18:55,27/1/2024 18:55,,
6110,3,67992,27/1/2023 08:03,28/1/2024 08:03,,
6111,3,13371,27/1/2023 08:40,28/1/2024 08:40,,
6112,2,44418,27/1/2023 10:01,30/7/2023 11:01,,
6113,2,38699,3/2/2023 11:13,6/8/2023 12:13,,
6114,2,52703,5/2/2023 12:59,8/8/2023 13:59,,
6115,3,35301,29/1/2023 14:36,30/1/2024 14:36,,
6119,2,32261,31/1/2023 22:13,3/8/2023 23:13,,
6120,3,24392,1/2/2023 11:08,2/2/2024 11:08,,
6121,3,50457,1/2/2023 13:21,2/2/2024 13:21,,
6122,2,33572,29/5/2023 11:39,29/11/2023 10:39,,
6124,2,144105,8/2/2023 12:48,11/8/2023 13:48,,
6126,3,84672,3/2/2023 11:04,4/2/2024 11:04,,
6128,2,73488,4/2/2023 19:17,7/8/2023 20:17,,
6132,2,60299,8/2/2023 20:55,11/8/2023 21:55,,
6135,2,146433,9/2/2023 16:24,12/8/2023 17:24,,
6137,2,42084,10/2/2023 11:59,13/8/2023 12:59,,
6138,2,37049,18/2/2023 13:53,21/8/2023 14:53,,
6139,2,68069,10/2/2023 18:25,13/8/2023 19:25,,
6140,3,61568,11/2/2023 10:25,12/2/2024 10:25,,
6141,2,10005,15/2/2023 20:13,18/8/2023 21:13,,
6142,3,46259,12/2/2023 20:20,13/2/2024 20:20,,
6143,3,129531,22/2/2023 18:43,23/2/2024 18:43,,
6144,3,79749,13/2/2023 10:14,14/2/2024 10:14,,
6145,2,62584,15/2/2023 18:29,18/8/2023 19:29,,
6147,2,87738,23/2/2023 12:36,26/8/2023 13:36,,
6148,3,29563,20/2/2023 11:21,21/2/2024 11:21,,
6151,3,46929,16/2/2023 20:22,17/2/2024 20:22,,
6152,3,50979,18/2/2023 19:52,19/2/2024 19:52,,
6155,2,59524,19/2/2023 18:02,22/8/2023 19:02,,
6156,3,21378,20/2/2023 09:03,21/2/2024 09:03,,
6159,2,9745,20/2/2023 19:52,23/8/2023 20:52,,
6160,2,39703,20/2/2023 20:48,23/8/2023 21:48,,
6164,3,21545,24/2/2023 08:02,25/2/2024 08:02,,
6166,3,41625,24/2/2023 16:47,25/2/2024 16:47,,
6167,3,22506,25/2/2023 11:21,26/2/2024 11:21,,
6168,3,45686,25/2/2023 21:10,26/2/2024 21:10,,
6169,3,92905,26/2/2023 15:04,27/2/2024 15:04,,
6170,3,11670,26/2/2023 16:45,27/2/2024 16:45,,
6172,2,28656,27/2/2023 21:27,30/8/2023 22:27,,
6173,2,72858,8/3/2023 07:35,8/9/2023 08:35,,
6175,2,68620,1/3/2023 17:54,1/9/2023 18:54,,
6176,2,43839,1/3/2023 19:21,1/9/2023 20:21,,
6179,2,81446,3/3/2023 15:46,3/9/2023 16:46,,
6180,2,24186,4/3/2023 17:37,4/9/2023 18:37,,
6182,2,10616,4/3/2023 16:15,4/9/2023 17:15,,
6183,3,10069,14/3/2023 12:44,14/3/2024 12:44,,
6185,2,41011,14/3/2023 13:38,14/9/2023 14:38,,
6186,3,40691,6/3/2023 07:44,6/3/2024 07:44,,
6187,2,11299,6/3/2023 11:10,6/9/2023 12:10,,
6188,3,129179,6/3/2023 12:37,6/3/2024 12:37,,
6189,2,114125,30/3/2023 15:18,30/9/2023 15:18,,
6190,2,49573,7/3/2023 16:38,7/9/2023 17:38,,
6191,2,175197,9/3/2023 10:12,9/9/2023 11:12,,
6195,3,39582,18/3/2023 16:28,18/3/2024 16:28,,
6196,3,9676,11/3/2023 13:30,11/3/2024 13:30,,
6197,3,20089,11/3/2023 12:22,11/3/2024 12:22,,
6199,2,26442,11/3/2023 19:00,11/9/2023 20:00,,
6200,3,88471,21/3/2023 09:11,21/3/2024 09:11,,
6201,3,47281,11/3/2023 21:08,11/3/2024 21:08,,
6202,2,52292,12/3/2023 10:07,12/9/2023 11:07,,
6204,2,29327,13/3/2023 16:04,13/9/2023 17:04,,
6205,3,109781,22/3/2023 12:26,22/3/2024 12:26,,
6207,2,62972,14/3/2023 11:04,14/9/2023 12:04,,
6208,3,35883,24/3/2023 14:26,24/3/2024 14:26,,
6209,2,61365,25/3/2023 08:12,25/9/2023 09:12,,
6213,3,91424,25/3/2023 17:00,25/3/2024 17:00,,
6214,2,8282,20/3/2023 19:53,20/9/2023 20:53,,
6215,3,24810,26/3/2023 11:52,26/3/2024 10:52,,
6216,3,86942,27/3/2023 14:08,27/3/2024 13:08,,
6218,2,16732,18/3/2023 10:03,18/9/2023 11:03,,
6220,2,49250,21/3/2023 16:29,21/9/2023 17:29,,
6221,3,89050,19/3/2023 14:37,19/3/2024 14:37,,
6227,3,58524,1/4/2023 15:52,1/4/2024 14:52,,
6228,3,148411,29/3/2023 09:45,29/3/2024 08:45,,
6229,2,58133,23/3/2023 16:05,23/9/2023 17:05,,
6232,3,9336,23/3/2023 21:29,23/3/2024 21:29,,
6233,2,113792,28/3/2023 09:50,28/9/2023 09:50,,
6234,2,40811,29/3/2023 10:29,29/9/2023 10:29,,
6235,3,43204,25/3/2023 11:33,25/3/2024 11:33,,
6238,2,15497,27/3/2023 13:01,27/9/2023 13:01,,
6239,3,75441,27/3/2023 19:11,27/3/2024 18:11,,
6240,2,29549,27/3/2023 20:36,27/9/2023 20:36,,
6242,2,155478,27/3/2023 21:41,27/9/2023 21:41,,
6243,2,149327,29/3/2023 13:02,29/9/2023 13:02,,
6244,3,66296,29/3/2023 22:07,29/3/2024 21:07,,
6245,2,71540,30/3/2023 15:39,30/9/2023 15:39,,
6246,2,56301,30/3/2023 16:44,30/9/2023 16:44,,
6247,3,36679,31/3/2023 12:13,31/3/2024 11:13,,
6248,3,8689,31/3/2023 19:16,31/3/2024 18:16,,
6250,2,55151,1/4/2023 08:35,2/10/2023 08:35,,
6251,2,94149,1/4/2023 10:57,2/10/2023 10:57,,
6252,2,9277,3/4/2023 15:09,4/10/2023 15:09,,
6255,2,86252,12/4/2023 09:47,13/10/2023 09:47,,
6256,2,144293,3/4/2023 14:22,4/10/2023 14:22,,
6257,2,15269,4/4/2023 16:16,5/10/2023 16:16,,
6258,2,13169,5/4/2023 09:45,6/10/2023 09:45,,
6259,2,16545,9/4/2023 20:07,10/10/2023 20:07,,
6262,3,91893,13/4/2023 23:39,13/4/2024 22:39,,
6263,3,19486,12/4/2023 12:11,12/4/2024 11:11,,
6265,3,8024,6/4/2023 14:18,6/4/2024 13:18,,
6273,2,25390,15/5/2023 22:29,15/11/2023 21:29,,
6274,3,69488,7/4/2023 15:22,7/4/2024 14:22,,
6275,2,9505,7/4/2023 18:10,8/10/2023 18:10,,
6276,2,38772,7/4/2023 18:28,8/10/2023 18:28,,
6277,3,96456,7/4/2023 19:32,7/4/2024 18:32,,
6279,3,109591,10/4/2023 10:04,10/4/2024 09:04,5/5/2023 15:30,128513
6280,2,73922,8/4/2023 07:35,9/10/2023 07:35,,
6283,2,64766,8/4/2023 11:24,9/10/2023 11:24,,
6284,2,25457,8/4/2023 14:51,9/10/2023 14:51,,
6287,3,8955,8/4/2023 17:41,8/4/2024 16:41,,
6289,3,30015,1/5/2023 11:42,1/5/2024 10:42,,
6291,3,9966,8/4/2023 19:01,8/4/2024 18:01,,
6292,3,30385,9/4/2023 16:00,9/4/2024 15:00,,
6295,3,26972,8/4/2023 22:30,8/4/2024 21:30,,
6296,2,37606,9/4/2023 09:06,10/10/2023 09:06,,
6297,3,77227,9/4/2023 10:45,9/4/2024 09:45,,
6298,3,63555,9/4/2023 13:08,9/4/2024 12:08,,
6299,3,83330,18/4/2023 11:13,18/4/2024 10:13,,
6300,3,28827,9/4/2023 13:12,9/4/2024 12:12,,
6302,2,18825,9/4/2023 17:02,10/10/2023 17:02,,
6303,2,26023,26/1/2024 15:51,28/7/2024 15:51,,
6304,2,41612,17/5/2023 12:05,17/11/2023 11:05,,
6307,3,64835,9/4/2023 21:35,9/4/2024 20:35,,
6308,3,61928,10/4/2023 07:24,10/4/2024 06:24,,
6311,2,7661,22/5/2023 18:55,22/11/2023 17:55,,
6314,2,38686,10/4/2023 16:22,11/10/2023 16:22,,
6315,2,52845,23/6/2023 09:32,24/12/2023 08:32,,
6316,3,16159,4/6/2023 11:24,4/6/2024 10:24,,
6317,2,9629,11/4/2023 06:47,12/10/2023 06:47,,
6318,3,109591,10/4/2024 09:04,11/4/2025 09:04,,
6319,2,175551,11/4/2023 10:22,12/10/2023 10:22,,
6322,2,11610,11/4/2023 14:39,12/10/2023 14:39,,
6323,2,15851,11/4/2023 17:20,12/10/2023 17:20,,
6325,2,16732,18/9/2023 11:03,20/3/2024 10:03,,
6326,3,58470,13/4/2023 22:13,13/4/2024 21:13,,
6327,2,99411,26/6/2023 18:43,27/12/2023 17:43,,
6328,3,40813,11/4/2023 19:09,11/4/2024 18:09,,
6332,2,26284,12/4/2023 13:59,13/10/2023 13:59,,
6333,2,70152,12/4/2023 14:17,13/10/2023 14:17,,
6336,2,8368,14/4/2023 10:00,15/10/2023 10:00,,
6338,3,45748,21/4/2023 13:11,21/4/2024 12:11,,
6339,2,28472,12/4/2023 22:02,13/10/2023 22:02,,
6340,3,32213,13/4/2023 10:06,13/4/2024 09:06,,
6342,3,22072,14/4/2023 15:09,14/4/2024 14:09,,
6343,2,137036,17/4/2023 12:56,18/10/2023 12:56,,
6344,3,16519,10/5/2023 15:48,10/5/2024 14:48,,
6346,3,74922,22/4/2023 11:27,22/4/2024 10:27,,
6348,3,66487,23/4/2023 19:38,23/4/2024 18:38,,
6349,3,77236,23/4/2023 21:02,23/4/2024 20:02,,
6355,2,9888,29/4/2023 12:48,30/10/2023 11:48,,
6356,3,83978,29/4/2023 17:12,29/4/2024 16:12,,
6357,3,19833,10/5/2023 19:24,10/5/2024 18:24,,
6359,2,56005,1/5/2023 16:22,1/11/2023 15:22,,
6360,3,9287,1/5/2023 14:26,1/5/2024 13:26,,
6362,3,9312,10/5/2023 22:11,10/5/2024 21:11,,
6363,2,181228,2/5/2023 14:31,2/11/2023 13:31,,
6364,3,94572,11/5/2023 12:05,11/5/2024 11:05,,
6365,2,14260,3/5/2023 17:06,3/11/2023 16:06,,
6366,2,33327,4/5/2023 17:05,4/11/2023 16:05,,
6368,2,54609,14/5/2023 19:59,14/11/2023 18:59,,
6371,2,11709,10/5/2023 10:47,10/11/2023 09:47,,
6372,2,25586,10/5/2023 12:57,10/11/2023 11:57,,
6373,2,30213,11/5/2023 19:34,11/11/2023 18:34,,
6375,3,131144,12/5/2023 19:00,12/5/2024 18:00,,
6377,3,38439,13/5/2023 11:23,13/5/2024 10:23,,
6378,3,42154,13/5/2023 21:25,13/5/2024 20:25,,
6379,2,182214,15/5/2023 08:20,15/11/2023 07:20,,
6381,2,47916,23/5/2023 14:06,23/11/2023 13:06,,
6383,3,8359,16/5/2023 10:44,16/5/2024 09:44,,
6385,3,69381,22/5/2023 18:02,22/5/2024 17:02,,
6386,2,64187,16/5/2023 19:08,16/11/2023 18:08,,
6387,2,68413,16/5/2023 19:10,16/11/2023 18:10,,
6388,2,31362,21/5/2023 11:31,21/11/2023 10:31,,
6389,3,53841,18/5/2023 11:13,18/5/2024 10:13,,
6390,3,47917,21/5/2023 14:15,21/5/2024 13:15,,
6391,3,45203,21/5/2023 11:12,21/5/2024 10:12,,
6392,3,55470,21/5/2023 19:03,21/5/2024 18:03,,
6393,3,39753,19/5/2023 11:39,19/5/2024 10:39,,
6394,3,20517,22/5/2023 15:48,22/5/2024 14:48,,
6395,2,70390,23/5/2023 11:17,23/11/2023 10:17,,
6396,3,57564,25/5/2023 20:12,25/5/2024 19:12,,
6397,2,97027,26/5/2023 10:32,26/11/2023 09:32,,
6399,3,96602,25/5/2023 12:20,25/5/2024 11:20,,
6400,3,118551,26/5/2023 08:34,26/5/2024 07:34,,
6403,3,55126,31/5/2023 22:27,31/5/2024 21:27,,
6404,2,19203,1/6/2023 19:47,2/12/2023 18:47,,
6407,2,10705,3/6/2023 17:53,4/12/2023 16:53,,
6408,3,184008,3/6/2023 18:51,3/6/2024 17:51,,
6411,2,44660,6/6/2023 19:44,7/12/2023 18:44,,
6412,2,20522,8/6/2023 11:04,9/12/2023 10:04,,
6413,3,8127,14/6/2023 11:14,14/6/2024 10:14,,
6414,3,45582,11/6/2023 11:49,11/6/2024 10:49,,
6415,2,51366,14/6/2023 21:49,15/12/2023 20:49,,
6417,3,7916,12/6/2023 18:05,12/6/2024 17:05,,
6418,2,67225,16/6/2023 13:32,17/12/2023 12:32,,
6419,2,19115,14/6/2023 16:43,15/12/2023 15:43,,
6423,2,117587,17/6/2023 21:00,18/12/2023 20:00,18/1/2023 22:33,96171
6424,3,41357,18/6/2023 19:19,18/6/2024 18:19,,
6425,3,27604,19/6/2023 12:55,19/6/2024 11:55,,
6427,2,159148,19/6/2023 16:52,20/12/2023 15:52,,
6428,3,162810,19/6/2023 19:07,19/6/2024 18:07,,
6429,2,55889,20/6/2023 14:06,21/12/2023 13:06,,
6430,2,44571,21/6/2023 09:42,22/12/2023 08:42,,
6432,3,85209,24/6/2023 13:46,24/6/2024 12:46,,
6433,2,31943,29/6/2023 21:32,30/12/2023 20:32,,
6435,3,54054,1/7/2023 16:29,1/7/2024 15:29,,
6436,2,64302,27/6/2023 13:19,28/12/2023 12:19,,
6437,2,8670,28/6/2023 12:04,29/12/2023 11:04,,
6438,3,43267,25/7/2023 13:00,25/7/2024 12:00,,
6439,2,9168,1/7/2023 19:01,1/1/2024 18:01,,
6440,3,97046,8/7/2023 20:45,8/7/2024 19:45,,
6441,3,41126,29/6/2023 13:53,29/6/2024 12:53,,
6442,2,108213,29/6/2023 19:28,30/12/2023 18:28,,
6445,2,92717,2/7/2023 19:03,2/1/2024 18:03,,
6447,2,45156,4/7/2023 11:25,4/1/2024 10:25,,
6452,2,28620,5/7/2023 17:04,5/1/2024 16:04,,
6453,2,30529,6/7/2023 10:17,6/1/2024 09:17,,
6454,2,9500,6/7/2023 13:32,6/1/2024 12:32,,
6455,3,46670,6/7/2023 18:07,6/7/2024 17:07,,
6456,3,165240,8/7/2023 10:54,8/7/2024 09:54,,
6458,2,42235,8/7/2023 19:37,8/1/2024 18:37,,
6459,2,148925,8/7/2023 21:24,8/1/2024 20:24,,
6460,2,8600,9/7/2023 12:33,9/1/2024 11:33,,
6461,3,11279,9/7/2023 15:24,9/7/2024 14:24,,
6462,3,26489,10/7/2023 16:59,10/7/2024 15:59,,
6463,2,24060,13/7/2023 19:25,13/1/2024 18:25,,
6465,3,18263,25/7/2023 11:17,25/7/2024 10:17,,
6466,2,181563,15/7/2023 12:19,15/1/2024 11:19,,
6467,2,110044,16/7/2023 11:50,16/1/2024 10:50,26/9/2023 12:12,96171
6468,2,19456,17/7/2023 14:09,17/1/2024 13:09,,
6469,2,37739,18/7/2023 17:40,18/1/2024 16:40,,
6470,3,142562,29/7/2023 07:31,29/7/2024 06:31,,
6473,3,82557,23/7/2023 19:23,23/7/2024 18:23,,
6474,2,142871,26/7/2023 12:06,26/1/2024 11:06,,
6477,2,10005,18/8/2023 21:13,18/2/2024 20:13,,
6479,2,18546,1/8/2023 10:22,1/2/2024 09:22,,
6480,2,56645,1/8/2023 17:03,1/2/2024 16:03,,
6481,2,43857,1/8/2023 20:06,1/2/2024 19:06,,
6482,3,122321,7/8/2023 17:33,7/8/2024 16:33,,
6483,2,9271,4/8/2023 11:22,4/2/2024 10:22,,
6484,2,144105,11/8/2023 13:48,11/2/2024 12:48,,
6485,3,44336,9/8/2023 14:15,9/8/2024 13:15,,
6486,2,69838,6/8/2023 14:23,6/2/2024 13:23,,
6487,3,49211,7/8/2023 14:58,7/8/2024 13:58,,
6488,2,29218,8/8/2023 09:08,8/2/2024 08:08,,
6489,3,70343,8/8/2023 09:36,8/8/2024 08:36,,
6491,3,9377,10/8/2023 17:01,10/8/2024 16:01,,
6492,2,73488,9/8/2023 16:26,9/2/2024 15:26,,
6493,2,37049,21/8/2023 14:53,21/2/2024 13:53,,
6494,3,146433,12/8/2023 17:24,12/8/2024 16:24,,
6496,3,60420,13/8/2023 19:34,13/8/2024 18:34,,
6497,3,36154,14/8/2023 13:30,14/8/2024 12:30,,
6498,3,59342,21/8/2023 10:27,21/8/2024 09:27,,
6500,3,30426,17/8/2023 16:04,17/8/2024 15:04,,
6501,2,18337,15/8/2023 10:15,15/2/2024 09:15,,
6503,2,9236,16/8/2023 16:38,16/2/2024 15:38,,
6504,2,19345,16/8/2023 14:14,16/2/2024 13:14,,
6505,2,48982,17/8/2023 10:42,17/2/2024 09:42,,
6506,3,165365,17/8/2023 11:21,17/8/2024 10:21,,
6507,3,9396,2/9/2023 19:44,2/9/2024 18:44,,
6509,3,40935,17/8/2023 15:17,17/8/2024 14:17,,
6510,2,23407,17/8/2023 15:24,17/2/2024 14:24,,
6513,3,162567,17/8/2023 18:43,17/8/2024 17:43,,
6514,3,19719,17/8/2023 19:49,17/8/2024 18:49,,
6515,2,7801,17/8/2023 20:03,17/2/2024 19:03,,
6516,3,34883,17/8/2023 20:44,17/8/2024 19:44,,
6520,2,52603,18/8/2023 09:44,18/2/2024 08:44,,
6522,2,44418,18/8/2023 11:08,18/2/2024 10:08,,
6523,2,9236,16/2/2024 15:38,18/8/2024 15:38,,
6524,2,87738,26/8/2023 13:36,26/2/2024 12:36,,
6525,2,38806,18/8/2023 12:42,18/2/2024 11:42,,
6526,2,62584,18/8/2023 19:29,18/2/2024 18:29,,
6527,2,74608,18/8/2023 14:02,18/2/2024 13:02,,
6528,2,52703,18/8/2023 15:18,18/2/2024 14:18,,
6529,3,36005,18/8/2023 16:15,18/8/2024 15:15,,
6530,3,64105,18/8/2023 16:47,18/8/2024 15:47,,
6532,2,61365,25/9/2023 09:12,27/3/2024 08:12,,
6533,3,63077,18/8/2023 17:59,18/8/2024 16:59,,
6535,2,64776,18/8/2023 19:39,18/2/2024 18:39,,
6538,2,25390,15/11/2023 21:29,17/5/2024 21:29,,
6540,3,69609,25/8/2023 14:23,25/8/2024 13:23,,
6541,2,38699,19/8/2023 14:19,19/2/2024 13:19,,
6542,3,59170,19/8/2023 16:48,19/8/2024 15:48,,
6543,2,27831,19/8/2023 20:43,19/2/2024 19:43,,
6545,3,61216,20/8/2023 08:50,20/8/2024 07:50,,
6546,3,41853,20/8/2023 10:00,20/8/2024 09:00,,
6547,3,62910,20/8/2023 12:15,20/8/2024 11:15,,
6548,2,58443,20/8/2023 14:06,20/2/2024 13:06,,
6549,2,44169,20/8/2023 14:33,20/2/2024 13:33,,
6550,2,73922,9/10/2023 07:35,10/4/2024 06:35,,
6551,2,15633,20/8/2023 18:23,20/2/2024 17:23,,
6552,2,22977,25/8/2023 20:42,25/2/2024 19:42,,
6555,3,66910,20/8/2023 22:48,20/8/2024 21:48,,
6556,3,11333,29/8/2023 08:30,29/8/2024 07:30,,
6557,3,24273,11/4/2024 18:48,12/4/2025 18:48,,
6558,2,73323,21/8/2023 12:13,21/2/2024 11:13,,
6559,3,66678,21/8/2023 13:07,21/8/2024 12:07,,
6561,3,54957,21/8/2023 16:34,21/8/2024 15:34,,
6563,3,11364,24/8/2023 10:14,24/8/2024 09:14,,
6565,2,36505,21/8/2023 19:38,21/2/2024 18:38,,
6566,2,38230,21/9/2023 20:57,23/3/2024 19:57,,
6569,3,61555,22/8/2023 18:06,22/8/2024 17:06,,
6570,3,30213,11/11/2023 18:34,11/11/2024 18:34,,
6572,2,24173,23/8/2023 09:20,23/2/2024 08:20,,
6574,3,12784,23/8/2023 11:01,23/8/2024 10:01,,
6575,3,7804,23/8/2023 12:02,23/8/2024 11:02,,
6578,3,49505,23/8/2023 17:57,23/8/2024 16:57,,
6579,2,9505,8/10/2023 18:10,9/4/2024 17:10,,
6580,2,81342,23/8/2023 20:20,23/2/2024 19:20,,
6583,3,59524,25/8/2023 14:53,25/8/2024 13:53,,
6587,3,59291,29/8/2023 14:00,29/8/2024 13:00,,
6589,3,135865,30/8/2023 17:33,30/8/2024 16:33,,
6590,3,49573,7/9/2023 17:38,7/9/2024 16:38,,
6592,3,7832,31/8/2023 13:48,31/8/2024 12:48,,
6593,2,9888,30/10/2023 11:48,1/5/2024 11:48,,
6594,3,11429,4/9/2023 12:04,4/9/2024 11:04,,
6595,3,13430,27/1/2024 09:13,27/1/2025 09:13,,
6596,2,52845,24/12/2023 08:32,25/6/2024 08:32,,
6598,2,72858,8/9/2023 08:35,10/3/2024 07:35,,
6599,2,64816,1/9/2023 16:43,3/3/2024 15:43,,
6600,3,11675,1/9/2023 18:04,1/9/2024 17:04,,
6601,3,106967,1/9/2023 21:58,1/9/2024 20:58,,
6604,3,19888,2/9/2023 11:48,2/9/2024 10:48,,
6605,3,10625,2/9/2023 13:58,2/9/2024 12:58,,
6608,2,99281,2/9/2023 18:48,4/3/2024 17:48,,
6609,3,34827,2/9/2023 19:07,2/9/2024 18:07,,
6611,2,87644,2/9/2023 20:05,4/3/2024 19:05,,
6613,3,32261,3/9/2023 09:15,3/9/2024 08:15,,
6614,3,151459,24/9/2023 18:17,24/9/2024 17:17,,
6616,3,49250,21/9/2023 17:29,21/9/2024 16:29,,
6618,2,9629,12/10/2023 06:47,13/4/2024 05:47,,
6619,3,62972,14/9/2023 12:04,14/9/2024 11:04,,
6622,2,56683,4/9/2023 19:41,6/3/2024 18:41,,
6623,3,28718,4/9/2023 20:41,4/9/2024 19:41,,
6625,3,50117,5/9/2023 09:49,5/9/2024 08:49,,
6626,3,29762,5/9/2023 15:51,5/9/2024 14:51,,
6627,2,11299,6/9/2023 13:09,8/3/2024 12:09,,
6629,2,26442,11/9/2023 20:00,13/3/2024 19:00,,
6631,2,10616,9/9/2023 12:02,11/3/2024 11:02,,
6632,2,71732,9/9/2023 21:04,11/3/2024 20:04,,
6633,3,9406,17/9/2023 11:43,17/9/2024 10:43,,
6637,2,43839,15/9/2023 18:07,17/3/2024 17:07,,
6638,2,52292,15/9/2023 20:06,17/3/2024 19:06,,
6639,2,27491,16/9/2023 10:13,18/3/2024 09:13,,
6640,2,41011,17/9/2023 08:14,19/3/2024 07:14,,
6641,2,9745,17/9/2023 17:53,19/3/2024 16:53,,
6642,2,40811,29/9/2023 10:29,31/3/2024 09:29,,
6644,3,29360,28/9/2023 12:34,28/9/2024 11:34,,
6648,2,98684,22/9/2023 13:29,24/3/2024 12:29,,
6649,2,28277,24/9/2023 08:55,26/3/2024 07:55,,
6650,3,38139,22/9/2023 18:49,22/9/2024 17:49,,
6651,3,84892,23/9/2023 17:43,23/9/2024 16:43,,
6653,2,58133,25/9/2023 11:02,27/3/2024 10:02,,
6655,2,78999,26/9/2023 16:02,28/3/2024 15:02,,
6656,2,100324,26/9/2023 18:57,28/3/2024 17:57,,
6657,2,49072,11/11/2023 08:01,13/5/2024 08:01,,
6658,2,55151,2/10/2023 08:35,3/4/2024 07:35,,
6659,2,113792,28/9/2023 11:54,30/3/2024 10:54,,
6660,2,155478,29/9/2023 10:04,31/3/2024 09:04,,
6661,3,36990,29/9/2023 10:08,29/9/2024 09:08,,
6663,2,60299,29/9/2023 13:50,31/3/2024 12:50,,
6664,3,106076,17/10/2023 13:21,17/10/2024 12:21,,
6665,2,56301,1/10/2023 11:39,2/4/2024 10:39,,
6668,2,13169,6/10/2023 09:45,7/4/2024 08:45,,
6669,2,114125,3/10/2023 21:15,4/4/2024 20:15,,
6671,2,10583,4/10/2023 21:16,5/4/2024 20:16,,
6672,3,43132,13/10/2023 21:29,13/10/2024 20:29,,
6673,3,81446,5/10/2023 15:56,5/10/2024 14:56,,
6674,2,26023,28/7/2024 15:51,28/1/2025 15:51,,
6676,3,78834,5/10/2023 18:04,5/10/2024 17:04,,
6677,3,11591,22/1/2024 14:06,22/1/2025 14:06,,
6678,3,68949,23/10/2023 21:19,23/10/2024 20:19,,
6679,2,175551,12/10/2023 10:22,13/4/2024 09:22,,
6680,2,15269,6/10/2023 10:13,7/4/2024 09:13,,
6681,3,36652,6/10/2023 10:18,6/10/2024 09:18,,
6683,3,147384,23/11/2023 09:56,23/11/2024 09:56,,
6684,2,86252,13/10/2023 09:47,14/4/2024 08:47,,
6685,3,9147,6/10/2023 17:03,6/10/2024 16:03,,
6686,3,59635,7/10/2023 09:13,7/10/2024 08:13,,
6687,3,25457,9/10/2023 14:51,9/10/2024 13:51,,
6690,3,100238,30/10/2023 11:15,30/10/2024 11:15,,
6692,3,29327,7/10/2023 16:26,7/10/2024 15:26,,
6693,2,179029,7/10/2023 19:22,8/4/2024 18:22,,
6694,2,122941,8/10/2023 09:34,9/4/2024 08:34,,
6695,3,43668,8/10/2023 15:09,8/10/2024 14:09,,
6698,3,44214,8/10/2023 16:21,8/10/2024 15:21,,
6702,2,81207,9/10/2023 08:40,10/4/2024 07:40,,
6703,2,18825,10/10/2023 17:02,11/4/2024 16:02,,
6704,2,71540,9/10/2023 16:48,10/4/2024 15:48,,
6705,3,44924,17/3/2024 11:27,18/3/2025 11:27,,
6708,3,23466,10/10/2023 11:54,10/10/2024 10:54,,
6709,2,64766,10/10/2023 12:17,11/4/2024 11:17,,
6711,2,9277,10/10/2023 13:30,11/4/2024 12:30,,
6712,3,29549,10/10/2023 17:22,10/10/2024 16:22,,
6716,2,28076,11/10/2023 14:31,12/4/2024 13:31,,
6718,2,38686,12/10/2023 13:27,13/4/2024 12:27,,
6719,2,11610,12/10/2023 16:22,13/4/2024 15:22,,
6721,3,48323,14/12/2023 18:05,14/12/2024 18:05,,
6723,2,15851,14/10/2023 15:06,15/4/2024 14:06,,
6724,3,8884,24/10/2023 08:43,24/10/2024 07:43,,
6725,3,18612,25/10/2023 18:19,25/10/2024 17:19,,
6727,2,33446,18/10/2023 20:11,19/4/2024 19:11,,
6728,2,77720,21/10/2023 17:53,22/4/2024 16:53,,
6731,3,15118,25/10/2023 09:32,25/10/2024 08:32,,
6732,3,10398,25/10/2023 11:19,25/10/2024 10:19,,
6733,3,131817,4/11/2023 10:26,4/11/2024 10:26,,
6737,3,189030,29/10/2023 17:54,29/10/2024 17:54,,
6738,3,94328,1/11/2023 13:20,1/11/2024 13:20,,
6739,2,15497,31/10/2023 16:04,2/5/2024 16:04,,
6740,2,14260,3/11/2023 16:06,5/5/2024 16:06,,
6741,2,56005,1/11/2023 18:36,3/5/2024 18:36,,
6743,2,11709,10/11/2023 09:47,12/5/2024 09:47,,
6744,3,55947,12/11/2023 11:24,12/11/2024 11:24,,
6745,2,16784,5/11/2023 10:02,7/5/2024 10:02,,
6746,2,33327,5/11/2023 15:20,7/5/2024 15:20,,
6748,2,181228,8/11/2023 17:51,10/5/2024 17:51,,
6750,2,41612,17/11/2023 11:05,19/5/2024 11:05,,
6753,3,22621,12/11/2023 20:18,12/11/2024 20:18,,
6754,2,21752,10/11/2023 17:08,12/5/2024 17:08,,
6755,3,47734,22/11/2023 18:11,22/11/2024 18:11,,
6756,3,8368,11/11/2023 14:06,11/11/2024 14:06,,
6758,2,54841,11/11/2023 15:26,13/5/2024 15:26,,
6759,2,182214,15/11/2023 07:20,17/5/2024 07:20,,
6764,2,23969,24/1/2024 19:20,26/7/2024 19:20,,
6765,3,107452,21/11/2023 18:23,21/11/2024 18:23,,
6766,3,68413,16/11/2023 18:10,16/11/2024 18:10,,
6768,2,136413,13/11/2023 13:22,15/5/2024 13:22,,
6769,3,16732,20/3/2024 10:03,21/3/2025 10:03,,
6771,3,7945,20/11/2023 11:44,20/11/2024 11:44,,
6772,2,7661,22/11/2023 17:55,24/5/2024 17:55,22/11/2023 21:15,128513
6773,3,70773,22/1/2024 16:00,22/1/2025 16:00,,
6776,2,25586,13/11/2023 21:33,15/5/2024 21:33,,
6777,2,45030,13/11/2023 22:21,15/5/2024 22:21,,
6778,2,31362,21/11/2023 10:31,23/5/2024 10:31,,
6780,3,16159,4/6/2024 10:24,5/6/2025 10:24,,
6782,3,43675,24/11/2023 13:03,24/11/2024 13:03,,
6783,2,11364,24/8/2024 09:14,24/2/2025 09:14,,
6785,2,9500,6/1/2024 12:32,8/7/2024 12:32,,
6786,2,54609,15/11/2023 18:51,17/5/2024 18:51,,
6790,3,55889,21/12/2023 13:06,21/12/2024 13:06,,
6791,2,59230,17/11/2023 12:19,19/5/2024 12:19,,
6792,2,64187,17/11/2023 22:20,19/5/2024 22:20,,
6796,2,71420,20/11/2023 19:53,22/5/2024 19:53,,
6797,3,68786,21/11/2023 11:18,21/11/2024 11:18,,
6798,3,76206,21/11/2023 15:55,21/11/2024 15:55,,
6802,2,97027,26/11/2023 09:32,28/5/2024 09:32,,
6803,3,30194,27/11/2023 07:14,27/11/2024 07:14,,
6805,3,74488,26/11/2023 21:54,26/11/2024 21:54,,
6808,3,28443,12/12/2023 14:51,12/12/2024 14:51,,
6809,3,143726,29/11/2023 16:43,29/11/2024 16:43,,
6814,2,19203,5/12/2023 12:00,6/6/2024 12:00,,
6815,2,44920,6/12/2023 09:53,7/6/2024 09:53,,
6816,3,97749,6/12/2023 19:29,6/12/2024 19:29,,
6817,3,64302,28/12/2023 12:19,28/12/2024 12:19,,
6818,3,71614,7/12/2023 11:39,7/12/2024 11:39,,
6819,3,36477,9/12/2023 16:13,9/12/2024 16:13,,
6821,2,9271,4/2/2024 10:22,6/8/2024 10:22,,
6824,2,85283,7/12/2023 15:32,8/6/2024 15:32,,
6826,2,94149,7/12/2023 19:00,8/6/2024 19:00,,
6827,3,45326,7/12/2023 19:32,7/12/2024 19:32,,
6829,2,40811,31/3/2024 09:29,1/10/2024 09:29,,
6830,3,18513,8/12/2023 09:49,8/12/2024 09:49,,
6832,2,70390,8/12/2023 10:50,9/6/2024 10:50,,
6834,2,143433,8/12/2023 14:15,9/6/2024 14:15,,
6835,2,44660,8/12/2023 15:27,9/6/2024 15:27,,
6836,3,90224,8/12/2023 16:12,8/12/2024 16:12,,
6837,3,94446,8/12/2023 16:13,8/12/2024 16:13,,
6839,3,29501,8/12/2023 20:29,8/12/2024 20:29,,
6840,3,58753,8/12/2023 20:53,8/12/2024 20:53,,
6841,2,18593,8/12/2023 21:01,9/6/2024 21:01,,
6844,3,16263,25/1/2024 14:57,25/1/2025 14:57,,
6845,2,51366,15/12/2023 20:49,16/6/2024 20:49,,
6846,3,8506,26/1/2024 18:04,26/1/2025 18:04,,
6847,2,88080,9/12/2023 16:35,10/6/2024 16:35,,
6848,2,37049,21/2/2024 13:53,23/8/2024 13:53,,
6849,3,109781,22/3/2024 12:26,23/3/2025 12:26,,
6850,3,164140,9/12/2023 18:30,9/12/2024 18:30,,
6851,3,36972,25/2/2024 09:56,25/2/2025 09:56,,
6854,2,22050,10/12/2023 11:52,11/6/2024 11:52,,
6855,3,39753,19/5/2024 10:39,20/5/2025 10:39,,
6856,3,120686,10/12/2023 14:15,10/12/2024 14:15,,
6859,3,45855,10/12/2023 17:16,10/12/2024 17:16,,
6861,3,22079,11/12/2023 10:05,11/12/2024 10:05,,
6864,3,92905,27/2/2024 15:04,27/2/2025 15:04,,
6866,2,10940,10/2/2027 13:36,13/8/2027 13:36,,
6867,3,104761,11/12/2023 16:07,11/12/2024 16:07,,
6868,2,46979,11/12/2023 18:01,12/6/2024 18:01,,
6869,2,181267,11/12/2023 18:12,12/6/2024 18:12,,
6873,3,55972,17/2/2024 20:27,17/2/2025 20:27,,
6874,3,144863,11/12/2023 20:59,11/12/2024 20:59,,
6875,2,18546,1/2/2024 09:22,3/8/2024 09:22,,
6876,3,69307,12/12/2023 11:51,12/12/2024 11:51,,
6877,2,161078,12/12/2023 16:15,13/6/2024 16:15,,
6878,2,19115,15/12/2023 15:43,16/6/2024 15:43,,
6879,3,70885,12/12/2023 20:30,12/12/2024 20:30,,
6880,2,99411,27/12/2023 17:43,28/6/2024 17:43,,
6882,3,20522,13/12/2023 16:33,13/12/2024 16:33,,
6886,3,21545,25/2/2024 08:02,25/2/2025 08:02,,
6888,2,142897,15/12/2023 17:52,16/6/2024 17:52,,
6890,2,184770,18/12/2023 12:14,19/6/2024 12:14,,
6891,2,67225,18/12/2023 18:44,19/6/2024 18:44,,
6892,2,117587,19/12/2023 20:21,20/6/2024 20:21,18/1/2023 22:33,96171
6894,3,23262,21/12/2023 11:05,21/12/2024 11:05,,
6895,3,46005,21/12/2023 18:57,21/12/2024 18:57,,
6896,2,117712,23/12/2023 17:21,24/6/2024 17:21,,
6897,2,159148,26/12/2023 15:26,27/6/2024 15:26,,
6898,3,12560,26/12/2023 16:19,26/12/2024 16:19,,
6900,2,9168,1/1/2024 18:01,3/7/2024 18:01,,
6901,2,8670,31/12/2023 14:35,2/7/2024 14:35,,
6904,3,87573,4/1/2024 14:21,4/1/2025 14:21,,
6905,2,10005,18/2/2024 20:13,20/8/2024 20:13,,
6906,2,31943,3/1/2024 19:22,5/7/2024 19:22,,
6907,2,92717,4/1/2024 12:15,6/7/2024 12:15,,
6909,2,28620,5/1/2024 18:39,7/7/2024 18:39,,
6910,3,54390,5/1/2024 21:34,5/1/2025 21:34,,
6912,3,105486,6/1/2024 16:05,6/1/2025 16:05,,
6913,2,45156,6/1/2024 20:49,8/7/2024 20:49,,
6914,2,108213,7/1/2024 15:57,9/7/2024 15:57,,
6915,3,28081,15/1/2024 20:36,15/1/2025 20:36,,
6916,3,70854,8/1/2024 16:38,8/1/2025 16:38,,
6918,2,129870,9/1/2024 10:20,11/7/2024 10:20,,
6920,3,144559,13/1/2024 16:03,13/1/2025 16:03,,
6921,2,24060,13/1/2024 18:25,15/7/2024 18:25,,
6922,2,30529,13/1/2024 07:58,15/7/2024 07:58,,
6923,3,15449,13/1/2024 18:41,13/1/2025 18:41,,
6924,3,59328,13/1/2024 18:56,13/1/2025 18:56,,
6926,3,181563,17/1/2024 18:06,17/1/2025 18:06,,
6927,2,110044,18/1/2024 11:21,20/7/2024 11:21,26/9/2023 12:12,128513
6930,2,19456,19/1/2024 11:00,21/7/2024 11:00,,
6931,2,61293,22/1/2024 11:35,24/7/2024 11:35,,
6933,2,29657,19/1/2024 21:07,21/7/2024 21:07,,
6935,3,29960,22/1/2024 18:50,22/1/2025 18:50,,
6937,3,76222,21/1/2024 17:59,21/1/2025 17:59,,
6939,3,20365,24/1/2024 14:42,24/1/2025 14:42,,
6940,2,49501,26/1/2024 21:43,28/7/2024 21:43,,
6941,3,35912,27/1/2024 22:01,27/1/2025 22:01,,
6945,3,70090,29/1/2024 16:21,29/1/2025 16:21,,
6946,3,35301,30/1/2024 14:36,30/1/2025 14:36,,
6947,3,81016,29/1/2024 19:58,29/1/2025 19:58,,
6948,3,67992,30/1/2024 12:42,30/1/2025 12:42,,
6949,3,56986,31/1/2024 10:43,31/1/2025 10:43,,
6950,2,43857,2/2/2024 09:02,4/8/2024 09:02,,
6952,2,26614,2/2/2024 15:42,4/8/2024 15:42,,
6954,2,29598,2/2/2024 20:38,4/8/2024 20:38,,
6955,2,24392,3/2/2024 10:09,5/8/2024 10:09,,
6956,3,50457,3/2/2024 20:50,3/2/2025 20:50,,
6957,3,84672,4/2/2024 16:54,4/2/2025 16:54,,
6959,3,10351,5/2/2024 13:21,5/2/2025 13:21,,
6961,2,144105,11/2/2024 12:48,13/8/2024 12:48,,
6962,2,120121,7/2/2024 11:24,9/8/2024 11:24,,
6964,2,69838,7/2/2024 17:23,9/8/2024 17:23,,
6965,2,23407,17/2/2024 14:24,19/8/2024 14:24,,
6966,3,41541,8/2/2024 11:26,8/2/2025 11:26,,
6967,2,42184,8/2/2024 12:39,10/8/2024 12:39,,
6971,3,21622,11/2/2024 12:55,11/2/2025 12:55,,
6973,3,29563,21/2/2024 11:21,21/2/2025 11:21,,
6974,2,179439,12/2/2024 14:46,14/8/2024 14:46,,
6975,2,142871,12/2/2024 15:29,14/8/2024 15:29,,
6979,3,20311,14/2/2024 20:05,14/2/2025 20:05,,
6980,3,46929,17/2/2024 20:22,17/2/2025 20:22,,
6983,2,62584,18/2/2024 19:46,20/8/2024 19:46,,
6984,3,79749,19/2/2024 11:24,19/2/2025 11:24,,
6986,3,129531,23/2/2024 18:43,23/2/2025 18:43,,
6987,3,44418,21/2/2024 18:30,21/2/2025 18:30,,
6988,2,73488,22/2/2024 19:03,24/8/2024 19:03,,
6990,3,9125,23/2/2024 13:15,23/2/2025 13:15,,
6996,3,22506,26/2/2024 17:05,26/2/2025 17:05,,
6997,3,45686,28/2/2024 19:46,28/2/2025 19:46,,
6999,2,26964,29/2/2024 20:38,31/8/2024 20:38,,
7002,2,22977,3/3/2024 09:40,3/9/2024 09:40,,
7007,3,10069,14/3/2024 12:44,15/3/2025 12:44,,
7008,2,29218,4/3/2024 12:11,4/9/2024 12:11,,
7009,3,50979,4/3/2024 16:32,5/3/2025 16:32,,
7012,3,41625,5/3/2024 17:20,6/3/2025 17:20,,
7013,2,18337,6/3/2024 20:37,6/9/2024 20:37,,
7014,2,72858,10/3/2024 07:35,10/9/2024 07:35,,
7017,2,15633,7/3/2024 17:01,7/9/2024 17:01,,
7018,2,42235,8/3/2024 09:24,8/9/2024 09:24,,
7019,2,38230,23/3/2024 19:57,23/9/2024 19:57,,
7020,2,49741,8/3/2024 16:58,8/9/2024 16:58,,
7021,2,39582,18/3/2024 16:28,18/9/2024 16:28,,
7022,3,47648,19/3/2024 10:01,20/3/2025 10:01,,
7023,3,9336,23/3/2024 21:29,24/3/2025 21:29,,
7024,2,11299,10/3/2024 09:21,10/9/2024 09:21,,
7027,3,20089,11/3/2024 13:48,12/3/2025 13:48,,
7030,2,10616,14/3/2024 09:56,14/9/2024 09:56,,
7032,3,34202,16/3/2024 13:02,17/3/2025 13:02,,
7034,2,41011,19/3/2024 07:14,19/9/2024 07:14,,
7036,3,129179,17/3/2024 09:22,18/3/2025 09:22,,
7037,3,86942,27/3/2024 13:08,28/3/2025 13:08,,
7038,2,61365,27/3/2024 08:12,27/9/2024 08:12,,
7041,2,36723,20/3/2024 18:08,20/9/2024 18:08,,
7042,2,26442,20/3/2024 19:02,20/9/2024 19:02,,
7043,2,43839,21/3/2024 18:11,21/9/2024 18:11,,
7044,2,88471,22/3/2024 20:49,22/9/2024 20:49,,
7046,2,28277,26/3/2024 07:55,26/9/2024 07:55,,
7047,3,47281,23/3/2024 21:48,24/3/2025 21:48,,
7049,2,9745,24/3/2024 18:49,24/9/2024 18:49,,
7050,3,160274,24/3/2024 19:41,25/3/2025 19:41,,
7052,3,24810,26/3/2024 10:52,27/3/2025 10:52,,
7053,3,85752,25/3/2024 14:54,26/3/2025 14:54,,
7054,2,35883,25/3/2024 16:08,25/9/2024 16:08,,
7055,3,43204,26/3/2024 09:30,27/3/2025 09:30,,
7056,2,64816,27/3/2024 17:12,27/9/2024 17:12,,
7059,3,100324,29/3/2024 17:08,30/3/2025 17:08,,
7061,2,155478,31/3/2024 09:55,1/10/2024 09:55,,
7062,2,78999,31/3/2024 11:03,1/10/2024 11:03,,
7063,3,91424,31/3/2024 15:14,1/4/2025 15:14,,
7065,2,55151,4/4/2024 10:04,5/10/2024 10:04,,
7066,2,8689,4/4/2024 16:34,5/10/2024 16:34,,
7067,2,86252,14/4/2024 08:47,15/10/2024 08:47,,
7068,3,148411,4/4/2024 19:36,5/4/2025 19:36,,
7074,3,89050,7/4/2024 12:06,8/4/2025 12:06,,
7075,2,60299,7/4/2024 16:03,8/10/2024 16:03,,
7076,2,56301,8/4/2024 17:48,9/10/2024 17:48,,
7077,2,15269,8/4/2024 20:23,9/10/2024 20:23,,
7078,2,13169,9/4/2024 09:58,10/10/2024 09:58,,
7080,2,34635,9/4/2024 15:11,10/10/2024 15:11,,
7081,3,43704,20/4/2024 19:38,21/4/2025 19:38,,
7082,2,179029,11/4/2024 18:33,12/10/2024 18:33,,
7083,2,64766,12/4/2024 13:56,13/10/2024 13:56,,
7084,2,9629,13/4/2024 05:47,14/10/2024 05:47,,
7087,3,58470,15/4/2024 18:17,16/4/2025 18:17,,
7088,3,22072,16/4/2024 10:07,17/4/2025 10:07,,
7089,3,26972,16/4/2024 10:22,17/4/2025 10:22,,
7090,2,38686,16/4/2024 10:43,17/10/2024 10:43,,
7092,2,83330,18/4/2024 10:13,19/10/2024 10:13,,
7093,2,15851,17/4/2024 17:21,18/10/2024 17:21,,
7098,3,45748,21/4/2024 15:30,22/4/2025 15:30,,
7099,2,9505,21/4/2024 19:24,22/10/2024 19:24,,
7100,3,74922,23/4/2024 09:58,24/4/2025 09:58,,
7103,3,66487,24/4/2024 15:48,25/4/2025 15:48,,
7104,2,98684,24/4/2024 18:10,25/10/2024 18:10,,
7105,3,77236,24/4/2024 19:13,25/4/2025 19:13,,
7107,3,61928,26/4/2024 06:21,27/4/2025 06:21,,
7110,3,40691,27/4/2024 12:59,28/4/2025 12:59,,
7111,3,9966,28/4/2024 09:08,29/4/2025 09:08,,
7112,3,30385,28/4/2024 09:32,29/4/2025 09:32,,
7114,3,148925,28/4/2024 12:33,29/4/2025 12:33,,
7117,2,28472,1/5/2024 10:05,1/11/2024 10:05,,
7118,3,9277,2/5/2024 09:21,3/5/2025 09:21,,
7119,3,9312,10/5/2024 21:11,11/5/2025 21:11,,
7120,3,16519,10/5/2024 14:48,11/5/2025 14:48,,
7122,2,9287,3/5/2024 11:16,3/11/2024 11:16,,
7124,2,56005,4/5/2024 11:24,4/11/2024 11:24,,
7128,3,74120,7/5/2024 09:28,8/5/2025 09:28,,
7130,3,19833,10/5/2024 18:24,11/5/2025 18:24,,
7131,2,14260,7/5/2024 20:03,7/11/2024 20:03,,
7132,2,10583,8/5/2024 07:32,8/11/2024 07:32,,
7133,3,30015,8/5/2024 14:55,9/5/2025 14:55,,
7134,2,54609,17/5/2024 18:51,17/11/2024 18:51,,
7135,3,94572,11/5/2024 11:05,12/5/2025 11:05,,
7137,3,21752,12/5/2024 17:08,13/5/2025 17:08,,
7139,2,52292,10/5/2024 19:44,10/11/2024 19:44,,
7141,2,33327,11/5/2024 14:22,11/11/2024 14:22,,
7144,2,49072,13/5/2024 08:01,13/11/2024 08:01,,
7146,3,8359,16/5/2024 09:44,17/5/2025 09:44,,
7149,2,56645,14/5/2024 16:11,14/11/2024 16:11,,
7150,3,38439,14/5/2024 17:50,15/5/2025 17:50,,
7153,2,9888,16/5/2024 05:51,16/11/2024 05:51,,
7154,2,81207,16/5/2024 06:55,16/11/2024 06:55,,
7155,2,31362,23/5/2024 10:31,23/11/2024 10:31,,
7156,3,47917,21/5/2024 13:15,22/5/2025 13:15,,
7157,3,91893,19/5/2024 14:32,20/5/2025 14:32,,
7160,3,69381,22/5/2024 17:02,23/5/2025 17:02,,
7161,3,45203,22/5/2024 14:03,23/5/2025 14:03,,
7162,2,64187,22/5/2024 16:24,22/11/2024 16:24,,
7163,3,20517,22/5/2024 18:28,23/5/2025 18:28,,
7164,2,25390,25/5/2024 08:27,25/11/2024 08:27,,
7165,2,13371,25/5/2024 19:28,25/11/2024 19:28,,
7166,3,33446,26/5/2024 19:56,27/5/2025 19:56,,
7167,3,71420,27/5/2024 17:01,28/5/2025 17:01,,
7168,3,83978,28/5/2024 11:09,29/5/2025 11:09,,
7169,2,57564,28/5/2024 13:28,28/11/2024 13:28,,
7170,2,97027,29/5/2024 10:03,29/11/2024 10:03,,
7177,3,55126,1/6/2024 19:04,2/6/2025 19:04,,
7179,2,68057,2/6/2024 12:08,3/12/2024 12:08,,
7180,2,64776,2/6/2024 17:57,3/12/2024 17:57,,
7181,2,45030,3/6/2024 10:03,4/12/2024 10:03,,
7182,2,19345,4/6/2024 14:06,5/12/2024 14:06,,
7183,3,184008,5/6/2024 17:37,6/6/2025 17:37,,
7184,3,8127,14/6/2024 10:14,15/6/2025 10:14,,
7185,3,96602,6/6/2024 11:52,7/6/2025 11:52,,
7187,2,88080,10/6/2024 16:35,11/12/2024 16:35,,
7190,2,43267,25/7/2024 12:00,25/1/2025 12:00,,
7192,2,52845,25/6/2024 08:32,26/12/2024 08:32,,
7193,3,45582,12/6/2024 16:42,13/6/2025 16:42,,
7194,3,44660,13/6/2024 10:36,14/6/2025 10:36,,
7195,2,184770,19/6/2024 12:14,20/12/2024 12:14,,
7199,2,19115,17/6/2024 16:53,18/12/2024 16:53,,
7201,2,27604,21/6/2024 14:15,22/12/2024 14:15,,
7202,2,143433,22/6/2024 18:51,23/12/2024 18:51,,
7203,2,22050,23/6/2024 08:20,24/12/2024 08:20,,
7205,2,117712,25/6/2024 06:52,26/12/2024 06:52,,
7206,3,85209,25/6/2024 11:09,26/6/2025 11:09,,
7207,2,159148,27/6/2024 15:26,28/12/2024 15:26,,
7209,2,99411,28/6/2024 17:43,29/12/2024 17:43,,
7210,3,9500,8/7/2024 12:32,9/7/2025 12:32,,
7214,3,41357,2/7/2024 14:24,3/7/2025 14:24,,
7215,2,117587,3/7/2024 12:56,3/1/2025 12:56,,
7217,3,165240,8/7/2024 09:54,9/7/2025 09:54,,
7218,3,41126,5/7/2024 15:48,6/7/2025 15:48,,
7219,3,18263,25/7/2024 10:17,26/7/2025 10:17,,
7220,2,8670,6/7/2024 13:42,6/1/2025 13:42,,
7223,3,42154,7/7/2024 21:01,8/7/2025 21:01,,
7224,3,46670,8/7/2024 07:07,9/7/2025 07:07,,
7225,2,19456,21/7/2024 11:00,21/1/2025 11:00,,
7226,2,92717,8/7/2024 21:09,8/1/2025 21:09,,
7227,2,45156,9/7/2024 15:54,9/1/2025 15:54,,
7228,2,44277,10/7/2024 16:45,10/1/2025 16:45,,
7229,3,11279,12/7/2024 10:27,13/7/2025 10:27,,
7231,3,186220,13/7/2024 13:32,14/7/2025 13:32,,
7234,2,9168,14/7/2024 08:43,14/1/2025 08:43,,
7235,3,162810,14/7/2024 17:05,15/7/2025 17:05,,
7236,3,97046,15/7/2024 09:54,16/7/2025 09:54,,
7237,3,26489,15/7/2024 10:51,16/7/2025 10:51,,
7239,2,24060,16/7/2024 09:32,16/1/2025 09:32,,
7240,2,44571,16/7/2024 18:09,16/1/2025 18:09,,
7241,2,129870,17/7/2024 14:48,17/1/2025 14:48,,
7245,2,67225,22/7/2024 09:23,22/1/2025 09:23,,
7247,2,110044,23/7/2024 11:24,23/1/2025 11:24,,
7251,2,82557,26/7/2024 15:07,26/1/2025 15:07,,
7253,3,26023,28/1/2025 15:51,29/1/2026 15:51,,
7256,2,23969,31/7/2024 15:55,31/1/2025 15:55,,
7258,2,31943,4/8/2024 08:45,4/2/2025 08:45,,
7259,2,30529,4/8/2024 09:17,4/2/2025 09:17,,
7260,3,61293,5/8/2024 17:13,6/8/2025 17:13,,
7261,2,26614,6/8/2024 14:05,6/2/2025 14:05,,
7263,2,120121,9/8/2024 11:24,9/2/2025 11:24,,
7264,2,43857,6/8/2024 19:14,6/2/2025 19:14,,
7265,2,29598,7/8/2024 17:12,7/2/2025 17:12,,
7266,2,144105,13/8/2024 12:48,13/2/2025 12:48,,
7268,3,162567,17/8/2024 17:43,18/8/2025 17:43,,
7269,2,23407,19/8/2024 14:24,19/2/2025 14:24,,
7271,2,146433,12/8/2024 16:24,12/2/2025 16:24,,
7272,3,70343,11/8/2024 15:12,12/8/2025 15:12,,
7273,2,69838,11/8/2024 15:32,11/2/2025 15:32,,
7274,3,49211,12/8/2024 12:42,13/8/2025 12:42,,
7275,2,64052,13/8/2024 11:33,13/2/2025 11:33,,
7278,3,64105,18/8/2024 15:47,19/8/2025 15:47,,
7280,3,59342,21/8/2024 09:27,22/8/2025 09:27,,
7281,3,60420,17/8/2024 20:36,18/8/2025 20:36,,
7282,2,32604,18/8/2024 07:17,18/2/2025 07:17,,
7284,2,54054,19/8/2024 12:35,19/2/2025 12:35,,
7286,2,17050,19/8/2024 18:32,19/2/2025 18:32,,
7287,2,62584,20/8/2024 19:46,20/2/2025 19:46,,
7291,3,19888,2/9/2024 10:48,3/9/2025 10:48,,
7293,3,36154,21/8/2024 08:37,22/8/2025 08:37,,
7294,2,10005,21/8/2024 18:15,21/2/2025 18:15,,
7297,3,59170,22/8/2024 12:07,23/8/2025 12:07,,
7298,2,66678,22/8/2024 14:41,22/2/2025 14:41,,
7299,2,7804,23/8/2024 11:02,23/2/2025 11:02,,
7300,3,69609,25/8/2024 13:23,26/8/2025 13:23,,
7301,2,24392,23/8/2024 13:41,23/2/2025 13:41,,
7304,2,73488,25/8/2024 11:19,25/2/2025 11:19,,
7305,2,18546,25/8/2024 12:52,25/2/2025 12:52,,
7309,3,59524,26/8/2024 14:12,27/8/2025 14:12,,
7311,3,62910,26/8/2024 19:56,27/8/2025 19:56,,
7314,3,59291,30/8/2024 10:13,31/8/2025 10:13,,
7318,2,185205,1/9/2024 08:17,4/3/2025 08:17,,
7322,3,83978,29/5/2025 11:09,30/5/2026 11:09,,
7323,3,9396,2/9/2024 19:43,3/9/2025 19:43,,
7324,2,29218,4/9/2024 12:11,7/3/2025 12:11,,
7325,2,72858,10/9/2024 07:35,13/3/2025 07:35,,
7329,3,67556,6/9/2024 10:10,7/9/2025 10:10,,
7330,3,29762,6/9/2024 11:38,7/9/2025 11:38,,
7332,3,50117,6/9/2024 14:54,7/9/2025 14:54,,
7333,3,106967,7/9/2024 11:32,8/9/2025 11:32,,
7335,3,19719,8/9/2024 15:30,9/9/2025 15:30,,
7337,3,23705,8/9/2024 20:26,9/9/2025 20:26,,
7338,3,135865,9/9/2024 12:52,10/9/2025 12:52,,
7340,3,50893,18/9/2024 17:19,19/9/2025 17:19,,
7347,2,18546,25/2/2025 12:52,28/8/2025 12:52,,
7348,2,15633,12/9/2024 09:14,15/3/2025 09:14,,
7349,3,12325,12/9/2024 12:36,13/9/2025 12:36,,
7351,2,29218,7/3/2025 12:11,7/9/2025 12:11,,
7352,3,70773,22/1/2025 16:00,23/1/2026 16:00,,
7353,3,8955,12/9/2024 16:18,13/9/2025 16:18,,
7354,3,49250,21/9/2024 16:29,22/9/2025 16:29,,
7355,3,28718,12/9/2024 18:54,13/9/2025 18:54,,
7357,2,22977,12/9/2024 21:38,15/3/2025 21:38,,
7360,3,100238,30/10/2024 11:15,31/10/2025 11:15,,
7362,2,9236,13/9/2024 10:48,16/3/2025 10:48,,
7363,3,64052,13/2/2025 11:33,14/2/2026 11:33,,
7364,3,96456,13/9/2024 11:26,14/9/2025 11:26,,
7365,2,28277,26/9/2024 07:55,29/3/2025 07:55,,
7366,3,83330,19/10/2024 10:13,20/10/2025 10:13,,
7367,3,62972,14/9/2024 11:04,15/9/2025 11:04,,
7368,3,32261,13/9/2024 14:57,14/9/2025 14:57,,
7370,2,38230,23/9/2024 19:57,26/3/2025 19:57,,
7371,2,129870,17/1/2025 14:48,20/7/2025 14:48,,
7372,3,68949,23/10/2024 20:19,24/10/2025 20:19,,
7374,3,11299,13/9/2024 20:08,14/9/2025 20:08,,
7375,3,63077,13/9/2024 20:49,14/9/2025 20:49,,
7377,3,36972,25/2/2025 09:56,26/2/2026 09:56,,
7379,3,7945,20/11/2024 11:44,21/11/2025 11:44,,
7380,3,106076,17/10/2024 12:21,18/10/2025 12:21,,
7383,3,34883,14/9/2024 14:44,15/9/2025 14:44,,
7384,3,39753,20/5/2025 10:39,21/5/2026 10:39,,
7385,3,13430,27/1/2025 09:13,28/1/2026 09:13,,
7387,3,34827,14/9/2024 17:37,15/9/2025 17:37,,
7388,2,94149,14/9/2024 17:57,17/3/2025 17:57,,
7389,3,30213,11/11/2024 18:34,12/11/2025 18:34,,
7391,2,88080,11/12/2024 16:35,13/6/2025 16:35,,
7392,3,63555,15/9/2024 12:14,16/9/2025 12:14,,
7394,2,41612,15/9/2024 15:27,18/3/2025 15:27,,
7396,2,38699,15/9/2024 19:38,18/3/2025 19:38,,
7397,3,36679,15/9/2024 20:02,16/9/2025 20:02,,
7401,2,26964,16/9/2024 09:56,19/3/2025 09:56,,
7403,3,13371,25/11/2024 19:28,26/11/2025 19:28,,
7408,3,45582,13/6/2025 16:42,14/6/2026 16:42,,
7412,3,11610,16/9/2024 15:57,17/9/2025 15:57,,
7414,2,46979,16/9/2024 17:36,19/3/2025 17:36,,
7416,3,40935,16/9/2024 19:53,17/9/2025 19:53,,
7417,3,39633,16/9/2024 20:45,17/9/2025 20:45,,
7421,2,9629,14/10/2024 05:47,16/4/2025 05:47,,
7428,2,28656,17/9/2024 18:24,20/3/2025 18:24,,
7430,3,118551,17/9/2024 19:57,18/9/2025 19:57,,
7433,3,41853,18/9/2024 07:44,19/9/2025 07:44,,
7434,3,10616,18/9/2024 08:32,19/9/2025 08:32,,
7435,2,49741,18/9/2024 09:57,21/3/2025 09:57,,
7438,3,29360,28/9/2024 11:34,29/9/2025 11:34,,
7440,3,58524,18/9/2024 17:38,19/9/2025 17:38,,
7441,2,74608,18/9/2024 18:23,21/3/2025 18:23,,
7445,2,39582,19/9/2024 14:59,22/3/2025 14:59,,
7446,2,28620,19/9/2024 18:24,22/3/2025 18:24,,
7447,3,49986,20/9/2024 07:01,21/9/2025 07:01,,
7448,3,49573,20/9/2024 09:36,21/9/2025 09:36,,
7451,3,41011,22/9/2024 08:26,23/9/2025 08:26,,
7453,3,48323,14/12/2024 18:05,15/12/2025 18:05,,
7454,3,88471,24/9/2024 17:06,25/9/2025 17:06,,
7455,3,151459,25/9/2024 08:30,26/9/2025 08:30,,
7457,2,11675,26/9/2024 19:04,29/3/2025 19:04,,
7458,2,61365,27/9/2024 11:23,30/3/2025 11:23,,
7459,2,9745,27/9/2024 19:39,30/3/2025 19:39,,
7460,3,84892,28/9/2024 12:09,29/9/2025 12:09,,
7461,2,29657,28/9/2024 16:26,31/3/2025 16:26,,
7463,2,155478,1/10/2024 23:21,3/4/2025 23:21,,
7464,2,78999,3/10/2024 10:43,5/4/2025 10:43,,
7465,2,44038,3/10/2024 16:38,5/4/2025 16:38,,
7468,2,55151,7/10/2024 10:31,9/4/2025 10:31,,
7469,2,15497,7/10/2024 13:35,9/4/2025 13:35,,
7470,2,142897,7/10/2024 16:37,9/4/2025 16:37,,
7472,3,29327,8/10/2024 18:08,9/10/2025 18:08,,
7473,2,26442,9/10/2024 10:26,11/4/2025 10:26,,
7474,3,38139,9/10/2024 13:30,10/10/2025 13:30,,
7475,2,13169,10/10/2024 09:58,12/4/2025 09:58,,
7476,2,15269,9/10/2024 20:23,11/4/2025 20:23,,
7477,2,15851,18/10/2024 17:21,20/4/2025 17:21,,
7479,3,35883,10/10/2024 12:27,11/10/2025 12:27,,
7480,2,8689,10/10/2024 17:04,12/4/2025 17:04,,
7481,2,59635,10/10/2024 19:15,12/4/2025 19:15,,
7483,2,9147,11/10/2024 09:10,13/4/2025 09:10,,
7484,2,8275,11/10/2024 14:00,13/4/2025 14:00,,
7486,2,60299,12/10/2024 12:01,14/4/2025 12:01,,
7487,2,29549,12/10/2024 15:37,14/4/2025 15:37,,
7491,3,34635,14/10/2024 13:51,15/10/2025 13:51,,
7493,3,36990,15/10/2024 15:49,16/10/2025 15:49,,
7494,2,64766,15/10/2024 18:38,17/4/2025 18:38,,
7496,2,86252,16/10/2024 14:53,18/4/2025 14:53,,
7498,3,147384,23/11/2024 09:56,24/11/2025 09:56,,
7499,2,88080,13/6/2025 16:35,14/12/2025 16:35,,
7500,2,38806,17/10/2024 13:39,19/4/2025 13:39,,
7502,3,35912,27/1/2025 22:01,28/1/2026 22:01,,
7503,2,59635,12/4/2025 19:15,13/10/2025 19:15,,
7504,2,10625,17/10/2024 16:43,19/4/2025 16:43,,
7505,3,8884,24/10/2024 07:43,25/10/2025 07:43,,
7507,2,52603,18/10/2024 09:46,20/4/2025 09:46,,
7510,2,18825,18/10/2024 13:49,20/4/2025 13:49,,
7512,2,9505,22/10/2024 19:24,24/4/2025 19:24,,
7514,3,189030,29/10/2024 17:54,30/10/2025 17:54,,
7515,3,43132,18/10/2024 19:59,19/10/2025 19:59,,
7516,2,64302,28/12/2024 12:19,30/6/2025 12:19,,
7517,2,44169,19/10/2024 08:56,21/4/2025 08:56,,
7519,3,20522,13/12/2024 16:33,14/12/2025 16:33,,
7520,3,25457,19/10/2024 16:34,20/10/2025 16:34,,
7522,2,52292,10/11/2024 19:44,13/5/2025 19:44,,
7527,3,99523,21/10/2024 12:40,22/10/2025 12:40,,
7529,3,15118,25/10/2024 08:32,26/10/2025 08:32,,
7530,2,16732,21/3/2025 10:03,21/9/2025 10:03,,
7532,3,68413,16/11/2024 18:10,17/11/2025 18:10,,
7533,2,9147,13/4/2025 09:10,14/10/2025 09:10,,
7535,3,36005,23/10/2024 17:49,24/10/2025 17:49,,
7539,2,56301,24/10/2024 14:34,26/4/2025 14:34,,
7547,3,43668,27/10/2024 19:57,28/10/2025 19:57,,
7548,2,98684,28/10/2024 19:51,30/4/2025 19:51,,
7551,2,144293,30/10/2024 20:12,2/5/2025 20:12,,
7552,3,10398,31/10/2024 08:49,1/11/2025 08:49,,
7553,2,11429,1/11/2024 09:17,4/5/2025 09:17,,
7554,3,149591,1/11/2024 10:39,2/11/2025 10:39,,
7555,3,131817,4/11/2024 10:26,5/11/2025 10:26,,
7556,2,11709,2/11/2024 11:04,5/5/2025 11:04,,
7557,2,56005,4/11/2024 11:24,7/5/2025 11:24,,
7561,3,9406,4/11/2024 09:56,5/11/2025 09:56,,
7562,3,94328,4/11/2024 11:48,5/11/2025 11:48,,
7563,3,9287,4/11/2024 17:29,5/11/2025 17:29,,
7564,2,38686,4/11/2024 19:41,7/5/2025 19:41,,
7569,2,49072,13/11/2024 08:01,16/5/2025 08:01,,
7570,2,14260,10/11/2024 16:37,13/5/2025 16:37,,
7571,2,54609,17/11/2024 18:51,20/5/2025 18:51,,
7572,3,55947,12/11/2024 16:54,13/11/2025 16:54,,
7577,2,33327,15/11/2024 21:57,18/5/2025 21:57,,
7578,3,76206,21/11/2024 15:55,22/11/2025 15:55,,
7580,3,64835,19/11/2024 10:15,20/11/2025 10:15,,
7581,2,103979,20/11/2024 15:09,23/5/2025 15:09,,
7582,2,8368,21/11/2024 01:11,24/5/2025 01:11,,
7583,3,71614,7/12/2024 11:39,8/12/2025 11:39,,
7588,3,24273,12/4/2025 18:48,13/4/2026 18:48,,
7589,2,64816,21/11/2024 18:52,24/5/2025 18:52,,
7590,3,170320,21/11/2024 18:59,22/11/2025 18:59,,
7592,2,31362,23/11/2024 10:31,26/5/2025 10:31,,
7594,3,95152,22/11/2024 07:01,23/11/2025 07:01,,
7595,2,97027,29/11/2024 10:03,1/6/2025 10:03,,
7596,2,9888,22/11/2024 13:01,25/5/2025 13:01,,
7597,2,9271,22/11/2024 15:18,25/5/2025 15:18,,
7598,2,9271,25/5/2025 15:18,25/11/2025 15:18,,
7599,3,22621,22/11/2024 16:46,23/11/2025 16:46,,
7602,3,29501,8/12/2024 20:29,9/12/2025 20:29,,
7604,2,52845,26/12/2024 08:32,28/6/2025 08:32,,
7606,3,47734,23/11/2024 10:16,24/11/2025 10:16,,
7607,3,107452,23/11/2024 12:23,24/11/2025 12:23,,
7608,3,68786,23/11/2024 15:22,24/11/2025 15:22,,
7611,2,28827,23/11/2024 16:58,26/5/2025 16:58,,
7612,3,30194,27/11/2024 07:14,28/11/2025 07:14,,
7613,3,55889,21/12/2024 13:06,22/12/2025 13:06,,
7614,3,8024,24/11/2024 15:54,25/11/2025 15:54,,
7616,3,120686,10/12/2024 14:15,11/12/2025 14:15,,
7619,3,8506,26/1/2025 18:04,27/1/2026 18:04,,
7620,3,43675,25/11/2024 19:23,26/11/2025 19:23,,
7622,3,45326,7/12/2024 19:32,8/12/2025 19:32,,
7623,3,47220,26/11/2024 13:40,27/11/2025 13:40,,
7625,2,19345,5/12/2024 14:06,7/6/2025 14:06,,
7626,3,82557,26/1/2025 15:07,27/1/2026 15:07,,
7627,3,64187,26/11/2024 18:36,27/11/2025 18:36,,
7628,3,10583,26/11/2024 18:40,27/11/2025 18:40,,
7633,3,165365,27/11/2024 21:19,28/11/2025 21:19,,
7634,3,74488,28/11/2024 18:09,29/11/2025 18:09,,
7635,3,18513,8/12/2024 09:49,9/12/2025 09:49,,
7637,2,25390,30/11/2024 10:17,2/6/2025 10:17,,
7638,3,22079,11/12/2024 10:05,12/12/2025 10:05,,
7640,2,64776,3/12/2024 17:57,5/6/2025 17:57,,
7642,3,143726,2/12/2024 18:42,3/12/2025 18:42,,
7643,3,104761,11/12/2024 16:07,12/12/2025 16:07,,
7644,2,45030,4/12/2024 10:03,6/6/2025 10:03,,
7645,2,68057,5/12/2024 03:37,7/6/2025 03:37,,
7649,3,164140,9/12/2024 18:30,10/12/2025 18:30,,
7650,2,57564,10/12/2024 21:46,12/6/2025 21:46,,
7651,3,28443,12/12/2024 14:51,13/12/2025 14:51,,
7655,3,97749,13/12/2024 16:47,14/12/2025 16:47,,
7656,2,179029,13/12/2024 19:34,15/6/2025 19:34,,
7659,3,46005,21/12/2024 18:57,22/12/2025 18:57,,
7661,2,19115,18/12/2024 16:53,20/6/2025 16:53,,
7662,2,27604,23/12/2024 19:13,25/6/2025 19:13,,
7663,3,12560,26/12/2024 16:19,27/12/2025 16:19,,
7664,2,22050,26/12/2024 18:39,28/6/2025 18:39,,
7667,2,83936,28/12/2024 15:47,30/6/2025 15:47,,
7668,2,117712,29/12/2024 11:59,1/7/2025 11:59,,
7669,2,19203,30/12/2024 08:16,2/7/2025 08:16,,
7673,2,143433,31/12/2024 00:30,3/7/2025 00:30,,
7676,2,99411,2/1/2025 13:56,5/7/2025 13:56,,
7680,3,112631,3/1/2025 16:51,4/1/2026 16:51,,
7684,3,61568,7/1/2025 13:02,8/1/2026 13:02,,
7685,2,8670,7/1/2025 13:38,10/7/2025 13:38,,
7691,3,144559,13/1/2025 16:03,14/1/2026 16:03,,
7692,3,70885,11/1/2025 15:02,12/1/2026 15:02,,
7693,3,87573,11/1/2025 20:17,12/1/2026 20:17,,
7694,3,43267,25/1/2025 12:00,26/1/2026 12:00,,
7695,3,7916,12/1/2025 13:15,13/1/2026 13:15,,
7696,3,69307,12/1/2025 16:29,13/1/2026 16:29,,
7697,2,92717,12/1/2025 21:41,15/7/2025 21:41,,
7702,2,40588,13/1/2025 18:20,16/7/2025 18:20,,
7705,2,117587,13/1/2025 20:24,16/7/2025 20:24,,
7706,2,184770,15/1/2025 12:16,18/7/2025 12:16,,
7707,3,28081,15/1/2025 20:36,16/1/2026 20:36,,
7709,2,59328,16/1/2025 10:26,19/7/2025 10:26,,
7710,2,110044,23/1/2025 11:24,26/7/2025 11:24,,
7711,3,15449,16/1/2025 10:55,17/1/2026 10:55,,
7712,3,16263,25/1/2025 14:57,26/1/2026 14:57,,
7713,2,8821,17/1/2025 10:09,20/7/2025 10:09,,
7714,3,70854,17/1/2025 16:22,18/1/2026 16:22,,
7715,2,159148,18/1/2025 09:01,21/7/2025 09:01,,
7717,3,45156,18/1/2025 10:53,19/1/2026 10:53,,
7719,2,9168,18/1/2025 18:31,21/7/2025 18:31,,
7722,3,29960,22/1/2025 18:50,23/1/2026 18:50,,
7724,3,54390,21/1/2025 08:51,22/1/2026 08:51,,
7725,3,11591,22/1/2025 18:17,23/1/2026 18:17,,
7726,3,81016,29/1/2025 19:58,30/1/2026 19:58,,
7727,2,67225,23/1/2025 11:00,26/7/2025 11:00,,
7728,3,70090,29/1/2025 16:21,30/1/2026 16:21,,
7729,3,20365,25/1/2025 12:03,26/1/2026 12:03,,
7731,3,181563,25/1/2025 21:02,26/1/2026 21:02,,
7733,2,19456,26/1/2025 10:29,29/7/2025 10:29,,
7738,3,76222,30/1/2025 12:12,31/1/2026 12:12,,
7740,3,67992,31/1/2025 15:47,1/2/2026 15:47,,
7741,3,50457,3/2/2025 20:50,4/2/2026 20:50,,
7743,2,77227,1/2/2025 11:01,4/8/2025 11:01,,
7744,3,7949,1/2/2025 16:22,2/2/2026 16:22,,
7753,2,43857,7/2/2025 16:26,10/8/2025 16:26,,
7754,3,26614,7/2/2025 16:39,8/2/2026 16:39,,
7758,3,10705,9/2/2025 10:46,10/2/2026 10:46,,
7759,2,31943,9/2/2025 15:12,12/8/2025 15:12,,
7760,2,23407,19/2/2025 14:24,22/8/2025 14:24,,
7761,2,29598,9/2/2025 18:35,12/8/2025 18:35,,
7762,2,120121,10/2/2025 11:42,13/8/2025 11:42,,
7765,3,41541,11/2/2025 07:54,12/2/2026 07:54,,
7766,3,29563,21/2/2025 11:21,22/2/2026 11:21,,
7769,3,56986,12/2/2025 11:13,13/2/2026 11:13,,
7770,2,144105,13/2/2025 13:33,16/8/2025 13:33,,
7771,2,44277,13/2/2025 14:55,16/8/2025 14:55,,
7772,3,129531,23/2/2025 18:43,24/2/2026 18:43,,
7773,3,69838,14/2/2025 17:11,15/2/2026 17:11,,
7776,2,146433,16/2/2025 17:46,19/8/2025 17:46,,
7780,3,46929,18/2/2025 18:45,19/2/2026 18:45,,
7782,2,53064,19/2/2025 15:51,22/8/2025 15:51,,
7788,2,10005,22/2/2025 11:20,25/8/2025 11:20,,
7790,2,62584,22/2/2025 20:17,25/8/2025 20:17,,
7792,3,21545,25/2/2025 08:02,26/2/2026 08:02,,
7793,2,24392,23/2/2025 21:34,26/8/2025 21:34,,
7794,2,66678,24/2/2025 17:52,27/8/2025 17:52,,
7796,3,11364,25/2/2025 15:49,26/2/2026 15:49,,
7797,3,22506,26/2/2025 17:05,27/2/2026 17:05,,
7802,2,73488,27/2/2025 17:15,30/8/2025 17:15,,
7803,3,9125,28/2/2025 17:57,1/3/2026 17:57,,
7806,3,21622,2/3/2025 11:42,3/3/2026 11:42,,
7807,3,41412,2/3/2025 17:47,3/3/2026 17:47,,
7808,2,28472,3/3/2025 09:42,3/9/2025 09:42,,
7809,2,72858,13/3/2025 07:35,13/9/2025 07:35,,
7810,3,50979,5/3/2025 16:32,6/3/2026 16:32,,
7811,3,92905,5/3/2025 13:59,6/3/2026 13:59,,
7812,3,19486,5/3/2025 14:37,6/3/2026 14:37,,
7814,3,10069,15/3/2025 12:44,16/3/2026 12:44,,
7815,3,34202,17/3/2025 13:02,18/3/2026 13:02,,
7816,2,30529,7/3/2025 15:04,7/9/2025 15:04,,
7820,3,47648,20/3/2025 10:01,21/3/2026 10:01,,
7825,2,38230,26/3/2025 19:57,26/9/2025 19:57,,
7830,3,20089,13/3/2025 21:25,14/3/2026 21:25,,
7834,2,15633,15/3/2025 19:36,15/9/2025 19:36,,
7835,3,129179,18/3/2025 09:22,19/3/2026 09:22,,
7837,3,44924,18/3/2025 11:27,19/3/2026 11:27,,
7840,3,24810,27/3/2025 10:52,28/3/2026 10:52,,
7841,3,86942,28/3/2025 13:08,29/3/2026 13:08,,
7843,2,26964,19/3/2025 17:44,19/9/2025 17:44,,
7844,2,36464,20/3/2025 18:00,20/9/2025 18:00,,
7845,2,39582,22/3/2025 14:59,22/9/2025 14:59,,
7847,3,47281,24/3/2025 21:48,25/3/2026 21:48,,
7851,3,9336,25/3/2025 19:13,26/3/2026 19:13,,
7852,3,109781,26/3/2025 11:41,27/3/2026 11:41,,
7857,2,28277,29/3/2025 12:41,29/9/2025 12:41,,
7858,2,49741,29/3/2025 15:42,29/9/2025 15:42,,
7860,3,85752,30/3/2025 07:48,31/3/2026 07:48,,
7862,3,165502,31/3/2025 09:42,1/4/2026 09:42,,
7864,2,28620,1/4/2025 12:47,2/10/2025 12:47,,
7865,3,20311,1/4/2025 19:08,2/4/2026 19:08,,
7867,3,91424,2/4/2025 18:52,3/4/2026 18:52,,
7869,2,13169,12/4/2025 09:58,13/10/2025 09:58,,
7871,2,155478,5/4/2025 10:15,6/10/2025 10:15,,
7874,3,15269,11/4/2025 20:23,12/4/2026 20:23,,
7875,2,8689,12/4/2025 17:04,13/10/2025 17:04,,
7877,2,9745,8/4/2025 15:03,9/10/2025 15:03,,
7879,3,55151,9/4/2025 10:31,10/4/2026 10:31,,
7880,3,22072,17/4/2025 10:07,18/4/2026 10:07,,
7883,2,86252,18/4/2025 14:53,19/10/2025 14:53,,
7884,2,26442,11/4/2025 10:26,12/10/2025 10:26,,
7885,2,9629,16/4/2025 05:47,17/10/2025 05:47,,
7886,2,27287,11/4/2025 16:36,12/10/2025 16:36,,
7887,3,89050,13/4/2025 08:46,14/4/2026 08:46,,
7889,2,78999,14/4/2025 15:32,15/10/2025 15:32,,
7890,3,43204,15/4/2025 16:11,16/4/2026 16:11,,
7891,2,29549,15/4/2025 16:40,16/10/2025 16:40,,
7894,3,26972,18/4/2025 08:20,19/4/2026 08:20,,
7895,2,64766,18/4/2025 12:53,19/10/2025 12:53,,
7896,3,15851,20/4/2025 17:21,21/4/2026 17:21,,
7897,3,45748,22/4/2025 15:30,23/4/2026 15:30,,
7898,3,84672,21/4/2025 13:08,22/4/2026 13:08,,
7899,3,8275,21/4/2025 16:57,22/4/2026 16:57,,
7903,2,183815,23/4/2025 14:35,24/10/2025 14:35,,
7906,3,74922,25/4/2025 10:37,26/4/2026 10:37,,
7908,2,9505,25/4/2025 13:11,26/10/2025 13:11,,
7911,3,51491,27/4/2025 11:13,28/4/2026 11:13,,
7913,2,56301,27/4/2025 18:07,28/10/2025 18:07,,
7914,3,40691,28/4/2025 12:59,29/4/2026 12:59,,
7915,3,16519,11/5/2025 14:48,12/5/2026 14:48,,
7916,3,7804,29/4/2025 09:05,30/4/2026 09:05,,
7918,2,20482,30/4/2025 12:11,31/10/2025 12:11,,
7919,3,77236,30/4/2025 16:21,1/5/2026 16:21,,
7920,3,19833,11/5/2025 18:24,12/5/2026 18:24,,
7921,3,9312,11/5/2025 21:11,12/5/2026 21:11,,
7923,3,9966,3/5/2025 07:59,4/5/2026 07:59,,
7924,2,56005,7/5/2025 11:24,7/11/2025 11:24,,
7925,2,64956,5/5/2025 06:42,5/11/2025 06:42,,
7926,3,66487,5/5/2025 07:26,6/5/2026 07:26,,
7929,3,30385,6/5/2025 07:11,7/5/2026 07:11,,
7930,2,100324,6/5/2025 10:39,6/11/2025 10:39,,
7933,3,98684,7/5/2025 10:02,8/5/2026 10:02,,
7934,3,49072,16/5/2025 08:01,17/5/2026 08:01,,
7935,3,8359,17/5/2025 09:44,18/5/2026 09:44,,
7937,3,74120,8/5/2025 16:10,9/5/2026 16:10,,
7938,3,30015,9/5/2025 15:20,10/5/2026 15:20,,
7941,3,9277,10/5/2025 15:25,11/5/2026 15:25,,
7943,2,21752,13/5/2025 17:08,13/11/2025 17:08,,
7946,2,109591,12/5/2025 10:45,12/11/2025 10:45,,
7949,3,45203,23/5/2025 14:03,24/5/2026 14:03,,
7950,2,54609,20/5/2025 18:51,20/11/2025 18:51,,
7951,3,94572,14/5/2025 10:04,15/5/2026 10:04,,
7952,2,14260,14/5/2025 19:21,14/11/2025 19:21,,
7954,2,139580,15/5/2025 11:31,15/11/2025 11:31,,
7955,3,58470,15/5/2025 18:25,16/5/2026 18:25,,
7956,2,60299,16/5/2025 08:25,16/11/2025 08:25,,
7958,2,69766,16/5/2025 10:59,16/11/2025 10:59,,
7959,3,38439,17/5/2025 14:35,18/5/2026 14:35,,
7963,2,31362,26/5/2025 10:31,26/11/2025 10:31,,
7966,3,69381,23/5/2025 17:02,24/5/2026 17:02,,
7967,3,47917,22/5/2025 13:15,23/5/2026 13:15,,
7971,2,33327,21/5/2025 19:50,21/11/2025 19:50,,
7973,3,69609,26/8/2025 13:23,27/8/2026 13:23,,
7974,3,20517,24/5/2025 13:33,25/5/2026 13:33,,
7977,2,8368,26/5/2025 05:04,26/11/2025 05:04,,
7978,2,55972,27/5/2025 16:14,27/11/2025 16:14,,
7980,3,33446,28/5/2025 15:20,29/5/2026 15:20,,
7984,2,9888,30/5/2025 10:24,30/11/2025 10:24,,
7985,3,16159,5/6/2025 10:24,6/6/2026 10:24,,
7988,2,25390,3/6/2025 13:54,4/12/2025 13:54,,
7989,3,55126,3/6/2025 18:48,4/6/2026 18:48,,
7990,2,29657,4/6/2025 19:00,5/12/2025 19:00,,
7992,2,45030,6/6/2025 10:03,7/12/2025 10:03,,
7993,3,96602,7/6/2025 11:52,8/6/2026 11:52,,
7994,3,38686,5/6/2025 17:23,6/6/2026 17:23,,
7996,2,97027,8/6/2025 13:49,9/12/2025 13:49,,
7999,3,8127,15/6/2025 10:14,16/6/2026 10:14,,
8001,3,57564,14/6/2025 16:41,15/6/2026 16:41,,
8005,2,44660,16/6/2025 16:17,17/12/2025 16:17,,
8008,2,19115,20/6/2025 16:53,21/12/2025 16:53,,
8010,2,88080,14/12/2025 16:35,16/6/2026 16:35,,
8011,2,44169,20/6/2025 15:06,21/12/2025 15:06,,
8015,2,184770,18/7/2025 12:16,18/1/2026 12:16,,
8017,2,184008,27/6/2025 15:34,28/12/2025 15:34,,
8018,2,52845,29/6/2025 08:32,30/12/2025 08:32,,
8019,2,10625,29/6/2025 16:31,30/12/2025 16:31,,
8020,3,27604,29/6/2025 17:08,30/6/2026 17:08,,
8022,2,22050,30/6/2025 16:58,31/12/2025 16:58,,
8023,2,64776,30/6/2025 18:04,31/12/2025 18:04,,
8024,2,22977,1/7/2025 08:15,1/1/2026 08:15,,
8025,3,83936,2/7/2025 08:56,3/7/2026 08:56,,
8026,2,143433,3/7/2025 00:30,3/1/2026 00:30,,
8028,2,64302,5/7/2025 08:28,5/1/2026 08:28,,
8032,3,41126,7/7/2025 11:36,8/7/2026 11:36,,
8033,2,52292,7/7/2025 13:05,7/1/2026 13:05,,
8036,2,19345,8/7/2025 13:11,8/1/2026 13:11,,
8037,3,91893,9/7/2025 13:51,10/7/2026 13:51,,
8038,3,46670,9/7/2025 20:10,10/7/2026 20:10,,
8043,2,129870,20/7/2025 14:48,20/1/2026 14:48,,
8044,2,8821,20/7/2025 10:09,20/1/2026 10:09,,
8049,3,11279,15/7/2025 10:47,16/7/2026 10:47,,
8051,3,186220,16/7/2025 08:16,17/7/2026 08:16,,
8054,3,18263,26/7/2025 10:17,27/7/2026 10:17,,
8055,3,97046,19/7/2025 09:54,20/7/2026 09:54,,
8056,2,68057,19/7/2025 10:08,19/1/2026 10:08,,
8057,2,8670,19/7/2025 11:03,19/1/2026 11:03,,
8058,2,59328,21/7/2025 07:23,21/1/2026 07:23,,
8060,2,21462,21/7/2025 09:55,21/1/2026 09:55,,
8064,2,159148,22/7/2025 08:00,22/1/2026 08:00,,
8065,2,9168,23/7/2025 07:22,23/1/2026 07:22,,
8068,2,19456,29/7/2025 10:29,29/1/2026 10:29,,
8069,2,92717,24/7/2025 15:03,24/1/2026 15:03,,
8072,2,19203,26/7/2025 11:32,26/1/2026 11:32,,
8073,3,26489,26/7/2025 19:25,27/7/2026 19:25,,
8074,2,99411,27/7/2025 09:07,27/1/2026 09:07,,
8076,2,63788,27/7/2025 21:00,27/1/2026 21:00,,
8078,2,110044,30/7/2025 11:33,30/1/2026 11:33,,
8084,2,15497,5/8/2025 16:38,5/2/2026 16:38,,
8091,3,59342,22/8/2025 09:27,23/8/2026 09:27,,
8092,3,61293,12/8/2025 20:36,13/8/2026 20:36,,
8094,2,144105,16/8/2025 13:33,16/2/2026 13:33,,
8095,3,49211,14/8/2025 11:37,15/8/2026 11:37,,
8096,2,26023,29/1/2026 15:51,1/8/2026 15:51,,
8099,3,38480,16/8/2025 17:40,17/8/2026 17:40,,
8100,3,162810,16/8/2025 18:42,17/8/2026 18:42,,
8101,2,52844,17/8/2025 08:08,17/2/2026 08:08,,
8102,3,70343,17/8/2025 08:13,18/8/2026 08:13,,
8103,2,43857,17/8/2025 12:42,17/2/2026 12:42,,
8108,2,23407,22/8/2025 14:24,22/2/2026 14:24,,
8109,2,44277,20/8/2025 09:38,20/2/2026 09:38,,
8116,2,10005,25/8/2025 11:20,25/2/2026 11:20,,
8120,3,9396,3/9/2025 19:43,4/9/2026 19:43,,
8121,2,62584,26/8/2025 16:34,26/2/2026 16:34,,
8122,3,59170,26/8/2025 17:38,27/8/2026 17:38,,
8124,3,28827,27/8/2025 13:07,28/8/2026 13:07,,
8125,2,29598,28/8/2025 16:48,28/2/2026 16:48,,
8126,3,24392,30/8/2025 08:29,31/8/2026 08:29,,
8127,3,59524,30/8/2025 12:56,31/8/2026 12:56,,
8128,3,62910,31/8/2025 19:15,1/9/2026 19:15,,
8131,2,28787,1/9/2025 09:24,4/3/2026 09:24,,
8132,3,135865,10/9/2025 12:52,11/9/2026 12:52,,
8134,2,73488,3/9/2025 14:57,6/3/2026 14:57,,
8135,3,67556,7/9/2025 10:10,8/9/2026 10:10,,
8136,2,18546,4/9/2025 13:37,7/3/2026 13:37,,
8138,2,40588,5/9/2025 07:32,8/3/2026 07:32,,
8140,3,36154,5/9/2025 15:13,6/9/2026 15:13,,
8144,2,61928,6/9/2025 15:17,9/3/2026 15:17,,
8147,3,23705,9/9/2025 20:26,10/9/2026 20:26,,
8149,2,29218,7/9/2025 12:11,10/3/2026 12:11,,
8150,3,50117,7/9/2025 14:54,8/9/2026 14:54,,
8153,3,60420,7/9/2025 19:07,8/9/2026 19:07,,
8154,3,29762,8/9/2025 13:54,9/9/2026 13:54,,
8159,2,169559,9/9/2025 15:28,12/3/2026 15:28,,
8163,2,120121,10/9/2025 17:12,13/3/2026 17:12,,
8165,2,17721,11/9/2025 10:56,14/3/2026 10:56,,
8168,3,50893,19/9/2025 17:19,20/9/2026 17:19,,
8172,2,31943,13/9/2025 09:35,16/3/2026 09:35,,
8178,2,38230,26/9/2025 19:57,29/3/2026 19:57,,
