id,created_at,is_by_new_user,last_payment_total_price,last_payment_total_price_eur,total_pharmacy,total_pharmacy_eur,user_id,status_finished_at,shipping_date,time_slot_start,time_slot_end
2261855,1/1/2023 13:34,0,99.72,50.98,0,0,144293,2/1/2023 13:45,2/1/2023,1300,1400
2263004,2/1/2023 10:58,0,68.01,34.77,0,0,41722,2/1/2023 15:51,2/1/2023,1500,1600
2261863,1/1/2023 13:45,0,44.96,22.99,0,0,93700,2/1/2023 11:19,2/1/2023,1100,1200
2263743,2/1/2023 15:00,0,69.88,35.73,0,0,154231,2/1/2023 22:00,2/1/2023,2100,2200
2259756,30/12/2022 19:39,0,133.93,68.47,0,0,27750,3/1/2023 07:58,2/1/2023,2200,2300
2263400,2/1/2023 12:57,0,100.7,51.48,0,0,107314,2/1/2023 18:18,2/1/2023,1800,1900
2263206,2/1/2023 11:55,0,73.13,37.39,0,0,122158,2/1/2023 17:19,2/1/2023,1700,1800
2261925,1/1/2023 15:16,0,163.73,83.71,0,0,78706,2/1/2023 17:48,2/1/2023,1900,2000
2265254,3/1/2023 11:27,0,325,166.17,0,0,18480,3/1/2023 15:12,3/1/2023,1500,1600
2265321,3/1/2023 11:45,0,187.37,95.8,0,0,42448,3/1/2023 15:59,3/1/2023,1600,1700
2264793,3/1/2023 09:06,0,86.14,44.05,0,0,91675,3/1/2023 12:07,3/1/2023,1200,1300
2265571,3/1/2023 12:51,0,79.65,40.72,0,0,39415,3/1/2023 18:59,3/1/2023,1800,1900
2265673,3/1/2023 13:19,0,130.16,66.55,0,0,54502,3/1/2023 16:58,3/1/2023,1700,1800
2264511,2/1/2023 23:07,0,100.43,51.35,0,0,31911,3/1/2023 11:03,3/1/2023,1100,1200
2264677,3/1/2023 07:52,0,96.32,49.25,0,0,41357,3/1/2023 12:31,3/1/2023,1200,1300
2265511,3/1/2023 12:36,0,188.54,96.4,0,0,102062,3/1/2023 16:12,3/1/2023,1600,1700
2261850,1/1/2023 13:19,0,234.64,119.97,0,0,26078,3/1/2023 10:54,3/1/2023,1100,1200
2266271,3/1/2023 16:25,0,78.02,39.89,0,0,100226,3/1/2023 21:29,3/1/2023,2100,2200
2264542,2/1/2023 23:41,0,157.3,80.43,0,0,82106,3/1/2023 11:21,3/1/2023,1100,1200
2265123,3/1/2023 10:51,0,61.03,31.2,0,0,51957,3/1/2023 14:13,3/1/2023,1400,1500
2265162,3/1/2023 11:02,0,45.66,23.34,0,0,98512,3/1/2023 14:41,3/1/2023,1400,1500
2265858,3/1/2023 14:13,0,164.36,84.04,0,0,18702,3/1/2023 17:58,3/1/2023,1800,1900
2265286,3/1/2023 11:34,0,46.58,23.82,0,0,49211,3/1/2023 15:24,3/1/2023,1500,1600
2265768,3/1/2023 13:49,0,146.2,74.75,0,0,32259,3/1/2023 19:25,3/1/2023,1900,2000
2264813,3/1/2023 09:12,0,34.47,17.62,0,0,10518,3/1/2023 12:27,3/1/2023,1300,1400
2263989,2/1/2023 16:57,0,40.69,20.8,0,0,142106,3/1/2023 08:46,3/1/2023,800,900
2264953,3/1/2023 10:04,0,104.31,53.34,0,0,111090,3/1/2023 19:23,3/1/2023,1900,2000
2268102,4/1/2023 13:20,0,57.19,29.24,0,0,14260,4/1/2023 19:05,4/1/2023,1900,2000
2268483,4/1/2023 15:09,0,92.08,47.08,0,0,16588,4/1/2023 19:32,4/1/2023,1900,2000
2267903,4/1/2023 12:21,0,69.15,35.36,0,0,76744,4/1/2023 17:16,4/1/2023,1700,1800
2267447,4/1/2023 10:25,0,155.67,79.59,0,0,100761,4/1/2023 14:25,4/1/2023,1400,1500
2268785,4/1/2023 17:01,0,55.05,28.15,0,0,16822,4/1/2023 21:28,4/1/2023,2200,2300
2268437,4/1/2023 14:55,0,30.22,15.45,0,0,45582,4/1/2023 19:40,4/1/2023,1900,2000
2266460,3/1/2023 17:43,0,109.15,55.81,0,0,150025,4/1/2023 11:05,4/1/2023,1100,1200
2267252,4/1/2023 09:11,0,68.7,35.12,0,0,46983,4/1/2023 13:45,4/1/2023,1300,1400
2268251,4/1/2023 14:00,0,127.32,65.1,0,0,79013,4/1/2023 19:25,4/1/2023,1900,2000
2266773,3/1/2023 21:23,1,98.96,50.6,0,0,167937,4/1/2023 10:22,4/1/2023,1000,1100
2267873,4/1/2023 12:11,0,76.18,38.95,0,0,13084,4/1/2023 16:49,4/1/2023,1600,1700
2267908,4/1/2023 12:23,0,43.81,22.4,0,0,155019,4/1/2023 16:10,4/1/2023,1600,1700
2266714,3/1/2023 20:34,0,38.94,19.91,0,0,31943,4/1/2023 19:55,4/1/2023,2000,2100
2264897,3/1/2023 09:46,0,152.15,77.8,0,0,26867,4/1/2023 09:30,4/1/2023,900,1000
2266483,3/1/2023 18:03,0,150.18,76.79,0,0,28006,4/1/2023 09:49,4/1/2023,1000,1100
2267097,4/1/2023 04:51,1,46.23,23.64,0,0,167956,4/1/2023 12:05,4/1/2023,1200,1300
2266787,3/1/2023 21:31,0,98.79,50.51,0,0,164363,4/1/2023 21:00,4/1/2023,2100,2200
2265142,3/1/2023 10:55,1,106.07,54.23,0,0,167866,4/1/2023 08:47,4/1/2023,800,900
2266729,3/1/2023 20:42,0,55.32,28.29,0,0,94123,4/1/2023 11:53,4/1/2023,1100,1200
2270120,5/1/2023 10:54,0,316.33,161.74,0,0,11735,5/1/2023 19:37,5/1/2023,1900,2000
2266464,3/1/2023 17:44,0,78.32,40.05,0,0,39955,5/1/2023 08:48,5/1/2023,800,900
2269698,5/1/2023 07:55,0,177.03,90.51,0,0,8842,5/1/2023 20:42,5/1/2023,2100,2200
2271159,5/1/2023 16:32,0,74.61,38.15,0,0,59328,5/1/2023 20:50,5/1/2023,2100,2200
2268289,4/1/2023 14:13,0,163.73,83.71,0,0,161531,5/1/2023 11:21,5/1/2023,1100,1200
2268950,4/1/2023 18:23,0,90.57,46.31,0,0,36449,5/1/2023 11:21,5/1/2023,1100,1200
2269149,4/1/2023 20:05,0,75.05,38.37,0,0,77110,5/1/2023 11:19,5/1/2023,1100,1200
2269721,5/1/2023 08:18,0,54.67,27.95,0,0,31372,5/1/2023 15:59,5/1/2023,1600,1700
2270434,5/1/2023 12:31,0,111.23,56.87,0,0,35923,5/1/2023 15:47,5/1/2023,1600,1700
2269843,5/1/2023 09:19,0,80.73,41.28,0,0,118551,5/1/2023 19:43,5/1/2023,1900,2000
2268924,4/1/2023 18:10,0,81.42,41.62,0,0,156433,5/1/2023 08:26,5/1/2023,900,1000
2270710,5/1/2023 13:57,0,146.7,75.01,0,0,24464,5/1/2023 19:08,5/1/2023,1900,2000
2268117,4/1/2023 13:25,0,92.93,47.52,0,0,105378,5/1/2023 08:49,5/1/2023,800,900
2269971,5/1/2023 10:05,0,120.41,61.57,0,0,84723,5/1/2023 18:45,5/1/2023,1800,1900
2270170,5/1/2023 11:06,1,82.32,42.09,0,0,168095,5/1/2023 20:34,5/1/2023,2000,2100
2268901,4/1/2023 17:58,0,93.83,47.97,0,0,75658,6/1/2023 09:00,6/1/2023,900,1000
2272121,6/1/2023 08:27,0,23.44,11.98,0,0,46451,6/1/2023 12:26,6/1/2023,1200,1300
2272934,6/1/2023 12:48,0,121.46,62.1,0,0,7762,6/1/2023 15:40,6/1/2023,1500,1600
2271445,5/1/2023 18:39,0,95.44,48.8,0,0,44523,6/1/2023 16:16,6/1/2023,1600,1700
2271667,5/1/2023 20:54,0,77.32,39.53,0,0,83563,6/1/2023 09:11,6/1/2023,900,1000
2271827,5/1/2023 22:32,0,124.16,63.48,0,0,57930,6/1/2023 10:34,6/1/2023,1000,1100
2273305,6/1/2023 14:44,0,280.07,143.2,0,0,66992,6/1/2023 17:16,6/1/2023,1700,1800
2271130,5/1/2023 16:23,1,94.4,48.26,0,0,168133,6/1/2023 21:31,6/1/2023,2100,2200
2274691,7/1/2023 09:05,0,193.97,99.17,0,0,105059,7/1/2023 13:41,7/1/2023,1400,1500
2275745,7/1/2023 15:12,0,169.71,86.77,0,0,14595,7/1/2023 19:54,7/1/2023,1900,2000
2274398,6/1/2023 23:10,0,149.87,76.63,0,0,28472,7/1/2023 10:19,7/1/2023,1100,1200
2275223,7/1/2023 12:17,0,57.68,29.49,0,0,72645,7/1/2023 16:59,7/1/2023,1600,1700
2273960,6/1/2023 18:42,0,100.09,51.17,0,0,93700,7/1/2023 11:02,7/1/2023,1100,1200
2274264,6/1/2023 21:29,0,87.88,44.93,0,0,143142,7/1/2023 12:02,7/1/2023,1200,1300
2275143,7/1/2023 11:50,0,94.71,48.43,0,0,84283,7/1/2023 14:50,7/1/2023,1400,1500
2275484,7/1/2023 13:41,0,68.76,35.16,0,0,84233,7/1/2023 17:32,7/1/2023,1700,1800
2274978,7/1/2023 10:54,0,118.18,60.42,0,0,167047,7/1/2023 14:27,7/1/2023,1400,1500
2274988,7/1/2023 10:57,0,99.18,50.71,0,0,63941,7/1/2023 14:22,7/1/2023,1400,1500
2275370,7/1/2023 13:07,0,37.15,18.99,0,0,149492,7/1/2023 16:37,7/1/2023,1600,1700
2274304,6/1/2023 21:54,0,45.74,23.39,0,0,154632,7/1/2023 10:59,7/1/2023,1000,1100
2275177,7/1/2023 11:59,0,120.5,61.61,0,0,55158,7/1/2023 19:32,7/1/2023,1900,2000
2275137,7/1/2023 11:49,0,105.53,53.96,0,0,112270,7/1/2023 16:41,7/1/2023,1600,1700
2275833,7/1/2023 15:47,0,55.51,28.38,0,0,115173,7/1/2023 19:53,7/1/2023,2000,2100
2277074,8/1/2023 09:24,0,248.44,127.03,0,0,11569,8/1/2023 14:01,8/1/2023,1300,1400
2278508,8/1/2023 17:15,0,166.62,85.19,0,0,19713,8/1/2023 21:26,8/1/2023,2100,2200
2277813,8/1/2023 13:21,0,79.29,40.54,0,0,91492,8/1/2023 16:18,8/1/2023,1600,1700
2277694,8/1/2023 12:49,0,71.01,36.31,0,0,40268,8/1/2023 19:22,8/1/2023,1900,2000
2277600,8/1/2023 12:16,0,242.11,123.79,0,0,80607,8/1/2023 15:02,8/1/2023,1500,1600
2277953,8/1/2023 14:04,0,97.47,49.83,0,0,125148,8/1/2023 17:18,8/1/2023,1700,1800
2278034,8/1/2023 14:28,0,41.47,21.2,0,0,44277,8/1/2023 18:49,8/1/2023,1800,1900
2277504,8/1/2023 11:49,0,68.81,35.18,0,0,105391,8/1/2023 19:22,8/1/2023,1900,2000
2276748,7/1/2023 23:17,0,70.51,36.05,0,0,151520,8/1/2023 11:46,8/1/2023,1100,1200
2277793,8/1/2023 13:15,0,24.51,12.53,0,0,55947,8/1/2023 16:29,8/1/2023,1600,1700
2278378,8/1/2023 16:31,0,101.21,51.74,0,0,91335,8/1/2023 20:42,8/1/2023,2000,2100
2275931,7/1/2023 16:13,0,128.56,65.73,0,0,97299,8/1/2023 09:03,8/1/2023,900,1000
2278233,8/1/2023 15:45,0,293.7,150.16,0,0,38352,8/1/2023 19:41,8/1/2023,1900,2000
2277037,8/1/2023 09:02,0,98.79,50.51,0,0,77991,8/1/2023 13:01,8/1/2023,1300,1400
2278082,8/1/2023 14:48,0,45.46,23.25,0,0,129234,8/1/2023 18:05,8/1/2023,1800,1900
2278507,8/1/2023 17:15,0,53.02,27.11,0,0,56754,8/1/2023 21:40,8/1/2023,2100,2200
2278512,8/1/2023 17:15,0,102.37,52.35,0,0,69868,8/1/2023 21:01,8/1/2023,2100,2200
2279524,9/1/2023 10:03,0,83.37,42.63,0,0,99234,9/1/2023 13:34,9/1/2023,1300,1400
2280915,9/1/2023 17:13,0,99.26,50.75,0,0,76799,9/1/2023 21:02,9/1/2023,2100,2200
2278727,8/1/2023 19:03,0,96.79,49.49,0,0,137373,9/1/2023 10:02,9/1/2023,1000,1100
2279558,9/1/2023 10:16,0,85.2,43.56,0,0,9699,9/1/2023 14:46,9/1/2023,1400,1500
2279485,9/1/2023 09:44,0,79.63,40.71,0,0,137748,9/1/2023 13:39,9/1/2023,1300,1400
2278815,8/1/2023 20:07,0,187.69,95.96,0,0,87745,9/1/2023 13:54,9/1/2023,1300,1400
2279190,9/1/2023 02:56,0,70.06,35.82,0,0,64160,9/1/2023 12:44,9/1/2023,1200,1300
2280515,9/1/2023 15:05,0,45.5,23.26,0,0,69477,9/1/2023 18:35,9/1/2023,1800,1900
2278772,8/1/2023 19:37,0,97.14,49.67,0,0,63566,9/1/2023 11:11,9/1/2023,1100,1200
2279407,9/1/2023 09:21,0,132.46,67.73,0,0,144242,9/1/2023 13:17,9/1/2023,1300,1400
2280215,9/1/2023 13:29,0,48.88,24.99,0,0,96000,9/1/2023 16:08,9/1/2023,1600,1700
2278346,8/1/2023 16:24,0,161.51,82.58,0,0,111443,9/1/2023 12:53,9/1/2023,1200,1300
2278664,8/1/2023 18:28,0,309.61,158.3,0,0,72883,10/1/2023 14:39,10/1/2023,1400,1500
2283074,10/1/2023 14:39,0,61.53,31.46,0,0,64956,10/1/2023 18:45,10/1/2023,1800,1900
2281535,9/1/2023 23:09,0,555.69,284.12,0,0,8855,10/1/2023 10:54,10/1/2023,1000,1100
2282994,10/1/2023 14:18,0,23.77,12.16,0,0,96038,10/1/2023 17:29,10/1/2023,1700,1800
2281173,9/1/2023 19:00,0,67.63,34.58,0,0,44683,10/1/2023 10:03,10/1/2023,1000,1100
2281137,9/1/2023 18:47,0,182.75,93.43,0,0,159852,10/1/2023 12:47,10/1/2023,1200,1300
2282108,10/1/2023 10:32,0,73.8,37.73,0,0,51223,10/1/2023 13:01,10/1/2023,1300,1400
2281753,10/1/2023 08:06,0,101.31,51.8,0,0,80333,10/1/2023 14:18,10/1/2023,1400,1500
2282427,10/1/2023 11:57,0,103.4,52.87,0,0,154278,10/1/2023 15:24,10/1/2023,1500,1600
2282760,10/1/2023 13:24,0,99.24,50.74,0,0,32793,10/1/2023 17:11,10/1/2023,1700,1800
2281729,10/1/2023 07:47,0,98.29,50.25,0,0,23522,10/1/2023 11:53,10/1/2023,1100,1200
2282665,10/1/2023 12:59,0,60.18,30.77,0,0,44393,10/1/2023 16:31,10/1/2023,1600,1700
2280787,9/1/2023 16:34,0,57.78,29.54,0,0,68571,10/1/2023 08:49,10/1/2023,900,1000
2280202,9/1/2023 13:26,0,167.23,85.5,0,0,40720,10/1/2023 11:17,10/1/2023,1100,1200
2282033,10/1/2023 10:06,0,100.89,51.58,0,0,62417,10/1/2023 13:36,10/1/2023,1300,1400
2281193,9/1/2023 19:11,0,33.6,17.18,0,0,55151,10/1/2023 08:05,10/1/2023,800,900
2282652,10/1/2023 12:56,0,134.77,68.91,0,0,85918,10/1/2023 16:26,10/1/2023,1600,1700
2281373,9/1/2023 21:22,0,165.06,84.39,0,0,11308,10/1/2023 10:10,10/1/2023,1000,1100
2281488,9/1/2023 22:31,0,142.33,72.77,0,0,132936,10/1/2023 13:26,10/1/2023,1300,1400
2284241,10/1/2023 23:16,0,97.4,49.8,0,0,58133,11/1/2023 11:55,11/1/2023,1100,1200
2284800,11/1/2023 10:26,1,49.35,25.23,0,0,168773,11/1/2023 16:52,11/1/2023,1600,1700
2284742,11/1/2023 10:08,0,129.49,66.21,0,0,133889,11/1/2023 18:06,11/1/2023,1800,1900
2284601,11/1/2023 09:18,0,70.19,35.89,0,0,44711,11/1/2023 17:14,11/1/2023,1700,1800
2283781,10/1/2023 18:55,0,51.09,26.12,0,0,9537,11/1/2023 09:55,11/1/2023,900,1000
2283882,10/1/2023 19:54,0,203.62,104.11,0,0,23902,11/1/2023 09:02,11/1/2023,900,1000
2284534,11/1/2023 08:45,0,147.72,75.53,0,0,19525,11/1/2023 12:58,11/1/2023,1200,1300
2284793,11/1/2023 10:24,0,98.55,50.39,11.45,5.85,84283,11/1/2023 13:48,11/1/2023,1300,1400
2288029,12/1/2023 13:01,0,107.85,55.14,55.94,28.6,22047,12/1/2023 19:47,12/1/2023,1900,2000
2287325,12/1/2023 10:17,0,27.95,14.29,0,0,90224,12/1/2023 15:11,12/1/2023,1500,1600
2287754,12/1/2023 11:53,0,69.85,35.72,0,0,34405,12/1/2023 17:22,12/1/2023,1700,1800
2284817,11/1/2023 10:32,0,122.99,62.88,0,0,148769,12/1/2023 09:28,12/1/2023,900,1000
2286410,11/1/2023 20:12,0,172.52,88.21,0,0,26508,12/1/2023 12:44,12/1/2023,1300,1400
2288067,12/1/2023 13:16,0,129.34,66.13,0,0,77232,12/1/2023 16:40,12/1/2023,1600,1700
2288842,12/1/2023 17:35,0,50.98,26.07,0,0,120781,12/1/2023 22:06,12/1/2023,2200,2300
2288598,12/1/2023 15:52,0,67.78,34.66,0,0,30041,12/1/2023 21:00,12/1/2023,2000,2100
2286232,11/1/2023 18:31,0,63.73,32.58,0,0,61216,12/1/2023 11:26,12/1/2023,1100,1200
2288040,12/1/2023 13:06,0,87.28,44.63,0,0,74608,12/1/2023 16:51,12/1/2023,1600,1700
2286289,11/1/2023 19:01,0,59.59,30.47,0,0,44854,12/1/2023 09:46,12/1/2023,1000,1100
2291002,13/1/2023 15:22,0,117.96,60.31,24.12,12.34,43880,13/1/2023 19:12,13/1/2023,1900,2000
2291178,13/1/2023 16:13,1,68.56,35.05,0,0,169061,13/1/2023 21:00,13/1/2023,2000,2100
2289413,12/1/2023 22:54,0,73.55,37.6,0,0,67363,13/1/2023 12:50,13/1/2023,1300,1400
2290477,13/1/2023 12:46,0,0,0,0,0,77720,13/1/2023 15:13,13/1/2023,1500,1600
2290037,13/1/2023 10:30,0,149.9,76.64,0,0,51632,13/1/2023 14:17,13/1/2023,1400,1500
2290814,13/1/2023 14:23,0,67.32,34.42,0,0,58502,13/1/2023 16:53,13/1/2023,1700,1800
2291194,13/1/2023 16:19,0,100,51.13,0,0,107705,13/1/2023 19:42,13/1/2023,2000,2100
2290822,13/1/2023 14:26,0,122.91,62.85,12.88,6.59,96751,13/1/2023 17:58,13/1/2023,1700,1800
2289798,13/1/2023 09:02,0,99.71,50.99,0,0,9081,13/1/2023 19:03,13/1/2023,1900,2000
2290267,13/1/2023 11:49,0,43.65,22.32,0,0,118746,13/1/2023 18:30,13/1/2023,1800,1900
2292646,14/1/2023 10:58,0,146.76,75.04,0,0,41067,14/1/2023 12:52,14/1/2023,1300,1400
2291877,13/1/2023 21:54,0,29.28,14.97,0,0,50979,14/1/2023 09:03,14/1/2023,900,1000
2293637,14/1/2023 15:15,0,97.86,50.03,0,0,118587,14/1/2023 19:16,14/1/2023,1900,2000
2294132,14/1/2023 17:39,0,66.52,34.01,0,0,24289,14/1/2023 21:44,14/1/2023,2100,2200
2291607,13/1/2023 19:11,0,106.78,54.6,0,0,66994,14/1/2023 08:27,14/1/2023,800,900
2293962,14/1/2023 16:39,0,324.74,166.04,45.56,23.3,87059,14/1/2023 21:19,14/1/2023,2100,2200
2293901,14/1/2023 16:20,0,99.95,51.11,0,0,62241,14/1/2023 20:32,14/1/2023,2000,2100
2293170,14/1/2023 13:20,0,163.19,83.43,0,0,72953,14/1/2023 16:00,14/1/2023,1600,1700
2291702,13/1/2023 20:10,0,102.24,52.27,0,0,7916,14/1/2023 08:57,14/1/2023,800,900
2291983,13/1/2023 22:58,0,132.36,67.67,0,0,81306,14/1/2023 10:10,14/1/2023,1000,1100
2293860,14/1/2023 16:11,0,24.68,12.62,0,0,32686,14/1/2023 20:30,14/1/2023,2000,2100
2293388,14/1/2023 14:15,0,177.16,90.58,0,0,9224,14/1/2023 18:15,14/1/2023,1800,1900
2293540,14/1/2023 14:52,0,31.63,16.18,0,0,38162,14/1/2023 18:46,14/1/2023,1800,1900
2292738,14/1/2023 11:23,0,87.65,44.81,11.51,5.89,116368,14/1/2023 14:33,14/1/2023,1400,1500
2289860,13/1/2023 09:28,0,274,140.09,0,0,111907,14/1/2023 10:00,14/1/2023,900,1000
2296164,15/1/2023 14:22,0,84.66,43.28,0,0,51707,15/1/2023 17:16,15/1/2023,1700,1800
2294898,15/1/2023 01:37,0,78.21,39.99,0,0,132514,15/1/2023 13:00,15/1/2023,1300,1400
2296687,15/1/2023 16:58,0,99.93,51.09,0,0,124662,15/1/2023 21:22,15/1/2023,2100,2200
2293409,14/1/2023 14:18,0,59.4,30.38,0,0,8884,15/1/2023 11:47,15/1/2023,1200,1300
2294427,14/1/2023 19:50,0,246.6,126.08,0,0,152278,15/1/2023 11:29,15/1/2023,1100,1200
2296087,15/1/2023 14:01,0,162.57,83.12,0,0,157051,15/1/2023 17:00,15/1/2023,1700,1800
2296725,15/1/2023 17:10,0,116.85,59.74,0,0,43982,15/1/2023 21:28,15/1/2023,2100,2200
2296360,15/1/2023 15:18,0,57.69,29.5,0,0,86666,15/1/2023 19:30,15/1/2023,1900,2000
2295506,15/1/2023 11:27,0,103.55,52.94,0,0,101768,15/1/2023 18:51,15/1/2023,1800,1900
2296870,15/1/2023 17:54,0,102.72,52.52,0,0,58776,16/1/2023 19:18,16/1/2023,1900,2000
2295095,15/1/2023 09:19,0,34.18,17.48,0,0,168029,16/1/2023 08:43,16/1/2023,800,900
2297528,16/1/2023 07:23,0,105.79,54.09,0,0,72713,16/1/2023 12:14,16/1/2023,1200,1300
2299260,16/1/2023 17:16,1,24.44,12.5,0,0,169431,16/1/2023 20:34,16/1/2023,2000,2100
2297007,15/1/2023 19:03,0,56.21,28.74,0,0,133115,16/1/2023 09:14,16/1/2023,900,1000
2297133,15/1/2023 20:48,0,108.94,55.7,0,0,68085,16/1/2023 09:53,16/1/2023,900,1000
2298326,16/1/2023 12:30,0,103.1,52.72,0,0,79113,16/1/2023 15:39,16/1/2023,1600,1700
2297010,15/1/2023 19:06,0,264.51,135.25,0,0,43346,16/1/2023 09:34,16/1/2023,900,1000
2298565,16/1/2023 13:30,0,76.86,39.3,0,0,71632,16/1/2023 19:41,16/1/2023,1900,2000
2290993,13/1/2023 15:20,0,63.84,32.64,0,0,153485,16/1/2023 09:56,16/1/2023,900,1000
2295778,15/1/2023 12:33,0,80.54,41.18,0,0,99332,16/1/2023 11:10,16/1/2023,1100,1200
2298745,16/1/2023 14:24,0,67.23,34.38,0,0,47648,16/1/2023 17:40,16/1/2023,1700,1800
2300360,17/1/2023 09:52,0,134.3,68.67,34.81,17.8,83250,17/1/2023 13:35,17/1/2023,1300,1400
2299639,16/1/2023 20:10,0,112.95,57.75,30.87,15.79,80677,17/1/2023 09:36,17/1/2023,900,1000
2301515,17/1/2023 16:16,0,104.6,53.48,0,0,29205,17/1/2023 19:08,17/1/2023,1900,2000
2300398,17/1/2023 10:04,0,24.7,12.63,0,0,117643,17/1/2023 16:09,17/1/2023,1600,1700
2301493,17/1/2023 16:09,0,52.4,26.79,0,0,161760,17/1/2023 19:47,17/1/2023,1900,2000
2300244,17/1/2023 09:04,0,140.33,71.75,0,0,39882,17/1/2023 12:48,17/1/2023,1200,1300
2300461,17/1/2023 10:26,0,78.71,40.25,0,0,14260,17/1/2023 13:40,17/1/2023,1300,1400
2299830,16/1/2023 22:03,0,95.22,48.68,31.07,15.89,114125,17/1/2023 10:00,17/1/2023,1000,1100
2299785,16/1/2023 21:33,0,141.67,72.44,0,0,64686,17/1/2023 08:51,17/1/2023,900,1000
2299956,16/1/2023 23:39,0,113.18,57.87,0,0,45700,17/1/2023 10:16,17/1/2023,1000,1100
2299935,16/1/2023 23:25,0,82.11,41.98,0,0,81394,17/1/2023 19:00,17/1/2023,1900,2000
2300326,17/1/2023 09:40,0,70.63,36.11,0,0,94235,17/1/2023 15:03,17/1/2023,1500,1600
2300921,17/1/2023 12:55,0,107.29,54.85,0,0,54411,17/1/2023 15:31,17/1/2023,1500,1600
2301297,17/1/2023 15:09,0,31.94,16.33,0,0,55947,17/1/2023 17:20,17/1/2023,1700,1800
2300089,17/1/2023 04:33,0,125.24,64.03,0,0,167957,17/1/2023 11:19,17/1/2023,1100,1200
2302620,18/1/2023 09:19,0,117.11,59.87,0,0,24267,18/1/2023 12:17,18/1/2023,1200,1300
2300511,17/1/2023 10:45,1,83.4,42.64,0,0,167304,18/1/2023 09:24,18/1/2023,900,1000
2302128,17/1/2023 21:45,0,37.22,19.03,0,0,37739,18/1/2023 09:43,18/1/2023,900,1000
2302517,18/1/2023 08:35,0,601.72,307.65,7.2,3.68,30529,18/1/2023 12:41,18/1/2023,1300,1400
2302229,17/1/2023 23:04,0,56.01,28.64,10.88,5.56,61705,18/1/2023 13:30,18/1/2023,1400,1500
2302361,18/1/2023 00:48,0,86.83,44.39,0,0,159160,18/1/2023 12:27,18/1/2023,1200,1300
2302743,18/1/2023 10:02,0,162.58,83.13,0,0,61602,18/1/2023 13:18,18/1/2023,1300,1400
2302948,18/1/2023 11:08,0,120.57,61.65,0,0,161293,18/1/2023 14:02,18/1/2023,1400,1500
2303456,18/1/2023 13:36,0,32.65,16.7,0,0,160726,18/1/2023 17:42,18/1/2023,1800,1900
2304292,18/1/2023 18:27,0,103.64,52.99,0,0,17693,18/1/2023 21:46,18/1/2023,2100,2200
2304035,18/1/2023 16:44,0,159.63,81.62,0,0,167451,18/1/2023 19:54,18/1/2023,1900,2000
2302233,17/1/2023 23:07,0,123.38,63.08,0,0,129164,18/1/2023 20:21,18/1/2023,2000,2100
2304489,18/1/2023 20:36,0,76.19,38.96,0,0,72533,19/1/2023 12:30,19/1/2023,1200,1300
2304685,18/1/2023 22:50,1,71.35,36.48,0,0,169662,19/1/2023 11:05,19/1/2023,1100,1200
2305989,19/1/2023 13:29,1,65.07,33.27,0,0,169731,19/1/2023 16:54,19/1/2023,1600,1700
2305243,19/1/2023 09:58,0,146.68,75,0,0,91892,19/1/2023 12:33,19/1/2023,1200,1300
2306182,19/1/2023 14:36,0,122.03,62.4,0,0,83364,19/1/2023 18:36,19/1/2023,1800,1900
2306821,19/1/2023 18:27,0,51.38,26.27,0,0,96526,19/1/2023 21:13,19/1/2023,2100,2200
2303296,18/1/2023 12:51,0,54.97,28.11,0,0,43668,19/1/2023 09:39,19/1/2023,900,1000
2305680,19/1/2023 12:00,1,27.62,14.12,0,0,169716,19/1/2023 15:00,19/1/2023,1400,1500
2306112,19/1/2023 14:10,0,54.29,27.76,0,0,90884,19/1/2023 18:28,19/1/2023,1800,1900
2305655,19/1/2023 11:50,0,117.18,59.91,0,0,152731,19/1/2023 14:46,19/1/2023,1400,1500
2304448,18/1/2023 20:13,0,127.47,65.18,0,0,133916,19/1/2023 10:04,19/1/2023,1000,1100
2307942,20/1/2023 10:04,0,35.75,18.27,0,0,15118,20/1/2023 13:36,20/1/2023,1300,1400
2306837,19/1/2023 18:36,0,88.78,45.39,5.42,2.77,48247,20/1/2023 18:49,20/1/2023,1800,1900
2309045,20/1/2023 14:41,0,49.92,25.52,0,0,133593,20/1/2023 18:31,20/1/2023,1800,1900
2308282,20/1/2023 11:22,0,165.66,84.7,0,0,146548,20/1/2023 17:57,20/1/2023,1700,1800
2308548,20/1/2023 12:32,0,118.38,60.53,0,0,46409,20/1/2023 17:22,20/1/2023,1700,1800
2309394,20/1/2023 16:11,0,73.41,37.53,0,0,155475,20/1/2023 21:17,20/1/2023,2100,2200
2306741,19/1/2023 17:52,0,47.59,24.33,0,0,18713,20/1/2023 08:18,20/1/2023,800,900
2307975,20/1/2023 10:12,0,152.89,78.17,0,0,105115,20/1/2023 13:27,20/1/2023,1300,1400
2305932,19/1/2023 13:14,0,86.95,44.46,0,0,98873,20/1/2023 09:45,20/1/2023,900,1000
2307787,20/1/2023 09:22,0,89.92,45.97,0,0,100753,20/1/2023 13:50,20/1/2023,1400,1500
2309434,20/1/2023 16:23,0,31.06,15.88,0,0,71732,21/1/2023 10:04,21/1/2023,1000,1100
2311611,21/1/2023 14:09,0,176.52,90.25,0,0,168938,21/1/2023 17:20,21/1/2023,1700,1800
2311802,21/1/2023 15:08,0,81.54,41.69,0,0,89656,21/1/2023 18:15,21/1/2023,1800,1900
2309758,20/1/2023 18:35,0,40.49,20.7,0,0,38806,21/1/2023 08:31,21/1/2023,800,900
2310403,21/1/2023 04:36,0,34.8,17.79,0,0,66024,21/1/2023 11:57,21/1/2023,1100,1200
2311083,21/1/2023 11:45,0,153.71,78.59,0,0,126318,21/1/2023 15:33,21/1/2023,1500,1600
2309777,20/1/2023 18:46,0,73.26,37.46,0,0,129532,21/1/2023 08:21,21/1/2023,800,900
2311046,21/1/2023 11:35,0,213.39,109.1,0,0,59761,21/1/2023 14:08,21/1/2023,1400,1500
2311635,21/1/2023 14:17,0,38.89,19.89,0,0,167660,21/1/2023 17:10,21/1/2023,1700,1800
2309375,20/1/2023 16:04,0,120.29,61.5,0,0,124156,21/1/2023 08:02,21/1/2023,800,900
2311645,21/1/2023 14:19,0,142.93,73.07,0,0,8907,21/1/2023 17:41,21/1/2023,1700,1800
2310324,21/1/2023 01:00,0,82.57,42.21,0,0,20954,21/1/2023 13:19,21/1/2023,1300,1400
2311876,21/1/2023 15:24,0,117.58,60.12,0,0,160782,21/1/2023 18:18,21/1/2023,1800,1900
2310464,21/1/2023 07:49,0,101.72,52.01,0,0,108653,21/1/2023 12:30,21/1/2023,1200,1300
2312745,21/1/2023 21:22,0,105.34,53.86,0,0,81178,22/1/2023 08:56,22/1/2023,900,1000
2314236,22/1/2023 13:55,0,22.24,11.37,0,0,73755,22/1/2023 16:42,22/1/2023,1600,1700
2312663,21/1/2023 20:39,0,179.02,91.53,0,0,73937,22/1/2023 08:49,22/1/2023,900,1000
2312985,22/1/2023 00:50,1,151.41,77.42,0,0,170041,22/1/2023 10:48,22/1/2023,1000,1100
2314291,22/1/2023 14:08,0,114.85,58.72,0,0,157683,22/1/2023 17:04,22/1/2023,1700,1800
2313147,22/1/2023 08:23,0,108.53,55.49,0,0,45469,22/1/2023 11:38,22/1/2023,1100,1200
2314142,22/1/2023 13:28,0,224.69,114.88,0,0,168976,22/1/2023 16:48,22/1/2023,1600,1700
2313053,22/1/2023 03:15,0,91.48,46.78,0,0,165217,22/1/2023 11:17,22/1/2023,1100,1200
2313041,22/1/2023 02:38,0,29.97,15.32,0,0,83330,22/1/2023 19:35,22/1/2023,1900,2000
2314417,22/1/2023 14:47,0,644.71,329.63,0,0,34567,22/1/2023 20:04,22/1/2023,2000,2100
2311254,21/1/2023 12:37,0,109,55.72,0,0,17335,22/1/2023 08:17,22/1/2023,800,900
2312562,21/1/2023 19:12,0,205.41,105.02,0,0,77194,22/1/2023 09:22,22/1/2023,1000,1100
2314876,22/1/2023 17:11,0,153.73,78.6,0,0,108075,22/1/2023 20:39,22/1/2023,2100,2200
2315906,23/1/2023 09:50,0,50.86,26.01,14.05,7.18,60664,23/1/2023 13:15,23/1/2023,1300,1400
2316922,23/1/2023 14:20,0,104.82,53.59,14.52,7.42,10141,23/1/2023 17:07,23/1/2023,1700,1800
2316658,23/1/2023 13:13,0,106.29,54.34,0,0,73905,23/1/2023 16:00,23/1/2023,1600,1700
2315055,22/1/2023 18:19,0,57.94,29.62,0,0,121282,23/1/2023 08:10,23/1/2023,800,900
2315393,22/1/2023 21:45,0,111.47,57,0,0,154259,23/1/2023 10:04,23/1/2023,1000,1100
2316043,23/1/2023 10:29,0,42.77,21.87,0,0,44169,23/1/2023 13:27,23/1/2023,1300,1400
2316396,23/1/2023 11:57,0,172.41,88.15,0,0,48186,23/1/2023 17:55,23/1/2023,1700,1800
2317512,23/1/2023 17:14,0,27.34,13.97,0,0,64816,23/1/2023 20:40,23/1/2023,2000,2100
2315705,23/1/2023 08:02,0,33.73,17.25,0,0,66251,23/1/2023 10:43,23/1/2023,1000,1100
2311745,21/1/2023 14:50,0,100.33,51.31,0,0,46819,23/1/2023 10:03,23/1/2023,1000,1100
2316031,23/1/2023 10:25,0,39.7,20.3,0,0,160608,23/1/2023 13:57,23/1/2023,1300,1400
2315494,22/1/2023 23:11,0,96.34,49.26,0,0,87232,23/1/2023 11:03,23/1/2023,1100,1200
2315584,23/1/2023 01:06,0,68.47,35.01,0,0,162320,23/1/2023 10:36,23/1/2023,1000,1100
2317186,23/1/2023 15:30,0,69.5,35.53,0,0,152397,23/1/2023 18:29,23/1/2023,1900,2000
2316516,23/1/2023 12:37,0,145.27,74.27,0,0,36392,23/1/2023 14:57,23/1/2023,1500,1600
2318481,24/1/2023 08:59,0,73.27,37.46,0,0,61188,24/1/2023 10:49,24/1/2023,1100,1200
2320147,24/1/2023 17:40,0,46.47,23.76,0,0,91400,24/1/2023 20:57,24/1/2023,2000,2100
2318916,24/1/2023 11:23,0,29.16,14.91,0,0,16732,24/1/2023 14:11,24/1/2023,1400,1500
2319886,24/1/2023 16:02,0,105.44,53.91,0,0,95620,24/1/2023 20:17,24/1/2023,2000,2100
2319598,24/1/2023 14:28,0,67.99,34.76,0,0,39042,24/1/2023 16:48,24/1/2023,1700,1800
2317806,23/1/2023 19:24,0,123.78,63.29,0,0,135824,24/1/2023 08:35,24/1/2023,800,900
2316212,23/1/2023 11:15,0,109.69,56.09,0,0,68036,24/1/2023 11:27,24/1/2023,1100,1200
2318013,23/1/2023 22:01,0,51.66,26.41,0,0,153595,24/1/2023 09:48,24/1/2023,900,1000
2318009,23/1/2023 21:55,0,144.57,73.92,0,0,52236,24/1/2023 09:43,24/1/2023,900,1000
2316348,23/1/2023 11:48,0,148.09,75.72,0,0,151626,24/1/2023 21:32,24/1/2023,2100,2200
2318469,24/1/2023 08:55,0,48.41,24.75,0,0,107879,24/1/2023 18:35,24/1/2023,1800,1900
2317933,23/1/2023 21:06,0,166,84.87,0,0,65562,24/1/2023 18:40,24/1/2023,1800,1900
2321254,25/1/2023 10:20,0,99.69,50.97,0,0,46730,25/1/2023 13:11,25/1/2023,1300,1400
2321671,25/1/2023 12:30,0,101.61,51.96,0,0,44805,25/1/2023 15:29,25/1/2023,1500,1600
2321738,25/1/2023 12:52,0,207.72,106.2,0,0,144248,25/1/2023 15:07,25/1/2023,1500,1600
2321754,25/1/2023 12:56,0,51.83,26.5,0,0,53227,25/1/2023 16:21,25/1/2023,1600,1700
2320790,25/1/2023 00:42,0,33.66,17.21,0,0,96474,25/1/2023 10:08,25/1/2023,1000,1100
2320813,25/1/2023 01:22,0,83.32,42.6,0,0,31774,25/1/2023 10:32,25/1/2023,1000,1100
2321314,25/1/2023 10:39,0,154.2,78.84,0,0,145782,25/1/2023 19:51,25/1/2023,1900,2000
2320489,24/1/2023 20:59,0,352.31,180.14,0,0,146219,25/1/2023 10:39,25/1/2023,1000,1100
2319999,24/1/2023 16:49,0,127.82,65.35,0,0,73763,25/1/2023 14:21,25/1/2023,1400,1500
2321310,25/1/2023 10:39,0,207.86,106.28,0,0,102361,25/1/2023 13:59,25/1/2023,1300,1400
2321613,25/1/2023 12:08,1,24.65,12.61,0,0,170439,25/1/2023 15:00,25/1/2023,1500,1600
2322089,25/1/2023 14:43,0,95.37,48.76,0,0,8231,25/1/2023 19:33,25/1/2023,1900,2000
2320590,24/1/2023 22:05,0,40.65,20.79,0,0,27750,26/1/2023 07:54,25/1/2023,2200,2300
2321382,25/1/2023 10:57,0,133.74,68.38,0,0,103614,25/1/2023 12:47,25/1/2023,1300,1400
2321322,25/1/2023 10:42,0,116.28,59.45,0,0,11618,25/1/2023 14:02,25/1/2023,1300,1400
2318906,24/1/2023 11:20,0,68.27,34.9,0,0,160590,25/1/2023 09:57,25/1/2023,900,1000
2320756,24/1/2023 23:56,0,42.87,21.92,0,0,61953,25/1/2023 11:50,25/1/2023,1100,1200
2319487,24/1/2023 13:56,0,189.83,97.06,0,0,139942,25/1/2023 10:19,25/1/2023,1000,1100
2323155,25/1/2023 22:42,0,93.3,47.7,0,0,111195,26/1/2023 09:05,26/1/2023,900,1000
2325522,26/1/2023 18:47,1,8.56,4.38,0,0,170612,26/1/2023 23:00,26/1/2023,2200,2300
2322970,25/1/2023 20:52,0,140.8,72,0,0,135591,26/1/2023 14:48,26/1/2023,1400,1500
2324921,26/1/2023 15:32,0,103.39,52.86,17.48,8.94,100761,26/1/2023 19:54,26/1/2023,1900,2000
2323938,26/1/2023 10:54,0,157.44,80.5,0,0,32508,26/1/2023 14:02,26/1/2023,1400,1500
2324455,26/1/2023 13:08,0,169.05,86.43,0,0,169465,26/1/2023 22:23,26/1/2023,2200,2300
2324516,26/1/2023 13:25,0,75.39,38.55,0,0,95792,26/1/2023 16:51,26/1/2023,1600,1700
2325109,26/1/2023 16:31,0,34.79,17.78,0,0,30213,26/1/2023 19:36,26/1/2023,1900,2000
2325235,26/1/2023 17:13,0,71.01,36.31,0,0,64052,26/1/2023 20:30,26/1/2023,2000,2100
2324595,26/1/2023 13:50,1,139.43,71.29,0,0,170070,26/1/2023 16:28,26/1/2023,1600,1700
2324939,26/1/2023 15:38,0,77.03,39.38,0,0,21899,26/1/2023 18:08,26/1/2023,1800,1900
2323240,25/1/2023 23:50,0,96.51,49.34,0,0,119488,26/1/2023 10:12,26/1/2023,1000,1100
2324368,26/1/2023 12:44,0,295.87,151.28,149.38,76.38,73361,26/1/2023 15:46,26/1/2023,1500,1600
2324506,26/1/2023 13:22,0,231.25,118.24,15.55,7.95,11530,26/1/2023 16:14,26/1/2023,1600,1700
2321650,25/1/2023 12:24,0,128.5,65.7,0,0,143403,26/1/2023 12:39,26/1/2023,1200,1300
2323435,26/1/2023 07:15,0,79.62,40.71,0,0,126795,26/1/2023 18:50,26/1/2023,1800,1900
2324982,26/1/2023 15:51,0,43.75,22.37,0,0,38112,27/1/2023 15:22,27/1/2023,1500,1600
2327411,27/1/2023 13:28,0,120.95,61.85,28.61,14.63,88722,27/1/2023 16:38,27/1/2023,1600,1700
2326824,27/1/2023 10:51,0,65.22,33.35,0,0,47856,27/1/2023 14:03,27/1/2023,1400,1500
2325461,26/1/2023 18:23,0,133.66,68.34,0,0,48445,27/1/2023 08:02,27/1/2023,800,900
2325514,26/1/2023 18:42,0,91.03,46.54,0,0,58106,27/1/2023 11:22,27/1/2023,1100,1200
2326391,27/1/2023 08:42,0,39.16,20.02,0,0,99516,27/1/2023 11:03,27/1/2023,1100,1200
2326827,27/1/2023 10:52,0,72.09,36.86,0,0,89196,27/1/2023 13:06,27/1/2023,1300,1400
2325676,26/1/2023 19:50,0,74.36,38.02,0,0,60686,27/1/2023 08:42,27/1/2023,800,900
2328174,27/1/2023 17:06,0,109.45,55.96,0,0,89262,27/1/2023 19:49,27/1/2023,2100,2200
2328034,27/1/2023 16:24,0,175.09,89.52,4.45,2.28,72419,27/1/2023 19:43,27/1/2023,2000,2100
2323547,26/1/2023 08:48,0,125.95,64.39,0,0,39455,27/1/2023 08:20,27/1/2023,800,900
2325666,26/1/2023 19:45,0,145.03,74.15,0,0,141804,27/1/2023 10:12,27/1/2023,1000,1100
2327047,27/1/2023 11:50,0,80.23,41.02,18.04,9.22,16013,27/1/2023 15:31,27/1/2023,1500,1600
2325950,26/1/2023 22:28,0,66.9,34.21,0,0,80144,27/1/2023 10:16,27/1/2023,1000,1100
2328096,27/1/2023 16:41,0,135,69.03,0,0,69239,27/1/2023 19:20,27/1/2023,2000,2100
2325670,26/1/2023 19:48,0,55.96,28.61,0,0,103320,27/1/2023 15:20,27/1/2023,1500,1600
2326010,26/1/2023 22:58,0,191.1,97.71,0,0,31964,27/1/2023 08:20,27/1/2023,800,900
2330689,28/1/2023 15:37,0,71,36.3,0,0,51185,28/1/2023 19:40,28/1/2023,1900,2000
2328003,27/1/2023 16:17,0,77.07,39.4,0,0,82469,28/1/2023 08:06,28/1/2023,800,900
2328652,27/1/2023 20:28,0,94.38,48.26,43,21.98,36807,28/1/2023 11:22,28/1/2023,1100,1200
2329609,28/1/2023 11:01,0,61.39,31.39,0,0,62111,28/1/2023 14:18,28/1/2023,1400,1500
2330368,28/1/2023 14:17,0,167.88,85.84,0,0,10240,28/1/2023 17:56,28/1/2023,1700,1800
2328728,27/1/2023 21:14,0,239.99,122.71,0,0,34249,28/1/2023 10:21,28/1/2023,1000,1100
2330006,28/1/2023 12:48,0,185.5,94.85,0,0,165267,28/1/2023 16:32,28/1/2023,1600,1700
2330421,28/1/2023 14:33,0,97.8,50,25.9,13.24,10158,28/1/2023 17:05,28/1/2023,1700,1800
2328924,27/1/2023 23:07,0,140.31,71.74,0,0,68807,28/1/2023 10:37,28/1/2023,1000,1100
2329453,28/1/2023 10:22,0,44.2,22.6,0,0,70404,28/1/2023 15:15,28/1/2023,1500,1600
2330731,28/1/2023 15:46,0,143.33,73.29,0,0,58633,28/1/2023 19:00,28/1/2023,1900,2000
2329078,28/1/2023 02:08,0,154.08,78.78,0,0,49041,28/1/2023 11:00,28/1/2023,1100,1200
2330904,28/1/2023 16:32,0,81.21,41.52,0,0,133875,28/1/2023 21:26,28/1/2023,2100,2200
2328919,27/1/2023 23:05,0,204.25,104.44,0,0,34886,28/1/2023 16:03,28/1/2023,1600,1700
2329472,28/1/2023 10:26,0,258.69,132.27,0,0,85138,28/1/2023 20:04,28/1/2023,2000,2100
2329037,28/1/2023 00:41,0,99.29,50.77,0,0,134972,28/1/2023 11:29,28/1/2023,1100,1200
2331230,28/1/2023 18:16,0,151.1,77.25,0,0,27487,29/1/2023 14:44,29/1/2023,1400,1500
2332971,29/1/2023 12:36,0,188.98,96.62,0,0,9291,29/1/2023 16:33,29/1/2023,1600,1700
2329981,28/1/2023 12:39,0,143.99,73.62,67.26,34.39,46454,29/1/2023 08:49,29/1/2023,800,900
2333193,29/1/2023 13:28,0,61.09,31.24,0,0,85578,29/1/2023 17:17,29/1/2023,1700,1800
2332365,29/1/2023 10:26,0,123.16,62.97,0,0,68076,29/1/2023 13:12,29/1/2023,1300,1400
2332239,29/1/2023 09:50,0,103.77,53.06,0,0,94162,29/1/2023 13:04,29/1/2023,1300,1400
2333636,29/1/2023 15:18,0,49.71,25.42,0,0,8843,29/1/2023 19:25,29/1/2023,1900,2000
2331692,28/1/2023 22:05,0,153.72,78.6,6.05,3.1,45887,29/1/2023 12:00,29/1/2023,1200,1300
2333734,29/1/2023 15:52,0,92.01,47.04,8.05,4.11,8079,29/1/2023 20:18,29/1/2023,2000,2100
2331634,28/1/2023 21:37,0,73.53,37.59,0,0,122794,29/1/2023 10:30,29/1/2023,1000,1100
2332359,29/1/2023 10:25,0,71.92,36.77,0,0,35921,29/1/2023 13:32,29/1/2023,1300,1400
2331810,28/1/2023 23:25,0,189.02,96.65,0,0,9136,29/1/2023 11:17,29/1/2023,1100,1200
2329853,28/1/2023 12:05,0,102.32,52.31,0,0,59347,29/1/2023 08:48,29/1/2023,800,900
2334290,29/1/2023 19:39,0,93.39,47.75,0,0,9168,30/1/2023 09:47,30/1/2023,900,1000
2335368,30/1/2023 11:27,0,96.72,49.45,0,0,121596,30/1/2023 14:16,30/1/2023,1400,1500
2336140,30/1/2023 15:09,0,71.17,36.39,0,0,32363,30/1/2023 18:30,30/1/2023,1800,1900
2335510,30/1/2023 12:06,0,124.98,63.9,0,0,83487,30/1/2023 14:08,30/1/2023,1400,1500
2336598,30/1/2023 17:36,0,141.62,72.41,0,0,166173,30/1/2023 19:58,30/1/2023,2000,2100
2334322,29/1/2023 20:05,0,112.52,57.53,11.41,5.83,49918,30/1/2023 10:03,30/1/2023,1000,1100
2336023,30/1/2023 14:26,0,2.88,1.47,0,0,158034,30/1/2023 17:34,30/1/2023,1700,1800
2334354,29/1/2023 20:17,0,247.86,126.73,0,0,27364,30/1/2023 10:35,30/1/2023,1000,1100
2334439,29/1/2023 21:09,0,72.15,36.89,0,0,131741,30/1/2023 12:46,30/1/2023,1200,1300
2335529,30/1/2023 12:11,0,57.95,29.63,0,0,87984,30/1/2023 18:57,30/1/2023,1900,2000
2327896,27/1/2023 15:49,0,309.37,158.18,0,0,17923,30/1/2023 10:10,30/1/2023,1000,1100
2333738,29/1/2023 15:55,0,254.36,130.05,0,0,11401,30/1/2023 08:45,30/1/2023,800,900
2335382,30/1/2023 11:30,0,68.54,35.04,0,0,39051,30/1/2023 13:45,30/1/2023,1400,1500
2336657,30/1/2023 18:02,1,76.28,39,0,0,159350,30/1/2023 20:33,30/1/2023,2000,2100
2336602,30/1/2023 17:38,0,157.72,80.64,0,0,32460,30/1/2023 20:48,30/1/2023,2000,2100
2335978,30/1/2023 14:15,0,194.23,99.31,0,0,123145,30/1/2023 17:25,30/1/2023,1700,1800
2337110,30/1/2023 22:34,0,162.09,82.87,0,0,19122,31/1/2023 10:30,31/1/2023,1000,1100
2337162,30/1/2023 23:05,0,165.66,84.7,25.25,12.91,135536,31/1/2023 11:00,31/1/2023,1100,1200
2338204,31/1/2023 12:49,0,109.99,56.23,0,0,97687,31/1/2023 15:36,31/1/2023,1500,1600
2338266,31/1/2023 13:17,0,102.3,52.31,0,0,159345,31/1/2023 18:53,31/1/2023,1800,1900
2338354,31/1/2023 13:42,0,101.74,52.02,0,0,126881,31/1/2023 16:11,31/1/2023,1600,1700
2336910,30/1/2023 20:37,0,78.69,40.24,0,0,26617,31/1/2023 09:35,31/1/2023,900,1000
2337177,30/1/2023 23:12,0,205.56,105.1,0,0,12883,31/1/2023 11:11,31/1/2023,1100,1200
2337661,31/1/2023 09:57,0,102.83,52.57,22.84,11.67,85486,31/1/2023 15:50,31/1/2023,1600,1700
2338058,31/1/2023 12:04,0,45.17,23.09,0,0,16617,31/1/2023 15:06,31/1/2023,1500,1600
2337058,30/1/2023 22:09,0,69.21,35.39,0,0,67318,31/1/2023 09:24,31/1/2023,900,1000
2338036,31/1/2023 11:57,0,126.1,64.47,0,0,39810,31/1/2023 18:02,31/1/2023,1800,1900
2338943,31/1/2023 16:48,0,71.35,36.48,0,0,21174,31/1/2023 19:45,31/1/2023,1900,2000
2337625,31/1/2023 09:41,1,39.63,20.27,0,0,171180,31/1/2023 12:00,31/1/2023,1200,1300
2338146,31/1/2023 12:31,0,70.59,36.09,19.37,9.91,38947,31/1/2023 15:20,31/1/2023,1500,1600
2338208,31/1/2023 12:52,0,100.69,51.48,0,0,24538,31/1/2023 19:27,31/1/2023,1900,2000
2338982,31/1/2023 17:03,0,133.84,68.44,0,0,118162,31/1/2023 20:46,31/1/2023,2000,2100
2337054,30/1/2023 22:06,0,146.46,74.88,0,0,151097,31/1/2023 16:37,31/1/2023,1600,1700
2339182,31/1/2023 18:18,0,104.85,53.61,0,0,10528,1/2/2023 08:27,1/2/2023,800,900
2339905,1/2/2023 07:22,0,118.86,60.77,0,0,24392,1/2/2023 11:08,1/2/2023,1100,1200
2340710,1/2/2023 12:38,0,137.99,70.55,25.01,12.79,10829,1/2/2023 15:17,1/2/2023,1500,1600
2341136,1/2/2023 14:54,0,89.49,45.75,0,0,70657,1/2/2023 17:20,1/2/2023,1700,1800
2340602,1/2/2023 12:12,0,43.27,22.12,0,0,96724,1/2/2023 15:21,1/2/2023,1500,1600
2339171,31/1/2023 18:14,0,25.89,13.23,0,0,67225,1/2/2023 09:28,1/2/2023,900,1000
2340403,1/2/2023 11:12,0,97.7,49.95,0,0,152356,1/2/2023 16:00,1/2/2023,1600,1700
2340891,1/2/2023 13:35,0,34.33,17.55,0,0,37049,1/2/2023 16:29,1/2/2023,1700,1800
2339792,1/2/2023 00:27,0,58.88,30.11,0,0,104599,1/2/2023 11:47,1/2/2023,1100,1200
2339717,31/1/2023 23:28,0,52.41,26.8,4.81,2.46,26284,1/2/2023 10:04,1/2/2023,1000,1100
2338316,31/1/2023 13:28,0,106.5,54.45,0,0,139355,1/2/2023 09:35,1/2/2023,900,1000
2340885,1/2/2023 13:33,0,60.78,31.07,0,0,91035,1/2/2023 21:16,1/2/2023,2100,2200
2335515,30/1/2023 12:07,0,137.54,70.32,0,0,62735,2/2/2023 16:45,2/2/2023,1600,1700
2341891,1/2/2023 19:29,1,114.95,58.77,0,0,171369,2/2/2023 10:04,2/2/2023,1000,1100
2342387,2/2/2023 00:30,0,56.58,28.93,0,0,11591,2/2/2023 12:11,2/2/2023,1200,1300
2342583,2/2/2023 08:12,0,48.84,24.97,0,0,58700,2/2/2023 18:52,2/2/2023,1800,1900
2343209,2/2/2023 11:36,1,118.33,60.5,0,0,171407,2/2/2023 18:56,2/2/2023,1800,1900
2343377,2/2/2023 12:27,0,57.27,29.28,0,0,43675,2/2/2023 15:03,2/2/2023,1500,1600
2344634,2/2/2023 18:41,0,39.49,20.19,0,0,44038,2/2/2023 21:43,2/2/2023,2100,2200
2342811,2/2/2023 09:41,0,65.35,33.41,7.05,3.61,84864,2/2/2023 12:56,2/2/2023,1200,1300
2343250,2/2/2023 11:51,0,279.42,142.87,0,0,44374,2/2/2023 16:03,2/2/2023,1600,1700
2341645,1/2/2023 17:39,0,50.21,25.67,0,0,64776,2/2/2023 10:24,2/2/2023,1000,1100
2343256,2/2/2023 11:53,0,92.74,47.42,0,0,132250,2/2/2023 14:46,2/2/2023,1400,1500
2344580,2/2/2023 18:21,0,79.01,40.4,0,0,148257,2/2/2023 21:28,2/2/2023,2100,2200
2347092,3/2/2023 17:18,0,90.74,46.39,0,0,24042,3/2/2023 20:11,3/2/2023,2000,2100
2346544,3/2/2023 14:21,0,187.68,95.96,0,0,74192,3/2/2023 18:37,3/2/2023,1800,1900
2345609,3/2/2023 09:55,0,0,0,0,0,107707,3/2/2023 12:25,3/2/2023,1200,1300
2345665,3/2/2023 10:13,0,150.44,76.92,0,0,152933,3/2/2023 18:38,3/2/2023,1800,1900
2347028,3/2/2023 16:57,0,53.68,27.45,0,0,155019,3/2/2023 20:49,3/2/2023,2000,2100
2345071,2/2/2023 22:42,0,255.02,130.39,0,0,75473,3/2/2023 10:12,3/2/2023,1000,1100
2344769,2/2/2023 19:56,0,80.26,41.04,0,0,154998,3/2/2023 08:02,3/2/2023,800,900
2346039,3/2/2023 12:00,0,78.39,40.08,0,0,169972,3/2/2023 14:46,3/2/2023,1500,1600
2344418,2/2/2023 17:30,0,77.3,39.52,0,0,148016,3/2/2023 10:05,3/2/2023,1000,1100
2345188,3/2/2023 00:13,0,60.38,30.87,0,0,108751,3/2/2023 11:54,3/2/2023,1100,1200
2346293,3/2/2023 13:15,0,45.01,23.02,0,0,80863,3/2/2023 15:47,3/2/2023,1600,1700
2347058,3/2/2023 17:08,0,72.97,37.31,0,0,122267,3/2/2023 20:21,3/2/2023,2000,2100
2349480,4/2/2023 15:15,0,45.81,23.43,0,0,163855,4/2/2023 19:53,4/2/2023,1900,2000
2349686,4/2/2023 16:00,0,134.64,68.84,0,0,50061,4/2/2023 20:39,4/2/2023,2000,2100
2347338,3/2/2023 19:00,0,40.28,20.6,0,0,96705,4/2/2023 11:07,4/2/2023,1100,1200
2348253,4/2/2023 10:09,0,50.17,25.65,0,0,64431,4/2/2023 12:41,4/2/2023,1200,1300
2347491,3/2/2023 20:22,0,79.49,40.64,0,0,52129,4/2/2023 09:12,4/2/2023,900,1000
2346761,3/2/2023 15:29,0,69.11,35.33,0,0,145283,4/2/2023 08:36,4/2/2023,900,1000
2347660,3/2/2023 21:55,0,123.81,63.3,0,0,18843,4/2/2023 09:00,4/2/2023,900,1000
2348285,4/2/2023 10:18,0,121.27,62,0,0,123162,4/2/2023 12:27,4/2/2023,1300,1400
2348568,4/2/2023 11:36,0,135.41,69.24,0,0,115214,4/2/2023 14:29,4/2/2023,1400,1500
2348521,4/2/2023 11:21,0,102.15,52.23,0,0,9131,4/2/2023 20:37,4/2/2023,2000,2100
2348432,4/2/2023 10:56,0,88.22,45.11,0,0,57815,4/2/2023 13:34,4/2/2023,1300,1400
2348331,4/2/2023 10:32,0,46.14,23.59,0,0,65606,4/2/2023 14:12,4/2/2023,1400,1500
2350233,4/2/2023 20:02,0,158.8,81.19,0,0,48656,5/2/2023 10:10,5/2/2023,1000,1100
2351603,5/2/2023 11:13,0,68.57,35.05,0,0,104458,5/2/2023 15:16,5/2/2023,1500,1600
2352222,5/2/2023 13:19,0,98.69,50.46,0,0,31241,5/2/2023 19:43,5/2/2023,1900,2000
2350078,4/2/2023 18:33,0,198.99,101.74,0,0,50905,5/2/2023 11:47,5/2/2023,1200,1300
2350812,5/2/2023 05:40,0,72.46,37.05,0,0,128844,5/2/2023 12:42,5/2/2023,1200,1300
2351602,5/2/2023 11:13,0,108.47,55.46,0,0,11803,5/2/2023 16:36,5/2/2023,1600,1700
2349922,4/2/2023 17:21,0,248.92,127.27,0,0,38613,5/2/2023 09:01,5/2/2023,900,1000
2350303,4/2/2023 20:38,0,108.69,55.57,0,0,166489,5/2/2023 10:43,5/2/2023,1000,1100
2352382,5/2/2023 13:52,0,103.33,52.84,0,0,158667,5/2/2023 19:46,5/2/2023,1900,2000
2350393,4/2/2023 21:16,0,255.43,130.6,43.12,22.04,79202,5/2/2023 11:16,5/2/2023,1100,1200
2351082,5/2/2023 09:34,0,70.11,35.84,0,0,24267,5/2/2023 15:00,5/2/2023,1400,1500
2351724,5/2/2023 11:33,0,194.25,99.32,0,0,76011,5/2/2023 16:50,5/2/2023,1600,1700
2351289,5/2/2023 10:24,0,137.47,70.28,0,0,71340,5/2/2023 14:16,5/2/2023,1400,1500
2351497,5/2/2023 10:58,0,287.9,147.19,0,0,74958,5/2/2023 18:47,5/2/2023,1800,1900
2349648,4/2/2023 15:51,0,121.82,62.29,0,0,64233,5/2/2023 09:25,5/2/2023,900,1000
2353627,5/2/2023 21:57,0,97.81,50.01,0,0,57517,6/2/2023 12:27,6/2/2023,1200,1300
2355233,6/2/2023 13:36,0,71.83,36.72,0,0,167149,6/2/2023 19:52,6/2/2023,1900,2000
2352798,5/2/2023 15:44,0,42.97,21.97,0,0,18546,6/2/2023 10:43,6/2/2023,1000,1100
2354511,6/2/2023 10:44,0,81.65,41.75,0,0,75951,6/2/2023 15:38,6/2/2023,1600,1700
2349543,4/2/2023 15:29,1,114.04,58.31,0,0,171704,6/2/2023 18:27,6/2/2023,1800,1900
2353132,5/2/2023 18:02,0,186.64,95.43,0,0,24176,6/2/2023 18:14,6/2/2023,1800,1900
2354815,6/2/2023 11:58,0,72.44,37.04,0,0,95792,6/2/2023 16:06,6/2/2023,1600,1700
2351363,5/2/2023 10:37,0,58.98,30.16,0,0,71732,6/2/2023 08:27,6/2/2023,800,900
2353007,5/2/2023 17:03,0,150.05,76.72,0,0,54190,6/2/2023 08:11,6/2/2023,800,900
2353291,5/2/2023 19:04,0,106.18,54.29,0,0,137373,6/2/2023 10:34,6/2/2023,1000,1100
2352744,5/2/2023 15:30,0,106.51,54.46,0,0,80671,6/2/2023 10:01,6/2/2023,1000,1100
2353064,5/2/2023 17:25,0,114.04,58.31,0,0,167067,6/2/2023 12:30,6/2/2023,1200,1300
2352625,5/2/2023 14:55,0,259.67,132.77,60.45,30.91,44341,6/2/2023 10:09,6/2/2023,1000,1100
2353696,5/2/2023 22:35,0,27.48,14.05,0,0,92057,6/2/2023 12:46,6/2/2023,1200,1300
2354114,6/2/2023 08:55,0,69.88,35.73,0,0,54160,6/2/2023 15:03,6/2/2023,1500,1600
2354253,6/2/2023 09:41,1,46.59,23.82,0,0,171767,6/2/2023 13:51,6/2/2023,1400,1500
2354661,6/2/2023 11:19,0,119.4,61.04,0,0,99894,6/2/2023 15:19,6/2/2023,1500,1600
2353988,6/2/2023 08:02,0,180.6,92.34,0,0,76936,6/2/2023 13:21,6/2/2023,1300,1400
2354529,6/2/2023 10:49,0,73.67,37.67,0,0,29563,6/2/2023 14:45,6/2/2023,1500,1600
2353871,6/2/2023 01:47,0,36.98,18.91,0,0,91893,6/2/2023 14:16,6/2/2023,1400,1500
2351810,5/2/2023 11:49,0,83.42,42.65,0,0,124741,6/2/2023 10:38,6/2/2023,1000,1100
2357560,7/2/2023 12:16,0,98.19,50.2,0,0,75071,7/2/2023 15:12,7/2/2023,1500,1600
2355875,6/2/2023 17:58,0,101.49,51.9,0,0,37569,7/2/2023 08:29,7/2/2023,800,900
2357026,7/2/2023 10:03,0,45.27,23.14,0,0,95760,7/2/2023 14:09,7/2/2023,1400,1500
2356201,6/2/2023 21:06,0,50.15,25.64,0,0,41612,7/2/2023 14:50,7/2/2023,1400,1500
2357237,7/2/2023 10:59,0,83.52,42.7,0,0,71362,7/2/2023 16:00,7/2/2023,1500,1600
2356967,7/2/2023 09:50,0,85.47,43.7,0,0,14756,7/2/2023 17:24,7/2/2023,1700,1800
2356323,6/2/2023 22:15,0,35.38,18.09,0,0,169008,7/2/2023 10:37,7/2/2023,1000,1100
2357633,7/2/2023 12:35,0,72.17,36.9,0,0,47805,7/2/2023 18:09,7/2/2023,1800,1900
2355701,6/2/2023 16:21,1,49.83,25.48,0,0,172018,7/2/2023 08:35,7/2/2023,800,900
2356634,7/2/2023 06:33,1,213.41,109.11,0,0,172084,7/2/2023 12:26,7/2/2023,1200,1300
2360122,8/2/2023 11:14,0,246.99,126.29,0,0,7914,8/2/2023 19:07,8/2/2023,1900,2000
2360213,8/2/2023 11:37,0,65.51,33.49,0,0,80657,8/2/2023 16:11,8/2/2023,1600,1700
2359075,7/2/2023 21:20,0,98.69,50.46,0,0,50147,8/2/2023 12:14,8/2/2023,1200,1300
2359891,8/2/2023 10:08,0,83.66,42.78,0,0,38168,8/2/2023 13:56,8/2/2023,1300,1400
2358866,7/2/2023 19:31,0,55.33,28.29,0,0,98643,8/2/2023 11:08,8/2/2023,1100,1200
2360756,8/2/2023 14:07,0,154.15,78.82,0,0,19285,8/2/2023 18:46,8/2/2023,1800,1900
2359898,8/2/2023 10:10,0,69.92,35.75,0,0,58572,8/2/2023 14:22,8/2/2023,1400,1500
2360549,8/2/2023 13:07,0,136.34,69.71,0,0,26669,8/2/2023 16:44,8/2/2023,1600,1700
2359676,8/2/2023 08:56,0,107.1,54.76,0,0,61852,8/2/2023 12:49,8/2/2023,1200,1300
2359886,8/2/2023 10:07,0,74.74,38.22,0,0,170253,8/2/2023 13:07,8/2/2023,1300,1400
2361418,8/2/2023 17:57,0,56.34,28.81,0,0,8166,8/2/2023 21:34,8/2/2023,2100,2200
2361877,8/2/2023 21:54,0,71.42,36.51,0,0,21899,9/2/2023 10:57,9/2/2023,1000,1100
2363692,9/2/2023 14:54,0,69.65,35.61,0,0,67382,9/2/2023 18:31,9/2/2023,1800,1900
2363345,9/2/2023 13:11,0,37.99,19.42,0,0,16159,9/2/2023 16:51,9/2/2023,1600,1700
2363482,9/2/2023 13:56,0,88.44,45.22,0,0,50984,9/2/2023 17:17,9/2/2023,1700,1800
2361624,8/2/2023 19:40,0,100.37,51.32,0,0,145774,9/2/2023 10:28,9/2/2023,1000,1100
2361611,8/2/2023 19:25,0,105.91,54.15,0,0,77004,9/2/2023 12:20,9/2/2023,1200,1300
2362380,9/2/2023 08:46,0,75.85,38.78,0,0,144248,9/2/2023 12:41,9/2/2023,1200,1300
2361682,8/2/2023 20:11,0,55.13,28.19,0,0,74167,9/2/2023 08:53,9/2/2023,800,900
2362795,9/2/2023 10:48,0,32.61,16.68,0,0,161450,9/2/2023 13:06,9/2/2023,1300,1400
2361554,8/2/2023 18:59,0,80.85,41.34,0,0,122036,9/2/2023 11:16,9/2/2023,1100,1200
2362856,9/2/2023 11:04,0,104.87,53.62,0,0,54160,9/2/2023 15:43,9/2/2023,1500,1600
2361974,8/2/2023 22:43,0,64.29,32.87,0,0,42487,9/2/2023 12:10,9/2/2023,1200,1300
2362884,9/2/2023 11:12,0,89.93,45.98,0,0,11429,9/2/2023 14:23,9/2/2023,1400,1500
2362365,9/2/2023 08:42,0,108.43,55.44,0,0,19268,9/2/2023 12:53,9/2/2023,1200,1300
2362735,9/2/2023 10:31,0,90.89,46.47,0,0,17806,9/2/2023 13:45,9/2/2023,1300,1400
2361282,8/2/2023 17:01,0,47.1,24.08,0,0,81207,9/2/2023 10:56,9/2/2023,1000,1100
2361424,8/2/2023 17:59,0,134.55,68.79,0,0,98873,9/2/2023 11:59,9/2/2023,1100,1200
2361667,8/2/2023 20:03,0,123.79,63.29,0,0,102396,9/2/2023 13:41,9/2/2023,1300,1400
2364387,9/2/2023 19:07,0,142.63,72.92,0,0,61443,10/2/2023 10:03,10/2/2023,1000,1100
2366448,10/2/2023 14:59,0,46.77,23.91,0,0,8557,10/2/2023 17:42,10/2/2023,1700,1800
2364980,10/2/2023 02:54,0,109.26,55.86,0,0,60542,10/2/2023 12:34,10/2/2023,1200,1300
2365648,10/2/2023 11:13,0,98.83,50.53,0,0,69718,10/2/2023 14:20,10/2/2023,1400,1500
2363503,9/2/2023 14:00,0,73.08,37.36,0,0,87738,10/2/2023 12:13,10/2/2023,1200,1300
2365955,10/2/2023 12:38,0,181.39,92.74,0,0,98144,10/2/2023 15:52,10/2/2023,1500,1600
2363973,9/2/2023 16:23,0,223.41,114.23,0,0,146868,10/2/2023 15:15,10/2/2023,1500,1600
2365491,10/2/2023 10:25,0,103.87,53.11,0,0,56700,10/2/2023 12:58,10/2/2023,1300,1400
2364916,10/2/2023 00:33,0,49.61,25.36,0,0,11591,10/2/2023 17:34,10/2/2023,1700,1800
2365343,10/2/2023 09:50,0,35.87,18.34,0,0,19833,10/2/2023 17:36,10/2/2023,1700,1800
2364663,9/2/2023 21:45,0,110.56,56.53,0,0,86657,10/2/2023 12:08,10/2/2023,1200,1300
2366232,10/2/2023 13:50,0,67.52,34.52,0,0,156406,10/2/2023 15:45,10/2/2023,1600,1700
2365996,10/2/2023 12:47,0,127.78,65.33,4.25,2.17,84212,10/2/2023 15:43,10/2/2023,1500,1600
2366238,10/2/2023 13:52,0,35.39,18.09,0,0,84655,10/2/2023 16:16,10/2/2023,1600,1700
2364158,9/2/2023 17:40,0,79.4,40.6,0,0,84219,10/2/2023 10:34,10/2/2023,1000,1100
2365530,10/2/2023 10:37,0,44.78,22.9,0,0,116932,10/2/2023 19:31,10/2/2023,1900,2000
2368998,11/2/2023 14:13,0,258.62,132.23,47.03,24.05,32796,11/2/2023 17:13,11/2/2023,1700,1800
2369803,11/2/2023 17:57,0,79.25,40.53,12.66,6.47,33986,11/2/2023 21:30,11/2/2023,2100,2200
2368485,11/2/2023 11:53,0,35.14,17.96,0,0,22506,11/2/2023 15:40,11/2/2023,1600,1700
2369126,11/2/2023 14:50,0,143.75,73.5,0,0,155485,11/2/2023 17:17,11/2/2023,1700,1800
2367629,10/2/2023 23:47,0,125.93,64.39,28.27,14.45,64658,11/2/2023 10:38,11/2/2023,1000,1100
2367696,11/2/2023 00:52,0,252.07,128.88,25.36,12.97,23550,11/2/2023 12:23,11/2/2023,1200,1300
2368824,11/2/2023 13:31,0,57.65,29.48,0,0,58022,11/2/2023 16:31,11/2/2023,1600,1700
2369145,11/2/2023 14:55,0,159.14,81.37,0,0,96460,11/2/2023 18:09,11/2/2023,1800,1900
2369038,11/2/2023 14:29,0,100,51.13,0,0,49986,11/2/2023 17:22,11/2/2023,1700,1800
2367383,10/2/2023 21:22,0,70.44,36.02,0,0,57931,11/2/2023 12:19,11/2/2023,1200,1300
2369636,11/2/2023 17:10,0,66.09,33.79,0,0,98418,11/2/2023 20:36,11/2/2023,2000,2100
2367668,11/2/2023 00:18,0,128.18,65.53,0,0,172275,11/2/2023 16:50,11/2/2023,1700,1800
2370928,12/2/2023 09:41,0,41.83,21.38,0,0,29501,12/2/2023 19:21,12/2/2023,1900,2000
2370241,11/2/2023 21:33,0,68.66,35.11,0,0,22079,12/2/2023 10:20,12/2/2023,1000,1100
2372133,12/2/2023 14:15,0,134.32,68.68,0,0,19927,12/2/2023 18:01,12/2/2023,1800,1900
2372844,12/2/2023 17:31,0,60.91,31.14,0,0,129564,12/2/2023 20:40,12/2/2023,2000,2100
2372367,12/2/2023 15:13,0,158.06,80.81,0,0,44637,12/2/2023 18:44,12/2/2023,1900,2000
2370491,11/2/2023 23:57,0,110.13,56.3,0,0,25370,12/2/2023 10:33,12/2/2023,1000,1100
2372987,12/2/2023 18:25,0,131.2,67.08,0,0,82946,12/2/2023 21:55,12/2/2023,2200,2300
2370669,12/2/2023 07:15,0,100.38,51.32,0,0,172712,12/2/2023 12:44,12/2/2023,1200,1300
2371045,12/2/2023 10:16,0,103.09,52.71,0,0,20823,12/2/2023 14:06,12/2/2023,1400,1500
2371350,12/2/2023 11:21,0,81.9,41.88,0,0,48346,12/2/2023 15:05,12/2/2023,1500,1600
2371610,12/2/2023 12:18,0,89.1,45.56,0,0,138664,12/2/2023 16:09,12/2/2023,1600,1700
2371955,12/2/2023 13:35,0,153.11,78.28,0,0,66667,12/2/2023 20:47,12/2/2023,2000,2100
2370802,12/2/2023 08:56,0,69.49,35.53,0,0,104854,12/2/2023 12:15,12/2/2023,1200,1300
2368854,11/2/2023 13:38,0,145.09,74.18,21.57,11.03,61829,12/2/2023 09:53,12/2/2023,1000,1100
2371841,12/2/2023 13:09,0,106.66,54.54,0,0,19206,13/2/2023 10:24,13/2/2023,1000,1100
2374801,13/2/2023 13:52,1,158.37,80.97,0,0,172883,13/2/2023 19:41,13/2/2023,2000,2100
2373413,12/2/2023 23:02,0,88.06,45.03,0,0,11299,13/2/2023 10:36,13/2/2023,1000,1100
2374526,13/2/2023 12:38,0,38.38,19.63,0,0,28443,13/2/2023 15:17,13/2/2023,1500,1600
2374196,13/2/2023 11:16,0,109.69,56.08,0,0,77704,13/2/2023 19:09,13/2/2023,1900,2000
2365583,10/2/2023 10:53,0,251.1,128.38,0,0,170316,13/2/2023 09:07,13/2/2023,900,1000
2374607,13/2/2023 12:59,0,103.24,52.78,0,0,158034,13/2/2023 15:54,13/2/2023,1600,1700
2375356,13/2/2023 16:41,0,40.09,20.5,0,0,137663,13/2/2023 19:57,13/2/2023,1900,2000
2373052,12/2/2023 18:49,0,58.06,29.68,0,0,31958,13/2/2023 07:23,13/2/2023,800,900
2373493,13/2/2023 00:05,0,132.59,67.79,0,0,100882,13/2/2023 10:24,13/2/2023,1000,1100
2374514,13/2/2023 12:35,0,72.19,36.91,0,0,105339,13/2/2023 15:40,13/2/2023,1500,1600
2374513,13/2/2023 12:34,0,121.63,62.19,0,0,86630,13/2/2023 19:23,13/2/2023,1900,2000
2374570,13/2/2023 12:48,0,232.39,118.82,0,0,45113,13/2/2023 17:25,13/2/2023,1800,1900
2375367,13/2/2023 16:45,0,69.94,35.76,0,0,59752,13/2/2023 19:34,13/2/2023,1900,2000
2373957,13/2/2023 10:11,0,91.5,46.78,0,0,7538,13/2/2023 13:34,13/2/2023,1300,1400
2373381,12/2/2023 22:32,0,52.7,26.95,0,0,171654,13/2/2023 10:18,13/2/2023,1000,1100
2373096,12/2/2023 19:10,0,116.26,59.44,0,0,22953,13/2/2023 08:44,13/2/2023,800,900
2378272,14/2/2023 17:44,0,64.63,33.04,0,0,32959,14/2/2023 20:08,14/2/2023,2000,2100
2375562,13/2/2023 18:04,0,99.62,50.93,0,0,135393,14/2/2023 11:05,14/2/2023,1100,1200
2377070,14/2/2023 11:47,0,55.29,28.27,0,0,128508,14/2/2023 15:23,14/2/2023,1500,1600
2377749,14/2/2023 14:44,0,30.51,15.6,0,0,33446,14/2/2023 18:30,14/2/2023,1800,1900
2374852,13/2/2023 14:04,0,99.69,50.97,0,0,19268,14/2/2023 09:00,14/2/2023,900,1000
2377074,14/2/2023 11:48,0,67.71,34.62,0,0,54390,14/2/2023 14:11,14/2/2023,1400,1500
2377034,14/2/2023 11:38,0,66.31,33.9,0,0,43725,14/2/2023 14:18,14/2/2023,1400,1500
2377885,14/2/2023 15:31,0,112.03,57.28,10.56,5.4,12926,14/2/2023 18:21,14/2/2023,1800,1900
2377150,14/2/2023 12:07,0,45.08,23.05,15.58,7.96,8359,14/2/2023 15:15,14/2/2023,1500,1600
2374574,13/2/2023 12:49,0,87.45,44.71,0,0,169028,14/2/2023 09:54,14/2/2023,900,1000
2378648,14/2/2023 21:48,0,82.35,42.1,0,0,26023,15/2/2023 11:15,15/2/2023,1100,1200
2377895,14/2/2023 15:33,0,48.82,24.96,0,0,130038,15/2/2023 08:27,15/2/2023,900,1000
2379267,15/2/2023 10:26,1,41.63,21.28,0,0,173115,15/2/2023 13:01,15/2/2023,1300,1400
2379799,15/2/2023 13:11,0,52.22,26.7,0,0,172128,15/2/2023 16:22,15/2/2023,1600,1700
2378455,14/2/2023 19:08,0,90.72,46.38,0,0,61314,15/2/2023 12:18,15/2/2023,1200,1300
2379138,15/2/2023 09:45,0,70.15,35.87,0,0,141986,15/2/2023 12:38,15/2/2023,1200,1300
2376695,14/2/2023 10:02,0,473.29,241.99,0,0,76765,15/2/2023 14:50,15/2/2023,1500,1600
2379695,15/2/2023 12:33,0,109.49,55.99,0,0,148283,15/2/2023 16:29,15/2/2023,1600,1700
2378860,15/2/2023 01:25,0,38.34,19.6,0,0,23800,15/2/2023 11:25,15/2/2023,1200,1300
2379725,15/2/2023 12:43,0,36.43,18.62,0,0,83684,15/2/2023 15:03,15/2/2023,1500,1600
2378517,14/2/2023 20:04,0,26.12,13.36,0,0,23407,15/2/2023 21:40,15/2/2023,2200,2300
2379742,15/2/2023 12:49,0,184.32,94.24,9.25,4.73,167416,15/2/2023 18:25,15/2/2023,1800,1900
2380236,15/2/2023 15:34,0,136.69,69.89,0,0,119739,15/2/2023 18:02,15/2/2023,1800,1900
2378057,14/2/2023 16:33,0,193.38,98.87,19.29,9.86,11618,15/2/2023 11:02,15/2/2023,1100,1200
2378483,14/2/2023 19:38,0,226.44,115.78,0,0,75104,15/2/2023 11:23,15/2/2023,1100,1200
2379071,15/2/2023 09:12,0,118.05,60.36,0,0,34949,15/2/2023 14:42,15/2/2023,1500,1600
2380295,15/2/2023 15:55,0,56.33,28.8,0,0,37483,15/2/2023 19:36,15/2/2023,1900,2000
2379860,15/2/2023 13:28,0,93.78,47.95,0,0,105118,15/2/2023 19:01,15/2/2023,1900,2000
2379556,15/2/2023 11:59,0,101.56,51.93,0,0,145376,15/2/2023 17:07,15/2/2023,1700,1800
2380985,15/2/2023 21:47,0,102.71,52.52,0,0,78178,16/2/2023 09:16,16/2/2023,900,1000
2382295,16/2/2023 12:49,0,133.66,68.33,0,0,110955,16/2/2023 17:26,16/2/2023,1700,1800
2382196,16/2/2023 12:15,0,184.02,94.09,0,0,17274,16/2/2023 17:42,16/2/2023,1700,1800
2382626,16/2/2023 14:42,0,81.64,41.74,0,0,139807,16/2/2023 17:08,16/2/2023,1700,1800
2380896,15/2/2023 20:56,0,78.24,40,1.03,0.53,38602,16/2/2023 09:42,16/2/2023,900,1000
2381671,16/2/2023 09:52,0,230.34,117.77,31.6,16.16,85330,16/2/2023 11:48,16/2/2023,1200,1300
2382286,16/2/2023 12:46,0,224.46,114.76,22.9,11.71,53977,16/2/2023 15:34,16/2/2023,1500,1600
2382598,16/2/2023 14:33,0,36.85,18.84,0,0,26595,16/2/2023 20:34,16/2/2023,2000,2100
2379783,15/2/2023 13:06,0,64.27,32.86,0,0,38230,16/2/2023 12:44,16/2/2023,1200,1300
2382453,16/2/2023 13:45,0,51.02,26.09,0,0,70185,16/2/2023 17:29,16/2/2023,1700,1800
2381493,16/2/2023 08:51,0,34.49,17.63,0,0,31362,16/2/2023 11:27,16/2/2023,1100,1200
2380890,15/2/2023 20:53,0,42.33,21.65,0,0,104458,16/2/2023 10:14,16/2/2023,1000,1100
2380907,15/2/2023 21:01,0,68.36,34.95,0,0,104482,16/2/2023 09:48,16/2/2023,900,1000
2381250,16/2/2023 01:25,0,73.36,37.5,0,0,39753,16/2/2023 11:36,16/2/2023,1100,1200
2381332,16/2/2023 07:24,0,143.07,73.15,0,0,155019,16/2/2023 11:46,16/2/2023,1100,1200
2380909,15/2/2023 21:03,0,118.9,60.79,0,0,46820,16/2/2023 08:48,16/2/2023,900,1000
2384010,17/2/2023 07:27,0,54.49,27.86,0,0,26489,17/2/2023 10:55,17/2/2023,1100,1200
2385722,17/2/2023 17:33,0,136.28,69.68,0,0,153922,17/2/2023 20:26,17/2/2023,2000,2100
2383466,16/2/2023 20:00,0,98.31,50.27,0,0,75517,17/2/2023 10:03,17/2/2023,1000,1100
2383462,16/2/2023 19:58,0,109.84,56.16,0,0,171755,17/2/2023 12:57,17/2/2023,1300,1400
2385389,17/2/2023 15:33,0,224.02,114.54,0,0,17896,17/2/2023 17:37,17/2/2023,1800,1900
2384332,17/2/2023 10:12,0,49.6,25.36,0,0,168032,17/2/2023 12:48,17/2/2023,1300,1400
2384645,17/2/2023 11:49,0,27.58,14.1,0,0,63657,17/2/2023 14:18,17/2/2023,1400,1500
2384689,17/2/2023 12:01,0,41.63,21.29,0,0,71226,17/2/2023 14:55,17/2/2023,1500,1600
2384759,17/2/2023 12:20,0,54.76,28,0,0,27466,17/2/2023 15:15,17/2/2023,1500,1600
2383071,16/2/2023 17:05,0,133.12,68.07,0,0,52122,17/2/2023 11:12,17/2/2023,1100,1200
2386880,18/2/2023 10:18,0,151.83,77.63,0,0,114448,18/2/2023 13:16,18/2/2023,1300,1400
2388572,18/2/2023 19:05,0,47.29,24.18,0,0,49211,18/2/2023 22:48,18/2/2023,2200,2300
2386220,17/2/2023 21:49,0,78.42,40.1,0,0,8781,18/2/2023 10:27,18/2/2023,1100,1200
2387844,18/2/2023 14:52,0,115.85,59.23,3.59,1.84,163014,18/2/2023 17:17,18/2/2023,1700,1800
2387402,18/2/2023 12:43,0,110.16,56.33,0,0,69697,18/2/2023 18:02,18/2/2023,1800,1900
2388077,18/2/2023 16:06,0,129.9,66.42,0,0,86971,18/2/2023 19:10,18/2/2023,1900,2000
2386419,18/2/2023 00:42,0,289.93,148.24,0,0,49110,18/2/2023 10:17,18/2/2023,1000,1100
2387196,18/2/2023 11:44,0,62.79,32.11,0,0,7906,18/2/2023 14:02,18/2/2023,1400,1500
2387057,18/2/2023 11:09,0,79.79,40.79,0,0,94832,18/2/2023 19:15,18/2/2023,1900,2000
2387348,18/2/2023 12:25,0,126.79,64.83,0,0,139219,18/2/2023 14:06,18/2/2023,1500,1600
2386928,18/2/2023 10:33,0,55.3,28.27,23.03,11.77,75441,18/2/2023 16:02,18/2/2023,1600,1700
2387187,18/2/2023 11:42,0,220.51,112.75,0,0,63808,18/2/2023 14:55,18/2/2023,1400,1500
2386978,18/2/2023 10:48,0,102.68,52.5,0,0,72475,18/2/2023 13:01,18/2/2023,1300,1400
2386482,18/2/2023 03:16,0,90.49,46.27,0,0,33331,18/2/2023 11:10,18/2/2023,1200,1300
2387733,18/2/2023 14:16,0,141.35,72.28,0,0,47529,18/2/2023 17:02,18/2/2023,1700,1800
2387943,18/2/2023 15:23,0,96.67,49.42,0,0,131386,18/2/2023 16:53,18/2/2023,1800,1900
2385682,17/2/2023 17:21,0,162.87,83.27,0,0,152505,18/2/2023 10:17,18/2/2023,1000,1100
2386497,18/2/2023 04:19,0,120.82,61.78,0,0,93736,18/2/2023 17:00,18/2/2023,1700,1800
2390257,19/2/2023 13:49,0,49.86,25.49,0,0,159672,19/2/2023 16:25,19/2/2023,1600,1700
2390029,19/2/2023 12:37,0,94.66,48.4,20.34,10.4,8855,19/2/2023 17:15,19/2/2023,1700,1800
2390469,19/2/2023 14:55,0,140.06,71.61,0,0,41727,19/2/2023 21:01,19/2/2023,2100,2200
2390982,19/2/2023 18:04,0,107.26,54.85,0,0,158669,19/2/2023 20:49,19/2/2023,2000,2100
2388667,18/2/2023 20:05,0,73.11,37.38,5.3,2.71,77192,19/2/2023 11:41,19/2/2023,1100,1200
2386134,17/2/2023 21:03,0,144.38,73.82,0,0,86630,19/2/2023 13:33,19/2/2023,1300,1400
2389437,19/2/2023 09:33,0,78.75,40.27,0,0,73996,19/2/2023 12:07,19/2/2023,1300,1400
2389304,19/2/2023 08:36,0,70.72,36.16,0,0,10398,19/2/2023 14:48,19/2/2023,1400,1500
2390864,19/2/2023 17:18,0,163.66,83.67,0,0,43847,19/2/2023 20:17,19/2/2023,2000,2100
2390402,19/2/2023 14:33,0,164.81,84.27,0,0,34691,19/2/2023 17:02,19/2/2023,1700,1800
2389157,19/2/2023 02:36,0,212.76,108.78,24.02,12.28,68255,19/2/2023 12:05,19/2/2023,1200,1300
2385438,17/2/2023 15:46,0,135.06,69.06,0,0,88186,20/2/2023 16:00,20/2/2023,1600,1700
2392692,20/2/2023 13:25,0,59.82,30.59,0,0,98684,20/2/2023 19:11,20/2/2023,1900,2000
2392311,20/2/2023 11:29,0,122.55,62.66,0,0,69239,20/2/2023 17:33,20/2/2023,1700,1800
2393308,20/2/2023 16:38,0,30.46,15.57,0,0,44411,20/2/2023 19:27,20/2/2023,2000,2100
2392048,20/2/2023 10:14,0,119.46,61.08,12.82,6.56,71872,20/2/2023 17:06,20/2/2023,1700,1800
2392910,20/2/2023 14:27,0,196.47,100.45,0,0,166779,20/2/2023 19:49,20/2/2023,1900,2000
2391060,19/2/2023 18:30,0,333.3,170.42,0,0,27364,20/2/2023 10:56,20/2/2023,1000,1100
2386961,18/2/2023 10:45,0,41.54,21.24,0,0,79749,20/2/2023 10:00,20/2/2023,1000,1100
2392905,20/2/2023 14:25,0,114.89,58.74,0,0,97033,20/2/2023 17:04,20/2/2023,1700,1800
2392485,20/2/2023 12:21,0,42.38,21.67,0,0,69967,20/2/2023 19:41,20/2/2023,1900,2000
2394475,21/2/2023 09:53,0,47.52,24.29,12.83,6.56,134018,21/2/2023 13:22,21/2/2023,1300,1400
2393899,20/2/2023 21:45,0,141.96,72.58,0,0,16067,21/2/2023 19:50,21/2/2023,1900,2000
2394421,21/2/2023 09:32,0,131.77,67.37,0,0,19110,21/2/2023 11:19,21/2/2023,1200,1300
2393628,20/2/2023 18:48,0,48.43,24.76,0,0,64776,21/2/2023 08:59,21/2/2023,800,900
2395295,21/2/2023 15:00,0,81.68,41.77,4.84,2.47,62940,21/2/2023 17:52,21/2/2023,1700,1800
2393650,20/2/2023 18:59,0,75.83,38.77,4.14,2.12,37419,21/2/2023 11:03,21/2/2023,1100,1200
2394375,21/2/2023 09:10,0,103.37,52.85,0,0,15069,21/2/2023 12:05,21/2/2023,1200,1300
2395757,21/2/2023 17:59,0,115.49,59.05,0,0,124780,21/2/2023 21:29,21/2/2023,2100,2200
2394473,21/2/2023 09:52,0,60.55,30.96,0,0,14260,21/2/2023 12:09,21/2/2023,1200,1300
2393683,20/2/2023 19:16,0,100.66,51.46,0,0,52243,21/2/2023 08:48,21/2/2023,800,900
2394625,21/2/2023 10:47,0,110.48,56.49,0,0,48113,21/2/2023 16:23,21/2/2023,1600,1700
2393856,20/2/2023 21:14,0,24.65,12.6,0,0,97418,21/2/2023 10:41,21/2/2023,1100,1200
2395482,21/2/2023 16:08,0,39.31,20.1,0,0,110955,21/2/2023 18:58,21/2/2023,1800,1900
2396171,21/2/2023 22:26,0,57.59,29.45,0,0,156229,22/2/2023 09:47,22/2/2023,1000,1100
2396466,22/2/2023 08:23,0,51.78,26.47,0,0,45766,22/2/2023 16:35,22/2/2023,1600,1700
2397168,22/2/2023 13:04,0,58.11,29.71,0,0,29657,22/2/2023 16:12,22/2/2023,1600,1700
2397804,22/2/2023 17:17,0,98.73,50.48,0,0,145791,22/2/2023 20:55,22/2/2023,2000,2100
2396026,21/2/2023 20:51,0,33.47,17.11,0,0,15324,22/2/2023 16:42,22/2/2023,1800,1900
2396569,22/2/2023 09:11,0,102.16,52.23,0,0,77670,22/2/2023 11:46,22/2/2023,1100,1200
2397930,22/2/2023 18:09,0,185.23,94.7,0,0,29574,23/2/2023 20:05,23/2/2023,2000,2100
2399886,23/2/2023 15:30,0,172.62,88.26,0,0,97950,23/2/2023 18:10,23/2/2023,1800,1900
2399762,23/2/2023 14:42,0,98.26,50.24,0,0,143433,23/2/2023 22:21,23/2/2023,2200,2300
2400053,23/2/2023 16:29,0,66.16,33.83,0,0,157199,23/2/2023 19:13,23/2/2023,1900,2000
2399852,23/2/2023 15:18,0,56.02,28.64,0,0,83248,23/2/2023 17:41,23/2/2023,1800,1900
2399772,23/2/2023 14:46,0,105.72,54.06,0,0,128142,23/2/2023 17:52,23/2/2023,1700,1800
2399168,23/2/2023 11:13,0,164.98,84.35,0,0,11917,23/2/2023 16:00,23/2/2023,1600,1700
2398122,22/2/2023 20:17,0,176.04,90.01,0,0,9801,23/2/2023 08:57,23/2/2023,800,900
2398477,23/2/2023 00:42,0,105.76,54.08,0,0,94892,23/2/2023 09:32,23/2/2023,1000,1100
2399771,23/2/2023 14:45,0,139.65,71.4,18.31,9.36,31651,23/2/2023 17:36,23/2/2023,1700,1800
2398002,22/2/2023 18:46,0,90.98,46.52,0,0,104024,23/2/2023 08:23,23/2/2023,800,900
2399090,23/2/2023 10:50,1,111.36,56.93,0,0,173991,23/2/2023 17:01,23/2/2023,1600,1700
2400647,23/2/2023 21:21,0,128.2,65.54,0,0,150217,24/2/2023 14:07,24/2/2023,1400,1500
2402727,24/2/2023 17:16,0,104.32,53.33,0,0,24464,24/2/2023 20:42,24/2/2023,2000,2100
2399750,23/2/2023 14:38,0,97.61,49.91,0,0,11332,24/2/2023 11:01,24/2/2023,1100,1200
2401014,24/2/2023 06:14,0,79.1,40.44,0,0,10127,24/2/2023 10:45,24/2/2023,1000,1100
2402321,24/2/2023 15:09,1,30.32,15.5,0,0,174124,24/2/2023 18:16,24/2/2023,1800,1900
2402845,24/2/2023 18:03,0,76.34,39.03,0,0,24273,24/2/2023 21:15,24/2/2023,2100,2200
2398884,23/2/2023 09:49,0,73.13,37.39,0,0,94149,24/2/2023 08:29,24/2/2023,800,900
2402798,24/2/2023 17:43,0,196.06,100.24,0,0,58016,24/2/2023 21:00,24/2/2023,2000,2100
2401121,24/2/2023 08:34,1,101.97,52.14,0,0,174072,24/2/2023 10:51,24/2/2023,1100,1200
2402329,24/2/2023 15:12,0,110.27,56.38,0,0,70892,24/2/2023 17:34,24/2/2023,1700,1800
2402931,24/2/2023 18:45,0,136.44,69.76,0,0,66667,24/2/2023 21:42,24/2/2023,2100,2200
2400326,23/2/2023 18:23,0,175.91,89.94,0,0,155942,24/2/2023 09:05,24/2/2023,900,1000
2400285,23/2/2023 18:02,0,145.78,74.54,0,0,170190,24/2/2023 11:50,24/2/2023,1200,1300
2401684,24/2/2023 11:41,0,124.5,63.65,0,0,97083,24/2/2023 19:42,24/2/2023,1900,2000
2405197,25/2/2023 16:02,0,74.91,38.3,0,0,173344,25/2/2023 18:42,25/2/2023,2000,2100
2403847,25/2/2023 09:46,0,105.16,53.77,0,0,63150,25/2/2023 16:04,25/2/2023,1600,1700
2400503,23/2/2023 19:50,0,116.86,59.75,0,0,10141,25/2/2023 08:15,25/2/2023,800,900
2404621,25/2/2023 13:31,0,106.72,54.56,0,0,163566,25/2/2023 15:53,25/2/2023,1600,1700
2405184,25/2/2023 15:58,0,135.3,69.18,0,0,71362,25/2/2023 19:02,25/2/2023,1900,2000
2405194,25/2/2023 16:01,0,103.08,52.7,0,0,15947,25/2/2023 19:09,25/2/2023,1900,2000
2405681,25/2/2023 18:39,0,164.92,84.32,0,0,141334,25/2/2023 21:46,25/2/2023,2200,2300
2404503,25/2/2023 12:58,0,91.28,46.67,0,0,51607,25/2/2023 15:33,25/2/2023,1500,1600
2404472,25/2/2023 12:48,0,59.84,30.59,0,0,169833,25/2/2023 15:26,25/2/2023,1500,1600
2403564,25/2/2023 06:48,0,68.13,34.84,19.29,9.86,24186,25/2/2023 11:11,25/2/2023,1100,1200
2405162,25/2/2023 15:51,0,156.77,80.15,0,0,8461,25/2/2023 19:28,25/2/2023,1900,2000
2403511,25/2/2023 02:02,0,120.48,61.59,0,0,59752,25/2/2023 12:07,25/2/2023,1200,1300
2403173,24/2/2023 20:56,0,70.58,36.09,19,9.72,82377,25/2/2023 09:20,25/2/2023,900,1000
2404706,25/2/2023 13:55,0,44.01,22.5,0,0,34420,25/2/2023 16:04,25/2/2023,1600,1700
2404714,25/2/2023 13:58,0,150.08,76.74,71.73,36.68,48247,25/2/2023 18:33,25/2/2023,1900,2000
2404313,25/2/2023 12:02,0,110.54,56.52,0,0,39482,25/2/2023 13:57,25/2/2023,1400,1500
2405685,25/2/2023 18:40,0,43.17,22.08,0,0,97086,25/2/2023 22:23,25/2/2023,2200,2300
2405690,25/2/2023 18:42,0,81.87,41.86,0,0,10976,25/2/2023 22:05,25/2/2023,2200,2300
2406548,26/2/2023 08:53,1,181.98,93.04,0,0,174302,26/2/2023 12:56,26/2/2023,1200,1300
2406741,26/2/2023 09:56,0,36.88,18.86,0,0,87104,26/2/2023 12:12,26/2/2023,1300,1400
2405304,25/2/2023 16:32,0,55.26,28.26,0,0,45177,26/2/2023 15:25,26/2/2023,1600,1700
2406881,26/2/2023 10:37,0,44.39,22.69,0,0,139580,26/2/2023 20:19,26/2/2023,2000,2100
2405486,25/2/2023 17:31,0,99.12,50.68,0,0,24810,26/2/2023 08:15,26/2/2023,800,900
2405658,25/2/2023 18:28,0,96.33,49.25,0,0,27272,26/2/2023 08:40,26/2/2023,800,900
2407976,26/2/2023 15:11,0,102.75,52.53,0,0,123784,26/2/2023 17:35,26/2/2023,1800,1900
2406585,26/2/2023 09:08,0,74.25,37.96,0,0,28175,26/2/2023 12:05,26/2/2023,1200,1300
2408334,26/2/2023 17:12,1,34.17,17.47,0,0,174382,26/2/2023 20:17,26/2/2023,2000,2100
2407565,26/2/2023 13:25,0,47.86,24.47,18.69,9.56,89304,26/2/2023 20:03,26/2/2023,2000,2100
2408069,26/2/2023 15:40,0,180.95,92.52,0,0,60888,26/2/2023 20:05,26/2/2023,2000,2100
2404413,25/2/2023 12:33,0,109.35,55.91,0,0,17335,26/2/2023 08:00,26/2/2023,800,900
2407816,26/2/2023 14:32,0,98.59,50.41,0,0,163935,26/2/2023 18:20,26/2/2023,1800,1900
2405776,25/2/2023 19:14,0,141.19,72.19,0,0,36191,26/2/2023 10:58,26/2/2023,1100,1200
2408010,26/2/2023 15:20,0,43.34,22.16,0,0,171488,26/2/2023 19:16,26/2/2023,1900,2000
2405349,25/2/2023 16:48,0,114.05,58.32,0,0,50594,26/2/2023 12:26,26/2/2023,1200,1300
2407116,26/2/2023 11:30,0,87.47,44.72,0,0,45156,26/2/2023 14:30,26/2/2023,1400,1500
2407709,26/2/2023 14:03,0,119.89,61.3,0,0,92027,26/2/2023 18:01,26/2/2023,1800,1900
2408036,26/2/2023 15:30,0,105.31,53.84,0,0,57230,26/2/2023 18:05,26/2/2023,1800,1900
2408493,26/2/2023 18:26,0,55.33,28.29,0,0,97625,26/2/2023 21:31,26/2/2023,2100,2200
2409955,27/2/2023 12:56,0,209.35,107.04,0,0,28605,27/2/2023 19:09,27/2/2023,1900,2000
2409758,27/2/2023 11:57,0,114.79,58.69,0,0,122820,27/2/2023 18:28,27/2/2023,1800,1900
2410597,27/2/2023 16:17,0,127.03,64.95,0,0,72749,27/2/2023 21:01,27/2/2023,2100,2200
2408173,26/2/2023 16:14,0,177.5,90.75,0,0,121793,27/2/2023 10:02,27/2/2023,1000,1100
2408712,26/2/2023 20:56,0,109.03,55.75,0,0,52833,27/2/2023 09:22,27/2/2023,900,1000
2410380,27/2/2023 15:08,0,35.41,18.1,0,0,93516,27/2/2023 17:41,27/2/2023,1800,1900
2408629,26/2/2023 19:56,0,246.52,126.05,0,0,27364,27/2/2023 10:03,27/2/2023,1000,1100
2401776,24/2/2023 12:10,0,130.52,66.73,0,0,16115,27/2/2023 10:13,27/2/2023,1000,1100
2409326,27/2/2023 09:54,0,113.66,58.11,0,0,165019,27/2/2023 13:39,27/2/2023,1300,1400
2408834,26/2/2023 22:33,0,197.15,100.8,0,0,22202,27/2/2023 09:13,27/2/2023,900,1000
2409426,27/2/2023 10:27,0,140.26,71.72,0,0,73480,27/2/2023 15:00,27/2/2023,1500,1600
2413209,28/2/2023 16:25,0,78.27,40.01,11.27,5.76,46325,28/2/2023 19:18,28/2/2023,1900,2000
2411408,27/2/2023 22:38,0,97.87,50.04,0,0,29439,28/2/2023 12:05,28/2/2023,1200,1300
2411374,27/2/2023 22:24,0,73.25,37.45,0,0,50657,28/2/2023 13:07,28/2/2023,1300,1400
2408782,26/2/2023 21:57,0,101.47,51.87,0,0,138823,28/2/2023 18:46,28/2/2023,1900,2000
2411205,27/2/2023 20:55,0,74.14,37.9,0,0,59242,28/2/2023 08:00,28/2/2023,800,900
2412740,28/2/2023 14:05,0,29.66,15.16,0,0,56986,28/2/2023 16:16,28/2/2023,1600,1700
2411087,27/2/2023 19:50,0,41.22,21.07,14.2,7.26,10821,28/2/2023 08:39,28/2/2023,800,900
2412140,28/2/2023 10:57,0,39.7,20.3,0,0,24177,28/2/2023 15:33,28/2/2023,1500,1600
2411789,28/2/2023 08:49,0,145.24,74.26,0,0,90759,28/2/2023 12:55,28/2/2023,1200,1300
2412007,28/2/2023 10:17,0,63.93,32.68,0,0,54547,28/2/2023 13:29,28/2/2023,1300,1400
2415074,1/3/2023 13:14,0,151.5,77.46,0,0,170187,1/3/2023 16:33,1/3/2023,1600,1700
2413771,28/2/2023 20:49,0,143.94,73.59,0,0,83657,1/3/2023 11:06,1/3/2023,1100,1200
2414238,1/3/2023 08:16,0,77.96,39.86,0,0,140111,1/3/2023 11:33,1/3/2023,1100,1200
2413254,28/2/2023 16:37,0,45.46,23.24,0,0,36990,1/3/2023 09:52,1/3/2023,1000,1100
2414524,1/3/2023 10:19,0,106.23,54.31,0,0,168219,1/3/2023 17:28,1/3/2023,1700,1800
2414192,1/3/2023 07:28,0,47.98,24.53,0,0,169589,1/3/2023 19:36,1/3/2023,1900,2000
2415919,1/3/2023 18:43,1,188.7,96.48,0,0,174734,1/3/2023 21:58,1/3/2023,2100,2200
2415511,1/3/2023 15:54,0,216.15,110.51,0,0,49110,1/3/2023 18:46,1/3/2023,1800,1900
2414929,1/3/2023 12:19,0,106.61,54.51,6.81,3.48,118081,1/3/2023 16:28,1/3/2023,1700,1800
2414672,1/3/2023 11:03,0,71.98,36.81,0,0,47933,1/3/2023 13:37,1/3/2023,1300,1400
2415240,1/3/2023 14:05,0,103.64,52.99,0,0,132025,1/3/2023 17:36,1/3/2023,1700,1800
2413043,28/2/2023 15:42,0,57.57,29.44,0,0,95444,1/3/2023 08:49,1/3/2023,800,900
2417406,2/3/2023 11:48,0,96.77,49.48,0,0,42235,2/3/2023 18:00,2/3/2023,1700,1800
2416433,2/3/2023 00:02,0,117.76,60.21,0,0,19345,2/3/2023 12:18,2/3/2023,1200,1300
2418425,2/3/2023 16:13,0,51.8,26.49,0,0,44924,2/3/2023 19:37,2/3/2023,2000,2100
2418466,2/3/2023 16:23,0,26.56,13.58,0,0,96290,2/3/2023 20:19,2/3/2023,2000,2100
2417055,2/3/2023 10:22,0,94.24,48.18,0,0,24177,2/3/2023 14:20,2/3/2023,1400,1500
2416005,1/3/2023 19:34,0,202.73,103.65,0,0,157940,2/3/2023 09:42,2/3/2023,900,1000
2418298,2/3/2023 15:40,0,113.88,58.22,0,0,97542,2/3/2023 19:40,2/3/2023,1900,2000
2418704,2/3/2023 17:49,0,53.28,27.24,23.32,11.92,29501,2/3/2023 20:36,2/3/2023,2100,2200
2416020,1/3/2023 19:49,0,53.55,27.38,0,0,114803,2/3/2023 08:01,2/3/2023,800,900
2416535,2/3/2023 03:17,0,190.79,97.55,69.09,35.32,11648,2/3/2023 12:32,2/3/2023,1300,1400
2416735,2/3/2023 08:44,0,104.81,53.59,0,0,104995,2/3/2023 11:34,2/3/2023,1100,1200
2417497,2/3/2023 12:11,0,127.56,65.22,19.63,10.04,70512,2/3/2023 15:06,2/3/2023,1500,1600
2418412,2/3/2023 16:07,0,51.2,26.18,0,0,127194,2/3/2023 20:34,2/3/2023,2000,2100
2417772,2/3/2023 13:22,0,41.36,21.15,0,0,38699,2/3/2023 16:07,2/3/2023,1600,1700
2416363,1/3/2023 23:12,1,31.4,16.06,0,0,174767,2/3/2023 10:57,2/3/2023,1100,1200
2418654,2/3/2023 17:27,0,36.37,18.6,0,0,82470,2/3/2023 20:25,2/3/2023,2000,2100
2420214,3/3/2023 11:44,0,151.57,77.5,38.68,19.78,115640,3/3/2023 14:21,3/3/2023,1400,1500
2420262,3/3/2023 11:57,0,84.28,43.09,0,0,34827,3/3/2023 19:38,3/3/2023,1900,2000
2419785,3/3/2023 09:50,0,52.48,26.83,0,0,129532,3/3/2023 12:06,3/3/2023,1200,1300
2419753,3/3/2023 09:40,0,101.47,51.88,0,0,18513,3/3/2023 15:10,3/3/2023,1500,1600
2419708,3/3/2023 09:25,0,35.78,18.29,0,0,60299,3/3/2023 12:27,3/3/2023,1200,1300
2419667,3/3/2023 09:13,0,112.4,57.47,0,0,42488,3/3/2023 12:11,3/3/2023,1200,1300
2421258,3/3/2023 16:27,0,72.74,37.19,0,0,9975,3/3/2023 20:17,3/3/2023,2000,2100
2419535,3/3/2023 08:08,0,185.38,94.79,0,0,38638,3/3/2023 11:37,3/3/2023,1100,1200
2419966,3/3/2023 10:40,0,239.75,122.58,23.93,12.23,165252,3/3/2023 15:04,3/3/2023,1500,1600
2418092,2/3/2023 14:41,0,92.16,47.12,0,0,137559,3/3/2023 15:32,3/3/2023,1500,1600
2421363,3/3/2023 16:57,0,27.87,14.25,6.58,3.36,29501,3/3/2023 21:43,3/3/2023,2100,2200
2421434,3/3/2023 17:23,0,44.32,22.66,0,0,94952,4/3/2023 10:35,4/3/2023,1000,1100
2421813,3/3/2023 20:59,0,78.4,40.09,4.88,2.49,46274,4/3/2023 10:29,4/3/2023,1000,1100
2423783,4/3/2023 17:07,0,41.97,21.46,0,0,30746,4/3/2023 20:10,4/3/2023,2000,2100
2422627,4/3/2023 11:10,0,82.43,42.15,0,0,59654,4/3/2023 14:25,4/3/2023,1400,1500
2423056,4/3/2023 13:16,0,439.27,224.59,0,0,150381,4/3/2023 16:34,4/3/2023,1600,1700
2422036,4/3/2023 00:07,0,72.38,37.01,13.8,7.05,13613,4/3/2023 11:53,4/3/2023,1100,1200
2422761,4/3/2023 11:53,0,115.22,58.91,28.56,14.6,25656,4/3/2023 18:06,4/3/2023,1800,1900
2420855,3/3/2023 14:27,0,110.62,56.56,0,0,117877,4/3/2023 09:35,4/3/2023,900,1000
2421552,3/3/2023 18:23,1,37.25,19.05,0,0,174990,4/3/2023 08:13,4/3/2023,800,900
2422544,4/3/2023 10:48,0,77.93,39.85,0,0,173395,4/3/2023 14:00,4/3/2023,1300,1400
2421822,3/3/2023 21:10,0,91.64,46.86,0,0,121882,4/3/2023 10:04,4/3/2023,1000,1100
2422811,4/3/2023 12:10,0,28.76,14.71,0,0,163855,4/3/2023 15:28,4/3/2023,1500,1600
2423315,4/3/2023 14:24,0,136.82,69.96,0,0,44977,4/3/2023 18:43,4/3/2023,1800,1900
2424545,5/3/2023 01:13,0,105.63,54.01,0,0,66296,5/3/2023 11:04,5/3/2023,1100,1200
2426187,5/3/2023 15:58,0,233.12,119.2,0,0,75420,5/3/2023 19:16,5/3/2023,1900,2000
2424587,5/3/2023 03:47,0,52.6,26.89,0,0,11591,5/3/2023 14:45,5/3/2023,1500,1600
2425061,5/3/2023 11:01,0,78.53,40.16,0,0,14260,5/3/2023 14:00,5/3/2023,1400,1500
2425428,5/3/2023 12:41,0,80.38,41.1,0,0,83795,5/3/2023 18:13,5/3/2023,1800,1900
2425921,5/3/2023 14:42,0,71.95,36.79,0,0,155475,5/3/2023 18:12,5/3/2023,1800,1900
2424486,5/3/2023 00:04,0,104.3,53.33,0,0,127395,5/3/2023 10:14,5/3/2023,1000,1100
2425447,5/3/2023 12:46,0,132.43,67.71,12.78,6.53,29382,5/3/2023 15:20,5/3/2023,1500,1600
2426387,5/3/2023 16:55,0,99.49,50.86,0,0,84269,5/3/2023 20:39,5/3/2023,2000,2100
2425581,5/3/2023 13:20,0,50.56,25.85,0,0,156606,5/3/2023 16:08,5/3/2023,1600,1700
2425969,5/3/2023 14:55,0,53.27,27.24,0,0,105262,5/3/2023 18:49,5/3/2023,1800,1900
2424282,4/3/2023 21:33,0,76.93,39.33,0,0,17091,5/3/2023 18:17,5/3/2023,1900,2000
2425994,5/3/2023 15:01,0,99.91,51.09,0,0,33468,5/3/2023 18:28,5/3/2023,1800,1900
2424618,5/3/2023 05:57,0,135.26,69.15,0,0,98132,5/3/2023 10:17,5/3/2023,1000,1100
2427769,6/3/2023 10:53,1,122.98,62.88,0,0,175259,6/3/2023 12:56,6/3/2023,1300,1400
2428808,6/3/2023 16:16,0,113.42,57.99,0,0,146366,6/3/2023 19:17,6/3/2023,1900,2000
2427892,6/3/2023 11:29,0,72.53,37.08,0,0,18599,6/3/2023 14:01,6/3/2023,1400,1500
2427977,6/3/2023 11:56,1,38.42,19.65,0,0,161158,6/3/2023 14:14,6/3/2023,1400,1500
2428419,6/3/2023 14:08,0,180.22,92.14,0,0,103924,6/3/2023 17:16,6/3/2023,1700,1800
2428738,6/3/2023 15:50,0,115.74,59.18,11.29,5.77,105270,6/3/2023 18:37,6/3/2023,1800,1900
2427050,5/3/2023 22:12,0,193.74,99.05,0,0,55749,6/3/2023 10:19,6/3/2023,1000,1100
2428577,6/3/2023 15:01,0,103.75,53.05,0,0,147561,6/3/2023 17:36,6/3/2023,1700,1800
2427322,6/3/2023 07:16,0,69.36,35.46,0,0,82419,6/3/2023 11:10,6/3/2023,1100,1200
2427698,6/3/2023 10:26,0,26.49,13.54,0,0,44576,6/3/2023 13:50,6/3/2023,1300,1400
2427325,6/3/2023 07:21,0,155.19,79.35,10.95,5.6,14976,6/3/2023 17:41,6/3/2023,1700,1800
2428083,6/3/2023 12:27,0,120.85,61.79,0,0,160315,6/3/2023 14:41,6/3/2023,1400,1500
2426878,5/3/2023 20:18,0,71.36,36.49,0,0,145081,6/3/2023 09:00,6/3/2023,900,1000
2427973,6/3/2023 11:54,0,165.26,84.5,0,0,95215,6/3/2023 16:45,6/3/2023,1700,1800
2429736,7/3/2023 00:11,0,71.38,36.49,0,0,95566,7/3/2023 17:01,7/3/2023,1700,1800
2431055,7/3/2023 14:53,0,83.09,42.48,0,0,128230,7/3/2023 19:03,7/3/2023,1900,2000
2426726,5/3/2023 18:59,0,94.21,48.17,0,0,50061,7/3/2023 20:30,7/3/2023,2100,2200
2429699,6/3/2023 23:39,0,104.07,53.21,0,0,133343,7/3/2023 12:15,7/3/2023,1200,1300
2430403,7/3/2023 10:59,0,130.34,66.64,0,0,15568,7/3/2023 13:54,7/3/2023,1300,1400
2430450,7/3/2023 11:18,0,182.1,93.1,0,0,36038,7/3/2023 17:09,7/3/2023,1700,1800
2429483,6/3/2023 21:20,0,35.59,18.19,0,0,85729,7/3/2023 20:03,7/3/2023,2000,2100
2430817,7/3/2023 13:25,0,62.27,31.84,0,0,144719,7/3/2023 16:16,7/3/2023,1600,1700
2431584,7/3/2023 17:51,0,42.47,21.71,0,0,161217,7/3/2023 20:43,7/3/2023,2000,2100
2429946,7/3/2023 08:31,1,75.5,38.6,0,0,175349,7/3/2023 15:03,7/3/2023,1500,1600
2430190,7/3/2023 10:04,0,115.89,59.25,0,0,109126,7/3/2023 18:35,7/3/2023,1800,1900
2430999,7/3/2023 14:26,0,100.78,51.53,0,0,64993,7/3/2023 17:25,7/3/2023,1700,1800
2431431,7/3/2023 17:00,0,90.87,46.46,0,0,70819,7/3/2023 19:18,7/3/2023,1900,2000
2430574,7/3/2023 12:05,0,179.99,92.03,50.93,26.04,72482,7/3/2023 18:57,7/3/2023,1800,1900
2428481,6/3/2023 14:28,0,124.97,63.9,0,0,58503,7/3/2023 11:31,7/3/2023,1200,1300
2429927,7/3/2023 08:23,0,131.03,67,0,0,163443,7/3/2023 16:03,7/3/2023,1600,1700
2432052,7/3/2023 22:05,0,243.17,124.33,0,0,65737,8/3/2023 17:48,8/3/2023,1700,1800
2433469,8/3/2023 14:39,0,61.52,31.45,0,0,38437,8/3/2023 17:58,8/3/2023,1700,1800
2432043,7/3/2023 22:00,0,90.84,46.45,0,0,81670,8/3/2023 10:07,8/3/2023,1000,1100
2433717,8/3/2023 16:08,0,75.46,38.58,0,0,10005,8/3/2023 19:01,8/3/2023,1900,2000
2432264,8/3/2023 01:13,0,78.57,40.18,0,0,82090,8/3/2023 11:14,8/3/2023,1100,1200
2432566,8/3/2023 09:32,0,101.02,51.65,0,0,78802,8/3/2023 11:54,8/3/2023,1200,1300
2433251,8/3/2023 13:26,0,147.71,75.52,0,0,166724,8/3/2023 16:24,8/3/2023,1600,1700
2432449,8/3/2023 08:42,0,161.65,82.65,0,0,90938,8/3/2023 12:58,8/3/2023,1400,1500
2434017,8/3/2023 18:08,0,43.37,22.17,0,0,110807,8/3/2023 21:24,8/3/2023,2100,2200
2431682,7/3/2023 18:33,0,94.04,48.08,0,0,99237,8/3/2023 13:14,8/3/2023,1300,1400
2435474,9/3/2023 11:54,0,134.49,68.76,0,0,18337,9/3/2023 14:26,9/3/2023,1400,1500
2435747,9/3/2023 13:20,0,103.91,53.13,0,0,157226,9/3/2023 16:32,9/3/2023,1600,1700
2427852,6/3/2023 11:21,0,49.15,25.13,0,0,18825,9/3/2023 09:21,9/3/2023,900,1000
2435329,9/3/2023 11:15,0,156.65,80.1,0,0,40898,9/3/2023 16:18,9/3/2023,1600,1700
2429298,6/3/2023 19:23,0,26.11,13.35,0,0,53932,9/3/2023 18:25,9/3/2023,1800,1900
2436353,9/3/2023 16:47,0,37.39,19.11,5.59,2.86,47933,9/3/2023 19:54,9/3/2023,1900,2000
2435129,9/3/2023 10:18,0,610.47,312.12,0,0,129635,9/3/2023 14:26,9/3/2023,1400,1500
2434167,8/3/2023 19:09,0,111.58,57.05,0,0,58443,9/3/2023 09:04,9/3/2023,900,1000
2434821,9/3/2023 08:37,0,65.55,33.52,0,0,61594,9/3/2023 10:07,9/3/2023,1100,1200
2434621,9/3/2023 02:39,0,144.27,73.76,0,0,126004,9/3/2023 10:08,9/3/2023,1000,1100
2434557,9/3/2023 00:28,0,96.76,49.48,0,0,105707,9/3/2023 10:21,9/3/2023,1000,1100
2434641,9/3/2023 04:18,0,88.97,45.49,0,0,20120,9/3/2023 13:54,9/3/2023,1300,1400
2435842,9/3/2023 13:54,0,48.29,24.69,0,0,63077,9/3/2023 20:27,9/3/2023,2000,2100
2438578,10/3/2023 14:08,0,51.77,26.47,0,0,75224,10/3/2023 16:12,10/3/2023,1600,1700
2437845,10/3/2023 10:45,1,102.38,52.35,0,0,175672,10/3/2023 21:39,10/3/2023,2100,2200
2438482,10/3/2023 13:43,0,65.98,33.74,0,0,61022,10/3/2023 15:51,10/3/2023,1600,1700
2436872,9/3/2023 20:40,0,114.56,58.57,0,0,46211,10/3/2023 09:49,10/3/2023,1000,1100
2436734,9/3/2023 19:24,0,38.43,19.65,0,0,8506,10/3/2023 12:54,10/3/2023,1300,1400
2437446,10/3/2023 08:38,0,104.76,53.56,0,0,79569,10/3/2023 11:27,10/3/2023,1100,1200
2437055,9/3/2023 22:17,0,370.49,189.43,0,0,60681,10/3/2023 10:14,10/3/2023,1000,1100
2436959,9/3/2023 21:32,0,98.53,50.38,0,0,74478,10/3/2023 09:16,10/3/2023,900,1000
2439184,10/3/2023 17:28,0,285.82,146.14,0,0,162819,10/3/2023 20:25,10/3/2023,2000,2100
2434697,9/3/2023 07:24,0,79.66,40.73,0,0,64302,10/3/2023 09:52,10/3/2023,900,1000
2437755,10/3/2023 10:17,0,51.4,26.28,0,0,49918,10/3/2023 12:43,10/3/2023,1200,1300
2437093,9/3/2023 22:38,0,75.51,38.61,0,0,85219,10/3/2023 09:39,10/3/2023,1000,1100
2438335,10/3/2023 13:04,0,152.47,77.96,0,0,33157,10/3/2023 15:17,10/3/2023,1500,1600
2436424,9/3/2023 17:16,0,262.2,134.06,0,0,90880,10/3/2023 07:48,10/3/2023,800,900
2436413,9/3/2023 17:12,0,51.73,26.45,0,0,168540,10/3/2023 12:06,10/3/2023,1200,1300
2439099,10/3/2023 16:59,0,145.71,74.5,0,0,23891,10/3/2023 22:03,10/3/2023,2200,2300
2440312,11/3/2023 09:54,0,87.44,44.7,0,0,165285,11/3/2023 13:23,11/3/2023,1300,1400
2440394,11/3/2023 10:20,0,127.25,65.06,0,0,107692,11/3/2023 13:05,11/3/2023,1300,1400
2441820,11/3/2023 16:35,1,59.12,30.23,0,0,175849,11/3/2023 20:22,11/3/2023,2000,2100
2439787,10/3/2023 22:33,0,102.32,52.32,0,0,64342,11/3/2023 10:17,11/3/2023,1000,1100
2440866,11/3/2023 12:41,0,219.11,112.03,0,0,11896,11/3/2023 15:03,11/3/2023,1500,1600
2440790,11/3/2023 12:16,0,70.38,35.98,0,0,136831,11/3/2023 15:42,11/3/2023,1500,1600
2440182,11/3/2023 09:14,0,145.04,74.16,0,0,172601,11/3/2023 16:13,11/3/2023,1600,1700
2440041,11/3/2023 07:53,0,170.06,86.95,0,0,74290,11/3/2023 19:38,11/3/2023,1900,2000
2439842,10/3/2023 23:23,0,44.89,22.95,0,0,32335,11/3/2023 10:44,11/3/2023,1000,1100
2439889,11/3/2023 00:04,0,245.32,125.43,0,0,93723,11/3/2023 14:08,11/3/2023,1400,1500
2441572,11/3/2023 15:39,0,59.89,30.62,8.04,4.11,29688,11/3/2023 19:00,11/3/2023,1900,2000
2438726,10/3/2023 14:54,0,98.79,50.51,0,0,12625,11/3/2023 08:09,11/3/2023,800,900
2439494,10/3/2023 19:44,0,75.78,38.75,0,0,57323,11/3/2023 09:00,11/3/2023,900,1000
2440043,11/3/2023 07:57,1,81.93,41.89,0,0,175774,11/3/2023 10:56,11/3/2023,1100,1200
2439942,11/3/2023 01:50,0,210.2,107.47,0,0,60542,11/3/2023 15:23,11/3/2023,1600,1700
2441794,11/3/2023 16:31,0,172.09,87.99,0,0,38460,11/3/2023 19:06,11/3/2023,2000,2100
2439047,10/3/2023 16:39,0,140.01,71.58,0,0,112439,11/3/2023 10:42,11/3/2023,1000,1100
2439992,11/3/2023 06:13,1,58,29.66,0,0,68057,11/3/2023 12:55,11/3/2023,1300,1400
2444544,12/3/2023 15:27,0,128.61,65.76,0,0,157925,12/3/2023 18:07,12/3/2023,1900,2000
2443342,12/3/2023 10:10,0,46.33,23.68,0,0,139537,12/3/2023 19:52,12/3/2023,1900,2000
2443374,12/3/2023 10:17,0,129.76,66.34,0,0,93233,12/3/2023 13:25,12/3/2023,1300,1400
2443413,12/3/2023 10:25,0,45.98,23.51,0,0,148274,12/3/2023 13:23,12/3/2023,1300,1400
2443039,12/3/2023 08:13,0,144.4,73.84,0,0,83795,12/3/2023 16:02,12/3/2023,1600,1700
2442924,12/3/2023 02:17,0,111.58,57.05,0,0,62738,12/3/2023 21:59,12/3/2023,2100,2200
2443079,12/3/2023 08:37,0,105.84,54.12,0,0,23705,12/3/2023 12:24,12/3/2023,1200,1300
2444218,12/3/2023 13:58,0,107.99,55.21,0,0,114222,12/3/2023 18:24,12/3/2023,1800,1900
2443768,12/3/2023 12:01,0,273.44,139.81,0,0,32772,12/3/2023 19:04,12/3/2023,1900,2000
2444494,12/3/2023 15:11,0,138.65,70.89,0,0,18492,12/3/2023 19:12,12/3/2023,1900,2000
2443864,12/3/2023 12:21,0,40.77,20.84,0,0,112542,12/3/2023 21:19,12/3/2023,2100,2200
2444881,12/3/2023 17:10,0,78.7,40.24,0,0,10989,12/3/2023 21:29,12/3/2023,2100,2200
2437236,10/3/2023 00:48,1,84.57,43.24,0,0,175646,12/3/2023 10:39,12/3/2023,1000,1100
2445733,13/3/2023 08:27,0,141.27,72.23,0,0,9633,13/3/2023 12:03,13/3/2023,1200,1300
2446157,13/3/2023 11:03,0,342.17,174.95,0,0,69522,13/3/2023 14:46,13/3/2023,1400,1500
2447450,13/3/2023 17:53,0,133.84,68.43,0,0,86971,13/3/2023 21:13,13/3/2023,2000,2100
2446719,13/3/2023 13:55,0,99.12,50.68,0,0,14395,13/3/2023 19:13,13/3/2023,1900,2000
2445077,12/3/2023 18:36,0,93.3,47.7,0,0,175525,13/3/2023 19:00,13/3/2023,1900,2000
2447542,13/3/2023 18:30,0,22.42,11.47,0,0,42154,13/3/2023 21:35,13/3/2023,2100,2200
2447525,13/3/2023 18:24,0,113.33,57.94,0,0,14026,13/3/2023 21:45,13/3/2023,2100,2200
2445517,12/3/2023 23:19,0,267.08,136.55,0,0,17715,13/3/2023 10:00,13/3/2023,1000,1100
2445171,12/3/2023 19:30,0,208.75,106.73,0,0,70773,13/3/2023 16:00,13/3/2023,1600,1700
2445746,13/3/2023 08:33,0,118.7,60.69,0,0,164815,13/3/2023 19:41,13/3/2023,1900,2000
2446522,13/3/2023 12:46,0,87.18,44.58,0,0,68271,13/3/2023 20:00,13/3/2023,2000,2100
2446583,13/3/2023 13:11,0,77.63,39.69,0,0,132710,13/3/2023 21:00,13/3/2023,2000,2100
2446259,13/3/2023 11:34,0,60.39,30.87,0,0,10868,13/3/2023 16:11,13/3/2023,1600,1700
2449005,14/3/2023 13:20,0,93.37,47.74,0,0,73096,14/3/2023 16:01,14/3/2023,1600,1700
2448624,14/3/2023 11:05,0,115.7,59.15,0,0,18713,14/3/2023 13:33,14/3/2023,1300,1400
2448463,14/3/2023 10:02,0,46.33,23.69,0,0,36477,14/3/2023 14:10,14/3/2023,1400,1500
2448388,14/3/2023 09:34,0,53.14,27.17,6.31,3.23,59328,14/3/2023 15:27,14/3/2023,1500,1600
2449290,14/3/2023 14:54,0,67.76,34.64,14.32,7.33,134192,14/3/2023 19:00,14/3/2023,1900,2000
2447655,13/3/2023 19:26,0,124.79,63.8,0,0,89164,14/3/2023 08:06,14/3/2023,800,900
2448172,14/3/2023 07:43,0,51.08,26.11,0,0,10583,14/3/2023 10:44,14/3/2023,1000,1100
2448197,14/3/2023 08:05,0,147.87,75.6,0,0,159231,14/3/2023 10:53,14/3/2023,1000,1100
2449011,14/3/2023 13:21,0,57.35,29.32,0,0,141925,14/3/2023 16:12,14/3/2023,1600,1700
2448681,14/3/2023 11:25,0,45.68,23.35,0,0,65247,14/3/2023 15:00,14/3/2023,1500,1600
2449000,14/3/2023 13:19,0,63.47,32.45,10.49,5.36,58043,14/3/2023 17:31,14/3/2023,1800,1900
2449805,14/3/2023 18:31,0,31.11,15.91,0,0,41625,14/3/2023 21:12,14/3/2023,2100,2200
2447610,13/3/2023 19:01,0,55.19,28.22,0,0,95593,14/3/2023 10:52,14/3/2023,1000,1100
2450230,14/3/2023 23:34,0,133.29,68.15,0,0,56470,15/3/2023 11:27,15/3/2023,1100,1200
2450713,15/3/2023 10:14,0,44.02,22.51,0,0,24177,15/3/2023 15:04,15/3/2023,1500,1600
2450584,15/3/2023 09:27,0,143.1,73.16,0,0,110291,15/3/2023 17:00,15/3/2023,1700,1800
2450777,15/3/2023 10:35,0,132.92,67.96,20.93,10.7,15864,15/3/2023 14:15,15/3/2023,1400,1500
2451329,15/3/2023 13:42,0,102.87,52.59,0,0,38465,15/3/2023 18:04,15/3/2023,1800,1900
2449990,14/3/2023 20:32,0,176.18,90.08,0,0,38545,15/3/2023 09:09,15/3/2023,900,1000
2451534,15/3/2023 14:43,0,160.55,82.08,0,0,61512,15/3/2023 17:42,15/3/2023,1700,1800
2450348,15/3/2023 06:36,0,58.5,29.91,0,0,62300,15/3/2023 13:10,15/3/2023,1300,1400
2452241,15/3/2023 18:36,0,37.13,18.99,0,0,8710,16/3/2023 17:39,16/3/2023,1700,1800
2453921,16/3/2023 12:03,0,102.88,52.61,0,0,13848,16/3/2023 15:15,16/3/2023,1500,1600
2452321,15/3/2023 19:12,0,214.57,109.7,74.73,38.2,35944,16/3/2023 08:19,16/3/2023,800,900
2454107,16/3/2023 12:51,0,97.52,49.86,0,0,49124,16/3/2023 17:09,16/3/2023,1700,1800
2454549,16/3/2023 14:45,0,73.96,37.81,0,0,159699,16/3/2023 18:58,16/3/2023,1800,1900
2453303,16/3/2023 09:34,0,98.75,50.49,0,0,71713,16/3/2023 12:07,16/3/2023,1200,1300
2454144,16/3/2023 13:01,0,25.17,12.87,0,0,57050,16/3/2023 16:18,16/3/2023,1600,1700
2450494,15/3/2023 08:44,0,71.74,36.68,0,0,38112,16/3/2023 09:04,16/3/2023,900,1000
2454043,16/3/2023 12:32,0,154.32,78.9,0,0,30315,16/3/2023 19:39,16/3/2023,1900,2000
2453778,16/3/2023 11:25,0,252.36,129.03,0,0,32063,16/3/2023 14:05,16/3/2023,1400,1500
2451518,15/3/2023 14:37,0,124.38,63.6,5.66,2.9,40141,16/3/2023 10:08,16/3/2023,1000,1100
2454461,16/3/2023 14:22,0,72.91,37.28,0,0,57317,16/3/2023 17:25,16/3/2023,1700,1800
2453639,16/3/2023 10:59,0,46.77,23.92,0,0,28923,16/3/2023 13:51,16/3/2023,1400,1500
2454893,16/3/2023 16:22,1,31.92,16.32,0,0,176431,16/3/2023 22:47,16/3/2023,2200,2300
2455898,17/3/2023 00:58,0,74.8,38.24,0,0,33453,17/3/2023 11:33,17/3/2023,1100,1200
2457884,17/3/2023 17:21,0,45.07,23.05,0,0,108211,17/3/2023 22:49,17/3/2023,2200,2300
2455766,16/3/2023 22:59,0,206.66,105.67,34.94,17.86,10789,17/3/2023 10:29,17/3/2023,1000,1100
2455497,16/3/2023 20:09,0,134.07,68.55,0,0,136052,17/3/2023 14:51,17/3/2023,1500,1600
2456925,17/3/2023 12:25,1,60.41,30.89,0,0,176540,17/3/2023 14:44,17/3/2023,1500,1600
2457176,17/3/2023 13:34,0,172.41,88.15,0,0,40640,17/3/2023 16:03,17/3/2023,1600,1700
2456387,17/3/2023 10:08,0,111.63,57.07,0,0,36674,17/3/2023 13:20,17/3/2023,1300,1400
2457402,17/3/2023 14:44,0,396.96,202.96,0,0,162819,17/3/2023 18:05,17/3/2023,1800,1900
2457749,17/3/2023 16:40,0,77.2,39.47,0,0,171095,17/3/2023 19:22,17/3/2023,1900,2000
2453379,16/3/2023 09:56,0,198.69,101.59,0,0,53619,17/3/2023 08:48,17/3/2023,900,1000
2456641,17/3/2023 11:13,0,160.53,82.08,0,0,34603,17/3/2023 14:41,17/3/2023,1400,1500
2457193,17/3/2023 13:39,1,26.35,13.47,0,0,176548,17/3/2023 16:49,17/3/2023,1600,1700
2456019,17/3/2023 07:50,0,188.37,96.31,87.63,44.81,29491,17/3/2023 11:12,17/3/2023,1100,1200
2456517,17/3/2023 10:40,0,101.94,52.12,4.65,2.38,63968,17/3/2023 13:21,17/3/2023,1300,1400
2456781,17/3/2023 11:51,0,160.95,82.3,0,0,11385,17/3/2023 13:56,17/3/2023,1400,1500
2455599,16/3/2023 21:08,0,103.17,52.75,0,0,59085,17/3/2023 11:05,17/3/2023,1100,1200
2456370,17/3/2023 10:04,0,116.26,59.44,0,0,36460,17/3/2023 15:05,17/3/2023,1500,1600
2454940,16/3/2023 16:34,0,39.91,20.4,0,0,175580,17/3/2023 11:02,17/3/2023,1100,1200
2456735,17/3/2023 11:38,0,142.36,72.78,0,0,136529,17/3/2023 18:21,17/3/2023,1800,1900
2459711,18/3/2023 13:22,0,73.43,37.54,0,0,17050,18/3/2023 16:03,18/3/2023,1600,1700
2458755,18/3/2023 07:39,0,41.01,20.97,0,0,64766,18/3/2023 11:50,18/3/2023,1200,1300
2458341,17/3/2023 20:53,0,172.04,87.96,8.26,4.22,93891,18/3/2023 11:05,18/3/2023,1100,1200
2458536,17/3/2023 22:58,0,71.74,36.68,0,0,7529,18/3/2023 11:00,18/3/2023,1100,1200
2458816,18/3/2023 08:19,0,191.32,97.82,0,0,84550,18/3/2023 19:04,18/3/2023,1900,2000
2459557,18/3/2023 12:37,0,71.44,36.53,0,0,100496,18/3/2023 15:39,18/3/2023,1500,1600
2458915,18/3/2023 09:18,0,349.71,178.8,0,0,43847,18/3/2023 16:03,18/3/2023,1600,1700
2460521,18/3/2023 17:25,0,63.82,32.63,0,0,11880,18/3/2023 20:11,18/3/2023,2000,2100
2459806,18/3/2023 13:56,0,130.39,66.67,22.62,11.57,156051,18/3/2023 17:14,18/3/2023,1700,1800
2458137,17/3/2023 18:54,0,57.7,29.5,0,0,69066,18/3/2023 08:37,18/3/2023,900,1000
2460391,18/3/2023 16:43,0,170.36,87.1,4.11,2.1,8211,18/3/2023 20:35,18/3/2023,2000,2100
2460264,18/3/2023 16:05,0,80.13,40.97,0,0,9220,18/3/2023 19:40,18/3/2023,1900,2000
2462599,19/3/2023 14:44,0,349.82,178.86,0,0,163467,19/3/2023 17:47,19/3/2023,1700,1800
2461819,19/3/2023 10:51,0,101.38,51.84,0,0,146286,19/3/2023 12:51,19/3/2023,1300,1400
2462979,19/3/2023 16:49,0,103.8,53.07,0,0,21487,19/3/2023 19:48,19/3/2023,1900,2000
2461451,19/3/2023 08:33,0,101.15,51.72,25.73,13.15,30721,19/3/2023 11:00,19/3/2023,1100,1200
2462502,19/3/2023 14:14,0,52.88,27.04,0,0,29314,19/3/2023 16:07,19/3/2023,1600,1700
2462702,19/3/2023 15:14,0,101.7,52,0,0,20227,19/3/2023 17:13,19/3/2023,1700,1800
2462321,19/3/2023 13:22,0,152.91,78.18,0,0,135865,19/3/2023 19:03,19/3/2023,1900,2000
2463236,19/3/2023 18:35,0,167.93,85.86,0,0,80479,19/3/2023 20:38,19/3/2023,2100,2200
2463031,19/3/2023 17:05,0,112.88,57.71,0,0,60888,19/3/2023 20:12,19/3/2023,2000,2100
2456508,17/3/2023 10:38,0,116.92,59.78,0,0,29563,20/3/2023 09:18,20/3/2023,900,1000
2464737,20/3/2023 12:30,1,72.63,37.13,0,0,176844,20/3/2023 18:33,20/3/2023,1800,1900
2464494,20/3/2023 11:24,0,83.54,42.72,0,0,37701,20/3/2023 14:00,20/3/2023,1400,1500
2464341,20/3/2023 10:44,0,128.1,65.5,0,0,168966,20/3/2023 13:12,20/3/2023,1300,1400
2464644,20/3/2023 12:07,0,41.84,21.4,0,0,15069,20/3/2023 14:00,20/3/2023,1400,1500
2464385,20/3/2023 10:55,0,71.26,36.44,0,0,77679,20/3/2023 19:00,20/3/2023,1900,2000
2464400,20/3/2023 11:00,0,120.01,61.36,0,0,12712,20/3/2023 15:04,20/3/2023,1500,1600
2463265,19/3/2023 18:45,0,35.38,18.09,0,0,96000,20/3/2023 09:35,20/3/2023,900,1000
2464945,20/3/2023 13:42,0,43.72,22.35,0,0,52844,20/3/2023 16:05,20/3/2023,1600,1700
2464055,20/3/2023 09:20,0,48.51,24.8,0,0,163709,20/3/2023 12:16,20/3/2023,1200,1300
2463530,19/3/2023 21:43,0,67.35,34.44,0,0,154224,20/3/2023 20:49,20/3/2023,2000,2100
2465311,20/3/2023 15:36,1,46.61,23.83,0,0,176869,20/3/2023 19:45,20/3/2023,1900,2000
2465774,20/3/2023 18:15,0,80.11,40.96,0,0,49774,20/3/2023 20:54,20/3/2023,2100,2200
2464357,20/3/2023 10:47,0,77.04,39.39,0,0,48753,20/3/2023 13:12,20/3/2023,1300,1400
2465776,20/3/2023 18:16,0,98.82,50.53,0,0,79784,20/3/2023 21:12,20/3/2023,2100,2200
2463673,19/3/2023 23:33,0,155.05,79.27,77.13,39.43,122289,20/3/2023 10:37,20/3/2023,1000,1100
2464624,20/3/2023 11:59,0,48.29,24.69,0,0,67091,20/3/2023 14:42,20/3/2023,1400,1500
2463770,20/3/2023 01:37,0,80.85,41.34,0,0,169204,20/3/2023 14:27,20/3/2023,1400,1500
2466259,20/3/2023 23:02,0,47.8,24.44,0,0,9120,21/3/2023 10:23,21/3/2023,1100,1200
2465478,20/3/2023 16:30,0,86.69,44.33,0,0,24904,21/3/2023 08:50,21/3/2023,900,1000
2467216,21/3/2023 12:44,0,97.18,49.69,58.41,29.86,174586,21/3/2023 17:19,21/3/2023,1700,1800
2466691,21/3/2023 09:32,0,124.85,63.83,0,0,145212,21/3/2023 12:09,21/3/2023,1200,1300
2467293,21/3/2023 13:11,1,55.73,28.49,0,0,176952,21/3/2023 16:11,21/3/2023,1600,1700
2467110,21/3/2023 12:03,0,127.58,65.23,0,0,106240,21/3/2023 16:48,21/3/2023,1600,1700
2467104,21/3/2023 12:00,0,64.85,33.16,16.82,8.6,119396,21/3/2023 18:07,21/3/2023,1800,1900
2467801,21/3/2023 16:27,0,59.02,30.18,0,0,49110,21/3/2023 19:45,21/3/2023,1900,2000
2467803,21/3/2023 16:28,0,195.39,99.9,0,0,95620,21/3/2023 21:06,21/3/2023,2100,2200
2467619,21/3/2023 15:17,0,105.2,53.78,0,0,35804,21/3/2023 18:26,21/3/2023,1800,1900
2466948,21/3/2023 10:58,0,157.69,80.62,0,0,47539,21/3/2023 13:22,21/3/2023,1300,1400
2467489,21/3/2023 14:31,0,51.85,26.51,0,0,30385,21/3/2023 18:05,21/3/2023,1800,1900
2467955,21/3/2023 17:18,0,94.35,48.24,0,0,73763,22/3/2023 10:17,22/3/2023,1000,1100
2469156,22/3/2023 10:03,0,79.82,40.82,0,0,172109,22/3/2023 13:17,22/3/2023,1300,1400
2470403,22/3/2023 16:27,0,201.54,103.05,0,0,7621,22/3/2023 19:40,22/3/2023,1900,2000
2468337,21/3/2023 20:19,0,153.56,78.52,0,0,58825,22/3/2023 20:10,22/3/2023,2000,2100
2468955,22/3/2023 09:04,0,63.02,32.23,0,0,43358,22/3/2023 11:51,22/3/2023,1200,1300
2470202,22/3/2023 15:23,0,87.79,44.89,0,0,77165,22/3/2023 18:21,22/3/2023,1800,1900
2468532,21/3/2023 22:15,0,36.6,18.72,0,0,37703,22/3/2023 10:05,22/3/2023,1000,1100
2468190,21/3/2023 18:49,0,121.04,61.89,0,0,141964,22/3/2023 11:46,22/3/2023,1200,1300
2468035,21/3/2023 17:45,0,112.83,57.69,0,0,18044,22/3/2023 08:47,22/3/2023,900,1000
2470512,22/3/2023 17:11,0,77.06,39.4,0,0,50810,22/3/2023 20:23,22/3/2023,2000,2100
2469394,22/3/2023 11:16,0,119.88,61.3,0,0,66595,22/3/2023 14:09,22/3/2023,1400,1500
2469937,22/3/2023 13:59,0,234.27,119.78,0,0,163239,22/3/2023 18:35,22/3/2023,1800,1900
2467817,21/3/2023 16:33,0,64.37,32.91,0,0,159773,22/3/2023 09:36,22/3/2023,900,1000
2471820,23/3/2023 11:03,0,48.54,24.82,0,0,147121,23/3/2023 15:00,23/3/2023,1400,1500
2472516,23/3/2023 14:59,0,79.86,40.83,0,0,29218,23/3/2023 17:35,23/3/2023,1700,1800
2470933,22/3/2023 21:26,0,102.39,52.35,0,0,121647,23/3/2023 09:21,23/3/2023,900,1000
2470852,22/3/2023 20:18,0,39.81,20.36,0,0,81016,23/3/2023 10:06,23/3/2023,1000,1100
2471407,23/3/2023 08:35,0,97.55,49.88,0,0,129531,23/3/2023 11:00,23/3/2023,1100,1200
2472014,23/3/2023 12:05,0,29.08,14.87,0,0,38230,23/3/2023 20:03,23/3/2023,2000,2100
2472299,23/3/2023 13:39,0,112.4,57.47,0,0,59933,23/3/2023 16:58,23/3/2023,1600,1700
2470776,22/3/2023 19:10,0,102.54,52.42,0,0,117919,23/3/2023 09:56,23/3/2023,1000,1100
2471727,23/3/2023 10:29,0,172.96,88.44,0,0,16236,23/3/2023 13:30,23/3/2023,1300,1400
2473130,23/3/2023 19:35,0,256.12,130.95,0,0,65518,24/3/2023 12:02,24/3/2023,1200,1300
2472976,23/3/2023 18:14,0,75.35,38.53,0,0,30086,24/3/2023 12:08,24/3/2023,1200,1300
2473870,24/3/2023 09:41,0,105.42,53.9,7.77,3.97,59667,24/3/2023 14:06,24/3/2023,1400,1500
2474218,24/3/2023 11:36,0,83.93,42.92,0,0,155285,24/3/2023 16:16,24/3/2023,1600,1700
2475362,24/3/2023 18:15,0,57.4,29.34,0,0,53932,24/3/2023 20:31,24/3/2023,2000,2100
2474338,24/3/2023 12:12,0,55.02,28.13,0,0,125599,24/3/2023 18:45,24/3/2023,1800,1900
2473192,23/3/2023 20:15,0,190.72,97.51,0,0,146914,24/3/2023 16:28,24/3/2023,1600,1700
2475893,24/3/2023 23:08,0,261.38,133.64,0,0,72087,25/3/2023 12:55,25/3/2023,1200,1300
2477358,25/3/2023 15:35,0,52.03,26.6,0,0,159940,25/3/2023 18:16,25/3/2023,1800,1900
2474582,24/3/2023 13:33,0,60.01,30.68,0,0,43997,25/3/2023 12:07,25/3/2023,1200,1300
2477114,25/3/2023 14:12,0,42.29,21.62,0,0,66093,25/3/2023 17:05,25/3/2023,1700,1800
2477721,25/3/2023 17:08,0,43.66,22.32,0,0,8368,25/3/2023 20:12,25/3/2023,2000,2100
2476284,25/3/2023 09:27,0,108.88,55.67,0,0,146061,25/3/2023 12:10,25/3/2023,1200,1300
2477293,25/3/2023 15:15,0,122.01,62.39,0,0,41853,25/3/2023 17:47,25/3/2023,1800,1900
2476590,25/3/2023 11:17,0,44.65,22.83,0,0,152848,25/3/2023 16:48,25/3/2023,1600,1700
2476644,25/3/2023 11:33,0,35.77,18.29,0,0,104896,25/3/2023 17:20,25/3/2023,1700,1800
2477125,25/3/2023 14:15,0,134.02,68.52,0,0,152642,25/3/2023 20:50,25/3/2023,2000,2100
2478490,25/3/2023 23:52,0,117.85,60.25,0,0,28637,26/3/2023 10:48,26/3/2023,1000,1100
2479523,26/3/2023 13:49,0,168.72,86.27,0,0,38302,26/3/2023 17:05,26/3/2023,1700,1800
2477971,25/3/2023 18:36,0,324.23,165.77,0,0,76921,26/3/2023 08:54,26/3/2023,900,1000
2478566,26/3/2023 01:09,0,118.02,60.34,0,0,107841,26/3/2023 12:00,26/3/2023,1200,1300
2479465,26/3/2023 13:28,1,64.8,33.13,0,0,177473,26/3/2023 16:01,26/3/2023,1600,1700
2478738,26/3/2023 09:29,0,38.65,19.77,0,0,70905,26/3/2023 11:27,26/3/2023,1100,1200
2478697,26/3/2023 09:02,0,103.12,52.73,0,0,36348,26/3/2023 19:17,26/3/2023,1900,2000
2479940,26/3/2023 15:50,0,168.18,85.99,7.52,3.85,45182,26/3/2023 18:35,26/3/2023,1800,1900
2479929,26/3/2023 15:47,0,97.31,49.76,0,0,9217,26/3/2023 17:56,26/3/2023,1800,1900
2478286,25/3/2023 21:23,0,390.29,199.56,0,0,103391,26/3/2023 09:56,26/3/2023,1000,1100
2480284,26/3/2023 17:36,0,22.81,11.66,0,0,46325,26/3/2023 20:57,26/3/2023,2100,2200
2478397,25/3/2023 22:31,0,109.13,55.79,0,0,114952,26/3/2023 10:14,26/3/2023,1000,1100
2477778,25/3/2023 17:27,0,109.03,55.74,0,0,76950,26/3/2023 19:20,26/3/2023,1900,2000
2482001,27/3/2023 12:59,0,113.53,58.04,4.87,2.49,19913,27/3/2023 17:58,27/3/2023,1700,1800
2482317,27/3/2023 14:25,0,76.27,39,0,0,47916,27/3/2023 17:36,27/3/2023,1700,1800
2480644,26/3/2023 20:34,0,39.95,20.43,0,0,17248,27/3/2023 09:06,27/3/2023,900,1000
2480988,27/3/2023 01:23,0,31.95,16.33,0,0,167841,27/3/2023 10:18,27/3/2023,1000,1100
2483098,27/3/2023 17:53,0,103.99,53.17,0,0,132818,27/3/2023 21:27,27/3/2023,2100,2200
2480245,26/3/2023 17:24,1,104.4,53.38,0,0,177503,27/3/2023 10:42,27/3/2023,1100,1200
2482177,27/3/2023 13:42,0,86.43,44.19,0,0,125389,27/3/2023 19:26,27/3/2023,1900,2000
2481158,27/3/2023 08:55,0,82.77,42.32,0,0,144242,27/3/2023 11:38,27/3/2023,1100,1200
2482695,27/3/2023 15:45,0,29.63,15.15,0,0,65077,28/3/2023 15:00,28/3/2023,1500,1600
2481439,27/3/2023 10:25,0,23.3,11.91,0,0,9236,28/3/2023 11:17,28/3/2023,1100,1200
2484375,28/3/2023 10:40,0,72.53,37.09,0,0,156818,28/3/2023 13:12,28/3/2023,1300,1400
2483338,27/3/2023 19:39,0,111.15,56.83,0,0,92923,28/3/2023 18:16,28/3/2023,1800,1900
2484948,28/3/2023 13:14,0,73.89,37.78,0,0,118129,28/3/2023 18:34,28/3/2023,1800,1900
2482914,27/3/2023 16:53,0,163.38,83.54,0,0,54570,28/3/2023 10:06,28/3/2023,1000,1100
2483344,27/3/2023 19:44,0,66.66,34.08,30.91,15.8,166428,28/3/2023 14:19,28/3/2023,1400,1500
2484749,28/3/2023 12:20,0,135.93,69.5,0,0,150431,28/3/2023 15:15,28/3/2023,1500,1600
2485264,28/3/2023 14:39,0,174.78,89.36,0,0,20151,28/3/2023 22:00,28/3/2023,2200,2300
2485571,28/3/2023 16:15,0,117.5,60.08,45.68,23.36,61216,28/3/2023 19:37,28/3/2023,1900,2000
2484664,28/3/2023 12:01,0,60.81,31.09,0,0,176853,28/3/2023 14:27,28/3/2023,1400,1500
2484535,28/3/2023 11:21,0,76.65,39.19,0,0,105312,28/3/2023 14:33,28/3/2023,1400,1500
2484056,28/3/2023 08:50,0,26.22,13.41,0,0,95427,28/3/2023 11:11,28/3/2023,1100,1200
2486821,29/3/2023 09:19,0,74.76,38.23,0,0,166085,29/3/2023 19:13,29/3/2023,1900,2000
2485451,28/3/2023 15:30,0,181.34,92.72,0,0,141102,29/3/2023 20:45,29/3/2023,2000,2100
2486672,29/3/2023 07:34,0,118.75,60.72,0,0,57177,29/3/2023 11:38,29/3/2023,1100,1200
2486815,29/3/2023 09:16,0,123.01,62.9,0,0,104482,29/3/2023 11:10,29/3/2023,1100,1200
2487534,29/3/2023 13:17,0,108.6,55.53,0,0,55144,29/3/2023 16:52,29/3/2023,1600,1700
2486769,29/3/2023 08:49,0,155.61,79.57,0,0,149758,29/3/2023 11:30,29/3/2023,1100,1200
2487006,29/3/2023 10:24,0,90.31,46.17,41.4,21.17,29327,29/3/2023 13:08,29/3/2023,1300,1400
2487054,29/3/2023 10:44,0,102.72,52.52,0,0,142881,29/3/2023 13:14,29/3/2023,1300,1400
2487767,29/3/2023 14:25,0,94.55,48.34,0,0,28251,29/3/2023 17:09,29/3/2023,1700,1800
2486764,29/3/2023 08:47,0,115.55,59.08,0,0,110169,29/3/2023 12:30,29/3/2023,1200,1300
2487835,29/3/2023 14:48,0,136.06,69.57,0,0,25370,29/3/2023 19:04,29/3/2023,1900,2000
2487172,29/3/2023 11:15,0,87.18,44.57,0,0,68882,29/3/2023 15:57,29/3/2023,1500,1600
2488935,29/3/2023 23:17,0,108.52,55.48,5.66,2.9,80607,30/3/2023 10:05,30/3/2023,1000,1100
2490239,30/3/2023 14:11,0,60.95,31.16,0,0,126211,30/3/2023 18:02,30/3/2023,1800,1900
2488616,29/3/2023 19:58,0,52.13,26.65,0,0,60386,30/3/2023 21:04,30/3/2023,2100,2200
2487871,29/3/2023 15:01,0,51.73,26.45,0,0,172671,30/3/2023 10:24,30/3/2023,1000,1100
2489859,30/3/2023 12:06,0,124.27,63.54,10.51,5.38,40639,30/3/2023 18:54,30/3/2023,1800,1900
2491019,30/3/2023 18:53,0,77.59,39.67,0,0,81753,30/3/2023 22:30,30/3/2023,2200,2300
2490371,30/3/2023 14:52,0,103.19,52.76,0,0,108620,30/3/2023 17:08,30/3/2023,1700,1800
2488854,29/3/2023 22:30,0,61.18,31.28,0,0,78957,30/3/2023 09:45,30/3/2023,900,1000
2488877,29/3/2023 22:40,0,207.08,105.87,0,0,52105,30/3/2023 09:26,30/3/2023,900,1000
2489091,30/3/2023 02:42,0,400.22,204.63,23.53,12.03,49341,30/3/2023 13:12,30/3/2023,1300,1400
2489410,30/3/2023 10:00,0,166,84.88,0,0,70405,30/3/2023 15:12,30/3/2023,1500,1600
2490266,30/3/2023 14:22,0,40.43,20.67,0,0,78114,30/3/2023 17:30,30/3/2023,1700,1800
2489099,30/3/2023 03:12,0,61.87,31.63,0,0,130912,30/3/2023 12:38,30/3/2023,1200,1300
2491733,31/3/2023 08:56,0,42.34,21.65,0,0,129048,31/3/2023 17:27,31/3/2023,1800,1900
2492741,31/3/2023 13:52,1,50.03,25.58,0,0,178056,31/3/2023 18:26,31/3/2023,1900,2000
2493085,31/3/2023 15:38,0,151.06,77.23,0,0,166033,31/3/2023 18:44,31/3/2023,1800,1900
2493545,31/3/2023 18:25,0,172.09,87.99,15.02,7.68,41357,31/3/2023 21:37,31/3/2023,2100,2200
2493082,31/3/2023 15:37,0,58.3,29.81,0,0,117825,31/3/2023 21:05,31/3/2023,2100,2200
2493047,31/3/2023 15:29,0,72.36,37,0,0,76749,31/3/2023 18:42,31/3/2023,1800,1900
2493483,31/3/2023 17:54,0,174.65,89.29,0,0,145026,31/3/2023 21:28,31/3/2023,2100,2200
2489764,30/3/2023 11:40,1,113.91,58.24,0,0,177941,31/3/2023 14:01,31/3/2023,1400,1500
2492985,31/3/2023 15:12,0,135.74,69.4,0,0,176772,31/3/2023 17:38,31/3/2023,1700,1800
2492768,31/3/2023 13:59,0,81.04,41.44,7.21,3.69,57540,31/3/2023 16:05,31/3/2023,1600,1700
2492762,31/3/2023 13:57,0,61.32,31.36,0,0,69787,31/3/2023 18:32,31/3/2023,1800,1900
2488429,29/3/2023 18:21,1,38.88,19.88,0,0,177861,31/3/2023 10:43,31/3/2023,1100,1200
2491124,30/3/2023 20:08,0,102.49,52.4,0,0,32014,31/3/2023 10:28,31/3/2023,1000,1100
2491725,31/3/2023 08:53,0,70.86,36.22,0,0,84884,31/3/2023 12:37,31/3/2023,1200,1300
2493059,31/3/2023 15:32,0,69.21,35.39,0,0,23787,31/3/2023 17:58,31/3/2023,1800,1900
2490418,30/3/2023 15:10,0,141.22,72.2,0,0,69838,31/3/2023 09:08,31/3/2023,900,1000
2492586,31/3/2023 13:03,0,87.67,44.83,0,0,126150,31/3/2023 18:25,31/3/2023,1800,1900
2494417,1/4/2023 09:14,0,131.83,67.4,0,0,11028,1/4/2023 12:59,1/4/2023,1200,1300
2494362,1/4/2023 08:51,0,126.18,64.51,0,0,59347,1/4/2023 13:02,1/4/2023,1300,1400
2494437,1/4/2023 09:20,0,75.44,38.58,0,0,64399,1/4/2023 11:31,1/4/2023,1200,1300
2494514,1/4/2023 09:50,0,153.26,78.36,9.37,4.79,41476,1/4/2023 12:26,1/4/2023,1200,1300
2494313,1/4/2023 08:20,0,32.47,16.6,0,0,9271,1/4/2023 16:03,1/4/2023,1600,1700
2493543,31/3/2023 18:25,0,86.76,44.36,0,0,119690,1/4/2023 16:10,1/4/2023,1600,1700
2493690,31/3/2023 19:32,0,55.83,28.55,0,0,177484,1/4/2023 09:30,1/4/2023,900,1000
2494814,1/4/2023 11:18,0,177.6,90.8,0,0,169786,1/4/2023 19:11,1/4/2023,1900,2000
2494001,31/3/2023 22:39,0,277.55,141.91,97.16,49.68,22508,1/4/2023 10:15,1/4/2023,1000,1100
2494546,1/4/2023 10:01,0,43.41,22.2,0,0,85875,1/4/2023 13:20,1/4/2023,1300,1400
2494918,1/4/2023 11:51,0,141.75,72.48,0,0,44569,1/4/2023 14:38,1/4/2023,1400,1500
2495708,1/4/2023 15:20,0,56.35,28.81,0,0,133842,1/4/2023 19:02,1/4/2023,1900,2000
2493707,31/3/2023 19:44,0,27.59,14.11,0,0,10214,1/4/2023 09:05,1/4/2023,900,1000
2494177,1/4/2023 01:16,0,105.2,53.78,0,0,9909,1/4/2023 10:46,1/4/2023,1100,1200
2495834,1/4/2023 15:48,0,185.7,94.95,0,0,172572,1/4/2023 19:17,1/4/2023,1900,2000
2494737,1/4/2023 10:57,0,77.6,39.68,0,0,47045,1/4/2023 13:21,1/4/2023,1300,1400
2495507,1/4/2023 14:37,0,97.15,49.67,0,0,108213,1/4/2023 17:34,1/4/2023,1700,1800
2497308,2/4/2023 10:19,0,49.71,25.42,0,0,58257,2/4/2023 13:41,2/4/2023,1300,1400
2497269,2/4/2023 10:04,0,64.96,33.21,0,0,23159,2/4/2023 12:40,2/4/2023,1200,1300
2497356,2/4/2023 10:39,0,64.03,32.74,16.03,8.2,30721,2/4/2023 15:46,2/4/2023,1600,1700
2497757,2/4/2023 13:05,0,110.82,56.67,0,0,8055,2/4/2023 16:14,2/4/2023,1600,1700
2498828,2/4/2023 18:57,0,47.39,24.22,0,0,41625,2/4/2023 21:18,2/4/2023,2200,2300
2498834,2/4/2023 18:59,0,171.05,87.46,0,0,80628,2/4/2023 22:25,2/4/2023,2200,2300
2496753,1/4/2023 22:05,0,120.8,61.76,0,0,177315,2/4/2023 12:02,2/4/2023,1200,1300
2497735,2/4/2023 13:00,0,73.58,37.62,0,0,32831,2/4/2023 15:25,2/4/2023,1500,1600
2496179,1/4/2023 17:35,0,126.19,64.52,0,0,83244,2/4/2023 12:08,2/4/2023,1200,1300
2496620,1/4/2023 20:57,0,106.84,54.63,0,0,140422,2/4/2023 12:17,2/4/2023,1200,1300
2497541,2/4/2023 11:50,0,113.68,58.12,0,0,36319,2/4/2023 19:16,2/4/2023,1900,2000
2498233,2/4/2023 15:19,0,42.1,21.53,0,0,143393,2/4/2023 18:44,2/4/2023,1800,1900
2496247,1/4/2023 18:00,0,87.82,44.9,0,0,159129,2/4/2023 08:14,2/4/2023,800,900
2497342,2/4/2023 10:32,0,83.27,42.58,0,0,16557,2/4/2023 11:48,2/4/2023,1200,1300
2497843,2/4/2023 13:33,0,107.37,54.89,0,0,77503,2/4/2023 17:46,2/4/2023,1700,1800
2496902,1/4/2023 23:39,0,103,52.66,0,0,27854,2/4/2023 10:23,2/4/2023,1000,1100
2499462,3/4/2023 07:46,0,122.41,62.59,0,0,7758,3/4/2023 10:36,3/4/2023,1100,1200
2501572,3/4/2023 18:31,0,123.9,63.35,0,0,71972,3/4/2023 22:31,3/4/2023,2200,2300
2500565,3/4/2023 13:57,0,187.3,95.77,0,0,170262,3/4/2023 16:30,3/4/2023,1600,1700
2498880,2/4/2023 19:20,0,87.21,44.59,0,0,109339,3/4/2023 10:03,3/4/2023,1000,1100
2497648,2/4/2023 12:23,0,208.9,106.81,0,0,91422,3/4/2023 12:02,3/4/2023,1200,1300
2500717,3/4/2023 14:40,0,105.04,53.71,0,0,54163,3/4/2023 17:02,3/4/2023,1700,1800
2500786,3/4/2023 14:53,0,123.41,63.1,0,0,85486,3/4/2023 18:21,3/4/2023,1800,1900
2498980,2/4/2023 20:33,0,246.88,126.22,0,0,103198,3/4/2023 09:15,3/4/2023,900,1000
2499499,3/4/2023 08:21,0,84.96,43.44,0,0,168023,3/4/2023 11:14,3/4/2023,1100,1200
2500741,3/4/2023 14:44,0,113.03,57.79,0,0,31323,3/4/2023 17:23,3/4/2023,1700,1800
2498841,2/4/2023 19:01,0,166.03,84.89,0,0,82720,3/4/2023 09:41,3/4/2023,1000,1100
2499028,2/4/2023 20:51,0,136.27,69.67,11.71,5.98,110691,3/4/2023 11:30,3/4/2023,1100,1200
2499931,3/4/2023 10:54,0,76.99,39.37,0,0,101496,3/4/2023 15:19,3/4/2023,1500,1600
2503495,4/4/2023 13:16,0,101.43,51.86,0,0,42165,4/4/2023 16:22,4/4/2023,1600,1700
2503652,4/4/2023 13:54,0,64.94,33.21,0,0,99213,4/4/2023 19:27,4/4/2023,1900,2000
2503838,4/4/2023 14:40,0,37.18,19.01,0,0,177741,4/4/2023 18:27,4/4/2023,1800,1900
2503027,4/4/2023 11:22,0,109.03,55.75,0,0,80502,4/4/2023 14:50,4/4/2023,1400,1500
2504142,4/4/2023 16:09,0,99.31,50.78,0,0,90105,4/4/2023 20:56,4/4/2023,2000,2100
2501987,3/4/2023 21:45,0,36.52,18.67,0,0,59075,4/4/2023 12:44,4/4/2023,1200,1300
2503327,4/4/2023 12:37,0,159.12,81.35,31.5,16.1,108482,4/4/2023 15:40,4/4/2023,1500,1600
2502900,4/4/2023 10:56,0,81.23,41.53,0,0,31015,4/4/2023 13:43,4/4/2023,1300,1400
2502440,4/4/2023 08:28,0,77.05,39.4,0,0,83428,4/4/2023 11:14,4/4/2023,1100,1200
2504208,4/4/2023 16:29,0,287.34,146.91,0,0,46127,4/4/2023 21:43,4/4/2023,2100,2200
2506404,5/4/2023 13:21,0,84.37,43.14,0,0,48444,5/4/2023 17:08,5/4/2023,1700,1800
2504654,4/4/2023 19:18,0,131.02,66.99,0,0,24760,5/4/2023 10:01,5/4/2023,1000,1100
2504047,4/4/2023 15:38,0,59.89,30.62,0,0,170577,5/4/2023 14:03,5/4/2023,1400,1500
2506000,5/4/2023 11:45,0,114.39,58.49,43.24,22.11,45462,5/4/2023 14:11,5/4/2023,1400,1500
2505073,4/4/2023 23:37,0,78.26,40.01,0,0,40701,5/4/2023 11:50,5/4/2023,1100,1200
2505780,5/4/2023 10:46,0,83.37,42.62,0,0,85114,5/4/2023 13:06,5/4/2023,1300,1400
2504827,4/4/2023 21:05,0,107.26,54.84,0,0,84081,5/4/2023 14:02,5/4/2023,1400,1500
2505784,5/4/2023 10:47,0,278.06,142.17,0,0,9055,5/4/2023 15:40,5/4/2023,1600,1700
2504783,4/4/2023 20:38,0,125.6,64.22,0,0,21174,5/4/2023 11:19,5/4/2023,1100,1200
2507775,5/4/2023 22:17,0,43.31,22.14,0,0,7832,6/4/2023 10:31,6/4/2023,1000,1100
2508093,6/4/2023 07:01,0,72.95,37.3,0,0,63848,6/4/2023 11:02,6/4/2023,1100,1200
2507650,5/4/2023 21:06,0,183.78,93.96,0,0,70343,6/4/2023 09:25,6/4/2023,900,1000
2509211,6/4/2023 13:31,0,238.38,121.88,0,0,35403,6/4/2023 19:19,6/4/2023,1900,2000
2509391,6/4/2023 14:28,0,222.11,113.56,0,0,24452,6/4/2023 17:29,6/4/2023,1700,1800
2504386,4/4/2023 17:32,0,74.89,38.29,0,0,112566,6/4/2023 09:54,6/4/2023,900,1000
2509758,6/4/2023 16:16,0,58.68,30,0,0,71746,6/4/2023 21:35,6/4/2023,2100,2200
2506189,5/4/2023 12:35,0,198.35,101.42,0,0,106084,6/4/2023 10:57,6/4/2023,1000,1100
2507708,5/4/2023 21:39,0,50,25.57,0,0,129705,6/4/2023 10:24,6/4/2023,1000,1100
2508594,6/4/2023 10:45,1,109.76,56.12,0,0,178738,6/4/2023 13:37,6/4/2023,1300,1400
2508206,6/4/2023 08:35,0,213.53,109.17,38.09,19.47,165360,6/4/2023 11:07,6/4/2023,1100,1200
2509652,6/4/2023 15:44,0,35.05,17.92,0,0,159627,6/4/2023 18:01,6/4/2023,1800,1900
2511282,7/4/2023 10:25,0,74.24,37.96,0,0,50623,7/4/2023 13:44,7/4/2023,1300,1400
2510415,6/4/2023 20:38,0,41.98,21.47,0,0,64776,7/4/2023 19:16,7/4/2023,1900,2000
2511173,7/4/2023 09:54,0,79.14,40.47,0,0,32014,7/4/2023 12:54,7/4/2023,1200,1300
2507867,5/4/2023 23:25,0,84.15,43.02,53.34,27.27,11610,7/4/2023 15:22,7/4/2023,1600,1700
2511147,7/4/2023 09:46,0,168.11,85.95,0,0,69437,7/4/2023 13:00,7/4/2023,1200,1300
2512773,7/4/2023 18:17,0,117.41,60.03,0,0,17065,7/4/2023 21:39,7/4/2023,2100,2200
2511587,7/4/2023 12:02,0,44.84,22.93,0,0,149423,7/4/2023 14:21,7/4/2023,1400,1500
2511735,7/4/2023 12:47,0,45.22,23.12,0,0,8670,7/4/2023 16:58,7/4/2023,1700,1800
2510960,7/4/2023 08:35,0,104.83,53.59,35.2,18,88088,7/4/2023 11:15,7/4/2023,1100,1200
2510256,6/4/2023 19:11,0,136.57,69.83,0,0,161528,7/4/2023 14:28,7/4/2023,1500,1600
2511376,7/4/2023 11:00,0,52.95,27.07,0,0,128364,7/4/2023 15:10,7/4/2023,1500,1600
2513219,7/4/2023 21:56,0,125.51,64.17,0,0,31190,8/4/2023 10:32,8/4/2023,1000,1100
2514170,8/4/2023 11:50,0,120.39,61.55,0,0,89563,8/4/2023 14:11,8/4/2023,1400,1500
2512536,7/4/2023 16:44,0,91.89,46.98,0,0,60420,8/4/2023 10:24,8/4/2023,1000,1100
2513498,8/4/2023 04:52,0,637.41,325.9,0,0,59103,8/4/2023 11:06,8/4/2023,1100,1200
2506903,5/4/2023 15:44,0,46.95,24,0,0,118818,8/4/2023 12:03,8/4/2023,1200,1300
2515007,8/4/2023 15:26,0,130.66,66.81,0,0,33768,8/4/2023 19:18,8/4/2023,1900,2000
2515526,8/4/2023 18:16,0,191.2,97.76,0,0,30276,8/4/2023 21:07,8/4/2023,2100,2200
2514676,8/4/2023 14:07,0,45.95,23.49,0,0,154224,8/4/2023 17:21,8/4/2023,1700,1800
2514802,8/4/2023 14:37,0,57.44,29.36,0,0,101394,8/4/2023 17:18,8/4/2023,1700,1800
2513331,7/4/2023 23:17,0,86.3,44.12,0,0,71042,8/4/2023 10:10,8/4/2023,1000,1100
2515327,8/4/2023 17:02,0,136.64,69.86,0,0,145758,8/4/2023 21:16,8/4/2023,2100,2200
2514433,8/4/2023 13:05,0,139.01,71.07,0,0,108556,8/4/2023 16:24,8/4/2023,1600,1700
2514111,8/4/2023 11:35,0,153.55,78.51,0,0,150217,8/4/2023 19:38,8/4/2023,1900,2000
2514487,8/4/2023 13:20,0,120.49,61.6,0,0,75413,8/4/2023 17:03,8/4/2023,1700,1800
2516515,9/4/2023 10:03,1,27.05,13.83,0,0,179057,9/4/2023 17:43,9/4/2023,1800,1900
2515377,8/4/2023 17:20,0,100.2,51.23,0,0,76218,9/4/2023 08:33,9/4/2023,900,1000
2515803,8/4/2023 20:32,0,110.23,56.36,0,0,88760,9/4/2023 09:04,9/4/2023,900,1000
2515393,8/4/2023 17:25,0,126.93,64.9,0,0,65247,9/4/2023 08:36,9/4/2023,800,900
2516072,8/4/2023 23:28,0,166.63,85.2,0,0,19857,9/4/2023 12:27,9/4/2023,1200,1300
2517081,9/4/2023 13:02,0,114.25,58.41,0,0,167631,9/4/2023 16:12,9/4/2023,1600,1700
2516007,8/4/2023 22:40,0,30.49,15.59,7.25,3.71,118551,9/4/2023 13:00,9/4/2023,1300,1400
2516797,9/4/2023 11:31,0,204.05,104.33,0,0,22372,9/4/2023 18:00,9/4/2023,1800,1900
2516514,9/4/2023 10:03,0,144.8,74.04,0,0,78824,9/4/2023 13:55,9/4/2023,1300,1400
2516734,9/4/2023 11:10,0,158.75,81.17,0,0,56752,9/4/2023 14:57,9/4/2023,1400,1500
2516756,9/4/2023 11:17,0,65.02,33.24,0,0,92308,9/4/2023 14:15,9/4/2023,1400,1500
2515940,8/4/2023 21:52,0,107.12,54.77,0,0,106398,9/4/2023 09:26,9/4/2023,1000,1100
2518474,9/4/2023 23:10,0,62.82,32.12,0,0,94543,10/4/2023 11:01,10/4/2023,1100,1200
2518989,10/4/2023 10:32,0,84.26,43.08,0,0,52551,10/4/2023 13:19,10/4/2023,1300,1400
2520000,10/4/2023 15:42,0,216.58,110.73,0,0,25706,10/4/2023 18:24,10/4/2023,1800,1900
2520556,10/4/2023 19:08,0,119.91,61.31,0,0,110098,10/4/2023 22:15,10/4/2023,2200,2300
2518792,10/4/2023 09:27,0,100.75,51.51,0,0,27751,10/4/2023 12:11,10/4/2023,1200,1300
2519344,10/4/2023 12:24,0,47.28,24.17,0,0,90938,10/4/2023 15:35,10/4/2023,1500,1600
2520032,10/4/2023 15:52,0,71.71,36.66,0,0,117728,10/4/2023 18:00,10/4/2023,1800,1900
2511069,7/4/2023 09:22,0,151.64,77.53,0,0,162287,10/4/2023 09:46,10/4/2023,1000,1100
2519486,10/4/2023 13:06,0,221.07,113.03,0,0,57202,10/4/2023 17:39,10/4/2023,1700,1800
2519974,10/4/2023 15:33,0,198.75,101.62,0,0,9848,10/4/2023 18:14,10/4/2023,1800,1900
2520226,10/4/2023 16:47,0,100.88,51.58,0,0,55144,10/4/2023 19:58,10/4/2023,1900,2000
2520512,10/4/2023 18:49,0,38.17,19.52,0,0,94937,10/4/2023 20:47,10/4/2023,2100,2200
2519537,10/4/2023 13:22,0,55.1,28.17,0,0,36972,10/4/2023 16:42,10/4/2023,1600,1700
2518904,10/4/2023 10:05,0,115.44,59.03,0,0,134190,10/4/2023 13:57,10/4/2023,1300,1400
2518839,10/4/2023 09:44,0,364.1,186.17,0,0,68630,10/4/2023 14:19,10/4/2023,1400,1500
2520998,11/4/2023 00:04,0,208.2,106.46,0,0,101328,11/4/2023 09:29,11/4/2023,1000,1100
2519285,10/4/2023 12:09,0,206.11,105.38,0,0,106902,11/4/2023 08:42,11/4/2023,900,1000
2521459,11/4/2023 10:19,1,26.35,13.47,0,0,179272,11/4/2023 13:37,11/4/2023,1300,1400
2521574,11/4/2023 11:04,0,106.94,54.68,0,0,55358,11/4/2023 14:17,11/4/2023,1400,1500
2521240,11/4/2023 08:58,0,38.28,19.57,0,0,99075,11/4/2023 11:18,11/4/2023,1100,1200
2520617,10/4/2023 19:53,0,159.71,81.66,52.51,26.84,43204,11/4/2023 09:18,11/4/2023,900,1000
2520543,10/4/2023 19:03,0,87.01,44.48,0,0,146932,11/4/2023 08:05,11/4/2023,800,900
2520860,10/4/2023 22:24,0,224.11,114.59,0,0,50842,11/4/2023 09:44,11/4/2023,900,1000
2521797,11/4/2023 12:12,0,157.69,80.63,0,0,76587,11/4/2023 18:01,11/4/2023,1800,1900
2521285,11/4/2023 09:16,1,27.21,13.91,0,0,176520,11/4/2023 11:19,11/4/2023,1100,1200
2521908,11/4/2023 12:46,0,154.87,79.19,0,0,154824,11/4/2023 16:14,11/4/2023,1600,1700
2522346,11/4/2023 15:05,0,103.41,52.87,0,0,46696,11/4/2023 19:23,11/4/2023,1900,2000
2522985,11/4/2023 18:57,0,151.07,77.24,0,0,63150,11/4/2023 21:39,11/4/2023,2200,2300
2523018,11/4/2023 19:09,0,38.7,19.79,0,0,7832,12/4/2023 10:46,12/4/2023,1000,1100
2523689,12/4/2023 07:34,0,73.23,37.44,0,0,144353,12/4/2023 10:21,12/4/2023,1100,1200
2522817,11/4/2023 17:54,0,50.89,26.02,0,0,61904,12/4/2023 07:26,12/4/2023,800,900
2523250,11/4/2023 21:20,0,43.83,22.41,0,0,76398,12/4/2023 11:00,12/4/2023,1100,1200
2525387,12/4/2023 17:32,1,38.36,19.61,0,0,179450,12/4/2023 19:19,12/4/2023,2000,2100
2523072,11/4/2023 19:39,0,235.73,120.52,0,0,164054,12/4/2023 09:11,12/4/2023,1000,1100
2523790,12/4/2023 08:49,0,35.84,18.32,0,0,63844,12/4/2023 12:03,12/4/2023,1200,1300
2524119,12/4/2023 10:38,0,51.27,26.22,0,0,123907,12/4/2023 13:56,12/4/2023,1400,1500
2523368,11/4/2023 22:28,0,126.84,64.85,18.57,9.49,53480,12/4/2023 12:06,12/4/2023,1200,1300
2524293,12/4/2023 11:32,0,45.08,23.05,0,0,12938,12/4/2023 14:22,12/4/2023,1400,1500
2524038,12/4/2023 10:14,0,41.45,21.19,0,0,10783,12/4/2023 12:49,12/4/2023,1300,1400
2521586,11/4/2023 11:09,1,106.15,54.27,0,0,179281,12/4/2023 19:11,12/4/2023,1900,2000
2524483,12/4/2023 12:32,0,165.79,84.77,0,0,108547,12/4/2023 19:04,12/4/2023,1900,2000
2524884,12/4/2023 14:43,0,124.4,63.6,0,0,127923,12/4/2023 17:51,12/4/2023,1700,1800
2524977,12/4/2023 15:11,0,34.66,17.72,0,0,41822,12/4/2023 18:45,12/4/2023,1800,1900
2523291,11/4/2023 21:53,1,74.51,38.09,0,0,179368,12/4/2023 09:15,12/4/2023,900,1000
2523760,12/4/2023 08:28,1,43,21.98,0,0,179387,12/4/2023 15:01,12/4/2023,1500,1600
2525445,12/4/2023 18:01,0,117.68,60.17,0,0,43560,12/4/2023 21:38,12/4/2023,2100,2200
2523988,12/4/2023 10:03,0,283.86,145.14,0,0,89473,13/4/2023 11:04,13/4/2023,1100,1200
2527142,13/4/2023 12:18,0,33.96,17.37,0,0,18482,13/4/2023 14:02,13/4/2023,1400,1500
2527360,13/4/2023 13:22,0,38.47,19.67,0,0,50984,13/4/2023 15:20,13/4/2023,1600,1700
2526823,13/4/2023 10:45,0,110.59,56.54,0,0,147140,13/4/2023 13:20,13/4/2023,1300,1400
2527092,13/4/2023 12:03,0,138.48,70.8,0,0,97351,13/4/2023 19:13,13/4/2023,1900,2000
2527356,13/4/2023 13:22,0,141.79,72.49,0,0,23184,13/4/2023 19:38,13/4/2023,2000,2100
2526555,13/4/2023 09:23,0,83.96,42.92,0,0,34325,13/4/2023 14:19,13/4/2023,1500,1600
2527062,13/4/2023 11:56,0,82.05,41.95,0,0,79460,13/4/2023 18:27,13/4/2023,1800,1900
2527444,13/4/2023 13:47,0,89.93,45.98,5.64,2.88,143189,13/4/2023 19:39,13/4/2023,1900,2000
2525659,12/4/2023 19:23,0,97.44,49.82,0,0,172312,13/4/2023 14:10,13/4/2023,1400,1500
2526701,13/4/2023 10:09,0,130.98,66.97,0,0,142388,13/4/2023 13:15,13/4/2023,1300,1400
2526321,13/4/2023 07:19,0,54.43,27.83,0,0,68816,13/4/2023 11:15,13/4/2023,1100,1200
2527476,13/4/2023 13:56,0,95.09,48.62,0,0,37626,13/4/2023 16:17,13/4/2023,1600,1700
2530712,14/4/2023 16:02,0,49.28,25.2,0,0,132768,14/4/2023 18:51,14/4/2023,1900,2000
2530778,14/4/2023 16:21,0,82.31,42.09,0,0,145098,14/4/2023 18:41,14/4/2023,1900,2000
2530839,14/4/2023 16:41,0,104.75,53.56,0,0,81132,14/4/2023 19:22,14/4/2023,2000,2100
2521115,11/4/2023 07:12,0,171.84,87.86,0,0,84686,14/4/2023 09:00,14/4/2023,900,1000
2528707,13/4/2023 22:26,0,132.32,67.66,0,0,73548,14/4/2023 10:06,14/4/2023,1000,1100
2527567,13/4/2023 14:26,0,431.44,220.6,0,0,73281,14/4/2023 08:17,14/4/2023,800,900
2528889,14/4/2023 00:48,0,52.91,27.05,0,0,7755,14/4/2023 10:03,14/4/2023,1000,1100
2529108,14/4/2023 08:41,0,120.24,61.48,0,0,7615,14/4/2023 12:17,14/4/2023,1200,1300
2531073,14/4/2023 17:55,0,152.55,78,0,0,54920,14/4/2023 20:27,14/4/2023,2100,2200
2529770,14/4/2023 12:10,0,131.92,67.45,22.13,11.31,46202,14/4/2023 15:58,14/4/2023,1500,1600
2527674,13/4/2023 15:06,0,274.2,140.2,0,0,71794,14/4/2023 12:23,14/4/2023,1200,1300
2529827,14/4/2023 12:28,0,101.92,52.11,0,0,101757,14/4/2023 15:16,14/4/2023,1500,1600
2531061,14/4/2023 17:51,0,131.86,67.42,6.86,3.51,53493,14/4/2023 21:35,14/4/2023,2100,2200
2530231,14/4/2023 14:11,1,55.94,28.6,22.82,11.67,179625,14/4/2023 17:05,14/4/2023,1700,1800
2529381,14/4/2023 10:23,1,75.57,38.64,0,0,179597,14/4/2023 12:17,14/4/2023,1300,1400
2531918,15/4/2023 08:32,0,157.29,80.42,0,0,149789,15/4/2023 12:04,15/4/2023,1200,1300
2532366,15/4/2023 11:50,0,100.63,51.45,0,0,56922,15/4/2023 14:00,15/4/2023,1400,1500
2531283,14/4/2023 19:15,0,83,42.44,0,0,108751,15/4/2023 09:37,15/4/2023,900,1000
2532422,15/4/2023 12:12,0,28.7,14.68,0,0,24186,15/4/2023 16:05,15/4/2023,1600,1700
2532072,15/4/2023 09:56,0,80.25,41.03,0,0,101716,15/4/2023 13:00,15/4/2023,1200,1300
2531676,14/4/2023 23:10,0,116.1,59.36,0,0,124908,15/4/2023 10:07,15/4/2023,1100,1200
2531395,14/4/2023 20:07,0,61.58,31.48,0,0,94235,15/4/2023 10:29,15/4/2023,1100,1200
2531730,15/4/2023 00:07,0,56.58,28.93,0,0,33327,15/4/2023 12:37,15/4/2023,1200,1300
2533171,15/4/2023 17:53,0,42.47,21.72,0,0,68878,15/4/2023 21:04,15/4/2023,2100,2200
2532394,15/4/2023 12:01,0,88.44,45.22,0,0,58888,15/4/2023 14:39,15/4/2023,1400,1500
2530576,14/4/2023 15:31,0,88.07,45.03,0,0,60040,15/4/2023 10:09,15/4/2023,1000,1100
2532347,15/4/2023 11:44,0,104.78,53.57,25.89,13.24,111222,15/4/2023 20:27,15/4/2023,2000,2100
2529500,14/4/2023 10:55,0,154,78.74,0,0,175659,15/4/2023 20:12,15/4/2023,2000,2100
2531441,14/4/2023 20:29,0,32.44,16.59,0,0,16732,15/4/2023 09:36,15/4/2023,1000,1100
2531802,15/4/2023 01:55,0,208.17,106.44,0,0,65562,15/4/2023 16:12,15/4/2023,1600,1700
2535010,17/4/2023 12:00,0,73.87,37.77,0,0,145741,17/4/2023 16:54,17/4/2023,1700,1800
2534180,17/4/2023 02:40,0,29.14,14.9,0,0,78739,17/4/2023 12:04,17/4/2023,1200,1300
2534525,17/4/2023 10:02,0,54.21,27.71,0,0,64766,17/4/2023 13:55,17/4/2023,1400,1500
2533971,16/4/2023 22:14,0,142.07,72.64,37.04,18.94,108751,17/4/2023 12:12,17/4/2023,1200,1300
2535601,17/4/2023 14:13,0,146.75,75.03,0,0,14728,17/4/2023 19:26,17/4/2023,1900,2000
2535793,17/4/2023 15:04,0,102.29,52.3,6.76,3.46,104252,17/4/2023 20:28,17/4/2023,2000,2100
2531435,14/4/2023 20:23,0,23.56,12.05,0,0,160274,17/4/2023 08:49,17/4/2023,900,1000
2535284,17/4/2023 13:03,0,49.42,25.27,0,0,29729,17/4/2023 17:16,17/4/2023,1700,1800
2535519,17/4/2023 13:52,0,111.68,57.1,0,0,179177,17/4/2023 19:24,17/4/2023,1900,2000
2533768,16/4/2023 19:21,0,263.86,134.91,0,0,130763,17/4/2023 17:24,17/4/2023,1700,1800
2533892,16/4/2023 21:07,1,58.31,29.82,0,0,179800,17/4/2023 08:33,17/4/2023,900,1000
2536950,18/4/2023 01:31,0,207.83,106.26,41.63,21.28,11302,18/4/2023 16:52,18/4/2023,1600,1700
2538087,18/4/2023 13:02,0,106.96,54.68,0,0,31337,18/4/2023 19:06,18/4/2023,1900,2000
2538127,18/4/2023 13:12,0,76.03,38.88,0,0,111960,18/4/2023 17:19,18/4/2023,1700,1800
2537495,18/4/2023 10:32,0,71.57,36.6,0,0,126791,18/4/2023 12:53,18/4/2023,1300,1400
2537389,18/4/2023 10:08,0,161.42,82.53,0,0,169518,18/4/2023 13:00,18/4/2023,1300,1400
2537774,18/4/2023 11:41,0,107.62,55.03,0,0,82299,18/4/2023 18:27,18/4/2023,1800,1900
2538818,18/4/2023 16:21,0,224.93,115,30.67,15.68,45472,18/4/2023 20:52,18/4/2023,2000,2100
2536043,17/4/2023 16:18,0,44.91,22.96,0,0,144353,18/4/2023 09:54,18/4/2023,900,1000
2537741,18/4/2023 11:35,0,142.87,73.04,0,0,27698,19/4/2023 09:47,19/4/2023,900,1000
2540109,19/4/2023 10:12,0,132.16,67.57,0,0,70892,19/4/2023 12:17,19/4/2023,1300,1400
2539311,18/4/2023 19:48,0,171.68,87.78,0,0,46306,19/4/2023 09:18,19/4/2023,900,1000
2539666,18/4/2023 23:58,0,326.46,166.92,0,0,12752,19/4/2023 14:20,19/4/2023,1400,1500
2540438,19/4/2023 11:51,0,201.26,102.9,0,0,107660,19/4/2023 14:44,19/4/2023,1400,1500
2540055,19/4/2023 09:51,0,46.02,23.52,0,0,9312,19/4/2023 12:41,19/4/2023,1200,1300
2539894,19/4/2023 08:41,0,80.84,41.33,0,0,39227,19/4/2023 11:39,19/4/2023,1100,1200
2541240,19/4/2023 16:10,0,107.9,55.17,0,0,160912,19/4/2023 18:34,19/4/2023,1900,2000
2541089,19/4/2023 15:20,0,140.39,71.78,0,0,104639,19/4/2023 17:03,19/4/2023,1700,1800
2540593,19/4/2023 12:34,0,161.98,82.82,0,0,71745,19/4/2023 15:02,19/4/2023,1500,1600
2540445,19/4/2023 11:54,0,125.04,63.93,10.15,5.19,44171,19/4/2023 14:19,19/4/2023,1400,1500
2540365,19/4/2023 11:31,0,67.21,34.36,0,0,38686,19/4/2023 14:00,19/4/2023,1400,1500
2536806,17/4/2023 23:04,0,51.08,26.12,0,0,156884,19/4/2023 17:11,19/4/2023,1700,1800
2541196,19/4/2023 15:51,0,63.19,32.31,0,0,151906,19/4/2023 19:58,19/4/2023,1900,2000
2543452,20/4/2023 13:53,0,146.34,74.82,0,0,24197,20/4/2023 19:37,20/4/2023,1900,2000
2544129,20/4/2023 17:34,0,107.72,55.08,0,0,104816,20/4/2023 20:46,20/4/2023,2000,2100
2541732,19/4/2023 19:11,0,221.83,113.42,47.67,24.37,44807,20/4/2023 12:01,20/4/2023,1200,1300
2542088,19/4/2023 23:14,0,113.47,58.02,25.73,13.15,60605,20/4/2023 13:10,20/4/2023,1300,1400
2543197,20/4/2023 12:40,0,54.79,28.01,0,0,128964,20/4/2023 15:12,20/4/2023,1600,1700
2543889,20/4/2023 16:01,0,123.28,63.03,0,0,24369,20/4/2023 19:59,20/4/2023,1900,2000
2542069,19/4/2023 22:58,0,136.93,70.01,0,0,101328,20/4/2023 10:43,20/4/2023,1000,1100
2543621,20/4/2023 14:44,0,109.06,55.76,0,0,70176,20/4/2023 19:01,20/4/2023,1900,2000
2543730,20/4/2023 15:16,0,35.52,18.16,0,0,58365,20/4/2023 18:32,20/4/2023,1800,1900
2543950,20/4/2023 16:23,0,102.98,52.66,29.31,14.99,41412,20/4/2023 19:19,20/4/2023,1900,2000
2542554,20/4/2023 09:29,0,200.43,102.48,0,0,58576,20/4/2023 11:51,20/4/2023,1200,1300
2543263,20/4/2023 12:57,0,100.45,51.36,0,0,149290,20/4/2023 15:15,20/4/2023,1500,1600
2543987,20/4/2023 16:41,0,106.91,54.66,0,0,137166,20/4/2023 20:40,20/4/2023,2000,2100
2542336,20/4/2023 07:47,0,82.38,42.12,0,0,72259,20/4/2023 11:38,20/4/2023,1200,1300
2542215,20/4/2023 01:41,0,57.32,29.3,0,0,165626,20/4/2023 18:39,20/4/2023,1800,1900
2544686,20/4/2023 23:30,0,123.49,63.14,0,0,58881,21/4/2023 13:14,21/4/2023,1300,1400
2545876,21/4/2023 14:09,0,207.46,106.07,0,0,70648,21/4/2023 16:09,21/4/2023,1600,1700
2545973,21/4/2023 14:40,0,134.89,68.97,0,0,9090,21/4/2023 20:02,21/4/2023,2000,2100
2545010,21/4/2023 09:15,0,51.82,26.49,0,0,176400,21/4/2023 11:05,21/4/2023,1100,1200
2546199,21/4/2023 15:48,0,104.42,53.39,0,0,111687,21/4/2023 21:01,21/4/2023,2100,2200
2546449,21/4/2023 17:03,0,49.85,25.48,0,0,127860,21/4/2023 19:49,21/4/2023,2000,2100
2546034,21/4/2023 14:55,0,69.41,35.49,0,0,80437,21/4/2023 17:28,21/4/2023,1700,1800
2545661,21/4/2023 12:59,0,41.3,21.11,0,0,83974,21/4/2023 17:09,21/4/2023,1700,1800
2545786,21/4/2023 13:45,0,128.66,65.79,0,0,22767,21/4/2023 15:59,21/4/2023,1600,1700
2545687,21/4/2023 13:11,0,383.5,196.09,0,0,155942,21/4/2023 20:38,21/4/2023,2000,2100
2545347,21/4/2023 11:08,1,49.81,25.46,0,0,180226,21/4/2023 13:07,21/4/2023,1300,1400
2544509,20/4/2023 21:32,0,81.26,41.54,0,0,44660,21/4/2023 08:57,21/4/2023,900,1000
2544608,20/4/2023 22:32,0,56.33,28.8,0,0,43668,21/4/2023 10:44,21/4/2023,1000,1100
2546464,21/4/2023 17:11,0,146.98,75.15,27.29,13.95,7755,21/4/2023 20:28,21/4/2023,2000,2100
2544885,21/4/2023 07:51,0,288.86,147.69,0,0,106939,21/4/2023 15:21,21/4/2023,1500,1600
2548441,22/4/2023 15:02,0,166.45,85.11,0,0,9840,22/4/2023 17:26,22/4/2023,1700,1800
2547718,22/4/2023 11:06,0,51.83,26.5,0,0,138847,22/4/2023 13:22,22/4/2023,1300,1400
2547807,22/4/2023 11:37,0,306.47,156.7,0,0,55988,22/4/2023 20:36,22/4/2023,2000,2100
2548613,22/4/2023 15:57,0,146.14,74.72,0,0,31902,22/4/2023 18:49,22/4/2023,1900,2000
2547010,21/4/2023 21:52,0,55.56,28.4,0,0,54087,22/4/2023 09:36,22/4/2023,900,1000
2547553,22/4/2023 10:07,0,83.3,42.59,3.49,1.78,100912,22/4/2023 16:06,22/4/2023,1600,1700
2548563,22/4/2023 15:40,1,113.16,57.85,0,0,180327,22/4/2023 21:02,22/4/2023,2100,2200
2549022,22/4/2023 18:34,0,179.6,91.83,0,0,30534,22/4/2023 21:38,22/4/2023,2100,2200
2548685,22/4/2023 16:20,0,167.56,85.67,23.48,12.01,44520,22/4/2023 19:24,22/4/2023,1900,2000
2548763,22/4/2023 16:53,0,57.23,29.26,0,0,90118,22/4/2023 18:54,22/4/2023,1900,2000
2546916,21/4/2023 20:54,0,160.83,82.23,72.62,37.13,88403,22/4/2023 10:15,22/4/2023,1000,1100
2547545,22/4/2023 10:03,0,76.73,39.23,0,0,35814,22/4/2023 13:46,22/4/2023,1300,1400
2540658,19/4/2023 12:56,0,192.58,98.47,0,0,152360,22/4/2023 11:24,22/4/2023,1100,1200
2549657,23/4/2023 04:55,0,105.84,54.12,0,0,110814,23/4/2023 13:05,23/4/2023,1300,1400
2550230,23/4/2023 11:19,0,192.59,98.47,0,0,39949,23/4/2023 17:05,23/4/2023,1700,1800
2550730,23/4/2023 13:47,0,138.02,70.57,0,0,103198,23/4/2023 16:01,23/4/2023,1600,1700
2551530,23/4/2023 17:53,0,73.04,37.34,0,0,40640,23/4/2023 21:17,23/4/2023,2100,2200
2551535,23/4/2023 17:55,0,71.97,36.8,0,0,97033,23/4/2023 20:59,23/4/2023,2100,2200
2550343,23/4/2023 11:50,0,124.17,63.49,0,0,144579,23/4/2023 21:04,23/4/2023,2100,2200
2550802,23/4/2023 14:07,0,280.33,143.34,0,0,91508,23/4/2023 20:32,23/4/2023,2100,2200
2550488,23/4/2023 12:33,0,98.13,50.17,0,0,142971,23/4/2023 15:10,23/4/2023,1500,1600
2550740,23/4/2023 13:51,0,134.8,68.92,0,0,49573,23/4/2023 16:43,23/4/2023,1600,1700
2551164,23/4/2023 16:01,0,165.5,84.62,0,0,11334,23/4/2023 18:56,23/4/2023,1900,2000
2551327,23/4/2023 16:42,0,80.14,40.98,32.77,16.76,60078,23/4/2023 20:36,23/4/2023,2000,2100
2550069,23/4/2023 10:33,0,118.81,60.75,0,0,88521,23/4/2023 13:39,23/4/2023,1300,1400
2550933,23/4/2023 14:55,0,190.32,97.31,47.7,24.39,85218,23/4/2023 18:13,23/4/2023,1800,1900
2549636,23/4/2023 02:56,0,110.59,56.55,0,0,22437,23/4/2023 12:13,23/4/2023,1200,1300
2549645,23/4/2023 03:59,0,127.67,65.28,0,0,23648,23/4/2023 13:35,23/4/2023,1400,1500
2549967,23/4/2023 09:59,0,130.27,66.6,0,0,173134,23/4/2023 13:13,23/4/2023,1300,1400
2551912,23/4/2023 21:04,0,132.83,67.92,0,0,137062,24/4/2023 08:52,24/4/2023,900,1000
2552390,24/4/2023 08:35,0,143.05,73.14,0,0,38146,24/4/2023 10:51,24/4/2023,1100,1200
2552895,24/4/2023 11:35,0,44.72,22.87,0,0,60406,24/4/2023 14:08,24/4/2023,1400,1500
2553157,24/4/2023 12:52,0,109.13,55.8,0,0,136276,24/4/2023 15:47,24/4/2023,1500,1600
2552995,24/4/2023 12:03,0,183.59,93.87,0,0,28678,24/4/2023 15:23,24/4/2023,1500,1600
2551887,23/4/2023 20:49,0,99.1,50.67,0,0,64658,24/4/2023 09:36,24/4/2023,900,1000
2553175,24/4/2023 12:57,0,63.31,32.37,0,0,169532,24/4/2023 15:22,24/4/2023,1500,1600
2546451,21/4/2023 17:05,1,58.78,30.05,0,0,180258,24/4/2023 09:56,24/4/2023,900,1000
2552032,23/4/2023 22:19,0,145.19,74.24,0,0,52833,24/4/2023 10:50,24/4/2023,1000,1100
2552123,23/4/2023 23:24,0,143.65,73.45,0,0,45135,24/4/2023 10:52,24/4/2023,1000,1100
2546136,21/4/2023 15:32,0,85.82,43.88,0,0,174696,24/4/2023 09:38,24/4/2023,1000,1100
2552568,24/4/2023 09:52,0,76.15,38.93,0,0,48569,24/4/2023 18:21,24/4/2023,1800,1900
2554111,24/4/2023 18:14,0,117.93,60.29,0,0,175332,24/4/2023 21:59,24/4/2023,2100,2200
2551539,23/4/2023 17:57,0,49.61,25.37,0,0,45686,24/4/2023 10:07,24/4/2023,1000,1100
2553133,24/4/2023 12:45,0,72.03,36.82,0,0,132156,24/4/2023 16:14,24/4/2023,1600,1700
2555017,25/4/2023 09:30,0,134.5,68.77,0,0,8716,25/4/2023 12:16,25/4/2023,1200,1300
2555282,25/4/2023 10:44,0,30.46,15.57,0,0,25586,25/4/2023 12:46,25/4/2023,1300,1400
2556503,25/4/2023 16:52,0,140.47,71.82,0,0,111457,25/4/2023 20:28,25/4/2023,2000,2100
2556602,25/4/2023 17:36,0,122.84,62.81,0,0,164335,25/4/2023 20:00,25/4/2023,2100,2200
2554262,24/4/2023 19:30,0,137.36,70.23,0,0,31350,25/4/2023 09:03,25/4/2023,900,1000
2554915,25/4/2023 08:49,0,114.32,58.45,0,0,162454,25/4/2023 12:35,25/4/2023,1200,1300
2556656,25/4/2023 17:58,0,68.17,34.86,30.38,15.53,29887,25/4/2023 21:22,25/4/2023,2100,2200
2554812,25/4/2023 07:58,0,78.1,39.93,0,0,41255,25/4/2023 16:43,25/4/2023,1600,1700
2555028,25/4/2023 09:34,0,31.93,16.33,0,0,163037,25/4/2023 16:14,25/4/2023,1600,1700
2555556,25/4/2023 12:12,0,100.9,51.59,0,0,59342,25/4/2023 15:03,25/4/2023,1500,1600
2555909,25/4/2023 14:04,0,75.55,38.63,0,0,23412,25/4/2023 18:28,25/4/2023,1800,1900
2556450,25/4/2023 16:35,0,56.85,29.07,0,0,176454,25/4/2023 20:32,25/4/2023,2000,2100
2554617,24/4/2023 23:23,0,157.67,80.61,0,0,7939,25/4/2023 10:00,25/4/2023,1000,1100
2555915,25/4/2023 14:05,0,78.77,40.27,0,0,49894,25/4/2023 17:33,25/4/2023,1700,1800
2554665,25/4/2023 00:05,0,60.29,30.82,0,0,32116,25/4/2023 10:18,25/4/2023,1000,1100
2556483,25/4/2023 16:47,0,147.69,75.52,0,0,142991,25/4/2023 20:22,25/4/2023,2000,2100
2554264,24/4/2023 19:31,0,165.41,84.57,0,0,170955,25/4/2023 08:50,25/4/2023,900,1000
2556034,25/4/2023 14:41,0,103.19,52.77,0,0,83145,25/4/2023 17:32,25/4/2023,1700,1800
2556641,25/4/2023 17:51,0,110.57,56.53,0,0,17709,25/4/2023 20:51,25/4/2023,2000,2100
2552997,24/4/2023 12:04,0,42.64,21.8,0,0,161150,25/4/2023 09:36,25/4/2023,1000,1100
2554710,25/4/2023 01:10,0,281.74,144.05,0,0,46879,25/4/2023 17:18,25/4/2023,1700,1800
2558492,26/4/2023 15:00,0,103.37,52.86,0,0,110836,26/4/2023 16:56,26/4/2023,1700,1800
2556917,25/4/2023 20:30,0,116.73,59.68,0,0,88925,26/4/2023 09:43,26/4/2023,900,1000
2556385,25/4/2023 16:21,0,189.67,96.98,0,0,28923,26/4/2023 11:29,26/4/2023,1200,1300
2556225,25/4/2023 15:47,0,123.23,63.01,0,0,96012,26/4/2023 10:12,26/4/2023,1000,1100
2557501,26/4/2023 09:12,0,61.89,31.64,0,0,36950,26/4/2023 14:40,26/4/2023,1500,1600
2558674,26/4/2023 16:01,0,79.46,40.63,4.75,2.43,50154,26/4/2023 19:06,26/4/2023,1900,2000
2556616,25/4/2023 17:43,0,140.76,71.96,0,0,54249,26/4/2023 09:45,26/4/2023,1000,1100
2558272,26/4/2023 13:44,0,128.3,65.6,0,0,170468,26/4/2023 19:28,26/4/2023,1900,2000
2558926,26/4/2023 17:45,0,150.44,76.92,0,0,8127,26/4/2023 20:27,26/4/2023,2000,2100
2557204,25/4/2023 23:19,0,40.97,20.95,0,0,171650,26/4/2023 10:24,26/4/2023,1000,1100
2557178,25/4/2023 23:04,0,54.66,27.95,0,0,72764,26/4/2023 10:19,26/4/2023,1000,1100
2556915,25/4/2023 20:30,0,59.31,30.32,0,0,147499,26/4/2023 20:12,26/4/2023,2000,2100
2558718,26/4/2023 16:19,0,223.89,114.48,0,0,41643,26/4/2023 19:30,26/4/2023,1900,2000
2557622,26/4/2023 10:03,0,111.35,56.93,53.23,27.21,152190,26/4/2023 12:02,26/4/2023,1200,1300
2557692,26/4/2023 10:22,0,114.65,58.62,0,0,156583,26/4/2023 13:17,26/4/2023,1300,1400
2558135,26/4/2023 12:53,0,231.72,118.47,0,0,47139,26/4/2023 14:40,26/4/2023,1500,1600
2490134,30/3/2023 13:36,0,33.69,17.22,0,0,106076,30/3/2023 19:49,30/3/2023,1900,2000
2523199,11/4/2023 20:45,0,178.91,91.48,0,0,124681,12/4/2023 19:25,12/4/2023,1900,2000
2529544,14/4/2023 11:05,0,208.29,106.5,0,0,99106,14/4/2023 18:13,14/4/2023,1900,2000
2540955,19/4/2023 14:33,0,110.33,56.41,0,0,69307,19/4/2023 18:22,19/4/2023,1800,1900
2541323,19/4/2023 16:38,0,200.37,102.45,0,0,178262,19/4/2023 20:21,19/4/2023,2000,2100
2547750,22/4/2023 11:18,1,89.36,45.69,0,0,180298,22/4/2023 19:46,22/4/2023,1900,2000
2553132,24/4/2023 12:45,0,116.95,59.8,0,0,51202,24/4/2023 22:04,24/4/2023,2200,2300
2559603,27/4/2023 04:37,0,66,33.74,28.97,14.81,164903,27/4/2023 14:00,27/4/2023,1400,1500
2560961,27/4/2023 15:30,0,119.31,61,0,0,65235,27/4/2023 16:52,27/4/2023,1700,1800
2560994,27/4/2023 15:41,0,89.32,45.66,0,0,39482,27/4/2023 18:25,27/4/2023,1800,1900
2561407,27/4/2023 18:25,0,124.64,63.72,0,0,86539,27/4/2023 21:23,27/4/2023,2100,2200
2560801,27/4/2023 14:24,0,108.6,55.53,0,0,110548,27/4/2023 17:20,27/4/2023,1700,1800
2561219,27/4/2023 17:04,0,34.54,17.66,0,0,104063,27/4/2023 20:24,27/4/2023,2000,2100
2559676,27/4/2023 07:36,0,55.62,28.44,0,0,102029,27/4/2023 10:27,27/4/2023,1000,1100
2556891,25/4/2023 20:13,0,214.5,109.68,58.64,29.98,40639,27/4/2023 19:08,27/4/2023,1900,2000
2560880,27/4/2023 14:57,0,90.14,46.09,0,0,57370,27/4/2023 17:41,27/4/2023,1700,1800
2559459,26/4/2023 23:13,0,88.82,45.41,0,0,99401,27/4/2023 09:42,27/4/2023,1000,1100
2561446,27/4/2023 18:47,0,139.87,71.52,0,0,70037,27/4/2023 21:48,27/4/2023,2100,2200
2559857,27/4/2023 09:21,0,51.07,26.11,0,0,80502,27/4/2023 12:07,27/4/2023,1200,1300
2559438,26/4/2023 22:51,0,74.31,37.99,0,0,42104,27/4/2023 11:15,27/4/2023,1100,1200
2559691,27/4/2023 07:55,0,83.96,42.93,0,0,29327,27/4/2023 11:23,27/4/2023,1100,1200
2561379,27/4/2023 18:11,0,202.05,103.3,0,0,78743,27/4/2023 21:43,27/4/2023,2100,2200
2558131,26/4/2023 12:50,0,164.28,83.99,0,0,80307,27/4/2023 10:16,27/4/2023,1000,1100
2559873,27/4/2023 09:27,0,89.3,45.66,0,0,176053,27/4/2023 14:41,27/4/2023,1400,1500
2563101,28/4/2023 14:27,0,108.18,55.31,0,0,31842,28/4/2023 19:03,28/4/2023,1900,2000
2560133,27/4/2023 10:48,0,53.88,27.55,0,0,125434,28/4/2023 08:46,28/4/2023,800,900
2562537,28/4/2023 10:55,0,100.5,51.39,0,0,78114,28/4/2023 15:14,28/4/2023,1500,1600
2562438,28/4/2023 10:19,0,86.83,44.39,0,0,50893,28/4/2023 20:01,28/4/2023,2000,2100
2559727,27/4/2023 08:21,0,49.36,25.24,0,0,168086,28/4/2023 10:45,28/4/2023,1100,1200
2561875,27/4/2023 23:11,0,57.45,29.37,0,0,66093,28/4/2023 11:08,28/4/2023,1100,1200
2562062,28/4/2023 07:36,0,35.16,17.98,7.06,3.61,23800,28/4/2023 10:24,28/4/2023,1000,1100
2563431,28/4/2023 16:24,0,91.15,46.61,0,0,45756,28/4/2023 19:23,28/4/2023,1900,2000
2563386,28/4/2023 16:06,0,106.87,54.64,0,0,175211,28/4/2023 19:07,28/4/2023,1900,2000
2562814,28/4/2023 12:39,0,440.64,225.29,0,0,121811,28/4/2023 14:26,28/4/2023,1400,1500
2565255,29/4/2023 13:26,0,153.57,78.51,0,0,56645,29/4/2023 16:09,29/4/2023,1600,1700
2565834,29/4/2023 16:29,0,133.83,68.42,10.62,5.42,55342,29/4/2023 19:14,29/4/2023,1900,2000
2564470,29/4/2023 08:43,0,44.82,22.91,0,0,146341,29/4/2023 11:41,29/4/2023,1100,1200
2564663,29/4/2023 10:04,0,119.6,61.15,0,0,34208,29/4/2023 14:16,29/4/2023,1400,1500
2565306,29/4/2023 13:43,0,55.72,28.49,0,0,126796,29/4/2023 15:48,29/4/2023,1600,1700
2564332,29/4/2023 02:18,0,665.34,340.19,0,0,59103,29/4/2023 11:18,29/4/2023,1100,1200
2565508,29/4/2023 14:44,0,64.31,32.88,0,0,171321,29/4/2023 16:56,29/4/2023,1700,1800
2565773,29/4/2023 16:08,0,117.39,60.03,0,0,7638,29/4/2023 19:27,29/4/2023,1900,2000
2564311,29/4/2023 01:23,0,133.82,68.42,9.88,5.05,33985,29/4/2023 10:01,29/4/2023,1000,1100
2564357,29/4/2023 06:04,0,54.69,27.96,0,0,149024,29/4/2023 10:57,29/4/2023,1000,1100
2565211,29/4/2023 13:09,0,108.79,55.63,0,0,170787,29/4/2023 16:06,29/4/2023,1600,1700
2564998,29/4/2023 12:07,0,153.1,78.28,0,0,69473,29/4/2023 20:56,29/4/2023,2000,2100
2566348,29/4/2023 20:35,0,97.83,50.02,0,0,127803,30/4/2023 10:29,30/4/2023,1000,1100
2566437,29/4/2023 21:30,0,75.92,38.82,0,0,147210,30/4/2023 10:34,30/4/2023,1000,1100
2566655,30/4/2023 00:43,0,115.9,59.26,47.78,24.43,94572,30/4/2023 10:15,30/4/2023,1000,1100
2567051,30/4/2023 10:28,0,117.28,59.96,0,0,49845,30/4/2023 13:08,30/4/2023,1300,1400
2567407,30/4/2023 12:15,0,128.58,65.74,0,0,22377,30/4/2023 15:50,30/4/2023,1600,1700
2566355,29/4/2023 20:40,0,214.51,109.68,17.54,8.97,61281,30/4/2023 08:05,30/4/2023,800,900
2566710,30/4/2023 02:55,0,82.88,42.37,0,0,82090,30/4/2023 10:09,30/4/2023,1000,1100
2566696,30/4/2023 02:27,0,77.6,39.68,0,0,10315,30/4/2023 15:02,30/4/2023,1500,1600
2567289,30/4/2023 11:40,0,151.65,77.53,0,0,9399,30/4/2023 17:32,30/4/2023,1800,1900
2567625,30/4/2023 13:17,0,82.86,42.37,6.64,3.39,119572,30/4/2023 16:13,30/4/2023,1600,1700
2567381,30/4/2023 12:08,0,371.3,189.84,0,0,58415,1/5/2023 12:01,1/5/2023,1200,1300
2570340,1/5/2023 14:46,0,67.47,34.5,0,0,36544,1/5/2023 17:07,1/5/2023,1700,1800
2568701,30/4/2023 19:52,0,176.8,90.39,26.81,13.71,118081,1/5/2023 09:34,1/5/2023,900,1000
2569328,1/5/2023 08:56,0,186.47,95.34,0,0,168795,1/5/2023 11:48,1/5/2023,1100,1200
2570756,1/5/2023 16:56,0,60.52,30.94,0,0,27604,1/5/2023 19:32,1/5/2023,1900,2000
2568804,30/4/2023 20:57,0,57.37,29.34,0,0,156032,1/5/2023 14:33,1/5/2023,1400,1500
2570912,1/5/2023 17:44,0,50.59,25.87,9.32,4.77,45462,1/5/2023 20:04,1/5/2023,2000,2100
2569692,1/5/2023 11:05,0,137.08,70.09,0,0,78057,1/5/2023 13:01,1/5/2023,1300,1400
2569725,1/5/2023 11:14,0,122.29,62.53,0,0,132462,1/5/2023 14:22,1/5/2023,1400,1500
2569791,1/5/2023 11:31,0,152.71,78.07,0,0,170890,1/5/2023 18:24,1/5/2023,1800,1900
2570191,1/5/2023 13:54,0,112.11,57.31,0,0,46678,1/5/2023 18:36,1/5/2023,1800,1900
2569934,1/5/2023 12:19,0,139.87,71.51,0,0,51632,1/5/2023 15:38,1/5/2023,1500,1600
2571543,2/5/2023 00:17,0,31.04,15.87,0,0,37739,2/5/2023 10:41,2/5/2023,1000,1100
2571940,2/5/2023 09:59,0,31.78,16.25,0,0,77236,2/5/2023 22:08,2/5/2023,2200,2300
2571833,2/5/2023 09:20,0,58.71,30.02,0,0,33327,2/5/2023 12:34,2/5/2023,1200,1300
2571629,2/5/2023 07:06,0,75.49,38.6,0,0,67302,2/5/2023 14:23,2/5/2023,1400,1500
2571034,1/5/2023 18:28,0,103.19,52.76,0,0,90139,2/5/2023 09:38,2/5/2023,900,1000
2571361,1/5/2023 21:41,0,35.86,18.33,0,0,43857,2/5/2023 09:00,2/5/2023,900,1000
2571680,2/5/2023 08:04,0,104.84,53.6,0,0,180758,2/5/2023 11:32,2/5/2023,1100,1200
2571328,1/5/2023 21:16,0,124.27,63.54,0,0,170253,2/5/2023 19:21,2/5/2023,1900,2000
2571736,2/5/2023 08:41,0,37.34,19.09,0,0,22506,2/5/2023 11:32,2/5/2023,1100,1200
2571410,1/5/2023 22:10,0,112.25,57.4,0,0,60489,2/5/2023 14:27,2/5/2023,1400,1500
2572101,2/5/2023 10:53,0,41.6,21.27,0,0,172949,2/5/2023 14:40,2/5/2023,1400,1500
2574494,3/5/2023 10:34,0,37.33,19.09,0,0,116221,3/5/2023 13:29,3/5/2023,1300,1400
2574590,3/5/2023 11:01,0,106.07,54.23,0,0,132034,3/5/2023 14:48,3/5/2023,1400,1500
2575495,3/5/2023 15:54,0,232.57,118.91,0,0,21640,3/5/2023 22:00,3/5/2023,2200,2300
2573607,2/5/2023 20:19,0,258.2,132.01,0,0,9206,3/5/2023 14:28,3/5/2023,1400,1500
2574298,3/5/2023 09:40,0,103.57,52.95,0,0,137351,3/5/2023 12:27,3/5/2023,1200,1300
2576064,3/5/2023 19:07,0,81.91,41.88,0,0,42397,3/5/2023 22:35,3/5/2023,2200,2300
2574397,3/5/2023 10:07,0,117.46,60.06,0,0,63138,3/5/2023 13:17,3/5/2023,1300,1400
2574457,3/5/2023 10:25,0,179.9,91.99,0,0,8827,3/5/2023 14:15,3/5/2023,1500,1600
2574316,3/5/2023 09:45,0,191.09,97.7,0,0,90938,3/5/2023 14:19,3/5/2023,1400,1500
2574943,3/5/2023 12:49,0,114.42,58.5,0,0,45756,3/5/2023 16:20,3/5/2023,1600,1700
2575101,3/5/2023 13:44,0,34.44,17.61,0,0,98684,3/5/2023 19:05,3/5/2023,1900,2000
2574634,3/5/2023 11:15,0,44.38,22.69,0,0,43200,3/5/2023 13:31,3/5/2023,1400,1500
2574384,3/5/2023 10:04,0,38.08,19.47,0,0,43857,3/5/2023 19:17,3/5/2023,1900,2000
2575274,3/5/2023 14:45,0,56.6,28.94,0,0,85469,3/5/2023 17:02,3/5/2023,1700,1800
2573952,3/5/2023 00:08,0,120.7,61.72,0,0,35933,3/5/2023 11:29,3/5/2023,1100,1200
2569986,1/5/2023 12:37,0,73.92,37.8,0,0,72345,3/5/2023 21:15,3/5/2023,2100,2200
2576036,3/5/2023 18:58,0,49.94,25.53,0,0,44881,3/5/2023 22:09,3/5/2023,2200,2300
2573970,3/5/2023 06:17,0,102.17,52.24,0,0,10241,3/5/2023 17:41,3/5/2023,1700,1800
2577302,4/5/2023 11:30,0,35.98,18.4,0,0,38230,4/5/2023 14:12,4/5/2023,1400,1500
2577130,4/5/2023 10:44,0,109.09,55.78,0,0,43444,4/5/2023 17:14,4/5/2023,1700,1800
2576423,3/5/2023 23:08,0,202.54,103.56,0,0,72696,4/5/2023 10:01,4/5/2023,1000,1100
2577125,4/5/2023 10:43,0,83.33,42.6,0,0,8689,4/5/2023 19:05,4/5/2023,1900,2000
2578078,4/5/2023 15:16,0,249.98,127.82,16.57,8.47,82899,4/5/2023 18:20,4/5/2023,1800,1900
2577207,4/5/2023 11:07,0,76,38.85,0,0,77704,4/5/2023 18:01,4/5/2023,1800,1900
2576221,3/5/2023 20:39,0,146.74,75.03,0,0,74974,4/5/2023 09:40,4/5/2023,900,1000
2578188,4/5/2023 15:50,0,50.37,25.75,0,0,53468,4/5/2023 21:21,4/5/2023,1800,1900
2576462,3/5/2023 23:40,0,111.82,57.18,0,0,107838,4/5/2023 11:28,4/5/2023,1100,1200
2576846,4/5/2023 09:15,0,78.18,39.97,0,0,90850,4/5/2023 11:53,4/5/2023,1200,1300
2577928,4/5/2023 14:29,0,75.76,38.74,0,0,76608,4/5/2023 17:43,4/5/2023,1700,1800
2578386,4/5/2023 16:49,0,103.43,52.88,0,0,157346,4/5/2023 22:00,4/5/2023,2200,2300
2579593,5/5/2023 10:10,0,71.8,36.71,0,0,85817,5/5/2023 21:35,5/5/2023,2100,2200
2579176,5/5/2023 01:00,0,189.77,97.02,0,0,180699,5/5/2023 10:24,5/5/2023,1000,1100
2579488,5/5/2023 09:31,0,79.49,40.64,0,0,101804,5/5/2023 11:51,5/5/2023,1200,1300
2579301,5/5/2023 07:52,0,130.55,66.75,0,0,162633,5/5/2023 11:08,5/5/2023,1100,1200
2581046,5/5/2023 18:12,0,102.68,52.5,0,0,116722,5/5/2023 21:04,5/5/2023,2100,2200
2578800,4/5/2023 20:11,0,114.32,58.45,0,0,25788,5/5/2023 08:21,5/5/2023,900,1000
2579649,5/5/2023 10:28,0,36.33,18.58,0,0,118818,5/5/2023 15:09,5/5/2023,1500,1600
2579472,5/5/2023 09:24,0,57.52,29.41,0,0,166112,5/5/2023 16:27,5/5/2023,1600,1700
2580827,5/5/2023 16:50,0,172.16,88.02,0,0,59134,5/5/2023 20:08,5/5/2023,2000,2100
2578845,4/5/2023 20:46,0,282.03,144.2,0,0,88915,5/5/2023 09:35,5/5/2023,900,1000
2579969,5/5/2023 11:58,0,188.81,96.54,0,0,80652,5/5/2023 14:00,5/5/2023,1400,1500
2580345,5/5/2023 13:59,0,116.25,59.44,0,0,18425,5/5/2023 17:59,5/5/2023,1700,1800
2578618,4/5/2023 18:25,0,82.76,42.31,0,0,43267,5/5/2023 10:35,5/5/2023,1000,1100
2580446,5/5/2023 14:33,0,481.23,246.05,0,0,60195,5/5/2023 19:01,5/5/2023,1900,2000
2579070,4/5/2023 23:18,0,79.58,40.69,0,0,15352,5/5/2023 12:07,5/5/2023,1200,1300
2580036,5/5/2023 12:24,0,128.7,65.8,0,0,86630,5/5/2023 18:12,5/5/2023,1800,1900
2580688,5/5/2023 15:59,0,201.4,102.97,0,0,177933,5/5/2023 18:20,5/5/2023,1800,1900
2580156,5/5/2023 12:57,0,110.82,56.66,0,0,75795,5/5/2023 19:29,5/5/2023,1900,2000
2582004,6/5/2023 10:49,0,143.79,73.52,0,0,108290,6/5/2023 15:30,6/5/2023,1600,1700
2581549,5/5/2023 23:10,0,118.69,60.68,0,0,79998,6/5/2023 10:38,6/5/2023,1100,1200
2581567,5/5/2023 23:23,0,177.85,90.93,0,0,95588,6/5/2023 10:44,6/5/2023,1000,1100
2582874,6/5/2023 16:30,0,341.41,174.56,0,0,107642,6/5/2023 22:28,6/5/2023,2200,2300
2581878,6/5/2023 09:50,0,147.86,75.6,0,0,38751,6/5/2023 12:57,6/5/2023,1200,1300
2582839,6/5/2023 16:15,0,107.59,55.01,0,0,88403,6/5/2023 19:13,6/5/2023,1900,2000
2582251,6/5/2023 12:15,0,233.61,119.44,0,0,59891,6/5/2023 15:01,6/5/2023,1500,1600
2580902,5/5/2023 17:15,0,135.34,69.19,0,0,38048,6/5/2023 09:13,6/5/2023,900,1000
2584395,7/5/2023 13:31,0,179.54,91.79,0,0,65361,7/5/2023 16:59,7/5/2023,1600,1700
2584812,7/5/2023 16:15,1,49.24,25.18,0,0,49662,7/5/2023 19:23,7/5/2023,1900,2000
2583269,6/5/2023 19:45,0,42.06,21.5,0,0,83330,7/5/2023 13:02,7/5/2023,1300,1400
2584164,7/5/2023 11:49,0,74.14,37.91,0,0,60740,7/5/2023 15:08,7/5/2023,1500,1600
2584037,7/5/2023 10:56,0,69.61,35.59,0,0,8245,7/5/2023 15:11,7/5/2023,1600,1700
2583870,7/5/2023 09:51,0,186.25,95.23,0,0,8891,7/5/2023 18:03,7/5/2023,1800,1900
2584751,7/5/2023 15:49,0,205.94,105.29,0,0,58609,7/5/2023 18:55,7/5/2023,1900,2000
2584169,7/5/2023 11:51,0,83.39,42.63,0,0,180005,7/5/2023 18:40,7/5/2023,1800,1900
2583974,7/5/2023 10:34,0,175.16,89.56,0,0,119176,7/5/2023 17:00,7/5/2023,1700,1800
2585334,7/5/2023 20:16,0,78.6,40.19,0,0,54786,8/5/2023 10:32,8/5/2023,1100,1200
2586212,8/5/2023 10:44,0,85.81,43.87,0,0,106372,8/5/2023 13:03,8/5/2023,1300,1400
2586178,8/5/2023 10:35,0,133.62,68.31,0,0,39910,8/5/2023 13:27,8/5/2023,1400,1500
2585947,8/5/2023 09:10,0,187.25,95.75,0,0,108475,8/5/2023 11:46,8/5/2023,1100,1200
2585986,8/5/2023 09:27,0,57.22,29.25,0,0,78309,8/5/2023 17:33,8/5/2023,1700,1800
2585400,7/5/2023 20:59,0,148.51,75.93,0,0,29309,8/5/2023 09:03,8/5/2023,900,1000
2585107,7/5/2023 18:08,0,58.66,29.99,0,0,27750,9/5/2023 08:34,8/5/2023,2200,2300
2586960,8/5/2023 14:03,0,117.54,60.09,6.38,3.26,12241,8/5/2023 17:23,8/5/2023,1700,1800
2587141,8/5/2023 14:53,0,50.56,25.85,0,0,23407,8/5/2023 17:56,8/5/2023,1800,1900
2586368,8/5/2023 11:30,0,118.29,60.48,0,0,128501,8/5/2023 13:22,8/5/2023,1400,1500
2586604,8/5/2023 12:36,0,158.59,81.09,0,0,169325,8/5/2023 15:02,8/5/2023,1500,1600
2587877,8/5/2023 18:52,0,133.59,68.3,0,0,9209,9/5/2023 09:45,9/5/2023,900,1000
2588980,9/5/2023 10:44,0,65.27,33.37,0,0,64710,9/5/2023 14:02,9/5/2023,1400,1500
2590235,9/5/2023 16:43,0,97.29,49.74,0,0,124174,9/5/2023 20:22,9/5/2023,2000,2100
2587735,8/5/2023 17:46,0,102.93,52.63,0,0,8820,9/5/2023 09:24,9/5/2023,900,1000
2588468,9/5/2023 07:12,0,135.84,69.46,0,0,9287,9/5/2023 11:22,9/5/2023,1100,1200
2588758,9/5/2023 09:29,0,119.08,60.89,0,0,137351,9/5/2023 12:43,9/5/2023,1200,1300
2588297,8/5/2023 23:12,0,75.94,38.82,0,0,100490,9/5/2023 10:41,9/5/2023,1100,1200
2587921,8/5/2023 19:21,0,120.51,61.62,0,0,167306,9/5/2023 10:06,9/5/2023,1000,1100
2589759,9/5/2023 14:26,0,86.7,44.33,0,0,20389,9/5/2023 17:30,9/5/2023,1700,1800
2587164,8/5/2023 15:02,0,204.48,104.55,0,0,70837,9/5/2023 09:22,9/5/2023,900,1000
2589148,9/5/2023 11:33,0,61.65,31.53,0,0,167971,9/5/2023 16:20,9/5/2023,1600,1700
2589414,9/5/2023 12:52,0,173.94,88.94,0,0,9067,9/5/2023 15:57,9/5/2023,1500,1600
2589704,9/5/2023 14:10,0,135.25,69.16,0,0,161029,9/5/2023 19:14,9/5/2023,1900,2000
2590584,9/5/2023 18:41,0,92.86,47.47,0,0,144592,9/5/2023 21:31,9/5/2023,2200,2300
2589281,9/5/2023 12:13,0,89.6,45.82,0,0,139942,9/5/2023 17:22,9/5/2023,1700,1800
2591055,9/5/2023 23:40,0,149.87,76.63,0,0,66550,10/5/2023 10:54,10/5/2023,1100,1200
2592321,10/5/2023 13:48,0,75.81,38.76,0,0,64037,10/5/2023 19:23,10/5/2023,1900,2000
2589075,9/5/2023 11:08,0,113.44,58,0,0,176926,10/5/2023 08:42,10/5/2023,800,900
2591705,10/5/2023 10:47,0,70.02,35.8,0,0,28827,10/5/2023 13:22,10/5/2023,1400,1500
2590453,9/5/2023 17:50,0,75.67,38.69,0,0,11772,10/5/2023 09:55,10/5/2023,900,1000
2590583,9/5/2023 18:40,0,76.29,39.01,0,0,66435,10/5/2023 12:15,10/5/2023,1200,1300
2591894,10/5/2023 11:38,0,112,57.26,0,0,144719,10/5/2023 16:07,10/5/2023,1600,1700
2591167,10/5/2023 05:03,0,103.53,52.93,0,0,31376,10/5/2023 14:54,10/5/2023,1400,1500
2591090,10/5/2023 00:15,0,346.25,177.03,0,0,7931,10/5/2023 19:40,10/5/2023,1900,2000
2590091,9/5/2023 16:03,0,133.23,68.12,0,0,22547,10/5/2023 08:53,10/5/2023,900,1000
2591307,10/5/2023 08:34,0,153.4,78.43,0,0,94983,10/5/2023 12:20,10/5/2023,1200,1300
2592028,10/5/2023 12:16,0,92.53,47.31,0,0,171918,10/5/2023 19:00,10/5/2023,1900,2000
2590184,9/5/2023 16:30,1,106.99,54.7,0,0,181924,10/5/2023 09:39,10/5/2023,1000,1100
2591670,10/5/2023 10:38,0,486.01,248.5,0,0,51103,10/5/2023 16:31,10/5/2023,1600,1700
2593100,10/5/2023 17:57,0,94.9,48.52,0,0,22528,11/5/2023 09:43,11/5/2023,1000,1100
2595500,11/5/2023 16:39,0,45.3,23.16,0,0,55889,11/5/2023 18:58,11/5/2023,1900,2000
2594004,11/5/2023 09:20,0,77.21,39.48,0,0,24760,11/5/2023 11:46,11/5/2023,1100,1200
2594088,11/5/2023 09:50,0,84.3,43.1,0,0,60198,11/5/2023 12:23,11/5/2023,1200,1300
2593313,10/5/2023 19:42,0,122.44,62.61,0,0,26969,11/5/2023 08:23,11/5/2023,900,1000
2593468,10/5/2023 21:22,0,114.09,58.34,0,0,58443,11/5/2023 10:10,11/5/2023,1000,1100
2594684,11/5/2023 12:26,0,110.24,56.36,0,0,98494,11/5/2023 14:22,11/5/2023,1500,1600
2593735,11/5/2023 01:08,0,38.85,19.87,0,0,64766,11/5/2023 11:14,11/5/2023,1100,1200
2594142,11/5/2023 10:05,0,108.95,55.71,0,0,149843,11/5/2023 13:16,11/5/2023,1300,1400
2594502,11/5/2023 11:43,0,49.29,25.2,0,0,161526,11/5/2023 17:44,11/5/2023,1700,1800
2595524,11/5/2023 16:48,0,144.49,73.87,0,0,58497,11/5/2023 20:58,11/5/2023,2000,2100
2592999,10/5/2023 17:11,0,40.9,20.91,0,0,137937,11/5/2023 09:56,11/5/2023,900,1000
2593957,11/5/2023 08:50,0,53.04,27.12,0,0,72259,11/5/2023 12:11,11/5/2023,1200,1300
2596943,12/5/2023 10:14,0,108.54,55.5,0,0,33625,12/5/2023 13:29,12/5/2023,1400,1500
2596097,11/5/2023 21:31,1,39.24,20.07,0,0,182176,12/5/2023 17:54,12/5/2023,1700,1800
2597123,12/5/2023 11:08,0,93.55,47.83,0,0,29205,12/5/2023 17:16,12/5/2023,1700,1800
2597316,12/5/2023 12:05,0,155.89,79.7,0,0,104449,12/5/2023 14:57,12/5/2023,1500,1600
2597204,12/5/2023 11:29,0,50.14,25.64,0,0,130501,12/5/2023 14:49,12/5/2023,1400,1500
2597147,12/5/2023 11:16,0,75.79,38.75,0,0,10398,12/5/2023 14:50,12/5/2023,1400,1500
2597926,12/5/2023 15:23,0,105.03,53.71,21.56,11.03,171771,12/5/2023 20:48,12/5/2023,2000,2100
2589837,9/5/2023 14:57,1,51.86,26.51,0,0,181903,12/5/2023 19:30,12/5/2023,1900,2000
2597591,12/5/2023 13:33,0,80.11,40.96,0,0,139287,12/5/2023 22:17,12/5/2023,2200,2300
2598556,12/5/2023 19:43,0,140.09,71.63,0,0,43675,13/5/2023 11:14,13/5/2023,1100,1200
2599920,13/5/2023 13:26,0,47.76,24.42,0,0,118993,13/5/2023 15:38,13/5/2023,1600,1700
2598729,12/5/2023 21:46,0,43.6,22.29,0,0,26618,13/5/2023 09:35,13/5/2023,900,1000
2600460,13/5/2023 16:30,0,101.07,51.68,0,0,89620,13/5/2023 18:54,13/5/2023,1900,2000
2600764,13/5/2023 18:40,0,28.47,14.56,0,0,70435,13/5/2023 22:17,13/5/2023,2200,2300
2599981,13/5/2023 13:49,0,176.51,90.25,0,0,31842,13/5/2023 16:01,13/5/2023,1600,1700
2600128,13/5/2023 14:40,0,72.37,37,0,0,126796,13/5/2023 16:36,13/5/2023,1700,1800
2598515,12/5/2023 19:10,0,225.9,115.5,13.17,6.73,67014,13/5/2023 08:19,13/5/2023,800,900
2599269,13/5/2023 09:31,0,168.19,85.99,0,0,179761,13/5/2023 18:23,13/5/2023,1900,2000
2600157,13/5/2023 14:48,0,141.09,72.13,0,0,23902,13/5/2023 17:08,13/5/2023,1700,1800
2598292,12/5/2023 17:29,0,139.94,71.55,0,0,124196,13/5/2023 09:46,13/5/2023,900,1000
2599796,13/5/2023 12:43,0,152.95,78.2,0,0,176850,13/5/2023 15:30,13/5/2023,1500,1600
2601406,14/5/2023 06:44,0,32.62,16.68,0,0,15497,14/5/2023 16:53,14/5/2023,1600,1700
2602990,14/5/2023 13:47,0,186.47,95.34,0,0,78745,14/5/2023 18:23,14/5/2023,1900,2000
2599079,13/5/2023 07:30,0,80.57,41.2,0,0,43857,14/5/2023 09:36,14/5/2023,900,1000
2602481,14/5/2023 12:18,0,112.6,57.57,0,0,154579,14/5/2023 16:53,14/5/2023,1600,1700
2602568,14/5/2023 12:33,0,77.45,39.6,0,0,43276,14/5/2023 16:01,14/5/2023,1600,1700
2602376,14/5/2023 11:59,0,45.76,23.39,0,0,157671,14/5/2023 15:12,14/5/2023,1500,1600
2603046,14/5/2023 13:56,0,87.39,44.69,0,0,143980,14/5/2023 20:53,14/5/2023,2000,2100
2602596,14/5/2023 12:37,0,147.64,75.49,0,0,68596,14/5/2023 18:03,14/5/2023,1800,1900
2602654,14/5/2023 12:45,0,78.56,40.17,0,0,132133,14/5/2023 15:20,14/5/2023,1500,1600
2602927,14/5/2023 13:34,0,114.72,58.65,0,0,77951,14/5/2023 18:40,14/5/2023,1900,2000
2601739,14/5/2023 10:02,0,53.22,27.21,0,0,100324,14/5/2023 13:51,14/5/2023,1300,1400
2601977,14/5/2023 10:50,0,114.16,58.37,0,0,83367,14/5/2023 16:23,14/5/2023,1700,1800
2598688,12/5/2023 21:17,0,91.68,46.87,0,0,89987,14/5/2023 10:11,14/5/2023,1000,1100
2602340,14/5/2023 11:52,0,87.91,44.95,0,0,127535,14/5/2023 17:42,14/5/2023,1700,1800
2604732,15/5/2023 09:24,0,114.4,58.5,0,0,153595,15/5/2023 14:15,15/5/2023,1400,1500
2604200,14/5/2023 21:27,0,95.92,49.04,0,0,94477,15/5/2023 15:36,15/5/2023,1600,1700
2605752,15/5/2023 14:16,0,78.15,39.96,0,0,168949,15/5/2023 19:25,15/5/2023,1900,2000
2605888,15/5/2023 14:52,0,39.03,19.96,0,0,37041,15/5/2023 20:47,15/5/2023,2000,2100
2605923,15/5/2023 15:00,0,99.32,50.78,0,0,15633,15/5/2023 19:46,15/5/2023,1900,2000
2606170,15/5/2023 16:15,0,192.48,98.41,0,0,144925,15/5/2023 21:25,15/5/2023,2100,2200
2603818,14/5/2023 17:40,0,57.1,29.2,0,0,11299,15/5/2023 10:20,15/5/2023,1000,1100
2604885,15/5/2023 10:19,0,53.24,27.22,0,0,46692,15/5/2023 14:11,15/5/2023,1400,1500
2605651,15/5/2023 13:49,0,160.21,81.91,0,0,53797,15/5/2023 17:34,15/5/2023,1700,1800
2606293,15/5/2023 17:27,0,79.99,40.9,0,0,14124,15/5/2023 22:03,15/5/2023,2200,2300
2605701,15/5/2023 14:02,0,181.45,92.77,0,0,65518,15/5/2023 18:03,15/5/2023,1800,1900
2605194,15/5/2023 11:46,0,162.58,83.12,0,0,54249,15/5/2023 15:40,15/5/2023,1500,1600
2604799,15/5/2023 09:48,0,85.81,43.87,0,0,181254,15/5/2023 21:21,15/5/2023,2100,2200
2605544,15/5/2023 13:18,0,100.25,51.26,0,0,146017,15/5/2023 19:17,15/5/2023,1900,2000
2605688,15/5/2023 13:59,0,91.43,46.75,0,0,101301,15/5/2023 18:28,15/5/2023,1800,1900
2604192,14/5/2023 21:19,0,98.39,50.31,0,0,59003,15/5/2023 10:31,15/5/2023,1100,1200
2605350,15/5/2023 12:34,0,173.86,88.89,0,0,61117,15/5/2023 16:01,15/5/2023,1600,1700
2606153,15/5/2023 16:06,0,227.55,116.34,0,0,149413,15/5/2023 20:48,15/5/2023,2100,2200
2607479,16/5/2023 10:36,0,187.15,95.68,0,0,65295,16/5/2023 13:41,16/5/2023,1300,1400
2606583,15/5/2023 20:28,0,40.05,20.47,0,0,14260,16/5/2023 11:04,16/5/2023,1100,1200
2606671,15/5/2023 21:24,0,32.45,16.59,0,0,20014,16/5/2023 11:18,16/5/2023,1100,1200
2605085,15/5/2023 11:21,0,34.82,17.8,0,0,65378,16/5/2023 14:02,16/5/2023,1400,1500
2606829,15/5/2023 23:08,0,145.51,74.39,0,0,28503,16/5/2023 16:21,16/5/2023,1600,1700
2606677,15/5/2023 21:27,0,143.13,73.17,0,0,116436,16/5/2023 19:04,16/5/2023,1900,2000
2606415,15/5/2023 18:32,0,104.3,53.33,0,0,178818,16/5/2023 11:06,16/5/2023,1100,1200
2607264,16/5/2023 09:33,0,64.13,32.79,0,0,154954,16/5/2023 11:31,16/5/2023,1200,1300
2608152,16/5/2023 14:21,0,199.95,102.23,0,0,154903,16/5/2023 17:36,16/5/2023,1700,1800
2608629,16/5/2023 17:31,0,36.11,18.46,0,0,16519,16/5/2023 20:32,16/5/2023,2000,2100
2608758,16/5/2023 18:30,0,110.66,56.58,0,0,106693,16/5/2023 21:09,16/5/2023,2100,2200
2607829,16/5/2023 12:37,0,125.98,64.41,0,0,121992,16/5/2023 19:08,16/5/2023,1900,2000
2605917,15/5/2023 14:59,1,185.61,94.9,0,0,182598,16/5/2023 10:09,16/5/2023,1000,1100
2606295,15/5/2023 17:27,0,230.87,118.04,0,0,96012,16/5/2023 09:23,16/5/2023,900,1000
2607266,16/5/2023 09:34,0,94.04,48.08,0,0,72950,16/5/2023 12:07,16/5/2023,1200,1300
2607491,16/5/2023 10:42,0,144.88,74.08,0,0,178737,16/5/2023 13:27,16/5/2023,1300,1400
2608646,16/5/2023 17:38,0,101.39,51.84,0,0,139980,16/5/2023 20:26,16/5/2023,2000,2100
2608117,16/5/2023 14:11,0,86.72,44.34,0,0,105262,16/5/2023 20:06,16/5/2023,2000,2100
2609202,16/5/2023 22:48,0,254.82,130.29,0,0,58881,17/5/2023 16:00,17/5/2023,1600,1700
2610278,17/5/2023 13:18,0,117.59,60.12,0,0,105827,17/5/2023 16:19,17/5/2023,1600,1700
2610815,17/5/2023 16:16,0,34.61,17.7,0,0,27604,17/5/2023 19:56,17/5/2023,1900,2000
2611120,17/5/2023 18:04,0,104.45,53.4,0,0,103134,17/5/2023 20:52,17/5/2023,2100,2200
2610027,17/5/2023 11:44,1,101.67,51.98,0,0,182781,17/5/2023 15:37,17/5/2023,1600,1700
2610583,17/5/2023 15:03,0,84.78,43.35,0,0,152368,17/5/2023 18:29,17/5/2023,1800,1900
2609602,17/5/2023 09:27,0,356.51,182.28,11.85,6.06,42574,17/5/2023 17:49,17/5/2023,1800,1900
2610402,17/5/2023 14:02,0,215.06,109.96,0,0,8918,17/5/2023 17:05,17/5/2023,1700,1800
2609667,17/5/2023 09:50,0,75.41,38.56,0,0,71362,17/5/2023 12:05,17/5/2023,1200,1300
2608974,16/5/2023 20:24,0,51.54,26.35,0,0,56124,17/5/2023 10:10,17/5/2023,1000,1100
2609949,17/5/2023 11:23,0,117.98,60.32,0,0,15393,17/5/2023 14:00,17/5/2023,1400,1500
2611066,17/5/2023 17:43,0,99.65,50.95,25.59,13.08,135536,17/5/2023 20:39,17/5/2023,2000,2100
2612434,18/5/2023 10:55,0,104.75,53.56,0,0,10950,18/5/2023 13:26,18/5/2023,1400,1500
2611521,17/5/2023 21:42,0,58.91,30.12,0,0,115218,18/5/2023 11:28,18/5/2023,1100,1200
2611945,18/5/2023 08:25,0,163.96,83.83,4.08,2.09,20887,18/5/2023 11:24,18/5/2023,1100,1200
2612896,18/5/2023 13:02,0,124.09,63.45,0,0,83040,18/5/2023 16:21,18/5/2023,1600,1700
2613177,18/5/2023 14:23,0,143.32,73.28,0,0,25543,18/5/2023 17:47,18/5/2023,1700,1800
2611781,18/5/2023 01:27,0,159.61,81.61,0,0,46474,18/5/2023 12:22,18/5/2023,1200,1300
2612633,18/5/2023 11:44,0,188.71,96.48,0,0,96751,18/5/2023 16:40,18/5/2023,1600,1700
2612372,18/5/2023 10:39,0,75.53,38.61,0,0,171445,18/5/2023 13:06,18/5/2023,1300,1400
2613307,18/5/2023 15:03,0,53.96,27.59,12.27,6.27,176101,18/5/2023 17:41,18/5/2023,1800,1900
2613143,18/5/2023 14:13,0,33.13,16.94,0,0,158869,18/5/2023 17:56,18/5/2023,1700,1800
2612025,18/5/2023 09:05,0,61.52,31.46,6.76,3.46,57580,18/5/2023 12:19,18/5/2023,1200,1300
2612847,18/5/2023 12:47,0,61.67,31.53,0,0,99037,18/5/2023 20:56,18/5/2023,2000,2100
2613764,18/5/2023 17:36,0,211.92,108.35,9.15,4.67,7911,18/5/2023 20:16,18/5/2023,2000,2100
2612793,18/5/2023 12:33,0,100.89,51.58,0,0,75359,18/5/2023 18:30,18/5/2023,1800,1900
2612433,18/5/2023 10:54,0,89.76,45.89,0,0,182694,18/5/2023 18:07,18/5/2023,1800,1900
2614723,19/5/2023 09:39,0,36.39,18.61,0,0,85556,19/5/2023 13:37,19/5/2023,1300,1400
2614387,19/5/2023 01:01,0,241.75,123.61,0,0,51119,19/5/2023 19:23,19/5/2023,1900,2000
2612198,18/5/2023 09:59,1,108.19,55.31,0,0,182874,19/5/2023 11:21,19/5/2023,1100,1200
2615591,19/5/2023 15:06,0,178.86,91.45,0,0,118324,19/5/2023 17:17,19/5/2023,1700,1800
2615527,19/5/2023 14:41,0,159.67,81.63,0,0,161601,19/5/2023 16:56,19/5/2023,1700,1800
2614816,19/5/2023 10:16,0,46.57,23.81,14.89,7.62,50246,19/5/2023 13:00,19/5/2023,1300,1400
2611602,17/5/2023 22:32,0,201.06,102.8,0,0,110122,19/5/2023 07:47,19/5/2023,800,900
2614350,19/5/2023 00:16,0,120.17,61.45,0,0,15756,19/5/2023 10:47,19/5/2023,1000,1100
2615704,19/5/2023 15:44,0,124.65,63.74,0,0,19285,19/5/2023 19:51,19/5/2023,1900,2000
2615180,19/5/2023 12:30,0,157.69,80.63,0,0,91784,19/5/2023 15:02,19/5/2023,1500,1600
2615316,19/5/2023 13:22,0,119.21,60.96,0,0,120154,19/5/2023 18:23,19/5/2023,1900,2000
2614679,19/5/2023 09:25,0,36,18.41,0,0,11299,19/5/2023 11:31,19/5/2023,1200,1300
2612926,18/5/2023 13:11,0,119.04,60.86,0,0,181973,19/5/2023 18:28,19/5/2023,1800,1900
2616407,19/5/2023 21:12,0,108.04,55.24,0,0,8720,20/5/2023 10:17,20/5/2023,1000,1100
2617282,20/5/2023 11:41,0,89.04,45.52,0,0,143693,20/5/2023 14:31,20/5/2023,1500,1600
2618165,20/5/2023 16:32,0,40.2,20.55,0,0,122941,20/5/2023 19:42,20/5/2023,1900,2000
2616660,19/5/2023 23:55,0,218.32,111.63,0,0,116178,20/5/2023 15:27,20/5/2023,1500,1600
2617769,20/5/2023 14:41,0,32.98,16.86,0,0,171191,20/5/2023 17:21,20/5/2023,1700,1800
2617808,20/5/2023 14:49,0,42.49,21.72,0,0,11945,20/5/2023 17:32,20/5/2023,1700,1800
2617538,20/5/2023 13:20,0,68.61,35.09,0,0,29173,20/5/2023 16:36,20/5/2023,1600,1700
2617879,20/5/2023 15:10,0,142.74,72.98,0,0,34290,20/5/2023 17:02,20/5/2023,1700,1800
2617568,20/5/2023 13:32,0,162.33,83,0,0,32724,20/5/2023 16:40,20/5/2023,1600,1700
2618242,20/5/2023 17:00,1,124.03,63.41,0,0,183055,20/5/2023 20:29,20/5/2023,2000,2100
2617638,20/5/2023 13:59,0,64.82,33.14,9.13,4.67,69838,20/5/2023 18:53,20/5/2023,1900,2000
2618507,20/5/2023 18:40,0,60.51,30.94,0,0,177930,21/5/2023 11:28,21/5/2023,1100,1200
2618777,20/5/2023 21:32,0,192.38,98.37,0,0,154722,21/5/2023 10:25,21/5/2023,1000,1100
2619004,20/5/2023 23:59,0,76.69,39.22,0,0,10807,21/5/2023 09:39,21/5/2023,1000,1100
2617338,20/5/2023 12:03,0,93.38,47.74,0,0,85132,21/5/2023 10:32,21/5/2023,1100,1200
2619946,21/5/2023 12:32,0,162.53,83.1,0,0,14607,21/5/2023 14:58,21/5/2023,1500,1600
2619248,21/5/2023 08:40,0,166.65,85.2,0,0,16588,21/5/2023 11:23,21/5/2023,1200,1300
2619098,21/5/2023 03:58,0,96.02,49.09,0,0,60752,21/5/2023 16:21,21/5/2023,1600,1700
2619681,21/5/2023 11:15,0,102.42,52.37,11.21,5.74,94543,21/5/2023 19:14,21/5/2023,1900,2000
2620477,21/5/2023 15:18,0,106.83,54.62,0,0,57018,21/5/2023 17:43,21/5/2023,1800,1900
2620674,21/5/2023 16:11,0,81.09,41.46,0,0,71643,21/5/2023 19:30,21/5/2023,1900,2000
2619493,21/5/2023 10:18,0,104.04,53.2,0,0,62910,21/5/2023 13:16,21/5/2023,1300,1400
2618407,20/5/2023 18:03,0,38.01,19.43,0,0,97749,21/5/2023 09:30,21/5/2023,1000,1100
2620147,21/5/2023 13:39,0,183.74,93.95,18.74,9.58,93625,21/5/2023 16:04,21/5/2023,1600,1700
2620161,21/5/2023 13:41,0,181.22,92.66,0,0,9134,21/5/2023 20:55,21/5/2023,2000,2100
2619266,21/5/2023 08:51,0,197.24,100.85,0,0,78477,21/5/2023 12:42,21/5/2023,1400,1500
2621466,21/5/2023 23:40,0,156.43,79.98,0,0,82899,22/5/2023 14:02,22/5/2023,1400,1500
2621162,21/5/2023 19:48,0,42.14,21.54,0,0,139580,22/5/2023 10:00,22/5/2023,1000,1100
2621223,21/5/2023 20:31,0,58.11,29.71,15.37,7.86,67883,22/5/2023 10:08,22/5/2023,1000,1100
2621837,22/5/2023 09:35,0,56.23,28.75,3.51,1.79,43267,22/5/2023 19:25,22/5/2023,1900,2000
2623303,22/5/2023 17:24,0,43.54,22.26,0,0,98609,22/5/2023 20:18,22/5/2023,2000,2100
2622946,22/5/2023 15:19,0,112.26,57.4,13.32,6.81,181051,22/5/2023 17:53,22/5/2023,1700,1800
2617801,20/5/2023 14:48,0,106.38,54.39,0,0,103758,22/5/2023 09:52,22/5/2023,900,1000
2622031,22/5/2023 10:34,0,52.49,26.84,0,0,146165,22/5/2023 13:56,22/5/2023,1300,1400
2622795,22/5/2023 14:32,0,62.51,31.96,0,0,137086,22/5/2023 17:18,22/5/2023,1700,1800
2622244,22/5/2023 11:39,0,25.74,13.16,0,0,169499,22/5/2023 14:47,22/5/2023,1500,1600
2621367,21/5/2023 22:18,0,147.25,75.28,0,0,160787,22/5/2023 21:07,22/5/2023,2100,2200
2621704,22/5/2023 08:41,0,120.77,61.75,53.85,27.53,31637,22/5/2023 13:29,22/5/2023,1300,1400
2622179,22/5/2023 11:21,0,76.43,39.07,0,0,84484,22/5/2023 14:47,22/5/2023,1400,1500
2621567,22/5/2023 03:44,0,88.61,45.3,0,0,163305,22/5/2023 10:22,22/5/2023,1000,1100
2622410,22/5/2023 12:37,0,40.22,20.56,0,0,177918,22/5/2023 14:58,22/5/2023,1500,1600
2621853,22/5/2023 09:38,0,123.87,63.34,0,0,113363,22/5/2023 12:27,22/5/2023,1200,1300
2623229,22/5/2023 16:54,0,41.34,21.14,0,0,97941,23/5/2023 10:30,23/5/2023,1000,1100
2624193,23/5/2023 08:54,0,85.03,43.48,0,0,149365,23/5/2023 11:11,23/5/2023,1100,1200
2623625,22/5/2023 20:09,0,105.65,54.02,0,0,80989,23/5/2023 12:19,23/5/2023,1200,1300
2624477,23/5/2023 10:48,0,61.48,31.43,0,0,147121,23/5/2023 13:33,23/5/2023,1300,1400
2624378,23/5/2023 10:04,0,82.4,42.13,7.03,3.59,29172,23/5/2023 13:22,23/5/2023,1300,1400
2624531,23/5/2023 11:05,0,40.14,20.52,0,0,30385,23/5/2023 13:00,23/5/2023,1300,1400
2624188,23/5/2023 08:52,0,237.12,121.24,0,0,18744,24/5/2023 09:14,23/5/2023,1900,2000
2624853,23/5/2023 13:28,0,190.8,97.56,59.01,30.17,106120,23/5/2023 17:52,23/5/2023,1700,1800
2623714,22/5/2023 21:08,0,56.98,29.14,0,0,75311,23/5/2023 18:03,23/5/2023,1800,1900
2624002,23/5/2023 02:35,0,102.18,52.24,0,0,33709,23/5/2023 12:04,23/5/2023,1100,1200
2623948,23/5/2023 00:05,1,65.61,33.55,0,0,183349,23/5/2023 10:25,23/5/2023,1000,1100
2624968,23/5/2023 14:02,0,37.72,19.29,0,0,70886,23/5/2023 16:22,23/5/2023,1600,1700
2625401,23/5/2023 16:56,0,112.88,57.72,0,0,142555,23/5/2023 19:38,23/5/2023,1900,2000
2625456,23/5/2023 17:17,0,39.66,20.27,0,0,157067,23/5/2023 21:06,23/5/2023,2100,2200
2625111,23/5/2023 15:01,0,43.17,22.07,0,0,104967,23/5/2023 17:28,23/5/2023,1700,1800
2625608,23/5/2023 18:39,0,109.89,56.18,0,0,59051,23/5/2023 20:51,23/5/2023,2100,2200
2626371,24/5/2023 09:52,0,205.79,105.22,22.54,11.53,64993,24/5/2023 12:40,24/5/2023,1200,1300
2627009,24/5/2023 14:32,0,130.33,66.64,0,0,35568,24/5/2023 17:01,24/5/2023,1700,1800
2626636,24/5/2023 12:08,0,48.14,24.62,0,0,63221,24/5/2023 14:05,24/5/2023,1400,1500
2625884,23/5/2023 21:53,0,204.18,104.39,0,0,153600,24/5/2023 17:44,24/5/2023,1700,1800
2627182,24/5/2023 15:44,0,105,53.68,0,0,55893,24/5/2023 20:19,24/5/2023,2000,2100
2625827,23/5/2023 21:08,0,32.09,16.41,0,0,10351,24/5/2023 08:43,24/5/2023,900,1000
2626062,24/5/2023 00:13,0,38.96,19.92,0,0,86252,24/5/2023 09:54,24/5/2023,1000,1100
2626573,24/5/2023 11:30,0,51.91,26.54,0,0,44660,24/5/2023 14:45,24/5/2023,1400,1500
2626803,24/5/2023 13:10,1,127.1,64.99,0,0,183433,24/5/2023 16:38,24/5/2023,1800,1900
2626769,24/5/2023 12:57,0,79.61,40.7,0,0,182585,25/5/2023 10:11,25/5/2023,1000,1100
2628106,25/5/2023 00:10,1,38.1,19.48,0,0,183536,25/5/2023 10:18,25/5/2023,1000,1100
2627705,24/5/2023 19:14,0,99.1,50.67,0,0,135536,25/5/2023 10:05,25/5/2023,1000,1100
2629899,25/5/2023 17:59,0,78.72,40.25,0,0,39618,25/5/2023 20:40,25/5/2023,2100,2200
2628847,25/5/2023 11:46,0,93.23,47.67,0,0,124196,25/5/2023 19:08,25/5/2023,1900,2000
2628173,25/5/2023 01:53,0,104,53.17,0,0,53706,25/5/2023 09:59,25/5/2023,1000,1100
2628637,25/5/2023 10:45,0,104.09,53.22,0,0,176834,25/5/2023 13:30,25/5/2023,1400,1500
2628886,25/5/2023 11:59,0,80.11,40.96,0,0,145113,25/5/2023 14:23,25/5/2023,1400,1500
2627707,24/5/2023 19:15,0,179.86,91.96,0,0,66486,25/5/2023 11:00,25/5/2023,1100,1200
2628360,25/5/2023 08:56,0,204.87,104.75,0,0,60603,25/5/2023 19:00,25/5/2023,1900,2000
2630442,25/5/2023 23:46,0,108.1,55.27,36.47,18.65,46953,26/5/2023 10:14,26/5/2023,1000,1100
2629857,25/5/2023 17:38,0,41.67,21.31,0,0,24555,26/5/2023 13:36,26/5/2023,1300,1400
2631525,26/5/2023 13:55,0,56.52,28.9,0,0,120700,26/5/2023 17:01,26/5/2023,1700,1800
2631253,26/5/2023 12:16,0,138.78,70.96,0,0,71713,26/5/2023 15:10,26/5/2023,1500,1600
2630978,26/5/2023 10:35,0,38.91,19.9,0,0,138501,26/5/2023 13:00,26/5/2023,1300,1400
2631733,26/5/2023 15:05,0,93.41,47.76,0,0,59742,26/5/2023 17:22,26/5/2023,1700,1800
2630337,25/5/2023 22:36,0,69.94,35.76,0,0,31047,26/5/2023 10:46,26/5/2023,1000,1100
2630330,25/5/2023 22:30,0,111.19,56.85,7.8,3.99,160608,26/5/2023 08:47,26/5/2023,1000,1100
2631898,26/5/2023 15:55,0,215.08,109.98,3.54,1.81,41357,26/5/2023 18:55,26/5/2023,1800,1900
2630352,25/5/2023 22:45,0,131.46,67.22,0,0,93461,26/5/2023 09:30,26/5/2023,1000,1100
2630566,26/5/2023 06:55,0,249.57,127.6,0,0,72390,26/5/2023 11:17,26/5/2023,1100,1200
2632180,26/5/2023 17:48,0,119.83,61.27,10.5,5.37,56868,26/5/2023 21:40,26/5/2023,2100,2200
2630631,26/5/2023 08:06,0,51.81,26.49,0,0,71614,26/5/2023 19:16,26/5/2023,1900,2000
2633849,27/5/2023 13:37,0,138.55,70.84,18.24,9.32,28643,27/5/2023 16:07,27/5/2023,1600,1700
2633579,27/5/2023 12:18,0,109.43,55.95,0,0,65818,27/5/2023 14:35,27/5/2023,1400,1500
2634554,27/5/2023 17:59,0,108.71,55.58,0,0,53736,27/5/2023 22:26,27/5/2023,2100,2200
2632780,26/5/2023 23:57,0,101.83,52.06,0,0,86296,27/5/2023 09:56,27/5/2023,1000,1100
2632795,27/5/2023 00:10,0,84.03,42.97,0,0,54648,27/5/2023 11:26,27/5/2023,1100,1200
2634511,27/5/2023 17:41,0,105.34,53.86,0,0,179809,27/5/2023 20:28,27/5/2023,2000,2100
2632330,26/5/2023 19:05,0,155.11,79.31,0,0,117413,27/5/2023 10:02,27/5/2023,1000,1100
2634504,27/5/2023 17:39,0,114.24,58.41,0,0,55889,27/5/2023 20:16,27/5/2023,2000,2100
2632784,27/5/2023 00:00,0,75.45,38.57,0,0,85209,27/5/2023 11:57,27/5/2023,1200,1300
2632831,27/5/2023 01:13,0,185.46,94.82,0,0,117435,27/5/2023 10:00,27/5/2023,1000,1100
2631791,26/5/2023 15:23,0,45.33,23.18,0,0,79518,27/5/2023 08:37,27/5/2023,800,900
2633368,27/5/2023 11:05,0,38.48,19.67,0,0,127279,27/5/2023 15:12,27/5/2023,1500,1600
2633058,27/5/2023 09:22,0,232.22,118.73,0,0,114241,27/5/2023 11:50,27/5/2023,1200,1300
2633589,27/5/2023 12:20,0,159.08,81.34,0,0,161231,27/5/2023 14:25,27/5/2023,1400,1500
2633628,27/5/2023 12:31,0,72.31,36.97,0,0,40768,27/5/2023 15:05,27/5/2023,1500,1600
2633888,27/5/2023 13:51,0,82.23,42.04,0,0,167195,27/5/2023 20:05,27/5/2023,2000,2100
2635026,27/5/2023 23:27,0,59.49,30.41,0,0,79364,28/5/2023 11:03,28/5/2023,1100,1200
2635135,28/5/2023 01:35,0,37.56,19.21,0,0,64187,28/5/2023 11:13,28/5/2023,1100,1200
2634667,27/5/2023 19:15,0,125.58,64.21,0,0,43347,28/5/2023 11:31,28/5/2023,1200,1300
2636083,28/5/2023 12:44,0,110.06,56.27,0,0,72686,28/5/2023 17:27,28/5/2023,1800,1900
2635259,28/5/2023 08:13,0,104.49,53.42,0,0,160001,28/5/2023 11:02,28/5/2023,1100,1200
2636168,28/5/2023 13:04,0,247.27,126.43,0,0,21150,28/5/2023 16:53,28/5/2023,1600,1700
2635045,27/5/2023 23:42,0,66.39,33.94,0,0,161370,28/5/2023 10:45,28/5/2023,1000,1100
2634331,27/5/2023 16:32,0,163.49,83.6,0,0,7756,28/5/2023 12:18,28/5/2023,1200,1300
2634965,27/5/2023 22:56,0,152.86,78.16,0,0,44043,28/5/2023 11:13,28/5/2023,1100,1200
2635402,28/5/2023 09:32,0,115.5,59.05,0,0,80643,28/5/2023 13:55,28/5/2023,1500,1600
2635981,28/5/2023 12:21,0,105.76,54.08,0,0,24957,28/5/2023 15:40,28/5/2023,1500,1600
2636972,28/5/2023 16:26,0,118.36,60.52,0,0,24760,28/5/2023 21:23,28/5/2023,2100,2200
2635833,28/5/2023 11:40,0,63.94,32.7,0,0,17738,28/5/2023 16:09,28/5/2023,1600,1700
2636166,28/5/2023 13:03,0,39.26,20.07,0,0,46568,28/5/2023 18:09,28/5/2023,2000,2100
2635091,28/5/2023 00:25,1,241.49,123.47,0,0,183800,28/5/2023 13:20,28/5/2023,1300,1400
2635860,28/5/2023 11:47,0,256.54,131.17,0,0,32442,28/5/2023 14:24,28/5/2023,1400,1500
2636719,28/5/2023 15:16,0,37.66,19.26,0,0,45156,28/5/2023 19:20,28/5/2023,1900,2000
2639159,29/5/2023 15:23,0,31.09,15.89,0,0,67225,29/5/2023 19:14,29/5/2023,1900,2000
2639446,29/5/2023 16:52,0,39.3,20.09,0,0,50117,29/5/2023 20:18,29/5/2023,2000,2100
2639542,29/5/2023 17:24,0,38.34,19.6,0,0,90355,29/5/2023 19:29,29/5/2023,2000,2100
2638581,29/5/2023 12:27,0,127.67,65.28,0,0,49045,29/5/2023 15:06,29/5/2023,1500,1600
2639026,29/5/2023 14:44,0,156.13,79.83,0,0,27888,29/5/2023 17:21,29/5/2023,1700,1800
2634873,27/5/2023 21:55,0,110.9,56.7,0,0,169348,29/5/2023 12:46,29/5/2023,1300,1400
2638235,29/5/2023 10:44,0,221.85,113.43,30.16,15.42,8664,29/5/2023 13:23,29/5/2023,1300,1400
2638936,29/5/2023 14:15,0,88.38,45.19,0,0,153625,29/5/2023 17:19,29/5/2023,1700,1800
2638765,29/5/2023 13:15,0,55.53,28.39,0,0,37701,29/5/2023 16:24,29/5/2023,1600,1700
2638360,29/5/2023 11:20,0,38.37,19.62,0,0,149972,29/5/2023 15:00,29/5/2023,1500,1600
2637396,28/5/2023 20:03,0,51.18,26.17,0,0,112542,29/5/2023 21:00,29/5/2023,2100,2200
2630876,26/5/2023 09:54,0,203.96,104.29,0,0,157201,29/5/2023 10:04,29/5/2023,1000,1100
2637682,28/5/2023 23:35,0,67.87,34.7,0,0,148229,29/5/2023 11:11,29/5/2023,1100,1200
2637996,29/5/2023 09:22,0,100.57,51.42,20.87,10.67,30719,29/5/2023 13:57,29/5/2023,1400,1500
2641277,30/5/2023 14:20,0,75.63,38.67,0,0,45854,30/5/2023 16:35,30/5/2023,1700,1800
2638859,29/5/2023 13:47,0,119.77,61.24,0,0,126791,30/5/2023 10:04,30/5/2023,1000,1100
2641604,30/5/2023 16:19,0,166.88,85.33,56.99,29.14,60290,30/5/2023 18:52,30/5/2023,1900,2000
2641434,30/5/2023 15:20,0,110.24,56.36,0,0,136067,30/5/2023 17:49,30/5/2023,1700,1800
2639524,29/5/2023 17:15,0,237.26,121.31,0,0,181336,30/5/2023 09:03,30/5/2023,900,1000
2640125,29/5/2023 23:23,0,37.29,19.07,0,0,14260,30/5/2023 10:04,30/5/2023,1000,1100
2640726,30/5/2023 11:23,0,103.3,52.81,0,0,90180,30/5/2023 14:41,30/5/2023,1400,1500
2640913,30/5/2023 12:25,0,125.33,64.08,0,0,128587,30/5/2023 15:14,30/5/2023,1500,1600
2640394,30/5/2023 09:00,0,90.23,46.13,0,0,85248,30/5/2023 11:44,30/5/2023,1100,1200
2641286,30/5/2023 14:22,0,81.73,41.79,0,0,139245,30/5/2023 17:39,30/5/2023,1700,1800
2641318,30/5/2023 14:33,0,174.04,88.99,0,0,25369,30/5/2023 18:32,30/5/2023,1800,1900
2641460,30/5/2023 15:30,0,141.59,72.4,0,0,124780,30/5/2023 17:34,30/5/2023,1700,1800
2638706,29/5/2023 13:01,0,75.1,38.4,0,0,148189,30/5/2023 11:35,30/5/2023,1100,1200
2640371,30/5/2023 08:48,0,45.86,23.45,0,0,60299,30/5/2023 10:56,30/5/2023,1100,1200
2641444,30/5/2023 15:23,0,151.07,77.24,49.7,25.41,46696,30/5/2023 19:00,30/5/2023,1900,2000
2639928,29/5/2023 21:02,0,125.35,64.09,0,0,150584,30/5/2023 11:10,30/5/2023,1100,1200
2639824,29/5/2023 19:41,0,156.62,80.08,0,0,154134,30/5/2023 10:00,30/5/2023,900,1000
2643160,31/5/2023 13:11,0,76.75,39.24,0,0,8821,31/5/2023 19:02,31/5/2023,1900,2000
2643050,31/5/2023 12:21,0,75.88,38.79,0,0,52222,31/5/2023 14:58,31/5/2023,1500,1600
2644046,31/5/2023 18:56,0,104.05,53.2,0,0,45092,31/5/2023 22:12,31/5/2023,2200,2300
2643343,31/5/2023 14:22,0,107.2,54.82,0,0,172618,31/5/2023 20:25,31/5/2023,2000,2100
2643685,31/5/2023 16:20,0,159.86,81.73,0,0,59032,31/5/2023 19:55,31/5/2023,1900,2000
2642388,31/5/2023 05:29,0,32.49,16.61,0,0,25390,31/5/2023 14:03,31/5/2023,1500,1600
2642575,31/5/2023 09:24,0,64.21,32.83,0,0,90938,31/5/2023 14:00,31/5/2023,1500,1600
2642991,31/5/2023 11:58,0,103.19,52.76,0,0,105569,31/5/2023 16:17,31/5/2023,1600,1700
2644419,31/5/2023 22:38,0,41.74,21.34,0,0,11299,1/6/2023 10:26,1/6/2023,1000,1100
2645102,1/6/2023 10:33,0,127.86,65.37,0,0,83254,1/6/2023 13:50,1/6/2023,1300,1400
2644940,1/6/2023 09:42,0,261.1,133.5,0,0,60696,1/6/2023 12:45,1/6/2023,1200,1300
2645134,1/6/2023 10:45,0,197.81,101.14,0,0,90908,1/6/2023 20:15,1/6/2023,2000,2100
2644808,1/6/2023 08:50,0,82.71,42.29,0,0,140111,1/6/2023 12:28,1/6/2023,1200,1300
2644413,31/5/2023 22:33,0,63.37,32.4,0,0,138262,1/6/2023 10:54,1/6/2023,1000,1100
2645363,1/6/2023 12:09,0,191.91,98.12,0,0,74780,1/6/2023 15:22,1/6/2023,1500,1600
2644676,1/6/2023 07:15,0,169.91,86.88,0,0,32101,1/6/2023 19:52,1/6/2023,2000,2100
2644375,31/5/2023 22:06,0,60.67,31.02,0,0,42487,1/6/2023 15:04,1/6/2023,1500,1600
2645815,1/6/2023 14:44,0,103.94,53.14,0,0,83358,1/6/2023 19:44,1/6/2023,1900,2000
2646136,1/6/2023 16:23,0,34.4,17.59,0,0,167555,1/6/2023 19:39,1/6/2023,1900,2000
2646392,1/6/2023 18:14,0,95.96,49.06,31.52,16.12,135865,1/6/2023 20:26,1/6/2023,2100,2200
2645281,1/6/2023 11:37,0,46.56,23.8,0,0,68970,1/6/2023 15:46,1/6/2023,1600,1700
2646708,1/6/2023 21:49,0,134.23,68.63,0,0,142562,2/6/2023 08:41,2/6/2023,900,1000
2647473,2/6/2023 10:22,0,148.59,75.98,12.77,6.53,81370,2/6/2023 13:05,2/6/2023,1300,1400
2646834,1/6/2023 23:04,0,178.74,91.38,0,0,109126,2/6/2023 10:19,2/6/2023,1000,1100
2647843,2/6/2023 12:17,0,58.38,29.85,0,0,20689,2/6/2023 17:09,2/6/2023,1700,1800
2648632,2/6/2023 16:58,0,75.58,38.64,0,0,27901,2/6/2023 19:12,2/6/2023,1900,2000
2648927,2/6/2023 18:54,0,68.33,34.93,23.19,11.85,48247,2/6/2023 21:11,2/6/2023,2200,2300
2648374,2/6/2023 15:17,0,148.04,75.69,0,0,171490,2/6/2023 17:13,2/6/2023,1700,1800
2648184,2/6/2023 14:14,0,288.72,147.62,0,0,142443,2/6/2023 17:31,2/6/2023,1700,1800
2648336,2/6/2023 15:07,0,182.11,93.11,0,0,42759,2/6/2023 17:58,2/6/2023,1700,1800
2646540,1/6/2023 19:36,0,101.24,51.76,0,0,54933,2/6/2023 09:27,2/6/2023,900,1000
2647061,2/6/2023 07:34,0,58.42,29.87,0,0,88626,2/6/2023 10:58,2/6/2023,1100,1200
2647571,2/6/2023 10:50,0,76.32,39.02,0,0,163119,2/6/2023 14:00,2/6/2023,1400,1500
2647714,2/6/2023 11:31,0,88.21,45.1,0,0,70311,2/6/2023 13:56,2/6/2023,1400,1500
2647752,2/6/2023 11:41,0,85.76,43.85,0,0,139979,2/6/2023 13:56,2/6/2023,1400,1500
2648469,2/6/2023 15:45,0,133.07,68.04,0,0,182289,2/6/2023 19:18,2/6/2023,2000,2100
2646149,1/6/2023 16:27,0,82.07,41.97,0,0,151067,2/6/2023 09:32,2/6/2023,900,1000
2649925,3/6/2023 10:24,0,94.16,48.14,0,0,19685,3/6/2023 14:30,3/6/2023,1500,1600
2650215,3/6/2023 11:58,0,180.2,92.13,0,0,172167,3/6/2023 20:01,3/6/2023,2000,2100
2648244,2/6/2023 14:33,0,265.54,135.77,27.23,13.93,154199,3/6/2023 11:00,3/6/2023,1100,1200
2649867,3/6/2023 10:00,0,188.96,96.62,0,0,42272,3/6/2023 13:59,3/6/2023,1300,1400
2650061,3/6/2023 11:09,0,77.39,39.57,0,0,143693,3/6/2023 15:42,3/6/2023,1600,1700
2650463,3/6/2023 13:17,0,130.33,66.63,0,0,40639,3/6/2023 18:44,3/6/2023,1900,2000
2651158,3/6/2023 16:56,0,40.78,20.85,0,0,34172,3/6/2023 19:38,3/6/2023,2000,2100
2650260,3/6/2023 12:12,0,122.66,62.71,0,0,105569,3/6/2023 17:20,3/6/2023,1700,1800
2652357,4/6/2023 10:06,0,107.62,55.03,0,0,151980,4/6/2023 13:22,4/6/2023,1300,1400
2652193,4/6/2023 09:12,0,112.14,57.34,0,0,97354,4/6/2023 16:14,4/6/2023,1600,1700
2653879,4/6/2023 17:34,0,119.31,61,0,0,46027,4/6/2023 20:17,4/6/2023,2000,2100
2653197,4/6/2023 14:07,1,83.82,42.86,0,0,184496,4/6/2023 17:30,4/6/2023,1700,1800
2652893,4/6/2023 12:33,1,38.97,19.93,0,0,184485,4/6/2023 14:44,4/6/2023,1500,1600
2653339,4/6/2023 14:46,0,254.56,130.16,0,0,50995,4/6/2023 16:53,4/6/2023,1700,1800
2651611,3/6/2023 20:14,0,61.44,31.42,0,0,74387,4/6/2023 09:08,4/6/2023,900,1000
2651662,3/6/2023 20:41,0,125.25,64.04,0,0,54759,4/6/2023 11:34,4/6/2023,1100,1200
2651668,3/6/2023 20:43,0,117.01,59.83,0,0,36348,4/6/2023 09:11,4/6/2023,900,1000
2652886,4/6/2023 12:31,0,89.8,45.91,0,0,105653,4/6/2023 15:19,4/6/2023,1500,1600
2652957,4/6/2023 12:49,1,71.1,36.36,0,0,184484,4/6/2023 15:54,4/6/2023,1600,1700
2652474,4/6/2023 10:41,0,74.38,38.03,0,0,67048,4/6/2023 13:36,4/6/2023,1300,1400
2653233,4/6/2023 14:15,0,120.43,61.58,0,0,171349,4/6/2023 15:40,4/6/2023,1700,1800
2651917,3/6/2023 23:38,0,505.15,258.28,61.42,31.41,100338,4/6/2023 09:57,4/6/2023,1000,1100
2653463,4/6/2023 15:23,0,155.41,79.46,0,0,108667,4/6/2023 18:34,4/6/2023,1800,1900
2651587,3/6/2023 19:57,0,50.08,25.61,0,0,13371,4/6/2023 09:16,4/6/2023,900,1000
2653763,4/6/2023 16:52,0,81.04,41.43,0,0,98336,4/6/2023 20:16,4/6/2023,2000,2100
2655149,5/6/2023 11:03,0,154.12,78.8,0,0,23159,5/6/2023 13:46,5/6/2023,1300,1400
2654140,4/6/2023 19:32,0,112.79,57.67,0,0,76799,5/6/2023 08:24,5/6/2023,800,900
2656474,5/6/2023 18:43,0,182.89,93.51,0,0,154787,5/6/2023 22:25,5/6/2023,2200,2300
2654589,5/6/2023 03:12,0,154.88,79.19,0,0,60752,5/6/2023 11:06,5/6/2023,1100,1200
2654493,4/6/2023 23:41,0,50.16,25.64,0,0,150922,5/6/2023 12:47,5/6/2023,1200,1300
2655254,5/6/2023 11:29,0,61.17,31.28,0,0,80165,5/6/2023 13:38,5/6/2023,1400,1500
2656121,5/6/2023 16:13,0,150.57,76.99,0,0,173007,5/6/2023 18:27,5/6/2023,1900,2000
2654144,4/6/2023 19:33,0,49.07,25.09,0,0,114688,5/6/2023 08:40,5/6/2023,800,900
2654397,4/6/2023 22:11,0,57.98,29.64,0,0,37501,5/6/2023 12:21,5/6/2023,1200,1300
2656091,5/6/2023 15:59,0,122.66,62.71,0,0,162431,5/6/2023 20:22,5/6/2023,2000,2100
2653279,4/6/2023 14:26,0,74.1,37.89,0,0,128364,5/6/2023 13:21,5/6/2023,1300,1400
2655421,5/6/2023 12:19,0,52.51,26.84,0,0,134789,5/6/2023 16:29,5/6/2023,1600,1700
2656666,5/6/2023 20:59,0,128.81,65.86,0,0,35456,6/6/2023 14:02,6/6/2023,1400,1500
2656548,5/6/2023 19:22,0,121.46,62.11,0,0,75413,6/6/2023 08:34,6/6/2023,800,900
2656878,5/6/2023 23:58,0,289.73,148.14,0,0,41390,6/6/2023 11:00,6/6/2023,1100,1200
2657980,6/6/2023 14:39,0,81.85,41.85,20.98,10.72,11378,6/6/2023 20:20,6/6/2023,2000,2100
2656820,5/6/2023 23:00,0,94.23,48.18,12.23,6.25,43127,6/6/2023 09:33,6/6/2023,1000,1100
2658304,6/6/2023 16:40,0,77.57,39.66,0,0,55131,6/6/2023 19:37,6/6/2023,1900,2000
2656492,5/6/2023 18:54,0,77.45,39.6,7.23,3.7,25977,6/6/2023 09:27,6/6/2023,900,1000
2656879,5/6/2023 23:59,0,119.19,60.94,0,0,78072,6/6/2023 09:59,6/6/2023,1000,1100
2657961,6/6/2023 14:32,0,32.45,16.59,0,0,8689,6/6/2023 18:32,6/6/2023,1800,1900
2656595,5/6/2023 20:11,0,39.38,20.13,0,0,104069,6/6/2023 12:01,6/6/2023,1200,1300
2658236,6/6/2023 16:12,0,31.88,16.3,0,0,8506,6/6/2023 18:45,6/6/2023,1800,1900
2657433,6/6/2023 11:04,0,102.92,52.62,0,0,8830,6/6/2023 13:13,6/6/2023,1300,1400
2655415,5/6/2023 12:16,0,151.83,77.63,0,0,37762,6/6/2023 20:05,6/6/2023,2000,2100
2657152,6/6/2023 08:58,0,82.68,42.27,0,0,108610,6/6/2023 11:04,6/6/2023,1100,1200
2657186,6/6/2023 09:18,0,98.36,50.29,0,0,184008,6/6/2023 17:00,6/6/2023,1700,1800
2658387,6/6/2023 17:11,0,105.53,53.96,0,0,148729,7/6/2023 11:18,7/6/2023,1100,1200
2659365,7/6/2023 09:14,0,171.82,87.85,0,0,148877,7/6/2023 11:31,7/6/2023,1100,1200
2659909,7/6/2023 12:44,0,83.91,42.9,0,0,80254,7/6/2023 15:48,7/6/2023,1500,1600
2660263,7/6/2023 14:49,0,32.68,16.71,0,0,30213,7/6/2023 20:06,7/6/2023,2000,2100
2659420,7/6/2023 09:41,0,50.04,25.58,0,0,159785,7/6/2023 13:01,7/6/2023,1300,1400
2659328,7/6/2023 09:06,0,73.91,37.78,0,0,36477,7/6/2023 21:00,7/6/2023,2100,2200
2659274,7/6/2023 08:33,0,50.93,26.04,0,0,33327,7/6/2023 11:27,7/6/2023,1100,1200
2658679,6/6/2023 19:50,0,114.6,58.59,0,0,118382,7/6/2023 18:03,7/6/2023,1800,1900
2658837,6/6/2023 21:39,0,64.2,32.82,0,0,17380,7/6/2023 09:07,7/6/2023,900,1000
2658956,6/6/2023 22:52,0,89.05,45.53,0,0,122321,7/6/2023 10:44,7/6/2023,1100,1200
2658474,6/6/2023 18:03,0,111.51,57.01,0,0,104159,7/6/2023 11:52,7/6/2023,1200,1300
2660395,7/6/2023 15:40,0,40.84,20.88,0,0,104458,7/6/2023 22:21,7/6/2023,2200,2300
2659480,7/6/2023 10:07,0,203.63,104.11,0,0,97501,7/6/2023 15:13,7/6/2023,1500,1600
2658835,6/6/2023 21:38,0,73.03,37.34,0,0,175225,7/6/2023 10:11,7/6/2023,1000,1100
2660022,7/6/2023 13:23,0,232.18,118.71,0,0,13297,7/6/2023 19:16,7/6/2023,1900,2000
2658544,6/6/2023 18:32,0,262.95,134.45,0,0,8410,7/6/2023 09:03,7/6/2023,900,1000
2658942,6/6/2023 22:45,0,66.85,34.18,0,0,70773,7/6/2023 12:11,7/6/2023,1200,1300
2659760,7/6/2023 11:49,0,119.82,61.26,0,0,177319,7/6/2023 17:51,7/6/2023,1800,1900
2659977,7/6/2023 13:06,0,196.36,100.4,0,0,181602,7/6/2023 18:18,7/6/2023,1800,1900
2659445,7/6/2023 09:53,0,36.08,18.45,0,0,180576,7/6/2023 14:05,7/6/2023,1400,1500
2659727,7/6/2023 11:35,0,103.66,53.01,0,0,101768,7/6/2023 21:36,7/6/2023,2100,2200
2660871,7/6/2023 19:49,0,77.99,39.87,0,0,121539,8/6/2023 10:01,8/6/2023,1000,1100
2660749,7/6/2023 18:33,0,115.18,58.89,0,0,60132,8/6/2023 08:41,8/6/2023,900,1000
2663015,8/6/2023 17:23,0,91.27,46.67,0,0,8952,8/6/2023 20:53,8/6/2023,2000,2100
2661965,8/6/2023 11:14,0,44.94,22.98,0,0,145998,8/6/2023 14:30,8/6/2023,1400,1500
2662823,8/6/2023 16:08,0,48.8,24.95,0,0,10221,8/6/2023 19:52,8/6/2023,1900,2000
2661753,8/6/2023 10:16,0,123.63,63.21,0,0,100621,8/6/2023 13:40,8/6/2023,1300,1400
2663109,8/6/2023 18:09,0,89.74,45.88,0,0,43668,8/6/2023 21:45,8/6/2023,2100,2200
2661179,7/6/2023 23:19,0,82.4,42.14,0,0,107547,8/6/2023 13:07,8/6/2023,1300,1400
2661934,8/6/2023 11:04,0,32.67,16.7,0,0,74488,8/6/2023 13:07,8/6/2023,1300,1400
2662588,8/6/2023 14:40,0,120.72,61.73,0,0,142555,8/6/2023 17:10,8/6/2023,1700,1800
2660618,7/6/2023 17:22,0,95.45,48.81,0,0,159943,8/6/2023 12:09,8/6/2023,1200,1300
2664325,9/6/2023 11:36,0,66.89,34.2,0,0,92905,9/6/2023 14:17,9/6/2023,1400,1500
2664051,9/6/2023 09:58,0,102.29,52.3,0,0,7949,9/6/2023 18:42,9/6/2023,1900,2000
2663257,8/6/2023 19:14,0,260.04,132.96,0,0,11349,9/6/2023 09:24,9/6/2023,900,1000
2663560,8/6/2023 22:44,1,117.14,59.9,0,0,184770,9/6/2023 11:12,9/6/2023,1100,1200
2663324,8/6/2023 20:02,0,154.45,78.97,6.42,3.29,166883,9/6/2023 16:37,9/6/2023,1600,1700
2663720,9/6/2023 04:15,1,88.37,45.18,0,0,184828,9/6/2023 16:13,9/6/2023,1600,1700
2658814,6/6/2023 21:28,0,206.83,105.75,73.18,37.42,143585,9/6/2023 19:03,9/6/2023,1900,2000
2663024,8/6/2023 17:27,0,92.07,47.07,0,0,47600,9/6/2023 08:58,9/6/2023,800,900
2663914,9/6/2023 09:04,0,109,55.73,0,0,40816,9/6/2023 12:06,9/6/2023,1200,1300
2664355,9/6/2023 11:46,0,105.18,53.78,0,0,73996,9/6/2023 14:39,9/6/2023,1400,1500
2665033,9/6/2023 15:48,0,122.34,62.55,0,0,149459,9/6/2023 18:46,9/6/2023,1800,1900
2664100,9/6/2023 10:13,0,74.97,38.33,0,0,177495,9/6/2023 15:35,9/6/2023,1500,1600
2667105,10/6/2023 14:02,0,83.06,42.47,0,0,38590,10/6/2023 17:10,10/6/2023,1700,1800
2666912,10/6/2023 12:54,0,138.81,70.98,0,0,57223,10/6/2023 15:18,10/6/2023,1500,1600
2665793,9/6/2023 21:29,0,120.16,61.44,0,0,159048,10/6/2023 10:23,10/6/2023,1000,1100
2665332,9/6/2023 17:35,0,80.48,41.14,0,0,34351,10/6/2023 09:17,10/6/2023,900,1000
2665592,9/6/2023 19:20,0,201.19,102.87,0,0,58609,10/6/2023 09:17,10/6/2023,900,1000
2666002,10/6/2023 00:18,0,45.19,23.1,0,0,117257,10/6/2023 10:08,10/6/2023,1000,1100
2665795,9/6/2023 21:31,0,64.52,32.99,0,0,80918,10/6/2023 19:06,10/6/2023,1900,2000
2666763,10/6/2023 12:04,0,75.15,38.42,0,0,175074,10/6/2023 21:09,10/6/2023,2100,2200
2665659,9/6/2023 19:58,0,47.96,24.53,0,0,9271,10/6/2023 12:57,10/6/2023,1200,1300
2666057,10/6/2023 01:34,0,38.43,19.65,0,0,86289,10/6/2023 10:10,10/6/2023,1000,1100
2666830,10/6/2023 12:27,0,151.8,77.62,0,0,131085,10/6/2023 15:11,10/6/2023,1500,1600
2667304,10/6/2023 15:22,0,89.99,46.01,0,0,103682,10/6/2023 17:05,10/6/2023,1700,1800
2666051,10/6/2023 01:24,0,41.98,21.46,0,0,100726,10/6/2023 10:13,10/6/2023,1200,1300
2667067,10/6/2023 13:47,0,41.21,21.07,0,0,156245,10/6/2023 16:29,10/6/2023,1600,1700
2667255,10/6/2023 14:58,0,53.24,27.22,0,0,55841,10/6/2023 17:24,10/6/2023,1700,1800
2666454,10/6/2023 10:27,0,179.13,91.58,0,0,124739,10/6/2023 13:07,10/6/2023,1300,1400
2668492,11/6/2023 06:33,0,226.09,115.59,0,0,7916,11/6/2023 10:40,11/6/2023,1000,1100
2669326,11/6/2023 12:47,0,57.54,29.42,0,0,176656,11/6/2023 15:21,11/6/2023,1500,1600
2668539,11/6/2023 08:12,0,69.85,35.71,0,0,38639,11/6/2023 09:43,11/6/2023,1100,1200
2669056,11/6/2023 11:27,0,51.88,26.52,0,0,155834,11/6/2023 14:01,11/6/2023,1400,1500
2668178,10/6/2023 22:03,0,326.61,166.99,63.39,32.41,22491,11/6/2023 10:51,11/6/2023,1100,1200
2668849,11/6/2023 10:24,0,221.64,113.32,0,0,79372,11/6/2023 19:01,11/6/2023,1900,2000
2668160,10/6/2023 21:52,0,181.96,93.03,0,0,52833,11/6/2023 08:02,11/6/2023,800,900
2667932,10/6/2023 19:21,0,65.51,33.49,0,0,28318,11/6/2023 09:00,11/6/2023,900,1000
2670118,11/6/2023 16:31,0,24.59,12.58,0,0,23969,11/6/2023 20:32,11/6/2023,2000,2100
2670178,11/6/2023 16:53,0,85.52,43.73,0,0,88737,11/6/2023 20:38,11/6/2023,2000,2100
2671187,12/6/2023 09:35,0,107.05,54.73,0,0,107745,12/6/2023 13:57,12/6/2023,1300,1400
2670803,11/6/2023 23:31,0,168.31,86.05,0,0,52105,12/6/2023 10:40,12/6/2023,1000,1100
2670743,11/6/2023 22:37,0,53.44,27.33,0,0,90276,12/6/2023 10:00,12/6/2023,1000,1100
2672394,12/6/2023 15:58,0,36.94,18.88,0,0,29657,12/6/2023 19:19,12/6/2023,1900,2000
2670941,12/6/2023 06:58,0,88,44.99,0,0,105916,12/6/2023 11:09,12/6/2023,1100,1200
2671864,12/6/2023 13:08,0,103.98,53.16,0,0,119447,12/6/2023 19:31,12/6/2023,1900,2000
2671597,12/6/2023 11:56,0,183.72,93.93,0,0,69566,12/6/2023 14:23,12/6/2023,1400,1500
2671855,12/6/2023 13:06,0,39.87,20.38,0,0,7820,12/6/2023 16:48,12/6/2023,1600,1700
2672061,12/6/2023 14:14,0,44.98,23,0,0,81446,12/6/2023 17:05,12/6/2023,1700,1800
2670884,12/6/2023 01:05,0,29.88,15.27,0,0,43191,12/6/2023 22:30,12/6/2023,2200,2300
2671218,12/6/2023 09:50,0,77.42,39.59,0,0,68271,12/6/2023 14:30,12/6/2023,1600,1700
2672363,12/6/2023 15:51,0,93.49,47.8,0,0,8870,13/6/2023 10:03,13/6/2023,1000,1100
2674764,13/6/2023 15:39,0,133.86,68.44,0,0,54893,13/6/2023 18:23,13/6/2023,1800,1900
2673960,13/6/2023 11:20,0,67.69,34.61,0,0,29696,13/6/2023 13:22,13/6/2023,1400,1500
2673164,12/6/2023 22:06,0,225.11,115.1,2.65,1.35,23550,13/6/2023 20:12,13/6/2023,2000,2100
2673781,13/6/2023 10:19,0,46.71,23.88,0,0,73488,13/6/2023 13:46,13/6/2023,1300,1400
2673313,13/6/2023 00:01,0,56.68,28.98,0,0,14553,13/6/2023 18:07,13/6/2023,1800,1900
2673355,13/6/2023 00:48,0,106.29,54.35,0,0,57676,13/6/2023 10:13,13/6/2023,1000,1100
2675053,13/6/2023 17:00,0,138.94,71.04,9.15,4.67,93625,13/6/2023 20:05,13/6/2023,2000,2100
2674544,13/6/2023 14:30,0,43.35,22.16,0,0,134374,13/6/2023 17:40,13/6/2023,1700,1800
2672354,12/6/2023 15:49,0,182.14,93.13,0,0,27138,13/6/2023 10:16,13/6/2023,1000,1100
2674106,13/6/2023 12:08,0,88.6,45.3,0,0,69787,13/6/2023 17:35,13/6/2023,1700,1800
2673684,13/6/2023 09:49,0,39.47,20.18,0,0,70313,13/6/2023 14:20,13/6/2023,1600,1700
2676127,14/6/2023 09:42,0,245.4,125.46,0,0,15802,14/6/2023 13:47,14/6/2023,1300,1400
2677532,14/6/2023 18:10,0,39.39,20.14,0,0,66024,14/6/2023 21:14,14/6/2023,2100,2200
2676437,14/6/2023 11:31,0,115.21,58.9,0,0,59051,14/6/2023 13:42,14/6/2023,1400,1500
2676384,14/6/2023 11:08,0,141.65,72.42,28.2,14.42,61187,14/6/2023 14:36,14/6/2023,1400,1500
2672797,12/6/2023 18:09,0,55.52,28.38,0,0,84686,14/6/2023 15:03,14/6/2023,1500,1600
2675428,13/6/2023 20:02,0,62.3,31.86,0,0,21378,14/6/2023 08:11,14/6/2023,800,900
2672540,12/6/2023 16:47,1,100.82,51.54,0,0,185235,14/6/2023 13:24,14/6/2023,1300,1400
2676024,14/6/2023 08:54,0,192.71,98.53,78.98,40.38,8846,14/6/2023 11:24,14/6/2023,1100,1200
2676491,14/6/2023 11:52,0,78.52,40.15,0,0,41990,14/6/2023 14:12,14/6/2023,1400,1500
2676585,14/6/2023 12:27,0,109.57,56.02,0,0,21462,14/6/2023 15:25,14/6/2023,1500,1600
2674769,13/6/2023 15:40,0,83.03,42.46,0,0,90360,14/6/2023 09:54,14/6/2023,1000,1100
2676764,14/6/2023 13:27,0,94.78,48.46,0,0,29205,14/6/2023 18:35,14/6/2023,1900,2000
2675770,14/6/2023 00:08,0,150.98,77.19,0,0,106684,14/6/2023 10:08,14/6/2023,1000,1100
2676192,14/6/2023 10:09,0,88.4,45.2,0,0,35924,14/6/2023 14:14,14/6/2023,1400,1500
2675346,13/6/2023 19:04,0,136.25,69.67,0,0,152376,14/6/2023 10:25,14/6/2023,1000,1100
2676020,14/6/2023 08:52,0,57.85,29.58,0,0,58365,14/6/2023 11:08,14/6/2023,1100,1200
2676562,14/6/2023 12:18,0,67.44,34.48,0,0,155895,14/6/2023 15:03,14/6/2023,1500,1600
2677403,14/6/2023 17:13,0,398.44,203.72,0,0,22460,14/6/2023 20:49,14/6/2023,2000,2100
2679672,15/6/2023 15:50,0,148.33,75.84,0,0,177439,15/6/2023 19:41,15/6/2023,1900,2000
2678981,15/6/2023 12:40,0,66.02,33.76,0,0,117788,15/6/2023 15:13,15/6/2023,1500,1600
2678867,15/6/2023 12:08,1,51.87,26.52,0,0,185480,15/6/2023 17:15,15/6/2023,1700,1800
2678469,15/6/2023 09:43,0,192.38,98.36,0,0,81307,15/6/2023 13:30,15/6/2023,1300,1400
2678388,15/6/2023 09:18,0,76.65,39.19,0,0,24197,15/6/2023 12:38,15/6/2023,1200,1300
2679077,15/6/2023 13:05,0,39.76,20.33,0,0,166915,15/6/2023 16:28,15/6/2023,1700,1800
2678117,15/6/2023 02:04,0,78.45,40.11,0,0,23644,15/6/2023 12:26,15/6/2023,1200,1300
2680013,15/6/2023 18:11,1,316.58,161.86,0,0,185529,15/6/2023 21:11,15/6/2023,2100,2200
2682309,16/6/2023 17:16,0,50.98,26.07,0,0,165810,16/6/2023 20:47,16/6/2023,2000,2100
2674826,13/6/2023 15:53,0,151.29,77.35,46.03,23.53,98601,16/6/2023 13:34,16/6/2023,1300,1400
2681204,16/6/2023 10:49,0,27.55,14.08,0,0,55947,16/6/2023 17:24,16/6/2023,1700,1800
2681652,16/6/2023 13:03,0,54.42,27.82,0,0,184396,16/6/2023 16:48,16/6/2023,1600,1700
2680537,15/6/2023 23:25,0,120.08,61.39,0,0,169705,16/6/2023 10:34,16/6/2023,1000,1100
2681543,16/6/2023 12:29,0,239.77,122.59,58.15,29.74,24318,16/6/2023 18:41,16/6/2023,1800,1900
2681498,16/6/2023 12:15,0,138.32,70.72,0,0,7804,16/6/2023 15:31,16/6/2023,1500,1600
2682218,16/6/2023 16:38,0,102.46,52.39,0,0,169655,16/6/2023 19:29,16/6/2023,1900,2000
2682405,16/6/2023 17:50,0,90.36,46.2,0,0,176772,16/6/2023 21:10,16/6/2023,2100,2200
2679942,15/6/2023 17:35,0,171.42,87.65,0,0,63327,16/6/2023 14:14,16/6/2023,1400,1500
2682054,16/6/2023 15:40,0,152.83,78.14,0,0,79076,16/6/2023 18:02,16/6/2023,1800,1900
2681298,16/6/2023 11:18,0,69.99,35.78,27.54,14.08,181026,16/6/2023 13:57,16/6/2023,1400,1500
2681621,16/6/2023 12:55,0,124.77,63.8,8.84,4.52,58633,16/6/2023 15:52,16/6/2023,1500,1600
2680447,15/6/2023 22:41,0,121.89,62.32,0,0,52105,16/6/2023 09:35,16/6/2023,900,1000
2681102,16/6/2023 10:10,0,73.74,37.7,0,0,142388,16/6/2023 12:45,16/6/2023,1300,1400
2680326,15/6/2023 21:34,0,167.71,85.75,0,0,11530,16/6/2023 09:00,16/6/2023,900,1000
2681028,16/6/2023 09:47,0,146.66,74.98,0,0,149459,16/6/2023 12:58,16/6/2023,1300,1400
2681862,16/6/2023 14:25,0,84.13,43.02,0,0,63848,16/6/2023 16:10,16/6/2023,1600,1700
2682139,16/6/2023 16:09,0,170.37,87.11,0,0,170795,16/6/2023 19:22,16/6/2023,1900,2000
2681557,16/6/2023 12:32,0,223.79,114.42,0,0,176342,16/6/2023 19:37,16/6/2023,1900,2000
2684708,17/6/2023 15:16,0,83.44,42.66,0,0,42501,17/6/2023 19:44,17/6/2023,2000,2100
2684111,17/6/2023 12:43,0,102.8,52.56,0,0,49544,17/6/2023 16:31,17/6/2023,1600,1700
2683697,17/6/2023 11:02,0,121.43,62.08,0,0,65590,17/6/2023 14:32,17/6/2023,1400,1500
2683373,17/6/2023 09:45,0,78.79,40.28,0,0,124587,17/6/2023 12:00,17/6/2023,1200,1300
2683384,17/6/2023 09:47,0,44.91,22.96,0,0,49250,17/6/2023 13:02,17/6/2023,1200,1300
2684705,17/6/2023 15:15,0,116.27,59.45,0,0,108363,17/6/2023 19:14,17/6/2023,1900,2000
2685125,17/6/2023 17:29,0,100.61,51.45,0,0,139980,17/6/2023 20:36,17/6/2023,2000,2100
2682203,16/6/2023 16:33,0,82.09,41.97,0,0,9217,17/6/2023 09:07,17/6/2023,900,1000
2683028,17/6/2023 00:54,0,149.68,76.53,0,0,10789,17/6/2023 16:17,17/6/2023,1600,1700
2683777,17/6/2023 11:24,0,51.39,26.28,0,0,70003,17/6/2023 13:44,17/6/2023,1400,1500
2684923,17/6/2023 16:18,0,110.93,56.72,0,0,112459,17/6/2023 20:33,17/6/2023,2000,2100
2682839,16/6/2023 22:03,0,45.67,23.35,0,0,156782,17/6/2023 15:07,17/6/2023,1500,1600
2683868,17/6/2023 11:47,0,106.99,54.71,0,0,29792,17/6/2023 14:30,17/6/2023,1500,1600
2684377,17/6/2023 13:53,0,58.18,29.75,0,0,22079,17/6/2023 19:26,17/6/2023,1900,2000
2684661,17/6/2023 15:03,0,47.19,24.12,0,0,135836,17/6/2023 18:23,17/6/2023,1800,1900
2684484,17/6/2023 14:20,0,211.96,108.37,0,0,135302,17/6/2023 17:29,17/6/2023,1800,1900
2685047,17/6/2023 17:00,0,380.77,194.68,0,0,155942,17/6/2023 20:37,17/6/2023,2000,2100
2683611,17/6/2023 10:43,0,145.39,74.34,0,0,69495,17/6/2023 15:10,17/6/2023,1600,1700
2678165,15/6/2023 06:35,0,190.47,97.38,0,0,40639,18/6/2023 17:57,18/6/2023,1800,1900
2685518,17/6/2023 20:32,0,71.71,36.66,0,0,65152,18/6/2023 10:01,18/6/2023,1000,1100
2686586,18/6/2023 11:51,0,162.72,83.2,0,0,66088,18/6/2023 15:24,18/6/2023,1500,1600
2686493,18/6/2023 11:27,0,259.61,132.74,0,0,46742,18/6/2023 17:16,18/6/2023,1700,1800
2686886,18/6/2023 13:15,0,54.33,27.78,0,0,57815,18/6/2023 16:21,18/6/2023,1600,1700
2686776,18/6/2023 12:46,1,59.42,30.38,0,0,51892,18/6/2023 19:32,18/6/2023,2000,2100
2686299,18/6/2023 10:23,0,109.84,56.16,0,0,36392,18/6/2023 13:13,18/6/2023,1300,1400
2687577,18/6/2023 17:09,0,86.64,44.3,0,0,122588,18/6/2023 21:34,18/6/2023,2100,2200
2686148,18/6/2023 09:24,0,58.38,29.85,0,0,168548,18/6/2023 11:48,18/6/2023,1200,1300
2686987,18/6/2023 13:43,0,40.73,20.83,0,0,115166,18/6/2023 18:16,18/6/2023,1800,1900
2685422,17/6/2023 19:36,0,151.59,77.5,0,0,83236,18/6/2023 19:15,18/6/2023,1900,2000
2689635,19/6/2023 17:03,0,216.37,110.63,0,0,54595,19/6/2023 20:27,19/6/2023,2000,2100
2688392,19/6/2023 09:04,0,105.9,54.15,27.42,14.02,62514,19/6/2023 12:47,19/6/2023,1200,1300
2689223,19/6/2023 14:15,0,110.97,56.74,0,0,66210,19/6/2023 17:05,19/6/2023,1700,1800
2687842,18/6/2023 19:38,0,187.98,96.11,0,0,151373,19/6/2023 08:36,19/6/2023,800,900
2688549,19/6/2023 10:09,0,184.71,94.44,0,0,113363,19/6/2023 12:26,19/6/2023,1200,1300
2689341,19/6/2023 14:57,0,44.32,22.66,0,0,16296,19/6/2023 17:03,19/6/2023,1700,1800
2688658,19/6/2023 10:49,0,93.89,48,0,0,182479,19/6/2023 13:13,19/6/2023,1300,1400
2689446,19/6/2023 15:41,0,82.75,42.31,0,0,26676,19/6/2023 18:30,19/6/2023,1800,1900
2688501,19/6/2023 09:55,0,73.92,37.79,0,0,67213,19/6/2023 20:00,19/6/2023,2000,2100
2687934,18/6/2023 20:53,0,48.23,24.66,1.32,0.68,123050,19/6/2023 08:11,19/6/2023,800,900
2688021,18/6/2023 21:57,0,179.16,91.61,0,0,49751,19/6/2023 09:16,19/6/2023,900,1000
2688524,19/6/2023 10:05,0,114.13,58.35,0,0,8265,19/6/2023 12:28,19/6/2023,1200,1300
2688744,19/6/2023 11:21,0,170.2,87.02,0,0,54998,19/6/2023 19:25,19/6/2023,1900,2000
2689279,19/6/2023 14:35,0,93.4,47.76,0,0,68800,19/6/2023 20:47,19/6/2023,2100,2200
2690120,19/6/2023 22:49,0,90.94,46.49,17.22,8.81,18215,20/6/2023 12:43,20/6/2023,1200,1300
2690976,20/6/2023 13:01,0,190.16,97.23,0,0,44518,20/6/2023 16:30,20/6/2023,1600,1700
2691299,20/6/2023 15:19,0,53.72,27.47,0,0,9147,20/6/2023 18:05,20/6/2023,1800,1900
2690614,20/6/2023 10:37,0,106.41,54.41,0,0,38240,20/6/2023 13:43,20/6/2023,1300,1400
2690268,20/6/2023 03:57,0,112.51,57.53,0,0,53767,20/6/2023 11:00,20/6/2023,1100,1200
2691486,20/6/2023 16:29,0,65,33.23,0,0,51533,20/6/2023 19:12,20/6/2023,1900,2000
2689652,19/6/2023 17:12,0,103.83,53.09,0,0,89049,20/6/2023 08:21,20/6/2023,800,900
2690857,20/6/2023 12:15,0,73.31,37.49,0,0,181901,20/6/2023 15:00,20/6/2023,1500,1600
2690977,20/6/2023 13:02,0,146.29,74.8,28.49,14.56,9345,20/6/2023 16:48,20/6/2023,1700,1800
2691535,20/6/2023 16:48,0,86.3,44.12,0,0,103622,20/6/2023 19:36,20/6/2023,1900,2000
2693293,21/6/2023 15:43,0,104.71,53.54,0,0,29688,21/6/2023 18:09,21/6/2023,1800,1900
2692468,21/6/2023 09:46,0,30.32,15.5,0,0,62972,21/6/2023 12:05,21/6/2023,1200,1300
2692521,21/6/2023 10:09,0,104.42,53.39,0,0,113994,21/6/2023 13:54,21/6/2023,1300,1400
2692682,21/6/2023 11:21,0,69.85,35.71,0,0,39886,21/6/2023 13:55,21/6/2023,1400,1500
2693245,21/6/2023 15:28,0,114.95,58.77,0,0,134937,21/6/2023 18:01,21/6/2023,1800,1900
2693138,21/6/2023 14:46,0,179.11,91.57,0,0,20785,21/6/2023 19:11,21/6/2023,1900,2000
2692531,21/6/2023 10:16,0,136.25,69.66,0,0,95322,21/6/2023 16:16,21/6/2023,1600,1700
2692930,21/6/2023 13:13,0,27.77,14.2,0,0,25857,21/6/2023 18:20,21/6/2023,1800,1900
2692458,21/6/2023 09:42,0,23.24,11.88,0,0,182214,21/6/2023 12:44,21/6/2023,1200,1300
2692550,21/6/2023 10:22,0,181.18,92.63,0,0,23308,21/6/2023 13:47,21/6/2023,1300,1400
2693330,21/6/2023 16:04,0,53.88,27.55,0,0,90214,21/6/2023 18:11,21/6/2023,1800,1900
2692058,20/6/2023 23:03,0,111.08,56.79,0,0,88722,21/6/2023 09:49,21/6/2023,1000,1100
2692827,21/6/2023 12:24,0,111.76,57.14,0,0,81357,21/6/2023 19:17,21/6/2023,1900,2000
2692219,21/6/2023 05:43,0,41.46,21.2,0,0,128790,21/6/2023 10:55,21/6/2023,1100,1200
2694505,22/6/2023 10:30,0,26.73,13.67,0,0,160590,22/6/2023 13:37,22/6/2023,1300,1400
2693840,21/6/2023 21:49,0,58.23,29.78,0,0,163750,22/6/2023 10:08,22/6/2023,1000,1100
2694372,22/6/2023 09:26,0,147.68,75.51,0,0,114467,22/6/2023 11:54,22/6/2023,1200,1300
2695769,22/6/2023 17:51,0,116.83,59.73,0,0,15053,22/6/2023 20:13,22/6/2023,2000,2100
2693578,21/6/2023 18:07,0,154.64,79.07,0,0,103425,22/6/2023 08:35,22/6/2023,800,900
2694352,22/6/2023 09:20,0,59.74,30.54,0,0,64816,22/6/2023 11:39,22/6/2023,1200,1300
2695803,22/6/2023 18:10,0,106.93,54.67,0,0,168325,22/6/2023 22:39,22/6/2023,2200,2300
2694459,22/6/2023 10:04,0,201.93,103.24,0,0,48455,22/6/2023 20:09,22/6/2023,2000,2100
2693185,21/6/2023 15:04,0,363.04,185.62,0,0,185955,22/6/2023 09:46,22/6/2023,1000,1100
2694495,22/6/2023 10:24,0,41.46,21.2,0,0,24912,22/6/2023 12:18,22/6/2023,1200,1300
2695741,22/6/2023 17:40,0,147.53,75.43,19.07,9.74,122588,22/6/2023 21:20,22/6/2023,2100,2200
2693182,21/6/2023 15:03,0,158.19,80.88,0,0,89512,22/6/2023 10:47,22/6/2023,1000,1100
2693978,21/6/2023 23:43,0,46.64,23.85,0,0,129327,22/6/2023 11:01,22/6/2023,1100,1200
2696164,22/6/2023 22:31,0,92.23,47.16,0,0,130278,23/6/2023 14:35,23/6/2023,1500,1600
2697401,23/6/2023 14:00,0,951.73,486.61,0,0,108628,23/6/2023 16:51,23/6/2023,1600,1700
2696955,23/6/2023 11:12,0,121.31,62.02,0,0,81357,23/6/2023 14:01,23/6/2023,1400,1500
2696180,22/6/2023 22:40,0,105.53,53.96,0,0,33487,23/6/2023 10:36,23/6/2023,1000,1100
2697709,23/6/2023 15:53,0,111.27,56.89,0,0,10127,23/6/2023 18:57,23/6/2023,1800,1900
2690746,20/6/2023 11:28,0,181.01,92.55,0,0,118818,23/6/2023 10:21,23/6/2023,1000,1100
2695968,22/6/2023 19:48,0,107.66,55.04,0,0,185511,23/6/2023 08:52,23/6/2023,800,900
2696242,22/6/2023 23:23,0,211.75,108.27,0,0,76317,23/6/2023 10:28,23/6/2023,1000,1100
2697614,23/6/2023 15:17,0,120.2,61.46,0,0,77186,23/6/2023 18:08,23/6/2023,1800,1900
2697026,23/6/2023 11:33,0,105.07,53.72,0,0,179438,23/6/2023 17:32,23/6/2023,1700,1800
2696568,23/6/2023 09:00,0,92.29,47.19,0,0,90880,23/6/2023 14:24,23/6/2023,1400,1500
2698787,24/6/2023 09:41,1,52.57,26.88,0,0,186209,24/6/2023 11:51,24/6/2023,1200,1300
2699323,24/6/2023 13:23,0,142.24,72.72,0,0,70152,24/6/2023 16:48,24/6/2023,1600,1700
2698601,24/6/2023 07:23,0,181.13,92.61,0,0,8876,24/6/2023 10:57,24/6/2023,1000,1100
2699720,24/6/2023 15:58,0,130.38,66.66,0,0,9224,24/6/2023 19:40,24/6/2023,1900,2000
2697664,23/6/2023 15:33,0,425.97,217.8,0,0,60198,24/6/2023 08:29,24/6/2023,900,1000
2698761,24/6/2023 09:30,0,53.82,27.52,0,0,79499,24/6/2023 12:36,24/6/2023,1200,1300
2698907,24/6/2023 10:40,0,82.59,42.23,0,0,96540,24/6/2023 13:52,24/6/2023,1300,1400
2698686,24/6/2023 08:49,0,81.39,41.61,0,0,44363,24/6/2023 12:23,24/6/2023,1200,1300
2698592,24/6/2023 06:42,0,57.13,29.21,0,0,183703,24/6/2023 12:14,24/6/2023,1200,1300
2698823,24/6/2023 09:53,0,207.53,106.11,0,0,7615,24/6/2023 12:10,24/6/2023,1200,1300
2698293,23/6/2023 21:31,0,88.1,45.04,0,0,178826,24/6/2023 09:23,24/6/2023,900,1000
2699994,24/6/2023 17:56,0,65.24,33.36,0,0,69566,24/6/2023 21:45,24/6/2023,2100,2200
2701153,25/6/2023 11:07,0,82.97,42.42,0,0,169792,25/6/2023 14:14,25/6/2023,1400,1500
2700287,24/6/2023 20:35,0,67.03,34.27,3.27,1.68,11709,25/6/2023 10:40,25/6/2023,1000,1100
2700953,25/6/2023 09:59,0,107.96,55.2,0,0,176079,25/6/2023 12:40,25/6/2023,1300,1400
2700215,24/6/2023 19:50,0,369.27,188.81,0,0,181602,25/6/2023 11:04,25/6/2023,1100,1200
2701168,25/6/2023 11:11,0,112.54,57.55,0,0,92905,25/6/2023 13:52,25/6/2023,1400,1500
2701277,25/6/2023 11:45,0,34.82,17.81,0,0,124246,25/6/2023 15:36,25/6/2023,1500,1600
2701643,25/6/2023 13:39,0,62.24,31.82,0,0,182440,25/6/2023 16:01,25/6/2023,1600,1700
2704528,26/6/2023 17:01,0,56.66,28.97,12.73,6.51,118150,26/6/2023 20:36,26/6/2023,2000,2100
2703100,26/6/2023 08:11,0,110.28,56.39,11.83,6.05,63688,26/6/2023 11:03,26/6/2023,1100,1200
2703715,26/6/2023 12:12,0,137.84,70.47,0,0,146017,26/6/2023 16:29,26/6/2023,1600,1700
2702792,25/6/2023 22:11,0,156.33,79.93,0,0,179196,26/6/2023 10:43,26/6/2023,1000,1100
2703438,26/6/2023 10:40,0,89.44,45.73,0,0,62891,26/6/2023 13:57,26/6/2023,1300,1400
2702703,25/6/2023 20:53,0,105.44,53.91,0,0,124156,26/6/2023 16:37,26/6/2023,1700,1800
2703471,26/6/2023 10:51,0,51.46,26.31,0,0,99638,26/6/2023 13:28,26/6/2023,1300,1400
2704520,26/6/2023 16:57,0,106.39,54.4,0,0,18928,26/6/2023 20:04,26/6/2023,2000,2100
2702487,25/6/2023 18:10,0,185.59,94.89,0,0,141896,26/6/2023 09:38,26/6/2023,900,1000
2702557,25/6/2023 18:47,0,39.96,20.43,0,0,41257,26/6/2023 11:11,26/6/2023,1100,1200
2703738,26/6/2023 12:18,0,65.39,33.44,0,0,10530,26/6/2023 15:22,26/6/2023,1500,1600
2703838,26/6/2023 12:52,0,87.76,44.87,0,0,44144,26/6/2023 15:22,26/6/2023,1500,1600
2705212,27/6/2023 00:29,1,81.37,41.61,0,0,186438,27/6/2023 10:44,27/6/2023,1000,1100
2705555,27/6/2023 10:04,1,113.09,57.83,0,0,186453,27/6/2023 13:27,27/6/2023,1300,1400
2706110,27/6/2023 13:50,0,107.25,54.84,0,0,42654,27/6/2023 19:13,27/6/2023,1900,2000
2705426,27/6/2023 08:58,0,236.69,121.01,0,0,54279,27/6/2023 11:19,27/6/2023,1100,1200
2705616,27/6/2023 10:29,0,78.15,39.96,0,0,10141,27/6/2023 13:47,27/6/2023,1400,1500
2706168,27/6/2023 14:10,0,60.88,31.12,0,0,49882,27/6/2023 17:45,27/6/2023,1700,1800
2705487,27/6/2023 09:32,0,104.45,53.41,0,0,76222,27/6/2023 14:25,27/6/2023,1400,1500
2705122,26/6/2023 22:59,0,38.87,19.87,0,0,16732,27/6/2023 10:07,27/6/2023,1000,1100
2705678,27/6/2023 10:59,0,103.5,52.92,0,0,84754,27/6/2023 16:01,27/6/2023,1600,1700
2706333,27/6/2023 15:13,0,105.83,54.11,0,0,25379,27/6/2023 20:29,27/6/2023,2000,2100
2704834,26/6/2023 19:16,0,59.2,30.27,0,0,54390,27/6/2023 09:08,27/6/2023,900,1000
2706434,27/6/2023 15:50,0,79.09,40.44,0,0,11068,27/6/2023 18:40,27/6/2023,1800,1900
2705180,26/6/2023 23:56,0,31.96,16.35,0,0,15449,27/6/2023 11:34,27/6/2023,1100,1200
2706769,27/6/2023 18:22,0,84.17,43.04,0,0,11263,28/6/2023 12:07,28/6/2023,1200,1300
2707711,28/6/2023 10:55,1,106.78,54.59,0,0,186543,28/6/2023 13:23,28/6/2023,1300,1400
2707751,28/6/2023 11:12,0,54.42,27.83,0,0,8368,28/6/2023 13:08,28/6/2023,1300,1400
2708457,28/6/2023 16:00,0,138.6,70.87,0,0,50142,28/6/2023 18:19,28/6/2023,1800,1900
2707673,28/6/2023 10:37,0,116.88,59.76,0,0,94916,28/6/2023 13:40,28/6/2023,1300,1400
2706746,27/6/2023 18:08,0,153.63,78.55,0,0,116183,28/6/2023 09:26,28/6/2023,900,1000
2707009,27/6/2023 21:26,0,113.28,57.92,0,0,185131,28/6/2023 10:51,28/6/2023,1100,1200
2707328,28/6/2023 07:37,0,145.68,74.48,38.96,19.92,18229,28/6/2023 12:01,28/6/2023,1300,1400
2707176,27/6/2023 23:44,0,62.99,32.21,0,0,58341,28/6/2023 13:00,28/6/2023,1300,1400
2707527,28/6/2023 09:34,0,32.08,16.4,0,0,78196,28/6/2023 12:35,28/6/2023,1200,1300
2707629,28/6/2023 10:20,0,71.96,36.79,0,0,19258,28/6/2023 13:46,28/6/2023,1300,1400
2707698,28/6/2023 10:47,0,90.3,46.18,0,0,158119,28/6/2023 14:00,28/6/2023,1300,1400
2708161,28/6/2023 14:01,0,177.1,90.55,0,0,14488,28/6/2023 17:02,28/6/2023,1700,1800
2708411,28/6/2023 15:44,0,46.36,23.7,0,0,57858,28/6/2023 18:12,28/6/2023,1800,1900
2707410,28/6/2023 08:34,0,110.09,56.29,0,0,160001,28/6/2023 10:29,28/6/2023,1000,1100
2707978,28/6/2023 12:48,0,58.98,30.16,0,0,92570,28/6/2023 16:44,28/6/2023,1700,1800
2708783,28/6/2023 18:24,0,113.62,58.09,0,0,60984,28/6/2023 21:41,28/6/2023,2100,2200
2708142,28/6/2023 13:55,0,62.52,31.97,0,0,99516,28/6/2023 15:57,28/6/2023,1600,1700
2708620,28/6/2023 17:15,0,201.64,103.09,0,0,72386,28/6/2023 20:14,28/6/2023,2000,2100
2708344,28/6/2023 15:17,0,196.18,100.3,0,0,37940,29/6/2023 10:54,29/6/2023,1100,1200
2709579,29/6/2023 09:02,0,55.59,28.42,0,0,79174,29/6/2023 12:11,29/6/2023,1200,1300
2708614,28/6/2023 17:13,0,42.73,21.85,0,0,162155,29/6/2023 13:33,29/6/2023,1400,1500
2710522,29/6/2023 15:16,0,72.06,36.85,0,0,111721,29/6/2023 18:04,29/6/2023,1800,1900
2709318,29/6/2023 00:35,0,43.5,22.24,0,0,118551,29/6/2023 09:43,29/6/2023,1000,1100
2708436,28/6/2023 15:54,0,71.07,36.34,0,0,158871,29/6/2023 13:34,29/6/2023,1400,1500
2710058,29/6/2023 12:12,0,156.49,80.01,0,0,36282,29/6/2023 15:54,29/6/2023,1500,1600
2712347,30/6/2023 13:46,1,125.92,64.38,0,0,186689,30/6/2023 16:11,30/6/2023,1600,1700
2712555,30/6/2023 15:09,0,54.29,27.76,0,0,113792,30/6/2023 17:13,30/6/2023,1700,1800
2711847,30/6/2023 10:22,0,149.1,76.24,6.44,3.29,71460,30/6/2023 19:00,30/6/2023,1900,2000
2712337,30/6/2023 13:42,0,214.51,109.67,25.62,13.1,17677,30/6/2023 16:37,30/6/2023,1600,1700
2712634,30/6/2023 15:50,0,65.99,33.74,0,0,136586,30/6/2023 19:33,30/6/2023,1900,2000
2712202,30/6/2023 12:49,0,181.71,92.91,0,0,133577,30/6/2023 16:17,30/6/2023,1600,1700
2712260,30/6/2023 13:11,0,167.74,85.76,0,0,72482,30/6/2023 17:13,30/6/2023,1700,1800
2711993,30/6/2023 11:22,0,66.06,33.77,0,0,147774,30/6/2023 13:28,30/6/2023,1400,1500
2712053,30/6/2023 11:49,0,74.81,38.25,0,0,41494,30/6/2023 15:51,30/6/2023,1500,1600
2711402,30/6/2023 00:37,0,236.6,120.97,0,0,37475,30/6/2023 20:21,30/6/2023,2000,2100
2713407,30/6/2023 23:52,0,38.59,19.74,0,0,85162,1/7/2023 11:48,1/7/2023,1200,1300
2713671,1/7/2023 09:30,0,174.83,89.39,0,0,53634,1/7/2023 11:55,1/7/2023,1100,1200
2713103,30/6/2023 19:54,0,88.08,45.03,0,0,43997,1/7/2023 14:45,1/7/2023,1400,1500
2714308,1/7/2023 13:18,0,50.02,25.57,0,0,21137,1/7/2023 16:17,1/7/2023,1600,1700
2714919,1/7/2023 17:21,0,149.62,76.5,0,0,124297,1/7/2023 20:58,1/7/2023,2000,2100
2714987,1/7/2023 17:47,0,45.05,23.03,0,0,107941,1/7/2023 22:00,1/7/2023,2100,2200
2713116,30/6/2023 20:04,0,54.81,28.02,0,0,66093,1/7/2023 12:06,1/7/2023,1200,1300
2713866,1/7/2023 10:52,0,146.62,74.97,0,0,82648,1/7/2023 13:50,1/7/2023,1300,1400
2713129,30/6/2023 20:11,0,109.44,55.95,0,0,42609,1/7/2023 10:01,1/7/2023,1000,1100
2714874,1/7/2023 17:05,0,57.98,29.64,0,0,111222,1/7/2023 22:26,1/7/2023,2200,2300
2714423,1/7/2023 14:07,0,83.61,42.75,11.64,5.96,9840,1/7/2023 16:31,1/7/2023,1600,1700
2713387,30/6/2023 23:38,0,121.19,61.96,0,0,74312,1/7/2023 11:00,1/7/2023,1100,1200
2714407,1/7/2023 14:00,0,42.38,21.67,0,0,21571,1/7/2023 17:05,1/7/2023,1600,1700
2714169,1/7/2023 12:33,0,87.92,44.95,9.96,5.09,57565,1/7/2023 21:21,1/7/2023,2100,2200
2714237,1/7/2023 12:59,0,282.58,144.48,0,0,19231,1/7/2023 16:20,1/7/2023,1600,1700
2715089,1/7/2023 18:35,1,28.43,14.54,0,0,130005,1/7/2023 20:04,1/7/2023,2100,2200
2715376,1/7/2023 21:59,0,82.03,41.94,8.55,4.37,46185,2/7/2023 12:31,2/7/2023,1200,1300
2716241,2/7/2023 11:31,0,71.54,36.57,0,0,76518,2/7/2023 14:29,2/7/2023,1400,1500
2717263,2/7/2023 16:44,0,349.71,178.8,0,0,34407,2/7/2023 22:42,2/7/2023,2200,2300
2715937,2/7/2023 10:02,0,85.17,43.55,0,0,182217,2/7/2023 12:05,2/7/2023,1200,1300
2715982,2/7/2023 10:15,0,65.08,33.28,0,0,7696,2/7/2023 13:04,2/7/2023,1300,1400
2717047,2/7/2023 15:30,0,77.82,39.79,0,0,47552,2/7/2023 17:55,2/7/2023,1800,1900
2714539,1/7/2023 14:54,0,91.13,46.6,0,0,26078,2/7/2023 09:29,2/7/2023,1000,1100
2715149,1/7/2023 19:01,0,333.36,170.45,0,0,38545,2/7/2023 08:53,2/7/2023,900,1000
2716158,2/7/2023 11:01,0,180.11,92.09,0,0,9027,2/7/2023 14:23,2/7/2023,1400,1500
2717257,2/7/2023 16:42,0,134.76,68.9,0,0,161401,2/7/2023 20:45,2/7/2023,2100,2200
2717853,2/7/2023 22:40,0,126.66,64.77,0,0,93006,3/7/2023 09:47,3/7/2023,1000,1100
2717675,2/7/2023 20:02,0,54.08,27.65,0,0,58133,3/7/2023 10:14,3/7/2023,1000,1100
2718016,3/7/2023 05:03,0,95.78,48.97,0,0,53767,3/7/2023 12:05,3/7/2023,1200,1300
2719663,3/7/2023 18:39,0,188.83,96.54,0,0,108547,3/7/2023 21:37,3/7/2023,2100,2200
2712891,30/6/2023 17:42,0,79.92,40.87,0,0,164833,3/7/2023 09:39,3/7/2023,900,1000
2717022,2/7/2023 15:22,0,97.18,49.69,0,0,28966,3/7/2023 09:10,3/7/2023,900,1000
2718607,3/7/2023 12:03,0,50.02,25.58,0,0,146156,3/7/2023 16:08,3/7/2023,1600,1700
2718646,3/7/2023 12:14,0,67.88,34.7,0,0,107238,3/7/2023 18:05,3/7/2023,1800,1900
2717979,3/7/2023 01:49,0,157.2,80.38,0,0,49720,3/7/2023 10:36,3/7/2023,1000,1100
2718459,3/7/2023 11:09,0,114.63,58.61,0,0,132811,3/7/2023 14:22,3/7/2023,1400,1500
2719419,3/7/2023 16:48,0,343.02,175.39,0,0,36545,3/7/2023 21:00,3/7/2023,2000,2100
2714255,1/7/2023 13:03,0,139.45,71.3,0,0,85138,3/7/2023 08:41,3/7/2023,800,900
2717398,2/7/2023 17:37,0,134.18,68.61,0,0,150584,3/7/2023 10:25,3/7/2023,1000,1100
2718392,3/7/2023 10:49,0,37.51,19.18,0,0,144878,3/7/2023 15:31,3/7/2023,1500,1600
2718310,3/7/2023 10:19,0,121.6,62.17,0,0,87383,4/7/2023 09:25,4/7/2023,900,1000
2720977,4/7/2023 12:51,0,141.3,72.24,0,0,24501,4/7/2023 15:38,4/7/2023,1500,1600
2721618,4/7/2023 17:00,0,33.51,17.13,0,0,30516,4/7/2023 20:15,4/7/2023,2000,2100
2720290,4/7/2023 08:23,0,107.2,54.81,0,0,171036,4/7/2023 10:30,4/7/2023,1100,1200
2720326,4/7/2023 08:48,0,119.47,61.08,0,0,63865,4/7/2023 14:42,4/7/2023,1500,1600
2719621,3/7/2023 18:18,0,56.44,28.85,0,0,75564,4/7/2023 08:02,4/7/2023,800,900
2719919,3/7/2023 21:21,0,130.41,66.67,0,0,25739,4/7/2023 20:01,4/7/2023,2000,2100
2719940,3/7/2023 21:40,0,125.27,64.05,0,0,96241,4/7/2023 11:30,4/7/2023,1100,1200
2721567,4/7/2023 16:39,0,174.06,89,57.47,29.38,9311,4/7/2023 19:55,4/7/2023,1900,2000
2721740,4/7/2023 17:40,1,80,40.9,0,0,187112,4/7/2023 21:49,4/7/2023,2100,2200
2721259,4/7/2023 14:37,0,125.17,64,0,0,9871,4/7/2023 17:40,4/7/2023,1700,1800
2720929,4/7/2023 12:36,0,85.43,43.68,0,0,141102,4/7/2023 19:21,4/7/2023,1900,2000
2719897,3/7/2023 21:12,0,189,96.63,0,0,61443,4/7/2023 10:50,4/7/2023,1000,1100
2721788,4/7/2023 17:54,0,52.96,27.07,0,0,16813,5/7/2023 14:36,5/7/2023,1400,1500
2722530,5/7/2023 08:58,0,75.26,38.49,0,0,65551,5/7/2023 10:50,5/7/2023,1100,1200
2722974,5/7/2023 11:51,0,60.11,30.73,0,0,158869,5/7/2023 14:23,5/7/2023,1400,1500
2723187,5/7/2023 13:12,0,134.79,68.92,6.12,3.13,141837,5/7/2023 19:04,5/7/2023,1900,2000
2721995,4/7/2023 19:51,0,98.25,50.24,0,0,34632,5/7/2023 10:30,5/7/2023,1000,1100
2723949,5/7/2023 17:29,0,75.82,38.77,0,0,184537,5/7/2023 20:48,5/7/2023,2100,2200
2724620,6/7/2023 07:30,0,109.13,55.79,0,0,76222,6/7/2023 10:21,6/7/2023,1000,1100
2724722,6/7/2023 09:01,0,53.32,27.26,0,0,89228,6/7/2023 11:43,6/7/2023,1100,1200
2724858,6/7/2023 10:06,0,286.3,146.39,0,0,182575,6/7/2023 12:45,6/7/2023,1200,1300
2725049,6/7/2023 11:21,1,114.05,58.31,0,0,187233,6/7/2023 14:15,6/7/2023,1400,1500
2725323,6/7/2023 12:59,0,93.59,47.85,0,0,134294,6/7/2023 19:15,6/7/2023,1900,2000
2724340,5/7/2023 21:46,0,36.91,18.87,0,0,43310,6/7/2023 19:19,6/7/2023,1900,2000
2727605,7/7/2023 13:42,0,63.57,32.5,14.23,7.28,64187,7/7/2023 18:14,7/7/2023,1800,1900
2726113,6/7/2023 18:07,0,120.1,61.41,0,0,178057,7/7/2023 18:59,7/7/2023,1900,2000
2728049,7/7/2023 16:15,0,66.1,33.8,0,0,16263,7/7/2023 19:35,7/7/2023,1900,2000
2727626,7/7/2023 13:50,0,215.57,110.22,0,0,9055,7/7/2023 16:13,7/7/2023,1600,1700
2727400,7/7/2023 12:17,0,70.75,36.17,0,0,70390,7/7/2023 20:21,7/7/2023,2000,2100
2728228,7/7/2023 17:26,1,40.54,20.73,0,0,187380,7/7/2023 19:57,7/7/2023,2000,2100
2726520,6/7/2023 23:06,0,284.65,145.53,0,0,27044,7/7/2023 10:34,7/7/2023,1000,1100
2726610,7/7/2023 00:30,0,237.6,121.48,45.13,23.07,87217,7/7/2023 18:27,7/7/2023,1900,2000
2728211,7/7/2023 17:20,0,193.92,99.15,0,0,98417,7/7/2023 18:59,7/7/2023,1900,2000
2728360,7/7/2023 18:24,1,48.65,24.87,0,0,187383,7/7/2023 21:28,7/7/2023,2100,2200
2726132,6/7/2023 18:14,0,129.54,66.23,0,0,85092,7/7/2023 13:03,7/7/2023,1300,1400
2726732,7/7/2023 06:35,0,56.7,28.99,0,0,20341,7/7/2023 17:59,7/7/2023,1900,2000
2727616,7/7/2023 13:47,0,142.99,73.11,0,0,47855,7/7/2023 20:07,7/7/2023,2000,2100
2727450,7/7/2023 12:37,0,108.07,55.25,0,0,56922,7/7/2023 15:44,7/7/2023,1500,1600
2727812,7/7/2023 14:53,0,167.26,85.52,67.77,34.65,68838,7/7/2023 17:13,7/7/2023,1700,1800
2727805,7/7/2023 14:51,0,102.69,52.51,0,0,110594,7/7/2023 19:35,7/7/2023,1900,2000
2728294,7/7/2023 17:54,0,78.65,40.21,0,0,90674,7/7/2023 20:55,7/7/2023,2000,2100
2728074,7/7/2023 16:23,0,97.54,49.87,0,0,127539,7/7/2023 18:54,7/7/2023,1900,2000
2728682,7/7/2023 22:16,0,193.83,99.1,0,0,19138,8/7/2023 09:40,8/7/2023,900,1000
2728907,8/7/2023 02:20,0,154.7,79.1,0,0,26043,8/7/2023 11:40,8/7/2023,1100,1200
2729685,8/7/2023 13:08,0,64.91,33.18,0,0,124296,8/7/2023 16:55,8/7/2023,1600,1700
2730110,8/7/2023 15:52,0,99.33,50.79,0,0,64714,8/7/2023 17:39,8/7/2023,1800,1900
2728826,8/7/2023 00:14,0,86.81,44.39,0,0,58049,8/7/2023 20:10,8/7/2023,2100,2200
2726910,7/7/2023 09:03,0,65,33.23,0,0,180881,8/7/2023 08:00,8/7/2023,800,900
2725920,6/7/2023 16:40,0,194.8,99.6,55.94,28.6,39955,8/7/2023 08:02,8/7/2023,800,900
2728388,7/7/2023 18:41,0,50.14,25.64,0,0,98472,8/7/2023 17:17,8/7/2023,1700,1800
2731752,9/7/2023 12:47,0,162.09,82.87,0,0,103859,9/7/2023 16:01,9/7/2023,1600,1700
2731829,9/7/2023 13:10,0,115.73,59.17,0,0,179065,9/7/2023 14:45,9/7/2023,1500,1600
2731306,9/7/2023 10:19,0,99.22,50.73,0,0,166883,9/7/2023 16:01,9/7/2023,1600,1700
2731550,9/7/2023 11:38,0,32.07,16.4,0,0,157856,9/7/2023 17:12,9/7/2023,1700,1800
2730292,8/7/2023 17:11,0,46.86,23.96,0,0,19888,9/7/2023 08:03,9/7/2023,800,900
2731469,9/7/2023 11:16,0,54.36,27.79,0,0,24886,9/7/2023 14:41,9/7/2023,1400,1500
2729019,8/7/2023 08:16,0,782.37,400.02,0,0,59103,9/7/2023 11:05,9/7/2023,1100,1200
2730928,9/7/2023 01:00,0,168.78,86.29,12.39,6.33,52921,9/7/2023 10:16,9/7/2023,1000,1100
2731254,9/7/2023 10:04,0,52.32,26.75,0,0,168086,9/7/2023 12:26,9/7/2023,1300,1400
2731877,9/7/2023 13:32,0,274.57,140.38,0,0,96323,9/7/2023 16:19,9/7/2023,1600,1700
2728385,7/7/2023 18:39,0,310.01,158.51,0,0,103425,9/7/2023 17:25,9/7/2023,1900,2000
2731090,9/7/2023 08:29,0,153.42,78.44,0,0,46492,9/7/2023 18:21,9/7/2023,1800,1900
2734269,10/7/2023 14:10,0,76.2,38.96,0,0,59328,10/7/2023 19:34,10/7/2023,1900,2000
2734662,10/7/2023 16:23,1,110.06,56.27,0,0,187654,10/7/2023 19:26,10/7/2023,1900,2000
2734892,10/7/2023 18:02,0,41.44,21.19,0,0,26458,10/7/2023 20:50,10/7/2023,2100,2200
2733011,9/7/2023 22:26,0,74.89,38.29,0,0,89049,10/7/2023 10:48,10/7/2023,1000,1100
2733946,10/7/2023 12:28,0,59.28,30.31,0,0,175359,10/7/2023 15:07,10/7/2023,1500,1600
2733911,10/7/2023 12:16,0,103.85,53.1,0,0,80437,10/7/2023 18:37,10/7/2023,1800,1900
2734452,10/7/2023 15:05,0,121.71,62.23,0,0,95351,10/7/2023 19:23,10/7/2023,1900,2000
2732903,9/7/2023 21:00,0,389.7,199.25,111.18,56.85,9560,10/7/2023 10:44,10/7/2023,1000,1100
2733510,10/7/2023 10:00,0,78.34,40.05,0,0,37569,10/7/2023 12:37,10/7/2023,1300,1400
2733037,9/7/2023 22:49,0,52.17,26.67,17.7,9.05,59328,10/7/2023 10:04,10/7/2023,1000,1100
2733566,10/7/2023 10:22,0,108.01,55.22,0,0,27491,10/7/2023 13:24,10/7/2023,1300,1400
2733980,10/7/2023 12:39,0,117.28,59.97,0,0,77095,10/7/2023 15:18,10/7/2023,1500,1600
2733594,10/7/2023 10:32,0,127.24,65.06,0,0,177741,10/7/2023 13:05,10/7/2023,1300,1400
2733617,10/7/2023 10:44,1,120.85,61.79,13.93,7.12,187598,10/7/2023 19:37,10/7/2023,1900,2000
2734877,10/7/2023 17:57,0,108.06,55.25,0,0,66642,10/7/2023 20:42,10/7/2023,2000,2100
2730541,8/7/2023 19:06,0,445.35,227.71,324.43,165.88,8732,11/7/2023 19:00,11/7/2023,1900,2000
2736317,11/7/2023 13:58,0,89.29,45.66,0,0,39582,11/7/2023 18:10,11/7/2023,1900,2000
2736057,11/7/2023 12:22,0,85.04,43.48,0,0,184148,11/7/2023 14:59,11/7/2023,1500,1600
2736636,11/7/2023 15:59,0,114.66,58.63,0,0,52219,11/7/2023 18:40,11/7/2023,1800,1900
2735438,11/7/2023 06:53,0,122.56,62.66,0,0,83358,11/7/2023 12:05,11/7/2023,1200,1300
2735969,11/7/2023 11:42,0,104.08,53.22,24.86,12.71,87974,11/7/2023 14:10,11/7/2023,1400,1500
2736037,11/7/2023 12:13,0,105.39,53.89,11.45,5.86,95345,11/7/2023 14:15,11/7/2023,1400,1500
2738024,12/7/2023 12:01,0,73.05,37.35,0,0,58211,12/7/2023 15:55,12/7/2023,1500,1600
2738150,12/7/2023 12:55,0,176.99,90.49,0,0,95843,12/7/2023 15:12,12/7/2023,1500,1600
2738159,12/7/2023 12:58,0,157.17,80.36,0,0,68086,12/7/2023 15:52,12/7/2023,1500,1600
2737526,12/7/2023 08:13,0,115.31,58.96,0,0,36186,12/7/2023 11:06,12/7/2023,1100,1200
2737819,12/7/2023 10:39,0,76.32,39.02,0,0,148877,12/7/2023 13:17,12/7/2023,1300,1400
2736363,11/7/2023 14:15,0,192.35,98.35,0,0,89340,12/7/2023 09:47,12/7/2023,900,1000
2737639,12/7/2023 09:24,0,169.44,86.63,92.13,47.1,95215,12/7/2023 12:32,12/7/2023,1200,1300
2738202,12/7/2023 13:18,0,230.03,117.62,0,0,43865,12/7/2023 15:24,12/7/2023,1600,1700
2738395,12/7/2023 14:26,0,41.76,21.35,0,0,170199,12/7/2023 17:33,12/7/2023,1700,1800
2738222,12/7/2023 13:27,0,53.79,27.5,0,0,168473,12/7/2023 16:15,12/7/2023,1600,1700
2737780,12/7/2023 10:23,0,68.63,35.09,0,0,50914,12/7/2023 18:11,12/7/2023,1800,1900
2738498,12/7/2023 15:05,0,97.84,50.02,0,0,73937,12/7/2023 17:27,12/7/2023,1700,1800
2739461,13/7/2023 00:40,0,130.65,66.8,0,0,66529,13/7/2023 10:27,13/7/2023,1000,1100
2739697,13/7/2023 08:54,0,134.55,68.8,0,0,43863,13/7/2023 11:32,13/7/2023,1100,1200
2740824,13/7/2023 15:09,0,73.74,37.71,2.86,1.47,85733,13/7/2023 17:30,13/7/2023,1700,1800
2740930,13/7/2023 15:52,0,73.36,37.51,0,0,125574,13/7/2023 18:17,13/7/2023,1800,1900
2739346,12/7/2023 23:01,0,80.9,41.37,0,0,113844,13/7/2023 10:55,13/7/2023,1100,1200
2741328,13/7/2023 18:44,0,75.14,38.41,0,0,81679,13/7/2023 21:44,13/7/2023,2100,2200
2739964,13/7/2023 10:42,0,94.88,48.52,0,0,55852,13/7/2023 13:52,13/7/2023,1300,1400
2740169,13/7/2023 11:42,0,44.6,22.81,0,0,94753,13/7/2023 13:37,13/7/2023,1400,1500
2740346,13/7/2023 12:44,0,166.31,85.03,0,0,7578,13/7/2023 16:07,13/7/2023,1600,1700
2741278,13/7/2023 18:17,0,125.76,64.3,0,0,32910,13/7/2023 21:12,13/7/2023,2100,2200
2741419,13/7/2023 19:39,0,29.38,15.02,0,0,8359,14/7/2023 12:37,14/7/2023,1200,1300
2742892,14/7/2023 13:55,0,65.9,33.7,0,0,74608,14/7/2023 16:47,14/7/2023,1600,1700
2743370,14/7/2023 16:37,0,113.64,58.1,0,0,145609,14/7/2023 20:04,14/7/2023,1900,2000
2741694,13/7/2023 23:06,0,142.48,72.85,0,0,77503,14/7/2023 10:31,14/7/2023,1000,1100
2741696,13/7/2023 23:06,0,48.71,24.91,0,0,38686,14/7/2023 11:41,14/7/2023,1100,1200
2742887,14/7/2023 13:54,0,86.46,44.2,0,0,45326,14/7/2023 16:33,14/7/2023,1600,1700
2739504,13/7/2023 02:13,0,245.83,125.69,0,0,57150,14/7/2023 18:51,14/7/2023,1900,2000
2738609,12/7/2023 15:48,0,77.19,39.46,0,0,61543,14/7/2023 17:12,14/7/2023,1700,1800
2741857,14/7/2023 06:33,0,49.56,25.34,0,0,78999,14/7/2023 10:06,14/7/2023,1000,1100
2741655,13/7/2023 22:43,0,114.08,58.32,0,0,16236,14/7/2023 13:10,14/7/2023,1300,1400
2742890,14/7/2023 13:54,0,164.67,84.19,0,0,27663,14/7/2023 16:48,14/7/2023,1600,1700
2742983,14/7/2023 14:15,0,57.51,29.4,0,0,9377,14/7/2023 17:15,14/7/2023,1700,1800
2744874,15/7/2023 12:46,0,96.48,49.33,0,0,61164,15/7/2023 15:12,15/7/2023,1500,1600
2745490,15/7/2023 16:18,0,212.21,108.5,19.93,10.19,131970,15/7/2023 18:54,15/7/2023,1900,2000
2745689,15/7/2023 17:25,0,111.24,56.88,0,0,149492,15/7/2023 20:16,15/7/2023,2000,2100
2744750,15/7/2023 12:11,0,122.25,62.51,0,0,154655,15/7/2023 17:21,15/7/2023,1700,1800
2745007,15/7/2023 13:28,0,110.73,56.62,0,0,52966,15/7/2023 16:28,15/7/2023,1600,1700
2745239,15/7/2023 14:59,0,166.83,85.3,9.92,5.07,49860,15/7/2023 19:06,15/7/2023,1900,2000
2744211,15/7/2023 07:40,0,192.57,98.46,0,0,120373,15/7/2023 10:09,15/7/2023,1000,1100
2743652,14/7/2023 18:56,0,118.24,60.46,0,0,66520,15/7/2023 10:32,15/7/2023,1000,1100
2745509,15/7/2023 16:23,0,72.16,36.89,0,0,18775,15/7/2023 19:16,15/7/2023,1900,2000
2745779,15/7/2023 18:13,0,154.23,78.86,0,0,38048,15/7/2023 21:26,15/7/2023,2100,2200
2746535,16/7/2023 09:28,0,148.17,75.76,0,0,103667,16/7/2023 10:56,16/7/2023,1100,1200
2747468,16/7/2023 14:44,1,37.2,19.02,0,0,188171,16/7/2023 17:29,16/7/2023,1700,1800
2746990,16/7/2023 12:10,0,53.21,27.21,0,0,185205,16/7/2023 15:25,16/7/2023,1500,1600
2745971,15/7/2023 20:26,0,38.74,19.81,0,0,70219,16/7/2023 11:31,16/7/2023,1100,1200
2746925,16/7/2023 11:51,0,93,47.55,0,0,8955,16/7/2023 14:15,16/7/2023,1400,1500
2746305,16/7/2023 01:35,0,91.42,46.74,0,0,10469,16/7/2023 09:42,16/7/2023,1000,1100
2747080,16/7/2023 12:35,0,39.35,20.12,6.32,3.23,34883,16/7/2023 18:09,16/7/2023,1800,1900
2748108,16/7/2023 18:55,0,44.59,22.8,0,0,103482,16/7/2023 22:46,16/7/2023,2200,2300
2747706,16/7/2023 16:09,0,79.77,40.78,0,0,138628,16/7/2023 20:30,16/7/2023,2000,2100
2746775,16/7/2023 11:05,0,77.17,39.46,0,0,76301,16/7/2023 13:23,16/7/2023,1300,1400
2746798,16/7/2023 11:15,1,136.26,69.67,0,0,184824,16/7/2023 16:00,16/7/2023,1600,1700
2747122,16/7/2023 12:45,0,102.69,52.51,0,0,36005,16/7/2023 14:56,16/7/2023,1500,1600
2747464,16/7/2023 14:42,0,144.27,73.77,0,0,39006,16/7/2023 17:38,16/7/2023,1700,1800
2748174,16/7/2023 19:36,0,42.17,21.56,0,0,34202,17/7/2023 09:11,17/7/2023,900,1000
2748445,16/7/2023 23:15,0,78.82,40.3,0,0,36460,17/7/2023 10:10,17/7/2023,1000,1100
2748323,16/7/2023 21:55,0,155.09,79.3,0,0,52105,17/7/2023 10:57,17/7/2023,1000,1100
2749742,17/7/2023 14:02,0,37.25,19.04,0,0,35925,17/7/2023 17:42,17/7/2023,1700,1800
2749744,17/7/2023 14:03,0,167.57,85.67,39.85,20.37,149409,17/7/2023 16:26,17/7/2023,1600,1700
2748617,17/7/2023 07:20,0,147.72,75.53,0,0,72713,17/7/2023 11:00,17/7/2023,1100,1200
2748636,17/7/2023 07:47,0,143.35,73.29,0,0,89722,17/7/2023 10:19,17/7/2023,1100,1200
2749181,17/7/2023 11:18,0,92.11,47.1,0,0,78418,17/7/2023 13:09,17/7/2023,1300,1400
2748874,17/7/2023 09:47,0,83.41,42.65,0,0,145593,17/7/2023 12:36,17/7/2023,1200,1300
2748345,16/7/2023 22:09,0,113.45,58.01,0,0,10017,17/7/2023 10:58,17/7/2023,1000,1100
2748395,16/7/2023 22:42,0,94.56,48.35,0,0,46819,17/7/2023 12:16,17/7/2023,1200,1300
2749901,17/7/2023 14:49,0,191.59,97.96,0,0,187075,17/7/2023 17:59,17/7/2023,1700,1800
2747559,16/7/2023 15:13,0,131.32,67.15,0,0,87737,17/7/2023 08:37,17/7/2023,900,1000
2748541,17/7/2023 00:47,0,85.06,43.49,0,0,94060,17/7/2023 11:43,17/7/2023,1100,1200
2750357,17/7/2023 17:17,0,125.37,64.11,0,0,106120,17/7/2023 20:43,17/7/2023,2000,2100
2722278,4/7/2023 23:43,0,208.05,106.38,0,0,75600,5/7/2023 19:18,5/7/2023,1900,2000
2727138,7/7/2023 10:46,0,96.91,49.55,0,0,118357,7/7/2023 15:05,7/7/2023,1500,1600
2727652,7/7/2023 13:56,0,136.92,70,0,0,74414,8/7/2023 07:31,8/7/2023,800,900
2733864,10/7/2023 11:57,0,50.26,25.7,0,0,118524,10/7/2023 16:19,10/7/2023,1600,1700
2737032,11/7/2023 19:32,0,69.12,35.34,0,0,72423,12/7/2023 10:17,12/7/2023,1000,1100
2744952,15/7/2023 13:11,0,132.1,67.54,7.56,3.87,69495,15/7/2023 16:56,15/7/2023,1700,1800
2746269,16/7/2023 00:25,0,90.1,46.07,0,0,69307,16/7/2023 14:56,16/7/2023,1400,1500
2748182,16/7/2023 19:42,0,74.26,37.97,0,0,128364,17/7/2023 11:32,17/7/2023,1100,1200
2756002,20/7/2023 11:47,0,73.68,37.67,8.52,4.36,107401,20/7/2023 19:55,20/7/2023,1900,2000
2762392,23/7/2023 11:42,0,145.31,74.3,0,0,69495,23/7/2023 16:24,23/7/2023,1600,1700
2739881,13/7/2023 10:13,0,91.85,46.97,0,0,179860,13/7/2023 18:00,13/7/2023,1800,1900
2754535,19/7/2023 16:30,0,98.64,50.43,0,0,119220,20/7/2023 09:09,20/7/2023,900,1000
2765152,24/7/2023 14:06,0,59.64,30.5,0,0,75409,24/7/2023 18:06,24/7/2023,1800,1900
2766152,24/7/2023 22:20,0,155.69,79.6,33.88,17.33,31933,25/7/2023 11:24,25/7/2023,1100,1200
2771198,27/7/2023 10:36,0,90.35,46.2,0,0,91918,27/7/2023 15:00,27/7/2023,1500,1600
2774208,28/7/2023 17:19,0,131.04,67,0,0,188410,29/7/2023 15:44,29/7/2023,2000,2100
2776560,29/7/2023 19:15,1,92.72,47.41,0,0,189438,31/7/2023 10:36,31/7/2023,1000,1100
2779234,31/7/2023 07:24,0,385.13,196.91,18.89,9.66,157727,31/7/2023 17:50,31/7/2023,1700,1800
2783296,1/8/2023 18:41,0,176.34,90.16,0,0,165867,2/8/2023 10:00,2/8/2023,1000,1100
2785296,2/8/2023 17:31,0,224.84,114.96,0,0,72297,3/8/2023 13:26,3/8/2023,1300,1400
2785617,2/8/2023 20:57,0,412.4,210.86,0,0,151076,3/8/2023 17:27,3/8/2023,1700,1800
2792833,6/8/2023 08:15,0,108.1,55.27,0,0,177135,6/8/2023 14:15,6/8/2023,1400,1500
2794220,6/8/2023 16:03,0,93.61,47.86,0,0,124620,7/8/2023 09:02,7/8/2023,900,1000
2800368,9/8/2023 13:20,0,86.91,44.44,0,0,67320,9/8/2023 16:36,9/8/2023,1600,1700
2800616,9/8/2023 14:50,0,147.78,75.56,0,0,159835,9/8/2023 20:29,9/8/2023,2000,2100
2801330,9/8/2023 20:36,0,128.34,65.62,0,0,134972,10/8/2023 11:01,10/8/2023,1100,1200
2804533,11/8/2023 11:00,0,186.43,95.32,0,0,76565,11/8/2023 15:01,11/8/2023,1500,1600
2751022,18/7/2023 01:23,0,41.55,21.25,0,0,50117,18/7/2023 10:10,18/7/2023,1000,1100
2752614,18/7/2023 18:13,0,77.34,39.54,0,0,140684,18/7/2023 22:00,18/7/2023,2200,2300
2751146,18/7/2023 08:24,0,31.02,15.86,0,0,184939,18/7/2023 11:39,18/7/2023,1100,1200
2746284,16/7/2023 00:54,1,84.9,43.41,0,0,188125,18/7/2023 18:03,18/7/2023,1800,1900
2752379,18/7/2023 16:28,0,110.09,56.29,0,0,171755,18/7/2023 21:16,18/7/2023,2100,2200
2752445,18/7/2023 16:50,0,54.89,28.07,0,0,59328,18/7/2023 19:14,18/7/2023,1900,2000
2751132,18/7/2023 08:12,0,79.49,40.64,0,0,25632,18/7/2023 11:58,18/7/2023,1100,1200
2751316,18/7/2023 09:50,1,66.46,33.99,0,0,188338,18/7/2023 12:10,18/7/2023,1200,1300
2753576,19/7/2023 10:31,0,84.74,43.33,0,0,181882,19/7/2023 15:04,19/7/2023,1500,1600
2754265,19/7/2023 14:43,0,62.58,32,0,0,52845,19/7/2023 17:22,19/7/2023,1700,1800
2754337,19/7/2023 15:07,0,108.61,55.53,0,0,9156,19/7/2023 17:47,19/7/2023,1700,1800
2754204,19/7/2023 14:13,0,164.92,84.32,0,0,184627,19/7/2023 17:11,19/7/2023,1700,1800
2753525,19/7/2023 10:15,0,159.05,81.32,0,0,93616,19/7/2023 17:04,19/7/2023,1700,1800
2752622,18/7/2023 18:18,0,76.11,38.91,0,0,85283,19/7/2023 11:13,19/7/2023,1100,1200
2752243,18/7/2023 15:34,0,37.42,19.13,7.87,4.02,29360,19/7/2023 12:25,19/7/2023,1300,1400
2753898,19/7/2023 12:24,0,139.79,71.48,0,0,174544,19/7/2023 14:53,19/7/2023,1500,1600
2753943,19/7/2023 12:42,0,188.8,96.54,0,0,161293,19/7/2023 14:58,19/7/2023,1500,1600
2756190,20/7/2023 12:48,0,37.37,19.11,0,0,74367,20/7/2023 15:43,20/7/2023,1500,1600
2755473,20/7/2023 08:22,1,105.35,53.86,0,0,188546,20/7/2023 10:31,20/7/2023,1000,1100
2755083,19/7/2023 21:38,0,60.77,31.07,0,0,70773,20/7/2023 17:52,20/7/2023,1700,1800
2756981,20/7/2023 18:12,0,45.93,23.48,0,0,171771,20/7/2023 21:15,20/7/2023,2100,2200
2755303,20/7/2023 00:43,0,107.48,54.96,0,0,33499,20/7/2023 10:39,20/7/2023,1000,1100
2756588,20/7/2023 15:15,0,114.53,58.56,0,0,115319,20/7/2023 17:15,20/7/2023,1700,1800
2756583,20/7/2023 15:14,0,112.7,57.62,0,0,86468,20/7/2023 17:28,20/7/2023,1700,1800
2755157,19/7/2023 22:32,0,110.16,56.32,0,0,71214,20/7/2023 09:17,20/7/2023,900,1000
2756602,20/7/2023 15:20,0,83.93,42.91,0,0,8923,20/7/2023 18:40,20/7/2023,1800,1900
2754946,19/7/2023 19:48,0,79.81,40.8,0,0,67377,20/7/2023 10:14,20/7/2023,1000,1100
2757537,21/7/2023 07:23,0,127.26,65.07,0,0,83795,21/7/2023 11:06,21/7/2023,1100,1200
2757574,21/7/2023 08:02,0,107.18,54.8,0,0,9531,21/7/2023 11:33,21/7/2023,1200,1300
2758422,21/7/2023 13:42,0,164.52,84.12,71.99,36.81,106909,21/7/2023 18:08,21/7/2023,1800,1900
2757026,20/7/2023 18:30,0,106.05,54.23,9.13,4.66,68773,21/7/2023 08:13,21/7/2023,800,900
2759517,21/7/2023 22:12,0,86.14,44.04,12.13,6.2,63987,22/7/2023 09:14,22/7/2023,900,1000
2757726,21/7/2023 09:28,0,164.81,84.27,0,0,23550,22/7/2023 12:20,22/7/2023,1200,1300
2760634,22/7/2023 13:52,0,91.88,46.97,0,0,147653,22/7/2023 16:44,22/7/2023,1600,1700
2760953,22/7/2023 15:38,0,34.03,17.4,0,0,88471,22/7/2023 18:07,22/7/2023,1800,1900
2761130,22/7/2023 16:55,0,91.95,47.02,0,0,32831,22/7/2023 19:58,22/7/2023,1900,2000
2760746,22/7/2023 14:21,0,173.3,88.6,5.49,2.8,10469,22/7/2023 17:23,22/7/2023,1700,1800
2759435,21/7/2023 20:54,0,39.05,19.97,0,0,73372,22/7/2023 08:43,22/7/2023,900,1000
2761732,22/7/2023 23:13,0,168.21,86.01,66.06,33.78,16825,23/7/2023 13:01,23/7/2023,1300,1400
2762116,23/7/2023 09:57,0,31.6,16.15,0,0,49501,23/7/2023 12:27,23/7/2023,1200,1300
2763312,23/7/2023 16:54,0,77,39.37,0,0,144293,23/7/2023 19:18,23/7/2023,1900,2000
2761841,23/7/2023 02:06,0,61.3,31.34,21.46,10.98,119761,23/7/2023 08:52,23/7/2023,900,1000
2762504,23/7/2023 12:20,0,64.96,33.21,10.69,5.46,94542,23/7/2023 15:47,23/7/2023,1500,1600
2763496,23/7/2023 17:54,0,95.08,48.61,0,0,181502,23/7/2023 21:34,23/7/2023,2100,2200
2762548,23/7/2023 12:35,0,93.73,47.92,0,0,31938,23/7/2023 15:41,23/7/2023,1500,1600
2762965,23/7/2023 14:45,0,65.5,33.49,0,0,68069,23/7/2023 17:40,23/7/2023,1700,1800
2761822,23/7/2023 01:18,0,121.99,62.37,0,0,161109,23/7/2023 10:01,23/7/2023,1000,1100
2762229,23/7/2023 10:47,0,81.23,41.53,0,0,181075,23/7/2023 13:06,23/7/2023,1300,1400
2761912,23/7/2023 07:25,0,292.99,149.8,0,0,38811,23/7/2023 16:01,23/7/2023,1600,1700
2762389,23/7/2023 11:41,0,162.41,83.04,67.09,34.3,135536,23/7/2023 14:45,23/7/2023,1400,1500
2761445,22/7/2023 19:18,0,50.25,25.7,0,0,99516,23/7/2023 08:01,23/7/2023,800,900
2762095,23/7/2023 09:49,0,63.47,32.45,0,0,107622,23/7/2023 21:20,23/7/2023,2100,2200
2761433,22/7/2023 19:11,0,95.87,49.02,0,0,140716,23/7/2023 10:00,23/7/2023,1000,1100
2762136,23/7/2023 10:10,1,322.98,165.14,0,0,188805,23/7/2023 12:24,23/7/2023,1200,1300
2762924,23/7/2023 14:29,0,56.58,28.93,0,0,36741,23/7/2023 17:50,23/7/2023,1700,1800
2763080,23/7/2023 15:29,0,87.34,44.66,0,0,84964,23/7/2023 18:26,23/7/2023,1800,1900
2762640,23/7/2023 13:03,0,43.86,22.43,7.28,3.72,46663,23/7/2023 15:53,23/7/2023,1600,1700
2764694,24/7/2023 11:32,0,235.15,120.23,0,0,19138,24/7/2023 15:12,24/7/2023,1500,1600
2764969,24/7/2023 13:13,0,77.78,39.77,0,0,159704,24/7/2023 15:06,24/7/2023,1500,1600
2765125,24/7/2023 13:59,0,265.97,135.98,25.23,12.9,73184,24/7/2023 16:29,24/7/2023,1600,1700
2765942,24/7/2023 19:22,0,76.26,38.99,0,0,187657,24/7/2023 22:01,24/7/2023,2200,2300
2764722,24/7/2023 11:45,0,79.24,40.51,0,0,56683,24/7/2023 18:27,24/7/2023,1800,1900
2765359,24/7/2023 15:12,0,130.4,66.67,0,0,52516,24/7/2023 18:02,24/7/2023,1800,1900
2764697,24/7/2023 11:34,0,105.1,53.74,0,0,94297,24/7/2023 19:31,24/7/2023,1900,2000
2765271,24/7/2023 14:43,0,107.58,55,0,0,180758,24/7/2023 17:20,24/7/2023,1700,1800
2766019,24/7/2023 20:27,0,34.22,17.5,0,0,9500,25/7/2023 09:58,25/7/2023,900,1000
2767858,25/7/2023 16:56,0,104.37,53.36,0,0,132639,25/7/2023 19:20,25/7/2023,1900,2000
2768104,25/7/2023 18:36,0,65.49,33.48,0,0,93233,25/7/2023 20:56,25/7/2023,2100,2200
2766943,25/7/2023 11:34,0,88.06,45.02,0,0,24893,25/7/2023 19:26,25/7/2023,1900,2000
2767977,25/7/2023 17:37,0,106.63,54.52,0,0,63380,25/7/2023 21:45,25/7/2023,2100,2200
2766010,24/7/2023 20:15,0,215.12,109.99,0,0,52129,25/7/2023 08:34,25/7/2023,800,900
2766537,25/7/2023 09:12,0,44.59,22.8,0,0,52551,25/7/2023 11:29,25/7/2023,1100,1200
2768851,26/7/2023 09:42,0,72.12,36.87,0,0,155019,26/7/2023 12:27,26/7/2023,1200,1300
2769568,26/7/2023 13:43,0,69.91,35.74,0,0,181599,26/7/2023 16:20,26/7/2023,1600,1700
2768262,25/7/2023 19:45,0,30.72,15.71,0,0,100238,26/7/2023 10:26,26/7/2023,1000,1100
2767953,25/7/2023 17:30,0,90.76,46.41,32.95,16.85,10141,26/7/2023 07:54,26/7/2023,800,900
2769687,26/7/2023 14:23,0,49.24,25.17,0,0,27604,26/7/2023 16:47,26/7/2023,1700,1800
2769931,26/7/2023 16:01,0,149.85,76.62,45.36,23.19,56922,26/7/2023 17:48,26/7/2023,1800,1900
2768624,26/7/2023 02:30,0,97.49,49.85,0,0,58758,26/7/2023 14:48,26/7/2023,1400,1500
2768907,26/7/2023 10:04,0,81.43,41.63,0,0,11695,26/7/2023 13:00,26/7/2023,1300,1400
2769037,26/7/2023 10:49,0,116.65,59.65,0,0,7949,26/7/2023 19:11,26/7/2023,1900,2000
2768923,26/7/2023 10:09,1,331.85,169.67,0,0,188937,27/7/2023 13:52,27/7/2023,1300,1400
2771408,27/7/2023 11:54,1,81.15,41.49,26.01,13.3,189230,27/7/2023 14:48,27/7/2023,1500,1600
2771395,27/7/2023 11:50,0,159.57,81.58,0,0,11917,27/7/2023 16:31,27/7/2023,1600,1700
2771707,27/7/2023 13:40,0,120.43,61.58,0,0,185205,27/7/2023 16:48,27/7/2023,1600,1700
2771748,27/7/2023 13:58,0,92.29,47.19,0,0,132688,27/7/2023 19:24,27/7/2023,1900,2000
2771389,27/7/2023 11:47,0,92.13,47.11,0,0,171918,27/7/2023 14:07,27/7/2023,1400,1500
2772370,27/7/2023 18:34,0,113.76,58.16,0,0,54236,27/7/2023 21:33,27/7/2023,2100,2200
2769388,26/7/2023 12:39,0,87.52,44.75,0,0,154911,27/7/2023 11:08,27/7/2023,1100,1200
2770817,27/7/2023 05:43,0,234.56,119.93,0,0,119494,27/7/2023 10:57,27/7/2023,1000,1100
2771301,27/7/2023 11:12,0,41,20.96,0,0,63968,27/7/2023 14:56,27/7/2023,1400,1500
2773114,28/7/2023 09:42,0,100.79,51.53,0,0,132766,28/7/2023 12:11,28/7/2023,1200,1300
2773296,28/7/2023 10:59,0,61.97,31.69,0,0,64431,28/7/2023 13:19,28/7/2023,1300,1400
2773981,28/7/2023 15:34,0,168.23,86.02,11.23,5.74,65144,28/7/2023 17:01,28/7/2023,1700,1800
2772743,27/7/2023 23:02,0,482.35,246.62,0,0,8799,28/7/2023 14:29,28/7/2023,1400,1500
2773572,28/7/2023 12:57,0,136.14,69.61,0,0,100621,28/7/2023 15:53,28/7/2023,1500,1600
2772615,27/7/2023 21:24,0,104.86,53.61,0,0,11297,28/7/2023 19:21,28/7/2023,1900,2000
2773852,28/7/2023 14:39,0,136.4,69.74,0,0,69724,28/7/2023 20:16,28/7/2023,2000,2100
2774358,28/7/2023 18:48,0,67.76,34.64,0,0,39446,28/7/2023 21:19,28/7/2023,2100,2200
2776241,29/7/2023 16:56,0,154.19,78.83,0,0,146589,29/7/2023 20:34,29/7/2023,2000,2100
2774510,28/7/2023 20:51,0,105.16,53.77,0,0,79999,29/7/2023 08:46,29/7/2023,800,900
2774524,28/7/2023 21:01,0,117.01,59.83,0,0,182978,29/7/2023 09:16,29/7/2023,900,1000
2775966,29/7/2023 15:24,0,56.9,29.09,0,0,27750,30/7/2023 08:07,29/7/2023,2200,2300
2776458,29/7/2023 18:28,0,112.39,57.46,0,0,105504,29/7/2023 21:35,29/7/2023,2100,2200
2774654,28/7/2023 22:40,0,98.96,50.6,0,0,123889,29/7/2023 11:29,29/7/2023,1100,1200
2776030,29/7/2023 15:43,0,139.07,71.1,0,0,180910,29/7/2023 18:44,29/7/2023,1800,1900
2774076,28/7/2023 16:15,0,78.85,40.32,0,0,37395,29/7/2023 11:52,29/7/2023,1300,1400
2775890,29/7/2023 15:06,0,48.53,24.82,0,0,66487,29/7/2023 17:59,29/7/2023,1700,1800
2777281,30/7/2023 10:02,0,58.4,29.86,0,0,171191,30/7/2023 12:53,30/7/2023,1200,1300
2777693,30/7/2023 12:23,0,224.12,114.59,0,0,61717,30/7/2023 14:28,30/7/2023,1500,1600
2778620,30/7/2023 17:57,0,70.23,35.91,0,0,42299,30/7/2023 20:31,30/7/2023,2000,2100
2776983,30/7/2023 01:04,0,67.5,34.51,0,0,185625,30/7/2023 11:07,30/7/2023,1100,1200
2777995,30/7/2023 14:16,0,223.25,114.15,0,0,10541,30/7/2023 16:31,30/7/2023,1600,1700
2778635,30/7/2023 18:03,0,149.28,76.32,0,0,188087,30/7/2023 21:29,30/7/2023,2100,2200
2777448,30/7/2023 11:07,0,42.79,21.88,0,0,37049,30/7/2023 12:52,30/7/2023,1300,1400
2777650,30/7/2023 12:06,0,218.42,111.68,25.57,13.07,42372,30/7/2023 14:52,30/7/2023,1500,1600
2776626,29/7/2023 19:54,0,51.57,26.36,0,0,33948,30/7/2023 09:40,30/7/2023,900,1000
2778564,30/7/2023 17:32,0,105.39,53.89,0,0,149619,30/7/2023 20:26,30/7/2023,2000,2100
2776945,30/7/2023 00:10,0,40.42,20.67,0,0,183815,30/7/2023 10:19,30/7/2023,1000,1100
2777013,30/7/2023 01:53,0,66.62,34.06,0,0,36061,30/7/2023 12:07,30/7/2023,1200,1300
2778031,30/7/2023 14:25,0,49.61,25.37,0,0,88471,30/7/2023 16:29,30/7/2023,1700,1800
2777990,30/7/2023 14:13,0,86.16,44.05,0,0,150440,30/7/2023 16:24,30/7/2023,1600,1700
2778521,30/7/2023 17:11,0,153.22,78.34,0,0,51731,30/7/2023 21:22,30/7/2023,2100,2200
2779322,31/7/2023 08:42,0,185.76,94.97,0,0,87383,31/7/2023 11:03,31/7/2023,1100,1200
2780586,31/7/2023 15:41,0,54.82,28.03,0,0,63968,31/7/2023 18:31,31/7/2023,1800,1900
2779242,31/7/2023 07:33,0,52.73,26.96,9.96,5.09,78114,31/7/2023 17:30,31/7/2023,1700,1800
2778991,30/7/2023 21:55,0,60.06,30.71,1.14,0.58,155034,31/7/2023 08:38,31/7/2023,900,1000
2779863,31/7/2023 11:40,0,267.95,137,0,0,11187,31/7/2023 14:11,31/7/2023,1400,1500
2780552,31/7/2023 15:30,1,43.22,22.1,0,0,189609,1/8/2023 10:37,1/8/2023,1100,1200
2782564,1/8/2023 14:19,0,77.27,39.51,0,0,54624,1/8/2023 20:59,1/8/2023,2000,2100
2782650,1/8/2023 14:45,0,169.15,86.49,0,0,23847,1/8/2023 17:10,1/8/2023,1700,1800
2782443,1/8/2023 13:38,0,72.12,36.87,0,0,84892,1/8/2023 15:50,1/8/2023,1600,1700
2783194,1/8/2023 18:00,0,282.38,144.38,0,0,116863,1/8/2023 21:24,1/8/2023,2100,2200
2781846,1/8/2023 09:58,0,132.88,67.94,0,0,8407,1/8/2023 16:51,1/8/2023,1600,1700
2781439,31/7/2023 23:38,0,87.02,44.49,0,0,39570,1/8/2023 19:09,1/8/2023,1900,2000
2781212,31/7/2023 20:58,0,79.47,40.63,0,0,82373,1/8/2023 08:51,1/8/2023,900,1000
2782416,1/8/2023 13:29,0,138.29,70.7,0,0,63641,1/8/2023 14:50,1/8/2023,1500,1600
2782183,1/8/2023 11:54,1,112.59,57.57,0,0,189238,1/8/2023 15:00,1/8/2023,1400,1500
2782666,1/8/2023 14:52,0,125.38,64.1,19.46,9.95,128587,1/8/2023 17:55,1/8/2023,1700,1800
2784098,2/8/2023 10:12,0,81.69,41.77,0,0,35702,2/8/2023 13:17,2/8/2023,1400,1500
2783658,1/8/2023 23:22,0,111.34,56.93,0,0,7544,2/8/2023 09:52,2/8/2023,1000,1100
2784038,2/8/2023 09:45,0,76.63,39.18,0,0,67289,2/8/2023 15:16,2/8/2023,1500,1600
2784498,2/8/2023 12:46,0,92.67,47.39,0,0,8178,2/8/2023 15:01,2/8/2023,1500,1600
2784704,2/8/2023 13:50,0,135.14,69.09,24.44,12.49,182108,2/8/2023 16:56,2/8/2023,1600,1700
2784621,2/8/2023 13:23,0,119.94,61.32,0,0,152699,2/8/2023 15:58,2/8/2023,1600,1700
2785099,2/8/2023 16:06,0,101.66,51.98,0,0,183437,2/8/2023 18:49,2/8/2023,1900,2000
2783086,1/8/2023 17:21,0,43.68,22.34,0,0,75465,2/8/2023 09:13,2/8/2023,900,1000
2785266,2/8/2023 17:15,0,123.71,63.26,0,0,185327,2/8/2023 20:38,2/8/2023,2000,2100
2785130,2/8/2023 16:17,0,114.4,58.49,0,0,149610,2/8/2023 18:15,2/8/2023,1900,2000
2783586,1/8/2023 22:18,0,47.06,24.06,0,0,9236,2/8/2023 11:08,2/8/2023,1100,1200
2783118,1/8/2023 17:34,0,68.49,35.01,0,0,17721,2/8/2023 17:19,2/8/2023,1700,1800
2784893,2/8/2023 14:59,0,76.19,38.96,0,0,80817,2/8/2023 19:35,2/8/2023,1900,2000
2785067,2/8/2023 15:57,0,138.06,70.58,0,0,104089,2/8/2023 20:20,2/8/2023,2000,2100
2785606,2/8/2023 20:45,0,298.17,152.44,0,0,8308,3/8/2023 09:54,3/8/2023,900,1000
2785822,2/8/2023 23:16,0,171.92,87.9,54.57,27.9,133916,3/8/2023 10:30,3/8/2023,1000,1100
2787597,3/8/2023 17:35,0,269.14,137.6,0,0,92557,3/8/2023 20:58,3/8/2023,2000,2100
2787304,3/8/2023 15:46,0,147.49,75.41,0,0,110017,3/8/2023 18:38,3/8/2023,1800,1900
2787264,3/8/2023 15:33,0,91.86,46.97,0,0,84269,3/8/2023 18:53,3/8/2023,1900,2000
2787212,3/8/2023 15:13,0,82.02,41.93,0,0,137983,3/8/2023 17:45,3/8/2023,1700,1800
2787155,3/8/2023 14:57,0,85.22,43.57,0,0,172844,3/8/2023 18:00,3/8/2023,1700,1800
2785279,2/8/2023 17:21,0,111.86,57.2,35.13,17.96,42214,3/8/2023 19:37,3/8/2023,1900,2000
2787443,3/8/2023 16:34,0,143.11,73.18,32.34,16.54,44105,3/8/2023 18:29,3/8/2023,1900,2000
2785169,2/8/2023 16:34,0,232.11,118.67,49.03,25.07,99589,3/8/2023 11:02,3/8/2023,1000,1100
2786051,3/8/2023 08:22,0,28.7,14.68,0,0,9336,3/8/2023 12:00,3/8/2023,1100,1200
2786117,3/8/2023 08:55,0,126.11,64.48,0,0,88985,3/8/2023 11:55,3/8/2023,1100,1200
2786820,3/8/2023 12:53,0,91.03,46.54,0,0,68818,3/8/2023 16:45,3/8/2023,1600,1700
2786210,3/8/2023 09:34,0,115.29,58.95,0,0,48913,3/8/2023 18:23,3/8/2023,1800,1900
2787183,3/8/2023 15:05,0,120.19,61.45,0,0,127340,4/8/2023 14:04,4/8/2023,1400,1500
2788989,4/8/2023 12:22,0,191.88,98.1,40.65,20.79,152278,4/8/2023 15:47,4/8/2023,1600,1700
2789475,4/8/2023 14:51,0,70.42,36.01,0,0,73993,4/8/2023 16:47,4/8/2023,1700,1800
2787715,3/8/2023 18:31,0,79.03,40.41,33.24,16.99,50117,4/8/2023 09:57,4/8/2023,900,1000
2790146,4/8/2023 19:35,0,130.17,66.55,0,0,134688,4/8/2023 22:12,4/8/2023,2200,2300
2788521,4/8/2023 09:36,0,182.56,93.34,0,0,101310,4/8/2023 16:10,4/8/2023,1600,1700
2788389,4/8/2023 08:29,0,87.27,44.62,0,0,24797,4/8/2023 20:02,4/8/2023,2000,2100
2788648,4/8/2023 10:22,0,107.44,54.93,0,0,43217,4/8/2023 12:33,4/8/2023,1300,1400
2789613,4/8/2023 15:33,0,57.07,29.18,0,0,8309,4/8/2023 18:11,4/8/2023,1800,1900
2788127,3/8/2023 23:04,1,81.8,41.82,0,0,189947,4/8/2023 12:10,4/8/2023,1200,1300
2788821,4/8/2023 11:25,0,111.07,56.79,0,0,49085,4/8/2023 14:49,4/8/2023,1400,1500
2789169,4/8/2023 13:20,0,367.15,187.72,0,0,145548,4/8/2023 15:31,4/8/2023,1600,1700
2789201,4/8/2023 13:28,0,152.1,77.77,0,0,48855,4/8/2023 18:55,4/8/2023,1800,1900
2789232,4/8/2023 13:38,0,131.59,67.28,0,0,21365,4/8/2023 20:17,4/8/2023,2000,2100
2789644,4/8/2023 15:47,0,95.82,49,19.38,9.91,42759,4/8/2023 18:19,4/8/2023,1800,1900
2790432,4/8/2023 23:41,0,134.08,68.55,18.13,9.27,173473,5/8/2023 12:00,5/8/2023,1200,1300
2792065,5/8/2023 17:29,0,142.91,73.07,0,0,132164,5/8/2023 20:08,5/8/2023,2000,2100
2791871,5/8/2023 16:09,0,377.68,193.1,0,0,56473,5/8/2023 19:37,5/8/2023,1900,2000
2791883,5/8/2023 16:14,0,109.9,56.19,0,0,89164,5/8/2023 21:06,5/8/2023,2100,2200
2790886,5/8/2023 10:36,0,161.23,82.43,0,0,168718,5/8/2023 14:40,5/8/2023,1500,1600
2790200,4/8/2023 20:09,0,95.73,48.95,0,0,17274,5/8/2023 09:03,5/8/2023,900,1000
2791451,5/8/2023 13:41,0,145.59,74.44,0,0,27352,5/8/2023 16:34,5/8/2023,1600,1700
2791980,5/8/2023 17:00,0,162.78,83.22,0,0,159708,5/8/2023 20:38,5/8/2023,2000,2100
2790255,4/8/2023 20:56,0,150.17,76.78,0,0,25725,5/8/2023 10:42,5/8/2023,1000,1100
2791473,5/8/2023 13:48,0,212.38,108.58,0,0,24171,5/8/2023 16:28,5/8/2023,1600,1700
2792642,5/8/2023 23:43,0,105.13,53.76,0,0,106495,6/8/2023 10:49,6/8/2023,1100,1200
2794408,6/8/2023 17:15,0,57.85,29.58,0,0,185910,6/8/2023 20:26,6/8/2023,2000,2100
2792405,5/8/2023 20:22,0,88.04,45.02,18.48,9.45,59328,6/8/2023 08:23,6/8/2023,800,900
2792495,5/8/2023 21:36,0,117.74,60.2,0,0,15236,6/8/2023 10:36,6/8/2023,1000,1100
2794575,6/8/2023 18:21,0,74.89,38.3,28.34,14.49,90320,6/8/2023 22:01,6/8/2023,2200,2300
2792562,5/8/2023 22:34,0,86.35,44.15,0,0,121608,6/8/2023 10:06,6/8/2023,1000,1100
2791507,5/8/2023 14:00,1,97.76,49.99,0,0,48095,6/8/2023 09:30,6/8/2023,1000,1100
2793371,6/8/2023 11:59,0,134.28,68.65,0,0,177783,6/8/2023 14:46,6/8/2023,1400,1500
2794346,6/8/2023 16:46,0,143.45,73.35,0,0,88385,6/8/2023 19:33,6/8/2023,1900,2000
2792899,6/8/2023 09:10,0,59.32,30.33,0,0,151509,6/8/2023 11:13,6/8/2023,1100,1200
2793780,6/8/2023 13:45,0,147.35,75.34,0,0,37359,6/8/2023 17:34,6/8/2023,1800,1900
2794244,6/8/2023 16:10,0,39.3,20.1,0,0,21752,6/8/2023 18:52,6/8/2023,1900,2000
2792586,5/8/2023 22:48,0,105.53,53.95,0,0,8776,6/8/2023 18:25,6/8/2023,1800,1900
2795132,7/8/2023 07:39,0,39.61,20.25,0,0,11299,7/8/2023 11:26,7/8/2023,1100,1200
2795925,7/8/2023 12:50,0,92.64,47.36,0,0,41156,7/8/2023 16:58,7/8/2023,1600,1700
2795903,7/8/2023 12:45,0,132.97,67.98,0,0,23233,7/8/2023 17:52,7/8/2023,1700,1800
2796689,7/8/2023 16:52,0,83.06,42.47,33.61,17.19,24231,7/8/2023 19:46,7/8/2023,1900,2000
2794736,6/8/2023 20:10,0,92.99,47.54,0,0,14685,7/8/2023 09:18,7/8/2023,900,1000
2795650,7/8/2023 11:30,0,76.65,39.19,0,0,68818,7/8/2023 14:09,7/8/2023,1400,1500
2795722,7/8/2023 11:47,0,84.05,42.97,0,0,61216,7/8/2023 14:14,7/8/2023,1400,1500
2792802,6/8/2023 07:28,0,26.96,13.78,0,0,85929,7/8/2023 09:19,7/8/2023,1000,1100
2795046,7/8/2023 01:23,0,110.33,56.41,3.02,1.55,57148,7/8/2023 10:58,7/8/2023,1000,1100
2794198,6/8/2023 15:56,0,158.46,81.02,0,0,58958,7/8/2023 20:05,7/8/2023,2000,2100
2793493,6/8/2023 12:29,0,66.31,33.9,0,0,9437,7/8/2023 12:56,7/8/2023,1200,1300
2794646,6/8/2023 19:06,0,156.29,79.91,0,0,144307,7/8/2023 16:36,7/8/2023,1600,1700
2796054,7/8/2023 13:29,0,360.64,184.39,0,0,110575,7/8/2023 17:38,7/8/2023,1700,1800
2788744,4/8/2023 11:00,0,620.58,317.3,0,0,187642,7/8/2023 13:56,7/8/2023,1300,1400
2795069,7/8/2023 02:42,0,68.74,35.14,0,0,172307,7/8/2023 11:38,7/8/2023,1200,1300
2796302,7/8/2023 14:44,0,29.03,14.84,0,0,30516,7/8/2023 18:00,7/8/2023,1800,1900
2796780,7/8/2023 17:35,0,35.53,18.16,0,0,9220,7/8/2023 20:45,7/8/2023,2000,2100
2796791,7/8/2023 17:44,0,32.25,16.49,0,0,82557,7/8/2023 20:28,7/8/2023,2000,2100
2797609,8/8/2023 08:56,0,112.43,57.49,0,0,36492,8/8/2023 12:18,8/8/2023,1200,1300
2797696,8/8/2023 09:37,0,76.3,39.01,0,0,82850,8/8/2023 12:56,8/8/2023,1200,1300
2798267,8/8/2023 13:11,0,371.09,189.73,0,0,162229,8/8/2023 16:36,8/8/2023,1800,1900
2797859,8/8/2023 10:44,0,111.5,57.01,0,0,187137,8/8/2023 12:46,8/8/2023,1300,1400
2797668,8/8/2023 09:28,0,35.95,18.38,0,0,19719,8/8/2023 19:25,8/8/2023,1900,2000
2797395,8/8/2023 00:10,0,107.05,54.74,0,0,139352,8/8/2023 13:28,8/8/2023,1300,1400
2798398,8/8/2023 14:13,0,199.31,101.91,0,0,40757,8/8/2023 19:52,8/8/2023,1900,2000
2797105,7/8/2023 20:33,0,71.54,36.58,0,0,10141,8/8/2023 12:01,8/8/2023,1200,1300
2797593,8/8/2023 08:48,0,92,47.04,0,0,36807,8/8/2023 15:17,8/8/2023,1500,1600
2798904,8/8/2023 17:47,1,37.89,19.37,0,0,190368,8/8/2023 20:20,8/8/2023,2000,2100
2799767,9/8/2023 09:36,0,196.29,100.36,0,0,24904,9/8/2023 12:10,9/8/2023,1200,1300
2799626,9/8/2023 08:26,0,128.26,65.58,0,0,103580,9/8/2023 14:55,9/8/2023,1400,1500
2800682,9/8/2023 15:16,0,48.36,24.72,0,0,61555,9/8/2023 17:00,9/8/2023,1700,1800
2799112,8/8/2023 19:41,0,75.44,38.57,0,0,20874,9/8/2023 11:09,9/8/2023,1100,1200
2799920,9/8/2023 10:39,0,41.95,21.45,0,0,11299,9/8/2023 15:18,9/8/2023,1600,1700
2799713,9/8/2023 09:18,0,119.43,61.07,0,0,93898,9/8/2023 10:54,9/8/2023,1100,1200
2801010,9/8/2023 17:31,0,129.51,66.21,0,0,52886,9/8/2023 20:17,9/8/2023,2000,2100
2799756,9/8/2023 09:33,0,724.88,370.63,29.76,15.22,30529,9/8/2023 12:48,9/8/2023,1200,1300
2800475,9/8/2023 13:55,0,103.4,52.87,0,0,150000,9/8/2023 16:16,9/8/2023,1600,1700
2800479,9/8/2023 13:56,0,77.46,39.61,0,0,155286,9/8/2023 17:26,9/8/2023,1700,1800
2801473,9/8/2023 22:30,0,129.74,66.34,0,0,104482,10/8/2023 10:42,10/8/2023,1000,1100
2801390,9/8/2023 21:33,0,196.86,100.66,0,0,94919,10/8/2023 12:07,10/8/2023,1200,1300
2802798,10/8/2023 13:49,0,86.9,44.43,0,0,162719,10/8/2023 16:34,10/8/2023,1600,1700
2801723,10/8/2023 07:45,0,107.77,55.1,0,0,18704,10/8/2023 10:22,10/8/2023,1000,1100
2802392,10/8/2023 11:39,0,138.58,70.86,0,0,49249,10/8/2023 14:26,10/8/2023,1400,1500
2802553,10/8/2023 12:27,0,45.76,23.39,0,0,152919,10/8/2023 15:53,10/8/2023,1500,1600
2802587,10/8/2023 12:39,0,111.79,57.16,0,0,9285,10/8/2023 15:02,10/8/2023,1500,1600
2802266,10/8/2023 11:06,0,171.15,87.51,0,0,123343,10/8/2023 17:18,10/8/2023,1700,1800
2802990,10/8/2023 14:56,0,351.35,179.64,0,0,35972,10/8/2023 20:35,10/8/2023,2000,2100
2801707,10/8/2023 07:24,0,80.25,41.04,0,0,54609,10/8/2023 10:09,10/8/2023,1000,1100
2802907,10/8/2023 14:27,0,40.76,20.84,0,0,55624,10/8/2023 17:40,10/8/2023,1700,1800
2801328,9/8/2023 20:34,0,90.4,46.22,0,0,65850,10/8/2023 08:54,10/8/2023,800,900
2801320,9/8/2023 20:30,0,89.17,45.59,0,0,73054,10/8/2023 09:46,10/8/2023,900,1000
2802054,10/8/2023 10:00,0,109.45,55.96,0,0,15099,10/8/2023 13:05,10/8/2023,1300,1400
2803368,10/8/2023 17:21,0,89.82,45.92,0,0,71980,10/8/2023 20:02,10/8/2023,2000,2100
2804321,11/8/2023 09:39,0,85.18,43.54,0,0,187989,11/8/2023 21:31,11/8/2023,2100,2200
2805056,11/8/2023 14:19,0,29.09,14.88,0,0,175816,11/8/2023 18:43,11/8/2023,1900,2000
2804147,11/8/2023 07:52,0,30.23,15.46,0,0,73341,11/8/2023 10:14,11/8/2023,1000,1100
2804942,11/8/2023 13:36,0,141.17,72.18,0,0,27485,11/8/2023 15:33,11/8/2023,1600,1700
2803768,10/8/2023 21:15,0,43.03,22.01,0,0,129522,11/8/2023 09:16,11/8/2023,900,1000
2804849,11/8/2023 13:00,1,83.83,42.85,0,0,190626,11/8/2023 17:29,11/8/2023,1700,1800
2805581,11/8/2023 17:44,0,83.39,42.64,0,0,33563,11/8/2023 20:26,11/8/2023,2000,2100
2804397,11/8/2023 10:11,0,57.37,29.33,0,0,39406,11/8/2023 15:23,11/8/2023,1500,1600
2804563,11/8/2023 11:10,0,96.66,49.42,21.39,10.94,141736,11/8/2023 13:38,11/8/2023,1300,1400
2804991,11/8/2023 13:54,0,197.14,100.8,20.01,10.23,158275,11/8/2023 17:16,11/8/2023,1700,1800
2807635,12/8/2023 17:32,0,70.1,35.84,0,0,61365,12/8/2023 20:27,12/8/2023,2000,2100
2807196,12/8/2023 14:55,0,219.96,112.46,0,0,80187,12/8/2023 17:23,12/8/2023,1700,1800
2803288,10/8/2023 16:53,0,110.28,56.39,0,0,39955,12/8/2023 08:57,12/8/2023,800,900
2806782,12/8/2023 12:24,0,204.06,104.34,0,0,63859,12/8/2023 17:01,12/8/2023,1700,1800
2806382,12/8/2023 09:30,0,81.28,41.56,0,0,68825,12/8/2023 13:15,12/8/2023,1400,1500
2806608,12/8/2023 11:11,1,48.1,24.59,0,0,190664,12/8/2023 13:30,12/8/2023,1300,1400
2807297,12/8/2023 15:28,0,192.8,98.58,0,0,27079,12/8/2023 17:14,12/8/2023,1800,1900
2807323,12/8/2023 15:37,0,113.16,57.86,0,0,12784,12/8/2023 19:06,12/8/2023,1900,2000
2806041,11/8/2023 23:09,0,67.73,34.63,0,0,104711,12/8/2023 09:51,12/8/2023,900,1000
2806137,12/8/2023 01:27,0,99.01,50.62,0,0,46474,12/8/2023 13:12,12/8/2023,1300,1400
2806272,12/8/2023 08:24,0,125.87,64.36,0,0,100012,12/8/2023 13:08,12/8/2023,1300,1400
2806293,12/8/2023 08:40,0,154.86,79.18,0,0,88074,12/8/2023 14:19,12/8/2023,1400,1500
2806968,12/8/2023 13:27,0,147.13,75.23,0,0,65025,12/8/2023 16:10,12/8/2023,1600,1700
2807715,12/8/2023 18:09,0,62.94,32.19,0,0,86942,12/8/2023 21:17,12/8/2023,2100,2200
2807722,12/8/2023 18:11,0,105.81,54.1,0,0,17693,12/8/2023 21:01,12/8/2023,2100,2200
2806536,12/8/2023 10:37,0,98.07,50.14,0,0,128230,12/8/2023 13:07,12/8/2023,1300,1400
2808328,13/8/2023 06:32,0,27.39,14,0,0,24392,13/8/2023 09:59,13/8/2023,1000,1100
2808433,13/8/2023 08:49,0,101.66,51.98,0,0,17380,13/8/2023 11:01,13/8/2023,1100,1200
2808585,13/8/2023 10:11,0,80,40.9,0,0,60010,13/8/2023 11:52,13/8/2023,1200,1300
2809710,13/8/2023 16:25,0,112.18,57.36,0,0,34126,13/8/2023 19:10,13/8/2023,1900,2000
2808213,12/8/2023 23:53,0,133.58,68.3,4.91,2.51,188242,13/8/2023 11:30,13/8/2023,1100,1200
2809790,13/8/2023 16:58,0,94.03,48.08,0,0,41716,13/8/2023 19:35,13/8/2023,1900,2000
2806151,12/8/2023 02:15,0,148.61,75.98,0.84,0.43,63073,13/8/2023 22:03,13/8/2023,2200,2300
2808212,12/8/2023 23:52,0,79.52,40.66,1.46,0.74,67087,13/8/2023 09:25,13/8/2023,1000,1100
2807874,12/8/2023 19:38,0,201.4,102.97,0,0,41630,13/8/2023 10:01,13/8/2023,1000,1100
2809017,13/8/2023 12:32,0,124.58,63.69,0,0,71760,13/8/2023 14:47,13/8/2023,1500,1600
2809920,13/8/2023 17:52,0,55.92,28.59,0,0,94538,13/8/2023 20:27,13/8/2023,2100,2200
2809342,13/8/2023 14:15,0,63.62,32.53,0,0,96674,13/8/2023 18:10,13/8/2023,1700,1800
2809371,13/8/2023 14:28,0,86.93,44.44,0,0,144054,13/8/2023 17:26,13/8/2023,1800,1900
2810495,14/8/2023 02:50,0,175.24,89.6,0,0,87066,14/8/2023 11:07,14/8/2023,1100,1200
2810636,14/8/2023 08:48,0,57.01,29.15,0,0,173342,14/8/2023 11:18,14/8/2023,1100,1200
2810466,14/8/2023 00:37,0,98.69,50.45,0,0,59935,14/8/2023 11:04,14/8/2023,1100,1200
2810828,14/8/2023 10:05,0,168.6,86.2,0,0,40021,14/8/2023 13:18,14/8/2023,1300,1400
2810846,14/8/2023 10:09,0,81.9,41.88,0,0,38484,14/8/2023 13:36,14/8/2023,1300,1400
2805431,11/8/2023 16:38,0,105.59,53.99,0,0,147166,14/8/2023 10:05,14/8/2023,1000,1100
2810723,14/8/2023 09:33,0,167.3,85.54,0,0,84952,14/8/2023 11:04,14/8/2023,1200,1300
2811082,14/8/2023 11:26,0,81.59,41.72,0,0,148016,14/8/2023 12:54,14/8/2023,1400,1500
2811133,14/8/2023 11:38,0,119.3,61,0,0,58572,14/8/2023 14:15,14/8/2023,1400,1500
2810884,14/8/2023 10:20,0,55.69,28.47,0,0,158149,14/8/2023 14:16,14/8/2023,1400,1500
2811379,14/8/2023 12:54,0,47.28,24.17,0,0,91564,14/8/2023 15:33,14/8/2023,1500,1600
2811895,14/8/2023 15:57,0,96.84,49.51,0,0,57475,14/8/2023 18:35,14/8/2023,1800,1900
2811326,14/8/2023 12:40,0,85.29,43.61,0,0,16583,14/8/2023 15:05,14/8/2023,1500,1600
2811638,14/8/2023 14:22,0,59.81,30.59,0,0,113380,14/8/2023 16:35,14/8/2023,1600,1700
2809813,13/8/2023 17:06,0,172.66,88.28,0,0,17022,14/8/2023 08:38,14/8/2023,800,900
2811280,14/8/2023 12:24,0,56.51,28.89,0,0,167860,14/8/2023 17:54,14/8/2023,1700,1800
2813435,15/8/2023 11:57,0,54.9,28.07,0,0,184939,15/8/2023 14:45,15/8/2023,1400,1500
2813619,15/8/2023 12:54,0,90.44,46.24,0,0,135393,15/8/2023 15:05,15/8/2023,1500,1600
2812264,14/8/2023 18:37,0,307.5,157.22,0,0,42503,15/8/2023 15:10,15/8/2023,1500,1600
2812429,14/8/2023 20:31,0,117.18,59.91,25.64,13.11,27959,15/8/2023 14:33,15/8/2023,1400,1500
2813804,15/8/2023 13:51,0,41.78,21.37,0,0,45031,15/8/2023 16:32,15/8/2023,1600,1700
2813427,15/8/2023 11:55,0,76.89,39.31,0,0,7545,15/8/2023 14:09,15/8/2023,1400,1500
2814374,15/8/2023 17:18,0,124.6,63.71,22.88,11.7,79218,15/8/2023 20:21,15/8/2023,2000,2100
2812130,14/8/2023 17:31,1,37.86,19.36,0,0,190929,15/8/2023 11:00,15/8/2023,1100,1200
2813569,15/8/2023 12:42,0,115.63,59.12,0,0,161307,15/8/2023 17:17,15/8/2023,1700,1800
2814188,15/8/2023 16:10,0,153.38,78.42,0,0,69129,15/8/2023 19:18,15/8/2023,1900,2000
2812514,14/8/2023 21:16,0,151.2,77.31,0,0,9797,15/8/2023 10:34,15/8/2023,1000,1100
2812966,15/8/2023 09:13,0,44.34,22.67,0,0,115166,15/8/2023 12:08,15/8/2023,1200,1300
2814273,15/8/2023 16:40,0,95.15,48.65,0,0,146219,15/8/2023 21:35,15/8/2023,2100,2200
2813053,15/8/2023 09:52,0,34.76,17.77,0,0,108580,15/8/2023 13:45,15/8/2023,1300,1400
2815669,16/8/2023 12:14,0,163.82,83.76,0,0,126712,16/8/2023 15:08,16/8/2023,1500,1600
2816065,16/8/2023 15:01,0,53.58,27.4,0,0,41998,16/8/2023 19:08,16/8/2023,1900,2000
2816326,16/8/2023 16:41,0,73.35,37.51,0,0,99234,16/8/2023 18:52,16/8/2023,1900,2000
2816127,16/8/2023 15:26,0,72.13,36.88,0,0,36723,16/8/2023 16:49,16/8/2023,1800,1900
2815605,16/8/2023 11:47,0,119.76,61.23,0,0,9255,16/8/2023 20:27,16/8/2023,2000,2100
2816314,16/8/2023 16:36,0,46.68,23.87,0,0,74922,16/8/2023 19:00,16/8/2023,1900,2000
2815331,16/8/2023 10:14,0,56.47,28.88,0,0,8822,16/8/2023 15:36,16/8/2023,1500,1600
2812915,15/8/2023 08:44,0,64.89,33.17,0,0,76197,16/8/2023 19:37,16/8/2023,1900,2000
2816396,16/8/2023 17:12,0,108.7,55.58,0,0,78229,16/8/2023 20:36,16/8/2023,2000,2100
2818195,17/8/2023 14:15,0,75.52,38.61,2.72,1.38,53837,17/8/2023 18:00,17/8/2023,1800,1900
2817189,17/8/2023 08:00,0,59.33,30.34,0,0,83428,17/8/2023 11:03,17/8/2023,1200,1300
2817853,17/8/2023 12:14,0,52.5,26.84,0,0,170392,17/8/2023 21:44,17/8/2023,2100,2200
2818709,17/8/2023 17:24,0,56.29,28.79,0,0,34414,17/8/2023 20:46,17/8/2023,2000,2100
2816518,16/8/2023 18:13,0,50.28,25.71,0,0,40229,17/8/2023 08:43,17/8/2023,800,900
2817355,17/8/2023 09:36,0,39.08,19.98,0,0,176926,17/8/2023 11:53,17/8/2023,1200,1300
2817036,17/8/2023 00:43,0,104.57,53.47,0,0,94538,17/8/2023 10:00,17/8/2023,1000,1100
2814674,15/8/2023 20:15,0,256.02,130.9,0,0,62738,17/8/2023 08:52,17/8/2023,800,900
2816777,16/8/2023 21:02,0,123.14,62.96,0,0,155292,17/8/2023 11:00,17/8/2023,1100,1200
2816806,16/8/2023 21:27,0,70.04,35.81,0,0,161216,17/8/2023 10:04,17/8/2023,1000,1100
2818340,17/8/2023 15:15,0,113.07,57.81,0,0,9726,17/8/2023 17:29,17/8/2023,1700,1800
2817806,17/8/2023 11:59,0,158.43,81,0,0,176850,17/8/2023 14:55,17/8/2023,1400,1500
2818181,17/8/2023 14:10,0,191.67,98,0,0,84014,17/8/2023 16:55,17/8/2023,1600,1700
2818834,17/8/2023 18:13,0,24.78,12.67,0,0,90224,17/8/2023 21:23,17/8/2023,2100,2200
2817812,17/8/2023 12:01,0,57.83,29.56,0,0,37049,17/8/2023 14:13,17/8/2023,1400,1500
2817494,17/8/2023 10:27,0,83.25,42.56,0,0,71614,17/8/2023 19:17,17/8/2023,1900,2000
2819233,17/8/2023 22:30,0,136.34,69.71,5.49,2.81,40487,18/8/2023 10:17,18/8/2023,1000,1100
2820320,18/8/2023 13:07,0,82.74,42.3,0,0,126666,18/8/2023 15:06,18/8/2023,1500,1600
2820468,18/8/2023 13:51,0,84.56,43.24,0,0,190577,18/8/2023 17:25,18/8/2023,1700,1800
2819538,18/8/2023 08:22,0,43.14,22.06,0,0,13613,18/8/2023 12:48,18/8/2023,1200,1300
2819768,18/8/2023 10:03,0,93.85,47.99,0,0,131273,18/8/2023 11:55,18/8/2023,1200,1300
2820098,18/8/2023 11:55,0,123.45,63.12,15.39,7.87,146965,18/8/2023 13:57,18/8/2023,1400,1500
2819048,17/8/2023 20:35,0,55.44,28.35,0,0,187910,18/8/2023 09:19,18/8/2023,900,1000
2818948,17/8/2023 19:16,0,288.77,147.65,0,0,37180,18/8/2023 16:17,18/8/2023,1600,1700
2819930,18/8/2023 10:55,0,115.08,58.84,0,0,9224,18/8/2023 16:33,18/8/2023,1600,1700
2820560,18/8/2023 14:24,0,173.89,88.91,40.75,20.84,38302,18/8/2023 17:53,18/8/2023,1700,1800
2820724,18/8/2023 15:37,0,85.2,43.56,0,0,184133,18/8/2023 17:06,18/8/2023,1700,1800
2820884,18/8/2023 16:33,0,131.63,67.3,0,0,47803,18/8/2023 19:58,18/8/2023,2000,2100
2819640,18/8/2023 09:17,0,40.83,20.88,0,0,108250,18/8/2023 11:57,18/8/2023,1100,1200
2819868,18/8/2023 10:36,0,128.5,65.7,0,0,29598,18/8/2023 17:31,18/8/2023,1700,1800
2819701,18/8/2023 09:40,0,279.99,143.15,0,0,70168,18/8/2023 15:14,18/8/2023,1600,1700
2819774,18/8/2023 10:06,0,105.47,53.93,0,0,66520,18/8/2023 17:00,18/8/2023,1700,1800
2821468,18/8/2023 21:47,0,76.62,39.18,0,0,28143,19/8/2023 09:13,19/8/2023,900,1000
2822445,19/8/2023 13:06,0,129.23,66.08,0,0,100566,19/8/2023 16:20,19/8/2023,1600,1700
2822883,19/8/2023 15:43,1,95.26,48.71,0,0,173699,19/8/2023 18:33,19/8/2023,1800,1900
2821362,18/8/2023 20:35,0,56.2,28.73,0,0,57629,19/8/2023 08:39,19/8/2023,800,900
2821469,18/8/2023 21:47,0,83.62,42.75,0,0,186220,19/8/2023 10:51,19/8/2023,1100,1200
2823441,19/8/2023 19:19,0,83.12,42.5,0,0,49929,19/8/2023 22:44,19/8/2023,2200,2300
2823144,19/8/2023 17:23,0,80.46,41.14,0,0,8245,19/8/2023 20:38,19/8/2023,2000,2100
2823155,19/8/2023 17:28,1,83.11,42.49,0,0,191431,19/8/2023 20:18,19/8/2023,2000,2100
2821749,19/8/2023 07:58,0,65.17,33.33,0,0,186286,19/8/2023 10:00,19/8/2023,1000,1100
2823856,20/8/2023 00:40,0,159.45,81.53,0,0,104303,20/8/2023 10:44,20/8/2023,1100,1200
2824617,20/8/2023 12:18,0,143.3,73.27,0,0,76338,20/8/2023 15:03,20/8/2023,1500,1600
2824790,20/8/2023 13:16,0,44.37,22.68,0,0,170199,20/8/2023 15:11,20/8/2023,1500,1600
2825231,20/8/2023 15:22,0,64.33,32.89,0,0,42299,20/8/2023 17:42,20/8/2023,1800,1900
2822541,19/8/2023 13:46,0,137.89,70.5,14.17,7.25,17335,20/8/2023 08:03,20/8/2023,800,900
2825138,20/8/2023 14:53,0,124.55,63.68,0,0,79346,20/8/2023 17:26,20/8/2023,1700,1800
2824661,20/8/2023 12:30,0,152.78,78.12,0,0,150472,20/8/2023 19:17,20/8/2023,1900,2000
2823624,19/8/2023 21:17,0,53.75,27.48,0,0,19456,20/8/2023 09:00,20/8/2023,900,1000
2825107,20/8/2023 14:43,0,166.99,85.38,0,0,141334,20/8/2023 18:31,20/8/2023,1800,1900
2824043,20/8/2023 08:44,0,114.64,58.62,0,0,97083,20/8/2023 16:42,20/8/2023,1600,1700
2826132,20/8/2023 22:51,0,115.58,59.09,0,0,93421,21/8/2023 12:46,21/8/2023,1200,1300
2825371,20/8/2023 16:10,0,92.13,47.1,0,0,116221,21/8/2023 12:05,21/8/2023,1200,1300
2827463,21/8/2023 13:53,0,88.83,45.42,0,0,82402,21/8/2023 16:08,21/8/2023,1600,1700
2827492,21/8/2023 14:00,0,52.19,26.69,0,0,24760,21/8/2023 17:14,21/8/2023,1700,1800
2827505,21/8/2023 14:03,0,50.18,25.65,0,0,80795,21/8/2023 16:35,21/8/2023,1600,1700
2826796,21/8/2023 10:44,0,134,68.51,0,0,124739,21/8/2023 20:36,21/8/2023,2000,2100
2826129,20/8/2023 22:48,0,124.17,63.48,0,0,93233,21/8/2023 09:42,21/8/2023,1000,1100
2826560,21/8/2023 09:34,0,222.87,113.95,0,0,25788,21/8/2023 13:11,21/8/2023,1300,1400
2824782,20/8/2023 13:13,0,176.35,90.17,22.02,11.26,42104,21/8/2023 14:10,21/8/2023,1400,1500
2827966,21/8/2023 16:20,0,560.13,286.39,0,0,7931,21/8/2023 19:53,21/8/2023,1900,2000
2826835,21/8/2023 10:57,0,92.84,47.47,0,0,130102,21/8/2023 13:40,21/8/2023,1300,1400
2826899,21/8/2023 11:10,0,109.52,55.99,0,0,147166,21/8/2023 14:57,21/8/2023,1400,1500
2827619,21/8/2023 14:41,0,178.03,91.02,0,0,42705,21/8/2023 17:38,21/8/2023,1700,1800
2828756,21/8/2023 23:41,0,44.71,22.86,0,0,66093,22/8/2023 11:04,22/8/2023,1100,1200
2828098,21/8/2023 17:02,0,127.07,64.97,0,0,161570,22/8/2023 18:33,22/8/2023,1900,2000
2830770,22/8/2023 19:38,0,40.75,20.84,0,0,115606,22/8/2023 22:19,22/8/2023,2200,2300
2829600,22/8/2023 12:26,0,116.63,59.63,7.47,3.82,46474,22/8/2023 14:26,22/8/2023,1500,1600
2828115,21/8/2023 17:11,0,80.14,40.97,0,0,72162,22/8/2023 08:55,22/8/2023,800,900
2829555,22/8/2023 12:13,0,210.94,107.85,0,0,35328,22/8/2023 17:54,22/8/2023,1900,2000
2828842,22/8/2023 02:12,0,76.12,38.92,0,0,33200,22/8/2023 13:02,22/8/2023,1300,1400
2829414,22/8/2023 11:30,0,228.11,116.63,0,0,48989,22/8/2023 19:00,22/8/2023,1900,2000
2829951,22/8/2023 14:20,0,305.4,156.15,0,0,40757,22/8/2023 16:55,22/8/2023,1700,1800
2831451,23/8/2023 09:31,0,103.51,52.92,12.33,6.31,56557,23/8/2023 17:56,23/8/2023,1700,1800
2831610,23/8/2023 10:30,0,189.07,96.67,13.25,6.77,131828,23/8/2023 16:25,23/8/2023,1700,1800
2832844,23/8/2023 18:09,0,79.02,40.4,0,0,99213,23/8/2023 21:31,23/8/2023,2100,2200
2832962,23/8/2023 19:10,0,127.5,65.19,0,0,25354,23/8/2023 22:00,23/8/2023,2200,2300
2831821,23/8/2023 11:44,0,91.9,46.99,0,0,83364,23/8/2023 18:35,23/8/2023,1800,1900
2832451,23/8/2023 15:24,0,100.25,51.26,0,0,18713,23/8/2023 18:11,23/8/2023,1800,1900
2830803,22/8/2023 20:08,0,39.89,20.39,0,0,143164,23/8/2023 10:37,23/8/2023,1100,1200
2830445,22/8/2023 17:06,0,41.23,21.08,0,0,40811,23/8/2023 10:30,23/8/2023,1000,1100
2830718,22/8/2023 19:10,1,341.6,174.65,0,0,191781,23/8/2023 11:11,23/8/2023,1100,1200
2831253,23/8/2023 07:39,0,218.7,111.82,23.13,11.83,73115,23/8/2023 11:29,23/8/2023,1100,1200
2831587,23/8/2023 10:24,0,81.32,41.58,0,0,80108,23/8/2023 17:33,23/8/2023,1800,1900
2831382,23/8/2023 09:02,0,168.67,86.24,0,0,154056,23/8/2023 15:36,23/8/2023,1500,1600
2831432,23/8/2023 09:28,0,30.23,15.46,0,0,85134,24/8/2023 08:38,24/8/2023,1000,1100
2833474,24/8/2023 07:23,0,30.65,15.67,0,0,11299,24/8/2023 10:47,24/8/2023,1000,1100
2833521,24/8/2023 08:22,0,106.25,54.33,0,0,66182,24/8/2023 11:34,24/8/2023,1100,1200
2834660,24/8/2023 14:32,0,84.17,43.03,0,0,29109,24/8/2023 20:24,24/8/2023,2000,2100
2834649,24/8/2023 14:28,0,64.94,33.21,0,0,14260,24/8/2023 20:49,24/8/2023,2000,2100
2832569,23/8/2023 16:11,0,86.85,44.41,0,0,11423,24/8/2023 10:00,24/8/2023,1000,1100
2833204,23/8/2023 22:19,0,114.45,58.52,0,0,16538,24/8/2023 08:48,24/8/2023,900,1000
2835181,24/8/2023 17:45,0,104.34,53.35,0,0,36652,24/8/2023 21:13,24/8/2023,2100,2200
2828534,21/8/2023 20:42,1,38.12,19.49,0,0,191667,24/8/2023 08:27,24/8/2023,1000,1100
2834725,24/8/2023 14:54,0,122.18,62.47,0,0,77895,24/8/2023 20:31,24/8/2023,2100,2200
2833066,23/8/2023 20:20,0,131.74,67.36,0,0,58054,24/8/2023 11:21,24/8/2023,1100,1200
2834395,24/8/2023 13:15,0,76.95,39.35,0,0,28824,24/8/2023 16:40,24/8/2023,1600,1700
2832904,23/8/2023 18:36,0,99.77,51.01,10.72,5.48,14699,24/8/2023 09:25,24/8/2023,1000,1100
2833610,24/8/2023 09:03,0,134.57,68.8,0,0,8911,24/8/2023 11:13,24/8/2023,1100,1200
2833761,24/8/2023 09:55,0,256.72,131.26,0,0,173714,24/8/2023 12:43,24/8/2023,1200,1300
2834336,24/8/2023 13:01,0,109.32,55.89,0,0,13780,24/8/2023 15:19,24/8/2023,1500,1600
2834946,24/8/2023 16:15,0,64.13,32.78,0,0,35925,24/8/2023 18:27,24/8/2023,1900,2000
2834924,24/8/2023 16:05,0,110.88,56.69,28.49,14.57,23310,24/8/2023 18:35,24/8/2023,1800,1900
2834576,24/8/2023 14:07,0,228.3,116.73,0,0,36513,24/8/2023 16:21,24/8/2023,1600,1700
2833227,23/8/2023 22:35,0,72.18,36.91,0,0,168490,24/8/2023 16:56,24/8/2023,1600,1700
2835591,24/8/2023 22:12,0,105.89,54.14,0,0,30827,25/8/2023 10:30,25/8/2023,1000,1100
2836312,25/8/2023 11:10,0,90.11,46.08,12.41,6.34,152212,25/8/2023 13:32,25/8/2023,1300,1400
2834627,24/8/2023 14:18,0,280.55,143.45,0,0,89340,25/8/2023 09:20,25/8/2023,900,1000
2837356,25/8/2023 17:26,0,260.88,133.39,0,0,42451,25/8/2023 20:04,25/8/2023,2000,2100
2835752,25/8/2023 00:33,0,251.32,128.5,0,0,21108,25/8/2023 13:28,25/8/2023,1400,1500
2836196,25/8/2023 10:26,0,153.03,78.24,0,0,90938,25/8/2023 12:53,25/8/2023,1300,1400
2837182,25/8/2023 16:19,0,37.91,19.38,0,0,189155,25/8/2023 18:49,25/8/2023,1900,2000
2836496,25/8/2023 12:05,0,133.71,68.36,0,0,69746,25/8/2023 15:34,25/8/2023,1500,1600
2836456,25/8/2023 11:48,0,123.51,63.15,0,0,10062,25/8/2023 15:35,25/8/2023,1600,1700
2838375,26/8/2023 10:10,0,130.96,66.96,0,0,17715,26/8/2023 13:32,26/8/2023,1300,1400
2838938,26/8/2023 13:15,0,122.49,62.63,0,0,11308,26/8/2023 16:59,26/8/2023,1700,1800
2839279,26/8/2023 15:30,0,27.51,14.07,0,0,47480,26/8/2023 18:58,26/8/2023,1900,2000
2837975,26/8/2023 00:19,0,205.37,105.01,0,0,152071,26/8/2023 11:42,26/8/2023,1100,1200
2838239,26/8/2023 09:13,0,64.21,32.83,0,0,8772,26/8/2023 10:44,26/8/2023,1100,1200
2838859,26/8/2023 12:54,0,142.61,72.91,0,0,81517,26/8/2023 18:03,26/8/2023,1800,1900
2838314,26/8/2023 09:47,0,107.44,54.94,0,0,127367,26/8/2023 12:42,26/8/2023,1200,1300
2839049,26/8/2023 13:50,0,151.57,77.5,12.81,6.55,26024,26/8/2023 17:08,26/8/2023,1700,1800
2839262,26/8/2023 15:25,0,80.04,40.92,0,0,59032,26/8/2023 17:51,26/8/2023,1800,1900
2837513,25/8/2023 18:24,0,154.77,79.13,9.78,5,28328,26/8/2023 08:29,26/8/2023,900,1000
2839271,26/8/2023 15:27,0,512.13,261.85,0,0,187657,26/8/2023 18:58,26/8/2023,1900,2000
2839267,26/8/2023 15:26,0,151.54,77.49,0,0,90151,26/8/2023 18:17,26/8/2023,1800,1900
2839404,26/8/2023 16:18,0,84.68,43.29,0,0,120513,26/8/2023 19:47,26/8/2023,1900,2000
2839076,26/8/2023 14:04,0,138.52,70.82,24.58,12.57,9224,26/8/2023 15:57,26/8/2023,1600,1700
2837773,25/8/2023 21:07,0,196.48,100.46,0,0,145617,26/8/2023 11:26,26/8/2023,1100,1200
2852028,1/9/2023 09:36,0,62.86,32.13,0,0,81207,1/9/2023 17:25,1/9/2023,1700,1800
2860076,4/9/2023 15:04,0,134.59,68.82,0,0,162820,5/9/2023 08:59,5/9/2023,900,1000
2861052,4/9/2023 21:07,0,111.93,57.23,0,0,159415,5/9/2023 18:50,5/9/2023,1900,2000
2864039,6/9/2023 10:44,0,195.77,100.1,15.57,7.96,110472,6/9/2023 17:33,6/9/2023,1700,1800
2865712,6/9/2023 21:40,0,140.19,71.68,0,0,7754,7/9/2023 09:34,7/9/2023,900,1000
2872361,9/9/2023 17:51,0,47.55,24.31,0,0,124681,10/9/2023 13:58,10/9/2023,1400,1500
2875268,10/9/2023 21:04,1,58.92,30.13,0,0,193751,11/9/2023 19:09,11/9/2023,1900,2000
2876643,11/9/2023 13:31,0,74.84,38.27,12.85,6.56,69381,11/9/2023 19:14,11/9/2023,1900,2000
2875294,10/9/2023 21:22,0,53.84,27.52,0,0,68949,11/9/2023 12:28,11/9/2023,1200,1300
2881618,13/9/2023 13:24,0,151.18,77.29,0,0,55198,13/9/2023 16:27,13/9/2023,1600,1700
2882926,14/9/2023 00:35,0,90.02,46.03,0,0,132936,14/9/2023 12:28,14/9/2023,1300,1400
2885374,14/9/2023 22:59,0,159.75,81.68,0,0,166994,15/9/2023 09:32,15/9/2023,900,1000
2886632,15/9/2023 13:41,0,108.86,55.66,0,0,54998,16/9/2023 11:41,16/9/2023,1100,1200
2895797,18/9/2023 20:38,0,40.91,20.92,0,0,169599,19/9/2023 09:25,19/9/2023,900,1000
2898288,19/9/2023 22:25,0,245.39,125.47,94.13,48.12,69251,20/9/2023 15:59,20/9/2023,1600,1700
2898887,20/9/2023 10:19,0,323.12,165.2,0,0,154903,20/9/2023 14:34,20/9/2023,1500,1600
2900677,21/9/2023 01:02,0,36.9,18.86,0,0,119450,21/9/2023 14:02,21/9/2023,1400,1500
2900757,21/9/2023 07:08,0,62.67,32.04,0,0,68090,21/9/2023 22:58,21/9/2023,2200,2300
2901171,21/9/2023 10:31,0,84.39,43.14,32.38,16.56,136645,21/9/2023 18:48,21/9/2023,1900,2000
2840844,27/8/2023 11:53,0,146.21,74.75,0,0,141360,27/8/2023 13:23,27/8/2023,1400,1500
2841195,27/8/2023 13:43,0,91.73,46.9,0,0,170838,27/8/2023 15:27,27/8/2023,1600,1700
2841802,27/8/2023 16:52,0,111.47,56.99,0,0,57018,27/8/2023 19:38,27/8/2023,2000,2100
2841612,27/8/2023 15:48,0,43.3,22.14,0,0,59328,27/8/2023 18:46,27/8/2023,1900,2000
2840564,27/8/2023 10:24,0,167.41,85.59,0,0,188070,27/8/2023 11:59,27/8/2023,1200,1300
2841266,27/8/2023 14:08,0,209.8,107.27,0,0,132386,27/8/2023 15:49,27/8/2023,1600,1700
2840589,27/8/2023 10:32,0,156.68,80.11,0,0,47648,27/8/2023 13:17,27/8/2023,1300,1400
2837968,26/8/2023 00:14,0,146.81,75.06,0,0,75921,27/8/2023 08:58,27/8/2023,900,1000
2841757,27/8/2023 16:36,0,54.01,27.61,0,0,190726,27/8/2023 19:04,27/8/2023,1900,2000
2840232,27/8/2023 02:07,0,27.93,14.28,0,0,165543,27/8/2023 09:47,27/8/2023,1000,1100
2841230,27/8/2023 13:57,0,142.95,73.09,0,0,62200,27/8/2023 16:46,27/8/2023,1600,1700
2839994,26/8/2023 21:31,0,143.27,73.26,0,0,25354,27/8/2023 11:12,27/8/2023,1100,1200
2840916,27/8/2023 12:18,0,217.22,111.07,0,0,140771,27/8/2023 14:16,27/8/2023,1400,1500
2841052,27/8/2023 12:57,0,97.87,50.04,0,0,66855,27/8/2023 14:42,27/8/2023,1500,1600
2842688,28/8/2023 08:21,0,251.93,128.81,25.81,13.2,42207,28/8/2023 16:36,28/8/2023,1700,1800
2843072,28/8/2023 11:12,0,176.71,90.35,0,0,69129,28/8/2023 19:01,28/8/2023,1900,2000
2844225,28/8/2023 17:01,0,102.07,52.19,14,7.16,148067,28/8/2023 19:03,28/8/2023,1900,2000
2844284,28/8/2023 17:26,0,163.59,83.64,0,0,86167,28/8/2023 20:38,28/8/2023,2000,2100
2843839,28/8/2023 14:52,0,72.58,37.11,0,0,167559,28/8/2023 17:16,28/8/2023,1700,1800
2843923,28/8/2023 15:16,0,60.28,30.82,2.37,1.21,16159,28/8/2023 17:58,28/8/2023,1800,1900
2843888,28/8/2023 15:06,0,106.37,54.39,0,0,86068,28/8/2023 20:41,28/8/2023,2100,2200
2842181,27/8/2023 19:41,0,33.39,17.07,0,0,70152,28/8/2023 08:58,28/8/2023,800,900
2840807,27/8/2023 11:37,0,79.28,40.53,0,0,184751,28/8/2023 10:51,28/8/2023,1100,1200
2840420,27/8/2023 09:25,0,174.59,89.27,0,0,110814,28/8/2023 16:45,28/8/2023,1600,1700
2844311,28/8/2023 17:35,1,234.12,119.71,0,0,192413,29/8/2023 10:19,29/8/2023,1000,1100
2846634,29/8/2023 18:58,0,116.49,59.56,0,0,7638,29/8/2023 20:36,29/8/2023,2100,2200
2845553,29/8/2023 12:37,0,74.2,37.94,9.06,4.63,192064,29/8/2023 16:27,29/8/2023,1600,1700
2845797,29/8/2023 13:42,0,44.48,22.74,8.74,4.47,11591,29/8/2023 16:04,29/8/2023,1600,1700
2846236,29/8/2023 16:11,0,44.34,22.67,0,0,27750,30/8/2023 08:02,29/8/2023,2200,2300
2846076,29/8/2023 15:22,0,154.02,78.75,16.12,8.25,72588,29/8/2023 20:45,29/8/2023,2000,2100
2844722,28/8/2023 22:19,0,399.42,204.22,5.3,2.71,23967,29/8/2023 11:09,29/8/2023,1100,1200
2846428,29/8/2023 17:18,0,182.18,93.15,49.41,25.26,141804,29/8/2023 20:20,29/8/2023,2000,2100
2844183,28/8/2023 16:46,1,138.77,70.95,0,0,191563,29/8/2023 12:53,29/8/2023,1300,1400
2845647,29/8/2023 13:03,0,86.58,44.27,6.89,3.52,10127,29/8/2023 15:46,29/8/2023,1500,1600
2846044,29/8/2023 15:11,0,27.59,14.11,0,0,39596,29/8/2023 18:23,29/8/2023,1800,1900
2846959,29/8/2023 23:03,0,41.47,21.2,0,0,30385,30/8/2023 09:23,30/8/2023,900,1000
2847144,30/8/2023 07:23,0,115.52,59.06,0,0,83428,30/8/2023 10:28,30/8/2023,1000,1100
2845734,29/8/2023 13:28,0,123.48,63.14,0,0,58054,30/8/2023 12:52,30/8/2023,1300,1400
2847304,30/8/2023 09:00,0,158.18,80.87,0,0,36676,30/8/2023 11:51,30/8/2023,1100,1200
2848183,30/8/2023 14:23,0,115.45,59.02,0,0,101797,30/8/2023 15:55,30/8/2023,1600,1700
2847166,30/8/2023 07:48,0,40.41,20.66,0,0,173213,30/8/2023 10:56,30/8/2023,1000,1100
2848023,30/8/2023 13:19,0,192.23,98.29,0,0,67678,30/8/2023 16:59,30/8/2023,1600,1700
2848028,30/8/2023 13:21,0,161.98,82.82,0,0,33851,30/8/2023 17:53,30/8/2023,1800,1900
2847867,30/8/2023 12:18,0,177.43,90.72,0,0,76076,30/8/2023 20:51,30/8/2023,2100,2200
2846862,29/8/2023 21:50,0,119.72,61.21,0,0,126462,30/8/2023 18:13,30/8/2023,1800,1900
2848284,30/8/2023 14:56,0,73.26,37.46,0,0,149565,30/8/2023 17:46,30/8/2023,1700,1800
2851097,31/8/2023 17:40,0,36.48,18.65,1.85,0.95,89857,31/8/2023 21:11,31/8/2023,2100,2200
2848973,30/8/2023 20:42,1,111.07,56.79,0,0,192645,31/8/2023 17:45,31/8/2023,1800,1900
2850503,31/8/2023 14:18,0,32.94,16.84,0,0,155478,31/8/2023 16:13,31/8/2023,1600,1700
2848881,30/8/2023 19:42,0,117.52,60.09,0,0,83817,31/8/2023 08:58,31/8/2023,900,1000
2850087,31/8/2023 12:01,0,69.7,35.63,0,0,175514,31/8/2023 20:12,31/8/2023,2000,2100
2850725,31/8/2023 15:31,0,92.42,47.26,0,0,41951,31/8/2023 18:28,31/8/2023,1800,1900
2850122,31/8/2023 12:09,0,375.04,191.75,0,0,87382,1/9/2023 10:25,1/9/2023,1000,1100
2851693,1/9/2023 00:09,0,111.69,57.11,0,0,81753,1/9/2023 10:01,1/9/2023,1000,1100
2853288,1/9/2023 16:44,0,183.63,93.89,5.96,3.05,26043,1/9/2023 19:32,1/9/2023,1900,2000
2853589,1/9/2023 18:51,0,45.76,23.4,0,0,88471,1/9/2023 21:37,1/9/2023,2100,2200
2851857,1/9/2023 08:11,0,202.67,103.62,0,0,38638,1/9/2023 10:38,1/9/2023,1000,1100
2851670,31/8/2023 23:37,0,108.77,55.61,0,0,191563,1/9/2023 15:39,1/9/2023,1600,1700
2853656,1/9/2023 19:17,0,161.08,82.36,0,0,125288,1/9/2023 22:47,1/9/2023,2200,2300
2852273,1/9/2023 11:04,0,85.21,43.57,0,0,103472,1/9/2023 13:48,1/9/2023,1300,1400
2852893,1/9/2023 14:16,0,144.81,74.04,0,0,60510,1/9/2023 16:57,1/9/2023,1600,1700
2853796,1/9/2023 20:49,0,80.06,40.94,0,0,157517,2/9/2023 09:10,2/9/2023,900,1000
2854306,2/9/2023 09:30,0,139.68,71.41,0,0,34676,2/9/2023 10:45,2/9/2023,1100,1200
2854800,2/9/2023 12:31,0,129.82,66.38,0,0,62360,2/9/2023 16:10,2/9/2023,1600,1700
2854855,2/9/2023 12:54,0,48.67,24.88,0,0,109981,2/9/2023 15:50,2/9/2023,1500,1600
2854535,2/9/2023 11:03,0,123.11,62.94,0,0,16940,2/9/2023 22:14,2/9/2023,2200,2300
2855202,2/9/2023 14:54,0,115.96,59.29,0,0,59776,2/9/2023 22:25,2/9/2023,2200,2300
2854210,2/9/2023 08:40,0,113.57,58.07,0,0,57161,2/9/2023 10:31,2/9/2023,1100,1200
2854826,2/9/2023 12:42,0,52.25,26.71,0,0,146337,2/9/2023 15:00,2/9/2023,1500,1600
2854393,2/9/2023 10:10,0,203.53,104.07,2.47,1.26,47240,2/9/2023 12:54,2/9/2023,1200,1300
2855259,2/9/2023 15:12,0,82.27,42.06,0,0,86486,2/9/2023 18:04,2/9/2023,1700,1800
2853936,1/9/2023 22:31,0,85.43,43.68,8.75,4.48,84892,2/9/2023 10:04,2/9/2023,1000,1100
2854953,2/9/2023 13:30,0,244.08,124.79,0,0,81218,2/9/2023 16:43,2/9/2023,1600,1700
2855531,2/9/2023 16:58,0,968.87,495.38,0,0,18119,2/9/2023 18:58,2/9/2023,1900,2000
2854154,2/9/2023 07:27,0,142,72.6,0,0,38751,2/9/2023 10:47,2/9/2023,1000,1100
2856927,3/9/2023 11:53,0,78.04,39.9,0,0,189399,3/9/2023 15:18,3/9/2023,1500,1600
2857071,3/9/2023 12:36,0,77.89,39.82,0,0,119440,3/9/2023 14:42,3/9/2023,1500,1600
2857856,3/9/2023 16:57,0,98.66,50.44,0,0,93807,3/9/2023 18:43,3/9/2023,1900,2000
2857287,3/9/2023 13:41,0,61.89,31.64,0,0,190376,3/9/2023 16:50,3/9/2023,1600,1700
2857349,3/9/2023 13:57,0,139.1,71.12,0,0,11280,3/9/2023 17:02,3/9/2023,1600,1700
2857213,3/9/2023 13:14,0,158.39,80.98,0,0,47940,3/9/2023 19:05,3/9/2023,1900,2000
2857509,3/9/2023 15:00,0,296.08,151.38,0,0,113797,3/9/2023 17:34,3/9/2023,1700,1800
2857111,3/9/2023 12:45,0,34,17.38,0,0,16815,3/9/2023 17:50,3/9/2023,1700,1800
2856864,3/9/2023 11:35,0,57.71,29.5,0,0,190722,3/9/2023 13:55,3/9/2023,1400,1500
2857644,3/9/2023 15:45,0,117.35,60,0,0,107238,3/9/2023 20:01,3/9/2023,1900,2000
2858417,3/9/2023 22:03,0,278.87,142.58,0,0,164212,4/9/2023 11:23,4/9/2023,1100,1200
2859006,4/9/2023 10:26,0,84.04,42.96,0,0,161216,4/9/2023 12:26,4/9/2023,1300,1400
2860665,4/9/2023 17:42,0,34.76,17.77,0,0,36805,4/9/2023 21:09,4/9/2023,2100,2200
2858954,4/9/2023 10:12,0,29.14,14.9,0,0,85817,4/9/2023 12:21,4/9/2023,1200,1300
2859208,4/9/2023 11:17,0,132.33,67.66,0,0,14705,4/9/2023 13:37,4/9/2023,1300,1400
2860162,4/9/2023 15:27,0,49.74,25.43,0,0,125746,4/9/2023 17:59,4/9/2023,1800,1900
2860393,4/9/2023 16:24,0,159.57,81.58,0,0,41156,4/9/2023 19:14,4/9/2023,1900,2000
2860488,4/9/2023 16:51,0,112.7,57.62,0,0,146017,4/9/2023 20:55,4/9/2023,2000,2100
2859142,4/9/2023 11:00,0,152.37,77.91,0,0,84255,4/9/2023 13:53,4/9/2023,1300,1400
2857322,3/9/2023 13:51,0,46.63,23.84,0,0,24555,4/9/2023 09:49,4/9/2023,1000,1100
2853534,1/9/2023 18:26,0,3009.82,1538.89,0,0,157427,4/9/2023 10:15,4/9/2023,1000,1100
2858853,4/9/2023 09:40,0,82.37,42.12,0,0,18546,4/9/2023 14:30,4/9/2023,1500,1600
2859876,4/9/2023 14:11,0,158.48,81.03,14.88,7.61,63150,4/9/2023 18:33,4/9/2023,1800,1900
2862390,5/9/2023 13:52,0,109.76,56.12,0,0,16583,5/9/2023 15:56,5/9/2023,1600,1700
2861459,5/9/2023 08:08,0,63.71,32.58,0,0,10032,5/9/2023 11:27,5/9/2023,1200,1300
2862655,5/9/2023 15:21,0,55.51,28.38,0,0,51828,5/9/2023 16:46,5/9/2023,1700,1800
2858811,4/9/2023 09:27,1,300.77,153.78,0,0,192673,5/9/2023 11:00,5/9/2023,1100,1200
2861476,5/9/2023 08:20,0,132.01,67.5,0,0,140884,5/9/2023 11:27,5/9/2023,1100,1200
2861797,5/9/2023 10:34,0,141.15,72.17,0,0,46974,5/9/2023 13:57,5/9/2023,1300,1400
2862013,5/9/2023 11:45,0,143.43,73.33,26.83,13.72,54841,5/9/2023 17:21,5/9/2023,1700,1800
2862481,5/9/2023 14:21,0,37.45,19.15,0,0,86177,5/9/2023 16:26,5/9/2023,1700,1800
2862671,5/9/2023 15:27,0,132.56,67.78,0,0,180092,5/9/2023 17:20,5/9/2023,1700,1800
2859198,4/9/2023 11:13,0,157.43,80.5,0,0,77902,5/9/2023 09:50,5/9/2023,900,1000
2860505,4/9/2023 16:57,0,61.98,31.69,0,0,137503,5/9/2023 12:10,5/9/2023,1200,1300
2862340,5/9/2023 13:32,0,340.29,173.98,0,0,76587,5/9/2023 16:59,5/9/2023,1700,1800
2863810,6/9/2023 08:53,0,136.4,69.74,0,0,46450,6/9/2023 10:50,6/9/2023,1100,1200
2863215,5/9/2023 18:58,0,141.99,72.6,0,0,72367,6/9/2023 10:01,6/9/2023,1100,1200
2863821,6/9/2023 08:59,0,62.09,31.74,0,0,169476,6/9/2023 10:57,6/9/2023,1100,1200
2865153,6/9/2023 16:33,0,47.49,24.29,0,0,42299,6/9/2023 18:41,6/9/2023,1900,2000
2865336,6/9/2023 17:45,0,165.83,84.79,0,0,79142,6/9/2023 20:22,6/9/2023,2000,2100
2866684,7/9/2023 12:25,0,94.6,48.37,0,0,127411,7/9/2023 14:29,7/9/2023,1500,1600
2867475,7/9/2023 16:45,0,113.7,58.14,0,0,121224,7/9/2023 19:58,7/9/2023,1900,2000
2866261,7/9/2023 10:12,0,82.99,42.43,0,0,169348,7/9/2023 12:24,7/9/2023,1200,1300
2866138,7/9/2023 09:12,0,86.72,44.34,0,0,24678,7/9/2023 16:02,7/9/2023,1600,1700
2865537,6/9/2023 19:31,0,310.83,158.92,21.23,10.86,7931,7/9/2023 08:57,7/9/2023,800,900
2866314,7/9/2023 10:26,0,122.51,62.64,27.7,14.16,89322,7/9/2023 12:26,7/9/2023,1300,1400
2867411,7/9/2023 16:24,0,163.64,83.67,13.68,6.99,127606,7/9/2023 19:45,7/9/2023,1900,2000
2866051,7/9/2023 08:12,0,46.28,23.66,0,0,49503,7/9/2023 11:58,7/9/2023,1200,1300
2867262,7/9/2023 15:25,0,64.46,32.96,0,0,29434,7/9/2023 17:49,7/9/2023,1800,1900
2866631,7/9/2023 12:07,0,97.09,49.64,0,0,11896,7/9/2023 14:58,7/9/2023,1400,1500
2867133,7/9/2023 14:48,0,116.06,59.34,0,0,188273,7/9/2023 17:51,7/9/2023,1700,1800
2868239,7/9/2023 23:15,0,177.66,90.83,0,0,124780,8/9/2023 11:00,8/9/2023,1100,1200
2868920,8/9/2023 11:31,0,97.45,49.82,0,0,182586,8/9/2023 14:13,8/9/2023,1400,1500
2867942,7/9/2023 20:10,0,110.25,56.37,0,0,99401,8/9/2023 18:16,8/9/2023,1800,1900
2869896,8/9/2023 16:55,0,88.15,45.07,0,0,63949,8/9/2023 19:34,8/9/2023,1900,2000
2869574,8/9/2023 15:02,0,113.18,57.87,0,0,129102,8/9/2023 17:22,8/9/2023,1700,1800
2868440,8/9/2023 07:02,0,105.42,53.9,5.17,2.64,35039,8/9/2023 16:57,8/9/2023,1700,1800
2869179,8/9/2023 12:47,0,117.47,60.06,0,0,71632,8/9/2023 17:48,8/9/2023,1700,1800
2867784,7/9/2023 18:45,0,110.95,56.73,0,0,20341,8/9/2023 18:27,8/9/2023,1900,2000
2867882,7/9/2023 19:27,0,152.01,77.72,0,0,44158,8/9/2023 09:03,8/9/2023,900,1000
2870101,8/9/2023 18:18,0,29.97,15.32,0,0,65235,8/9/2023 20:02,8/9/2023,2100,2200
2868775,8/9/2023 10:39,0,165.36,84.55,0,0,34823,8/9/2023 18:44,8/9/2023,1800,1900
2904862,22/9/2023 17:07,0,125.26,64.05,0,0,86705,23/9/2023 11:14,23/9/2023,1100,1200
2915869,26/9/2023 21:32,0,131.36,67.16,0,0,81765,27/9/2023 11:13,27/9/2023,1100,1200
2916366,27/9/2023 09:11,0,160.17,81.9,0,0,155395,27/9/2023 15:59,27/9/2023,1500,1600
2923153,29/9/2023 17:12,0,302.76,154.8,0,0,68873,30/9/2023 10:08,30/9/2023,1000,1100
2923538,29/9/2023 20:10,0,54.51,27.88,0,0,81207,30/9/2023 14:55,30/9/2023,1500,1600
2930606,2/10/2023 13:00,0,69,35.28,0,0,69793,2/10/2023 19:20,2/10/2023,1900,2000
2928703,1/10/2023 17:07,0,92.25,47.17,0,0,175551,2/10/2023 10:52,2/10/2023,1000,1100
2870878,9/9/2023 08:56,0,46.05,23.54,0,0,73996,9/9/2023 12:05,9/9/2023,1200,1300
2871548,9/9/2023 13:17,0,236.52,120.93,0,0,179450,9/9/2023 16:27,9/9/2023,1600,1700
2872113,9/9/2023 16:15,0,54.95,28.1,0,0,36544,9/9/2023 19:14,9/9/2023,1900,2000
2870969,9/9/2023 09:44,0,39.97,20.43,0,0,85941,9/9/2023 11:36,9/9/2023,1200,1300
2871196,9/9/2023 11:28,0,66.69,34.1,0,0,164338,9/9/2023 13:12,9/9/2023,1400,1500
2871371,9/9/2023 12:27,0,171.16,87.52,0,0,128492,9/9/2023 15:46,9/9/2023,1500,1600
2871062,9/9/2023 10:33,0,149.39,76.38,0,0,28503,9/9/2023 15:58,9/9/2023,1600,1700
2872523,9/9/2023 18:58,0,176.29,90.14,0,0,34570,9/9/2023 22:44,9/9/2023,2200,2300
2870241,8/9/2023 19:27,0,86.97,44.47,0,0,11308,9/9/2023 07:58,9/9/2023,800,900
2872479,9/9/2023 18:41,0,113.17,57.87,13.23,6.77,117171,10/9/2023 11:04,10/9/2023,1100,1200
2873491,10/9/2023 10:53,0,130.72,66.84,0,0,173134,10/9/2023 13:49,10/9/2023,1300,1400
2872560,9/9/2023 19:13,0,123.41,63.1,0,0,36050,10/9/2023 10:37,10/9/2023,1000,1100
2872701,9/9/2023 20:45,0,84.39,43.15,17.4,8.89,28620,10/9/2023 08:51,10/9/2023,800,900
2872993,10/9/2023 00:52,0,135.93,69.5,0,0,20954,10/9/2023 12:24,10/9/2023,1200,1300
2873996,10/9/2023 13:21,0,67.33,34.42,0,0,44571,10/9/2023 14:57,10/9/2023,1600,1700
2873255,10/9/2023 09:38,0,61.32,31.35,0,0,72639,10/9/2023 11:17,10/9/2023,1100,1200
2873575,10/9/2023 11:17,0,64.51,32.99,0,0,46635,10/9/2023 13:57,10/9/2023,1400,1500
2874127,10/9/2023 13:57,0,134.48,68.75,0,0,30021,10/9/2023 16:28,10/9/2023,1600,1700
2874151,10/9/2023 14:04,0,286.67,146.58,0,0,42930,10/9/2023 16:08,10/9/2023,1600,1700
2872930,9/9/2023 23:45,0,150.49,76.95,0,0,106261,10/9/2023 11:18,10/9/2023,1100,1200
2874809,10/9/2023 17:08,1,157.15,80.35,0,0,193720,10/9/2023 20:23,10/9/2023,2000,2100
2874900,10/9/2023 17:40,1,84.47,43.19,0,0,193715,10/9/2023 21:56,10/9/2023,2100,2200
2875073,10/9/2023 18:56,0,80.68,41.25,0,0,59778,10/9/2023 22:15,10/9/2023,2200,2300
2876055,11/9/2023 10:35,0,62.59,32.01,0,0,155060,11/9/2023 14:15,11/9/2023,1400,1500
2874819,10/9/2023 17:13,0,41.94,21.44,0,0,114688,11/9/2023 08:45,11/9/2023,800,900
2875324,10/9/2023 21:37,0,362.88,185.53,11.97,6.12,7732,11/9/2023 10:22,11/9/2023,1000,1100
2876444,11/9/2023 12:34,0,112.33,57.43,0,0,22390,11/9/2023 15:53,11/9/2023,1600,1700
2875766,11/9/2023 09:00,0,67.96,34.74,0,0,186034,11/9/2023 12:31,11/9/2023,1200,1300
2875897,11/9/2023 09:50,0,128.99,65.95,38.54,19.71,162902,11/9/2023 12:12,11/9/2023,1200,1300
2875947,11/9/2023 10:05,0,140.66,71.92,0,0,45887,11/9/2023 12:49,11/9/2023,1200,1300
2877241,11/9/2023 16:14,0,120.73,61.73,26.56,13.58,33327,11/9/2023 19:30,11/9/2023,2000,2100
2875305,10/9/2023 21:30,0,160.7,82.16,0,0,41680,11/9/2023 10:50,11/9/2023,1000,1100
2875411,10/9/2023 22:28,0,99.75,51,0,0,86402,11/9/2023 13:23,11/9/2023,1300,1400
2875397,10/9/2023 22:21,0,94.99,48.56,0,0,105591,11/9/2023 11:35,11/9/2023,1100,1200
2876910,11/9/2023 14:36,0,149.9,76.64,23.27,11.9,66018,11/9/2023 20:54,11/9/2023,2000,2100
2875507,10/9/2023 23:41,0,186.4,95.3,0,0,85275,11/9/2023 13:05,11/9/2023,1300,1400
2877628,11/9/2023 18:32,0,168.6,86.2,0,0,168548,11/9/2023 20:34,11/9/2023,2100,2200
2876670,11/9/2023 13:39,0,85.46,43.69,0,0,45840,11/9/2023 16:07,11/9/2023,1600,1700
2877500,11/9/2023 17:34,0,127.88,65.39,0,0,174009,12/9/2023 10:24,12/9/2023,1000,1100
2877471,11/9/2023 17:22,0,30.35,15.51,0,0,170411,12/9/2023 16:04,12/9/2023,1600,1700
2879485,12/9/2023 15:13,0,72.07,36.85,0,0,181384,12/9/2023 18:53,12/9/2023,1800,1900
2877864,11/9/2023 20:46,0,393.31,201.1,63.06,32.25,74357,12/9/2023 08:26,12/9/2023,900,1000
2877905,11/9/2023 21:15,0,103.74,53.04,0,0,57565,12/9/2023 11:55,12/9/2023,1200,1300
2879014,12/9/2023 12:53,0,93.08,47.59,0,0,46983,12/9/2023 16:10,12/9/2023,1600,1700
2879072,12/9/2023 13:14,0,327.74,167.58,0,0,32463,12/9/2023 16:41,12/9/2023,1600,1700
2879577,12/9/2023 15:38,0,98.36,50.29,18.4,9.4,24692,12/9/2023 21:10,12/9/2023,2100,2200
2878250,12/9/2023 07:25,0,79.03,40.41,0,0,73115,12/9/2023 11:36,12/9/2023,1100,1200
2878298,12/9/2023 08:26,0,75.71,38.71,0,0,72259,12/9/2023 12:34,12/9/2023,1200,1300
2878465,12/9/2023 09:49,0,131.67,67.32,0,0,97539,12/9/2023 13:23,12/9/2023,1300,1400
2879110,12/9/2023 13:25,0,146.55,74.93,0,0,45764,12/9/2023 20:50,12/9/2023,2000,2100
2879898,12/9/2023 17:33,0,58.79,30.06,0,0,146750,12/9/2023 20:45,12/9/2023,2000,2100
2880925,13/9/2023 09:18,0,137.94,70.53,0,0,119566,13/9/2023 12:06,13/9/2023,1200,1300
2881421,13/9/2023 12:16,0,226.12,115.61,0,0,45506,13/9/2023 14:45,13/9/2023,1400,1500
2881688,13/9/2023 13:44,0,119.38,61.04,0,0,44147,13/9/2023 15:37,13/9/2023,1600,1700
2881326,13/9/2023 11:40,0,70.01,35.8,0,0,36544,13/9/2023 14:17,13/9/2023,1400,1500
2881005,13/9/2023 09:45,0,158.96,81.27,0,0,34799,13/9/2023 12:13,13/9/2023,1200,1300
2881845,13/9/2023 14:39,0,80.01,40.91,0,0,137246,13/9/2023 17:40,13/9/2023,1700,1800
2881477,13/9/2023 12:38,0,90.08,46.06,0,0,40639,13/9/2023 20:06,13/9/2023,2000,2100
2882176,13/9/2023 16:48,0,76.07,38.9,0,0,145283,13/9/2023 19:22,13/9/2023,1900,2000
2880272,12/9/2023 20:35,0,66.64,34.07,10.69,5.46,191348,13/9/2023 10:56,13/9/2023,1100,1200
2879718,12/9/2023 16:32,0,217.39,111.16,0,0,58050,13/9/2023 11:39,13/9/2023,1100,1200
2881035,13/9/2023 09:58,0,61.22,31.29,0,0,75341,13/9/2023 12:11,13/9/2023,1200,1300
2881592,13/9/2023 13:15,0,125.91,64.38,0,0,83563,13/9/2023 15:47,13/9/2023,1500,1600
2881945,13/9/2023 15:17,0,56.39,28.84,0,0,78151,13/9/2023 19:47,13/9/2023,1900,2000
2882537,13/9/2023 19:36,1,50.2,25.67,3.43,1.75,194047,14/9/2023 08:20,14/9/2023,800,900
2882897,13/9/2023 23:53,0,168.12,85.96,0,0,88915,14/9/2023 10:04,14/9/2023,1000,1100
2883283,14/9/2023 09:41,0,118.66,60.66,0,0,73581,14/9/2023 11:47,14/9/2023,1200,1300
2883764,14/9/2023 11:57,0,118.4,60.54,0,0,144531,14/9/2023 14:27,14/9/2023,1500,1600
2883850,14/9/2023 12:22,0,108.62,55.53,0,0,9495,14/9/2023 15:51,14/9/2023,1500,1600
2883878,14/9/2023 12:31,0,47.23,24.14,19.72,10.09,10940,14/9/2023 15:41,14/9/2023,1500,1600
2883617,14/9/2023 11:25,0,56.09,28.68,0,0,73054,14/9/2023 14:10,14/9/2023,1400,1500
2884085,14/9/2023 13:37,0,174.68,89.31,0,0,140549,14/9/2023 15:22,14/9/2023,1600,1700
2884796,14/9/2023 17:25,0,192.88,98.62,0,0,63686,14/9/2023 20:26,14/9/2023,2000,2100
2883603,14/9/2023 11:22,0,74.88,38.29,0,0,79005,14/9/2023 14:01,14/9/2023,1400,1500
2883230,14/9/2023 09:22,0,53.61,27.41,0,0,190582,14/9/2023 11:48,14/9/2023,1200,1300
2883318,14/9/2023 09:55,0,156.25,79.88,6,3.07,8593,14/9/2023 12:05,14/9/2023,1200,1300
2881842,13/9/2023 14:39,0,29.67,15.17,0,0,65378,14/9/2023 14:07,14/9/2023,1400,1500
2883519,14/9/2023 10:55,0,113.54,58.05,0,0,188747,14/9/2023 13:02,14/9/2023,1300,1400
2883814,14/9/2023 12:07,0,126.09,64.47,0,0,114750,14/9/2023 19:12,14/9/2023,1900,2000
2883372,14/9/2023 10:12,0,216.31,110.59,0,0,69410,14/9/2023 12:45,14/9/2023,1200,1300
2883566,14/9/2023 11:10,0,110.5,56.5,0,0,64211,14/9/2023 14:42,14/9/2023,1400,1500
2884559,14/9/2023 16:05,1,110.04,56.26,0,0,194123,14/9/2023 20:11,14/9/2023,2000,2100
2881762,13/9/2023 14:05,0,252.56,129.13,0,0,44775,14/9/2023 13:33,14/9/2023,1400,1500
2884019,14/9/2023 13:22,0,70.56,36.08,0,0,44607,15/9/2023 10:07,15/9/2023,900,1000
2886372,15/9/2023 12:28,0,183.22,93.68,0,0,24692,15/9/2023 17:48,15/9/2023,1700,1800
2886884,15/9/2023 14:57,1,47.9,24.5,0,0,145738,15/9/2023 17:05,15/9/2023,1800,1900
2885178,14/9/2023 20:38,0,70.74,36.17,0,0,47803,15/9/2023 08:46,15/9/2023,900,1000
2886482,15/9/2023 12:57,0,37.65,19.25,0,0,86039,15/9/2023 15:55,15/9/2023,1500,1600
2887220,15/9/2023 16:50,0,176.32,90.15,0,0,126712,15/9/2023 19:28,15/9/2023,2000,2100
2885804,15/9/2023 09:43,0,68.23,34.88,0,0,51326,15/9/2023 11:59,15/9/2023,1200,1300
2887079,15/9/2023 16:00,0,177.17,90.59,63.57,32.5,8820,15/9/2023 19:29,15/9/2023,1900,2000
2886060,15/9/2023 11:03,0,222.03,113.53,0,0,83684,15/9/2023 12:50,15/9/2023,1300,1400
2886774,15/9/2023 14:23,0,163.55,83.62,0,0,109566,15/9/2023 17:21,15/9/2023,1700,1800
2886889,15/9/2023 14:59,0,78.16,39.96,0,0,108547,15/9/2023 20:59,15/9/2023,2000,2100
2890025,16/9/2023 16:41,0,83.61,42.75,7.49,3.83,131691,16/9/2023 20:42,16/9/2023,2100,2200
2887898,15/9/2023 22:50,0,134.38,68.7,0,0,67600,16/9/2023 11:11,16/9/2023,1100,1200
2888483,16/9/2023 10:05,0,77.21,39.48,0,0,135391,16/9/2023 13:01,16/9/2023,1300,1400
2888300,16/9/2023 09:13,0,142.25,72.73,0,0,9156,16/9/2023 12:55,16/9/2023,1200,1300
2888131,16/9/2023 07:22,0,184.35,94.26,0,0,36676,16/9/2023 11:18,16/9/2023,1100,1200
2888541,16/9/2023 10:17,0,53.04,27.12,0,0,20365,16/9/2023 13:58,16/9/2023,1300,1400
2888356,16/9/2023 09:33,0,119.72,61.21,0,0,19927,16/9/2023 18:40,16/9/2023,1800,1900
2887244,15/9/2023 16:59,0,70.52,36.06,0,0,94719,16/9/2023 08:36,16/9/2023,800,900
2887888,15/9/2023 22:43,0,111.07,56.79,0,0,39570,16/9/2023 10:01,16/9/2023,1000,1100
2888031,16/9/2023 01:04,0,315.32,161.23,0,0,61062,16/9/2023 11:51,16/9/2023,1100,1200
2889577,16/9/2023 14:29,0,145.42,74.36,0,0,131742,16/9/2023 19:48,16/9/2023,1900,2000
2890210,16/9/2023 17:46,0,71.68,36.65,0,0,188182,16/9/2023 22:54,16/9/2023,2200,2300
2889931,16/9/2023 16:11,0,67.02,34.27,0,0,50913,17/9/2023 08:46,17/9/2023,900,1000
2892647,17/9/2023 16:01,0,37.82,19.34,0,0,141978,17/9/2023 21:58,17/9/2023,2100,2200
2889432,16/9/2023 13:50,0,196.56,100.5,0,0,18374,17/9/2023 09:04,17/9/2023,900,1000
2890551,16/9/2023 21:04,0,147.86,75.6,0,0,141631,17/9/2023 16:10,17/9/2023,1600,1700
2891616,17/9/2023 11:22,0,252.6,129.15,0,0,56223,17/9/2023 18:38,17/9/2023,1800,1900
2890078,16/9/2023 17:00,0,164.71,84.21,0,0,124722,17/9/2023 10:35,17/9/2023,1100,1200
2890479,16/9/2023 20:11,0,372.64,190.53,0,0,102062,17/9/2023 09:42,17/9/2023,1000,1100
2891522,17/9/2023 10:58,0,54.75,28,0,0,99444,17/9/2023 14:34,17/9/2023,1500,1600
2890556,16/9/2023 21:05,0,79.13,40.46,0,0,58951,17/9/2023 17:52,17/9/2023,1800,1900
2892381,17/9/2023 14:48,0,89.84,45.94,0,0,45031,17/9/2023 21:26,17/9/2023,2100,2200
2892434,17/9/2023 15:03,0,59.49,30.42,0,0,81466,17/9/2023 20:43,17/9/2023,2000,2100
2892719,17/9/2023 16:27,0,60.03,30.69,0,0,188445,17/9/2023 20:59,17/9/2023,2100,2200
2893103,17/9/2023 20:12,0,80.08,40.95,0,0,192728,18/9/2023 11:44,18/9/2023,1100,1200
2893943,18/9/2023 10:07,0,53.01,27.1,0,0,83978,18/9/2023 13:27,18/9/2023,1400,1500
2894093,18/9/2023 10:56,0,53.84,27.53,0,0,16813,18/9/2023 14:11,18/9/2023,1400,1500
2895551,18/9/2023 18:17,0,114.33,58.45,0,0,45603,18/9/2023 20:48,18/9/2023,2100,2200
2892928,17/9/2023 18:14,0,131.92,67.45,0,0,35806,18/9/2023 11:20,18/9/2023,1100,1200
2894490,18/9/2023 12:54,0,109.43,55.95,0,0,37372,18/9/2023 16:42,18/9/2023,1600,1700
2893407,17/9/2023 23:25,0,82.17,42.01,0,0,173007,18/9/2023 14:29,18/9/2023,1400,1500
2894746,18/9/2023 14:03,0,123.52,63.15,12.53,6.41,69420,18/9/2023 19:04,18/9/2023,1800,1900
2893061,17/9/2023 19:38,0,114.21,58.39,0,0,39832,18/9/2023 10:52,18/9/2023,1000,1100
2895366,18/9/2023 17:12,0,56.82,29.05,0,0,156117,18/9/2023 20:41,18/9/2023,2000,2100
2893774,18/9/2023 09:24,0,193.32,98.84,0,0,89682,18/9/2023 13:08,18/9/2023,1300,1400
2895171,18/9/2023 16:05,0,65.68,33.58,0,0,43560,18/9/2023 19:19,18/9/2023,1900,2000
2893095,17/9/2023 20:06,0,93.98,48.05,0,0,37778,18/9/2023 11:58,18/9/2023,1200,1300
2895012,18/9/2023 15:16,0,221.31,113.16,0,0,118304,18/9/2023 20:29,18/9/2023,2000,2100
2894466,18/9/2023 12:48,0,107.78,55.1,0,0,96694,18/9/2023 21:13,18/9/2023,2100,2200
2897770,19/9/2023 17:19,0,263,134.47,0,0,118480,19/9/2023 19:18,19/9/2023,2000,2100
2895892,18/9/2023 21:34,0,78.02,39.89,0,0,38613,19/9/2023 09:11,19/9/2023,900,1000
2896650,19/9/2023 10:44,0,43.52,22.25,0,0,174305,19/9/2023 14:22,19/9/2023,1400,1500
2896859,19/9/2023 11:58,0,118.85,60.77,0,0,54249,19/9/2023 14:58,19/9/2023,1400,1500
2896705,19/9/2023 11:09,0,111.65,57.09,0,0,19637,19/9/2023 18:57,19/9/2023,1900,2000
2896643,19/9/2023 10:40,0,129.32,66.12,0,0,54236,19/9/2023 20:33,19/9/2023,2000,2100
2898011,19/9/2023 19:11,0,72.47,37.05,0,0,187983,19/9/2023 21:28,19/9/2023,2100,2200
2896388,19/9/2023 09:05,0,81.97,41.91,0,0,61079,19/9/2023 12:11,19/9/2023,1200,1300
2897877,19/9/2023 18:03,0,81.57,41.71,0,0,8783,19/9/2023 20:00,19/9/2023,2000,2100
2897189,19/9/2023 13:52,0,91.36,46.71,7.43,3.8,24760,19/9/2023 18:43,19/9/2023,1900,2000
2897418,19/9/2023 15:12,0,147.7,75.51,0,0,164813,19/9/2023 17:12,19/9/2023,1700,1800
2897480,19/9/2023 15:30,0,36.79,18.81,0,0,27750,20/9/2023 08:00,19/9/2023,2200,2300
2896521,19/9/2023 10:03,0,118.21,60.44,0,0,175801,19/9/2023 13:33,19/9/2023,1300,1400
2896668,19/9/2023 10:49,0,76.56,39.15,0,0,10069,19/9/2023 17:23,19/9/2023,1800,1900
2895438,18/9/2023 17:39,0,78.62,40.19,0,0,63566,19/9/2023 10:01,19/9/2023,1000,1100
2899216,20/9/2023 12:29,0,96.44,49.31,16.26,8.31,57834,20/9/2023 15:53,20/9/2023,1500,1600
2898774,20/9/2023 09:39,0,53.19,27.19,0,0,58700,20/9/2023 17:57,20/9/2023,1800,1900
2899432,20/9/2023 13:33,0,54.21,27.72,0,0,162633,20/9/2023 16:35,20/9/2023,1600,1700
2898442,20/9/2023 00:34,0,106.85,54.63,34.65,17.71,39753,20/9/2023 10:27,20/9/2023,1000,1100
2898637,20/9/2023 08:30,0,32.34,16.54,0,0,67225,20/9/2023 11:06,20/9/2023,1100,1200
2897686,19/9/2023 16:47,0,187.9,96.07,0,0,189742,20/9/2023 10:41,20/9/2023,1100,1200
2898521,20/9/2023 05:48,0,23.61,12.07,0,0,9500,20/9/2023 10:18,20/9/2023,1000,1100
2900125,20/9/2023 18:25,0,57.55,29.43,0,0,58407,20/9/2023 20:00,20/9/2023,2100,2200
2898719,20/9/2023 09:12,0,125.4,64.11,14.64,7.49,113844,20/9/2023 11:58,20/9/2023,1100,1200
2899047,20/9/2023 11:21,0,167.15,85.46,0,0,182267,20/9/2023 13:44,20/9/2023,1300,1400
2899225,20/9/2023 12:31,0,108.4,55.42,0,0,104061,20/9/2023 14:28,20/9/2023,1500,1600
2899574,20/9/2023 14:17,0,50.93,26.04,0,0,181384,20/9/2023 16:33,20/9/2023,1700,1800
2898334,19/9/2023 22:55,0,24.05,12.3,0,0,9629,20/9/2023 09:39,20/9/2023,1000,1100
2900414,20/9/2023 21:22,0,110.56,56.53,0,0,145081,21/9/2023 10:39,21/9/2023,1000,1100
2901125,21/9/2023 10:14,0,145.93,74.61,0,0,8146,21/9/2023 18:36,21/9/2023,1800,1900
2901120,21/9/2023 10:13,0,171.63,87.76,0,0,36674,21/9/2023 13:58,21/9/2023,1300,1400
2901576,21/9/2023 12:21,0,165.53,84.64,25.41,12.99,43217,21/9/2023 15:54,21/9/2023,1500,1600
2901531,21/9/2023 12:06,0,69.12,35.34,0,0,44384,21/9/2023 15:15,21/9/2023,1500,1600
2901851,21/9/2023 13:41,1,65.6,33.54,0,0,194815,21/9/2023 18:45,21/9/2023,1800,1900
2901957,21/9/2023 14:18,0,113.88,58.23,0,0,21899,21/9/2023 17:40,21/9/2023,1700,1800
2902310,21/9/2023 16:17,0,149.2,76.29,0,0,62241,21/9/2023 19:56,21/9/2023,1900,2000
2900381,20/9/2023 21:01,0,118.46,60.56,0,0,149474,21/9/2023 10:59,21/9/2023,1100,1200
2900715,21/9/2023 03:19,0,103.12,52.72,0,0,125798,21/9/2023 16:24,21/9/2023,1600,1700
2901689,21/9/2023 12:55,0,33.97,17.37,0,0,80795,21/9/2023 15:49,21/9/2023,1500,1600
2901495,21/9/2023 11:50,0,81.12,41.47,0,0,44132,21/9/2023 14:42,21/9/2023,1400,1500
2900537,20/9/2023 22:28,0,216.96,110.93,0,0,24318,21/9/2023 09:02,21/9/2023,900,1000
2900794,21/9/2023 07:42,0,77.46,39.61,0,0,81466,21/9/2023 10:57,21/9/2023,1100,1200
2902211,21/9/2023 15:38,0,91.88,46.97,0,0,163318,21/9/2023 18:35,21/9/2023,1800,1900
2902268,21/9/2023 15:58,0,255.08,130.42,0,0,180619,21/9/2023 19:58,21/9/2023,1900,2000
2898711,20/9/2023 09:07,0,41.88,21.41,0,0,106110,21/9/2023 09:30,21/9/2023,900,1000
2900992,21/9/2023 09:24,0,60.44,30.9,0,0,18082,21/9/2023 11:23,21/9/2023,1200,1300
2901665,21/9/2023 12:48,0,58.08,29.69,0,0,33396,21/9/2023 15:14,21/9/2023,1500,1600
2902605,21/9/2023 18:36,0,138.75,70.94,0,0,16545,22/9/2023 10:23,22/9/2023,1000,1100
2903838,22/9/2023 11:30,0,193.04,98.7,0,0,54236,22/9/2023 16:13,22/9/2023,1600,1700
2905126,22/9/2023 18:55,1,44.1,22.54,0,0,194956,22/9/2023 21:16,22/9/2023,2200,2300
2903696,22/9/2023 10:47,0,29.31,14.98,0,0,22621,22/9/2023 13:27,22/9/2023,1300,1400
2904387,22/9/2023 14:22,0,23.64,12.09,0,0,13430,22/9/2023 16:59,22/9/2023,1700,1800
2903780,22/9/2023 11:16,0,57.44,29.37,0,0,180041,22/9/2023 14:28,22/9/2023,1400,1500
2904318,22/9/2023 13:56,0,415.47,212.43,0,0,159364,22/9/2023 17:13,22/9/2023,1700,1800
2903928,22/9/2023 11:55,0,127.72,65.3,0,0,35315,22/9/2023 16:15,22/9/2023,1600,1700
2901772,21/9/2023 13:19,0,104.84,53.6,0,0,126227,22/9/2023 09:57,22/9/2023,1000,1100
2902509,21/9/2023 17:45,1,59.46,30.4,0,0,194843,22/9/2023 09:07,22/9/2023,900,1000
2904274,22/9/2023 13:41,1,102.31,52.31,0,0,194907,23/9/2023 10:26,23/9/2023,1000,1100
2905524,22/9/2023 23:18,0,161.78,82.72,0,0,182596,23/9/2023 09:57,23/9/2023,1000,1100
2906360,23/9/2023 12:16,0,142.21,72.71,13.02,6.66,94498,23/9/2023 15:09,23/9/2023,1500,1600
2906942,23/9/2023 15:32,0,314.1,160.6,0,0,169056,23/9/2023 18:59,23/9/2023,1900,2000
2905763,23/9/2023 08:04,0,52.56,26.88,0,0,43857,23/9/2023 11:12,23/9/2023,1100,1200
2906574,23/9/2023 13:19,0,39.59,20.24,0,0,61568,23/9/2023 15:55,23/9/2023,1600,1700
2907120,23/9/2023 16:33,0,155.04,79.27,0,0,99503,23/9/2023 19:51,23/9/2023,1900,2000
2907141,23/9/2023 16:40,1,79.35,40.57,0,0,195058,23/9/2023 19:15,23/9/2023,1900,2000
2905598,23/9/2023 00:17,0,115.65,59.14,0,0,60266,23/9/2023 11:48,23/9/2023,1100,1200
2907276,23/9/2023 17:31,0,71.94,36.78,0,0,118295,23/9/2023 19:07,23/9/2023,2000,2100
2905921,23/9/2023 09:45,0,124.66,63.74,13.1,6.7,179183,23/9/2023 12:36,23/9/2023,1200,1300
2906573,23/9/2023 13:19,0,36.22,18.52,0,0,129639,23/9/2023 16:22,23/9/2023,1600,1700
2906021,23/9/2023 10:23,0,206.75,105.71,6.59,3.37,35513,23/9/2023 15:01,23/9/2023,1500,1600
2901267,21/9/2023 10:57,0,154.13,78.81,0,0,27875,24/9/2023 12:44,24/9/2023,1300,1400
2907927,24/9/2023 00:26,0,180.65,92.36,0,0,11584,24/9/2023 10:37,24/9/2023,1000,1100
2908364,24/9/2023 10:09,0,113.33,57.95,0,0,160156,24/9/2023 13:26,24/9/2023,1300,1400
2908128,24/9/2023 08:41,0,193.33,98.85,25.02,12.79,15026,24/9/2023 10:55,24/9/2023,1100,1200
2908690,24/9/2023 11:37,0,150.19,76.78,0,0,122661,24/9/2023 14:37,24/9/2023,1400,1500
2906098,23/9/2023 10:48,0,149.01,76.19,0,0,34540,24/9/2023 09:29,24/9/2023,1000,1100
2909528,24/9/2023 15:08,0,34.91,17.85,0,0,14260,24/9/2023 18:40,24/9/2023,1800,1900
2909898,24/9/2023 16:32,0,175.35,89.65,0,0,178237,24/9/2023 18:02,24/9/2023,1800,1900
2907306,23/9/2023 17:44,0,355.39,181.7,55.94,28.6,53147,24/9/2023 09:30,24/9/2023,1000,1100
2909467,24/9/2023 14:56,0,167.03,85.4,0,0,108660,24/9/2023 19:54,24/9/2023,2000,2100
2908500,24/9/2023 10:43,0,54.55,27.89,0,0,193442,24/9/2023 12:53,24/9/2023,1300,1400
2911076,25/9/2023 09:28,0,58.18,29.75,0,0,20522,25/9/2023 12:30,25/9/2023,1300,1400
2911535,25/9/2023 11:32,0,95.38,48.77,10.54,5.39,36443,25/9/2023 14:56,25/9/2023,1500,1600
2910339,24/9/2023 20:19,0,113.47,58.02,0,0,97542,25/9/2023 12:29,25/9/2023,1300,1400
2910878,25/9/2023 08:22,0,109.93,56.2,0,0,173869,25/9/2023 11:29,25/9/2023,1200,1300
2912057,25/9/2023 13:50,0,125.02,63.91,0,0,37517,25/9/2023 17:35,25/9/2023,1700,1800
2910972,25/9/2023 08:57,0,98.69,50.46,64.62,33.03,22829,25/9/2023 12:09,25/9/2023,1200,1300
2912735,25/9/2023 16:58,0,48.91,25.01,0,0,52834,25/9/2023 21:17,25/9/2023,2100,2200
2906978,23/9/2023 15:46,0,214.25,109.54,0,0,178595,25/9/2023 12:07,25/9/2023,1200,1300
2911641,25/9/2023 12:02,0,121.23,61.98,0,0,29667,25/9/2023 16:44,25/9/2023,1600,1700
2912162,25/9/2023 14:11,0,111.59,57.05,0,0,86384,25/9/2023 17:04,25/9/2023,1700,1800
2910417,24/9/2023 21:10,0,108.26,55.36,0,0,35001,25/9/2023 10:49,25/9/2023,1000,1100
2912425,25/9/2023 15:31,0,184.99,94.58,0,0,112278,25/9/2023 20:49,25/9/2023,2000,2100
2911288,25/9/2023 10:24,0,24.29,12.42,0,0,38230,25/9/2023 13:09,25/9/2023,1300,1400
2911437,25/9/2023 11:02,0,219.93,112.44,0,0,30426,25/9/2023 14:01,25/9/2023,1400,1500
2910627,24/9/2023 23:46,0,130.64,66.8,0,0,118594,25/9/2023 20:59,25/9/2023,2100,2200
2912616,25/9/2023 16:25,0,132.34,67.67,0,0,150955,25/9/2023 20:15,25/9/2023,2100,2200
2911816,25/9/2023 12:48,0,141.92,72.56,0,0,178324,25/9/2023 16:37,25/9/2023,1600,1700
2912179,25/9/2023 14:17,0,126.3,64.58,16.08,8.22,193040,25/9/2023 17:44,25/9/2023,1700,1800
2911458,25/9/2023 11:07,0,106.88,54.65,0,0,141958,25/9/2023 19:39,25/9/2023,1900,2000
2911392,25/9/2023 10:52,0,99.72,50.99,0,0,107547,25/9/2023 14:42,25/9/2023,1400,1500
2912777,25/9/2023 17:11,0,127.18,65.03,0,0,17922,25/9/2023 21:19,25/9/2023,2100,2200
2904860,22/9/2023 17:05,0,92.46,47.28,0,0,157077,25/9/2023 08:19,25/9/2023,800,900
2911112,25/9/2023 09:39,0,259.68,132.77,0,0,12759,25/9/2023 12:18,25/9/2023,1300,1400
2911331,25/9/2023 10:34,0,97.64,49.92,7.78,3.98,67631,25/9/2023 14:05,25/9/2023,1400,1500
2914051,26/9/2023 10:20,0,24.56,12.56,0,0,77236,26/9/2023 13:57,26/9/2023,1300,1400
2914915,26/9/2023 14:29,0,492.63,251.88,0,0,189742,26/9/2023 19:57,26/9/2023,1900,2000
2912524,25/9/2023 16:00,0,174.67,89.3,0,0,123238,26/9/2023 08:49,26/9/2023,900,1000
2914036,26/9/2023 10:15,0,150.67,77.03,0,0,9389,26/9/2023 18:35,26/9/2023,1900,2000
2914880,26/9/2023 14:16,0,293.86,150.25,0,0,65235,26/9/2023 17:24,26/9/2023,1700,1800
2912800,25/9/2023 17:16,0,82.42,42.14,0,0,167047,26/9/2023 09:28,26/9/2023,900,1000
2913712,26/9/2023 07:57,0,121.35,62.05,0,0,32321,26/9/2023 11:51,26/9/2023,1200,1300
2914538,26/9/2023 12:35,0,75.53,38.62,0,0,145708,26/9/2023 16:50,26/9/2023,1700,1800
2913686,26/9/2023 07:27,0,64.96,33.21,0,0,58257,26/9/2023 10:51,26/9/2023,1200,1300
2913812,26/9/2023 09:01,0,113.91,58.24,0,0,26467,26/9/2023 14:41,26/9/2023,1500,1600
2914658,26/9/2023 13:08,0,86.96,44.47,10.34,5.28,58081,26/9/2023 16:44,26/9/2023,1600,1700
2914756,26/9/2023 13:35,0,186.87,95.55,0,0,146868,26/9/2023 17:03,26/9/2023,1700,1800
2914747,26/9/2023 13:32,0,83.89,42.89,0,0,99638,26/9/2023 16:53,26/9/2023,1700,1800
2912982,25/9/2023 18:32,0,124.88,63.85,0,0,159250,26/9/2023 08:09,26/9/2023,800,900
2914830,26/9/2023 14:00,0,143.94,73.6,0,0,103143,26/9/2023 17:20,26/9/2023,1700,1800
2912922,25/9/2023 18:02,0,126.69,64.78,0,0,149758,26/9/2023 09:45,26/9/2023,1000,1100
2913218,25/9/2023 20:50,0,146.41,74.86,0,0,127320,26/9/2023 10:43,26/9/2023,1000,1100
2916588,27/9/2023 10:24,0,98.38,50.3,0,0,157671,27/9/2023 13:14,27/9/2023,1300,1400
2916342,27/9/2023 08:58,0,153.06,78.26,0,0,122364,27/9/2023 18:45,27/9/2023,1900,2000
2914902,26/9/2023 14:24,0,181.36,92.72,0,0,166313,27/9/2023 11:19,27/9/2023,1100,1200
2915875,26/9/2023 21:34,0,112.39,57.47,0,0,60010,27/9/2023 10:06,27/9/2023,1000,1100
2916549,27/9/2023 10:13,0,106.99,54.71,15.79,8.07,49072,27/9/2023 14:02,27/9/2023,1300,1400
2916348,27/9/2023 09:01,0,76.51,39.12,0,0,101078,27/9/2023 13:34,27/9/2023,1400,1500
2916991,27/9/2023 12:19,0,132.75,67.87,0,0,18241,27/9/2023 15:19,27/9/2023,1500,1600
2917360,27/9/2023 14:26,0,90.43,46.23,0,0,178766,27/9/2023 17:27,27/9/2023,1700,1800
2914094,26/9/2023 10:33,0,100.77,51.52,0,0,111743,27/9/2023 09:27,27/9/2023,900,1000
2917870,27/9/2023 16:55,0,120.38,61.55,0,0,92700,27/9/2023 20:07,27/9/2023,2000,2100
2917971,27/9/2023 17:35,0,103.87,53.1,0,0,184939,27/9/2023 22:02,27/9/2023,2200,2300
2916307,27/9/2023 08:38,0,95.17,48.66,0,0,182205,27/9/2023 10:50,27/9/2023,1100,1200
2916417,27/9/2023 09:32,0,60.99,31.18,0,0,43767,27/9/2023 11:28,27/9/2023,1200,1300
2919699,28/9/2023 12:40,0,62.24,31.82,0,0,88080,28/9/2023 15:57,28/9/2023,1500,1600
2918414,27/9/2023 21:49,0,111.93,57.23,0,0,130350,28/9/2023 09:14,28/9/2023,900,1000
2918697,28/9/2023 03:04,0,89.84,45.93,0,0,66529,28/9/2023 11:56,28/9/2023,1100,1200
2919997,28/9/2023 14:10,0,159.1,81.35,0,0,65235,28/9/2023 16:12,28/9/2023,1600,1700
2920028,28/9/2023 14:19,0,55.77,28.52,0,0,20517,28/9/2023 17:24,28/9/2023,1700,1800
2918586,27/9/2023 23:25,0,102.68,52.5,0,0,36282,28/9/2023 09:15,28/9/2023,1000,1100
2919012,28/9/2023 09:30,0,259.39,132.62,0,0,135021,28/9/2023 12:43,28/9/2023,1200,1300
2918474,27/9/2023 22:25,0,109.46,55.97,0,0,70463,28/9/2023 14:37,28/9/2023,1400,1500
2918905,28/9/2023 08:53,0,264.28,135.12,0,0,54064,28/9/2023 11:56,28/9/2023,1100,1200
2917826,27/9/2023 16:44,0,199.7,102.1,0,0,89926,28/9/2023 08:24,28/9/2023,800,900
2918997,28/9/2023 09:26,0,124.94,63.89,0,0,167792,28/9/2023 20:23,28/9/2023,2000,2100
2918230,27/9/2023 19:42,0,114.38,58.48,0,0,134313,28/9/2023 10:31,28/9/2023,1100,1200
2918738,28/9/2023 06:52,0,81.35,41.6,0,0,27287,28/9/2023 14:25,28/9/2023,1400,1500
2919470,28/9/2023 11:29,0,58.67,30,0,0,20119,28/9/2023 13:34,28/9/2023,1400,1500
2920738,28/9/2023 18:45,0,54.33,27.77,0,0,36154,29/9/2023 10:06,29/9/2023,1000,1100
2920420,28/9/2023 16:21,0,212.79,108.79,0,0,119317,29/9/2023 11:59,29/9/2023,1200,1300
2921779,29/9/2023 10:23,0,173.27,88.6,0,0,64532,29/9/2023 14:02,29/9/2023,1400,1500
2922288,29/9/2023 12:43,0,65.84,33.66,0,0,57111,29/9/2023 15:06,29/9/2023,1500,1600
2923272,29/9/2023 17:58,0,51.34,26.25,0,0,101571,29/9/2023 21:23,29/9/2023,2100,2200
2921391,29/9/2023 07:30,0,202.63,103.61,0,0,41103,29/9/2023 11:19,29/9/2023,1100,1200
2921075,28/9/2023 21:58,0,64.73,33.1,0,0,92876,29/9/2023 10:18,29/9/2023,1000,1100
2922744,29/9/2023 14:58,0,337.92,172.78,0,0,168236,29/9/2023 20:12,29/9/2023,2000,2100
2921651,29/9/2023 09:46,0,32.66,16.7,0,0,8506,29/9/2023 20:59,29/9/2023,2100,2200
2921399,29/9/2023 07:41,0,27.61,14.12,0,0,42235,29/9/2023 14:14,29/9/2023,1400,1500
2921671,29/9/2023 09:54,0,157.78,80.67,0,0,32959,29/9/2023 12:22,29/9/2023,1300,1400
2923365,29/9/2023 18:34,0,104.77,53.57,0,0,31128,29/9/2023 21:19,29/9/2023,2100,2200
2924771,30/9/2023 12:12,0,164.96,84.35,0,0,57168,30/9/2023 15:15,30/9/2023,1500,1600
2923352,29/9/2023 18:30,0,92.92,47.51,0,0,148229,30/9/2023 09:15,30/9/2023,900,1000
2924605,30/9/2023 11:23,0,174.58,89.26,0,0,63688,30/9/2023 14:05,30/9/2023,1400,1500
2925686,30/9/2023 16:45,0,27.97,14.31,0,0,16851,30/9/2023 20:15,30/9/2023,2000,2100
2924138,30/9/2023 08:52,0,192.2,98.27,0,0,79564,30/9/2023 17:56,30/9/2023,1700,1800
2924462,30/9/2023 10:42,0,110.5,56.5,2.77,1.41,20212,30/9/2023 13:57,30/9/2023,1400,1500
2925276,30/9/2023 14:38,0,63.09,32.26,0,0,173395,30/9/2023 17:17,30/9/2023,1700,1800
2924583,30/9/2023 11:17,0,546.49,279.41,0,0,20392,30/9/2023 15:45,30/9/2023,1600,1700
2924712,30/9/2023 11:55,0,278.29,142.29,0,0,81370,30/9/2023 15:32,30/9/2023,1500,1600
2926995,1/10/2023 09:25,0,148.16,75.75,30.89,15.79,9667,1/10/2023 13:02,1/10/2023,1300,1400
2927481,1/10/2023 11:36,0,31.88,16.3,0,0,39201,1/10/2023 15:31,1/10/2023,1600,1700
2928163,1/10/2023 14:18,0,79.84,40.82,0,0,16159,1/10/2023 19:48,1/10/2023,2000,2100
2927076,1/10/2023 09:50,0,143.9,73.58,0,0,70892,1/10/2023 13:18,1/10/2023,1300,1400
2926191,30/9/2023 20:06,0,117.5,60.07,0,0,47600,1/10/2023 09:57,1/10/2023,900,1000
2926144,30/9/2023 19:38,0,115.92,59.26,4.16,2.13,151224,1/10/2023 09:15,1/10/2023,900,1000
2926913,1/10/2023 08:57,0,79.7,40.75,0,0,77004,1/10/2023 12:05,1/10/2023,1200,1300
2926261,30/9/2023 20:45,0,38.95,19.91,0,0,28251,1/10/2023 09:45,1/10/2023,900,1000
2926631,1/10/2023 00:30,0,67.25,34.39,1.27,0.65,35082,1/10/2023 11:22,1/10/2023,1100,1200
2926158,30/9/2023 19:44,0,157.91,80.73,0,0,193508,1/10/2023 09:28,1/10/2023,900,1000
2926096,30/9/2023 19:12,0,189.76,97.02,0,0,8781,1/10/2023 11:46,1/10/2023,1200,1300
2926955,1/10/2023 09:12,1,85.97,43.96,0,0,195924,1/10/2023 12:58,1/10/2023,1300,1400
2927356,1/10/2023 11:05,0,92.49,47.29,0,0,46997,1/10/2023 14:59,1/10/2023,1500,1600
2927198,1/10/2023 10:24,0,3.42,1.74,0,0,175074,1/10/2023 14:16,1/10/2023,1400,1500
2926868,1/10/2023 08:44,0,189.41,96.84,0,0,50577,1/10/2023 12:36,1/10/2023,1200,1300
2926800,1/10/2023 07:55,0,77,39.37,0,0,57674,1/10/2023 16:10,1/10/2023,1600,1700
2927725,1/10/2023 12:29,0,147.52,75.42,0,0,137139,1/10/2023 17:03,1/10/2023,1700,1800
2928649,1/10/2023 16:47,0,128.97,65.95,0,0,175946,2/10/2023 19:07,2/10/2023,1900,2000
2930742,2/10/2023 13:42,0,150.02,76.71,0,0,194640,2/10/2023 17:37,2/10/2023,1700,1800
2931183,2/10/2023 15:50,1,110.55,56.52,0,0,195131,2/10/2023 21:30,2/10/2023,2100,2200
2929522,2/10/2023 07:36,0,69.98,35.78,0,0,77991,2/10/2023 11:33,2/10/2023,1200,1300
2929047,1/10/2023 20:36,0,110.24,56.36,0,0,165149,2/10/2023 10:52,2/10/2023,1000,1100
2929418,2/10/2023 01:28,0,86.97,44.46,0,0,110864,2/10/2023 12:33,2/10/2023,1200,1300
2929885,2/10/2023 10:01,0,108.66,55.56,0,0,41543,2/10/2023 13:41,2/10/2023,1300,1400
2930308,2/10/2023 11:45,0,79.28,40.53,0,0,126817,2/10/2023 15:35,2/10/2023,1500,1600
2922418,29/9/2023 13:19,0,44.54,22.77,0,0,194442,2/10/2023 09:55,2/10/2023,1000,1100
2928736,1/10/2023 17:20,0,87.28,44.62,0,0,27750,3/10/2023 08:25,2/10/2023,2200,2300
2928654,1/10/2023 16:48,0,149.27,76.32,0,0,8978,2/10/2023 11:22,2/10/2023,1100,1200
2929381,2/10/2023 00:25,0,79.84,40.82,0,0,76184,2/10/2023 19:17,2/10/2023,1900,2000
2928962,1/10/2023 19:43,0,123.36,63.07,0,0,66068,2/10/2023 11:16,2/10/2023,1100,1200
2932683,3/10/2023 10:07,0,185.65,94.93,0,0,139155,3/10/2023 15:59,3/10/2023,1600,1700
2934069,3/10/2023 17:15,0,103.75,53.05,6.07,3.1,180694,3/10/2023 20:30,3/10/2023,2000,2100
2933616,3/10/2023 14:56,0,44.62,22.81,0,0,160517,3/10/2023 18:53,3/10/2023,1800,1900
2931471,2/10/2023 17:20,0,112.01,57.27,0,0,9801,3/10/2023 08:52,3/10/2023,800,900
2932217,3/10/2023 00:28,0,125.5,64.16,0,0,42548,3/10/2023 11:00,3/10/2023,1100,1200
2932777,3/10/2023 10:32,0,119.82,61.26,0,0,36464,3/10/2023 14:29,3/10/2023,1400,1500
2933060,3/10/2023 11:52,0,174.34,89.14,0,0,60024,3/10/2023 16:55,3/10/2023,1600,1700
2933607,3/10/2023 14:52,0,97.75,49.98,4.02,2.05,50246,3/10/2023 18:42,3/10/2023,1800,1900
2932238,3/10/2023 00:48,0,136.32,69.7,0,0,163697,3/10/2023 11:11,3/10/2023,1100,1200
2933896,3/10/2023 16:19,0,153.96,78.72,0,0,168043,3/10/2023 19:30,3/10/2023,1900,2000
2932435,3/10/2023 08:43,0,103.77,53.05,0,0,8820,3/10/2023 12:54,3/10/2023,1200,1300
2931409,2/10/2023 16:57,0,62.98,32.2,0,0,147121,3/10/2023 09:05,3/10/2023,900,1000
2933412,3/10/2023 13:42,0,76.96,39.35,0,0,76608,3/10/2023 17:53,3/10/2023,1700,1800
2933812,3/10/2023 15:52,1,55.69,28.48,0,0,189382,3/10/2023 19:24,3/10/2023,1900,2000
2935726,4/10/2023 12:49,0,204.24,104.43,0,0,55749,4/10/2023 15:05,4/10/2023,1500,1600
2935770,4/10/2023 13:00,0,48.53,24.81,0,0,173342,4/10/2023 15:57,4/10/2023,1600,1700
2936194,4/10/2023 15:19,0,85.94,43.94,0,0,177146,4/10/2023 20:59,4/10/2023,2100,2200
2930589,2/10/2023 12:55,0,82.53,42.2,0,0,84686,4/10/2023 08:31,4/10/2023,800,900
2935166,4/10/2023 09:51,0,87.17,44.57,0,0,42332,4/10/2023 12:25,4/10/2023,1200,1300
2935932,4/10/2023 13:53,0,58.27,29.79,0,0,100010,4/10/2023 20:23,4/10/2023,2000,2100
2934969,4/10/2023 08:33,0,113.82,58.19,0,0,113797,4/10/2023 11:43,4/10/2023,1100,1200
2934879,4/10/2023 07:04,0,83.78,42.84,0,0,73996,4/10/2023 10:59,4/10/2023,1100,1200
2939120,5/10/2023 16:43,1,190.35,97.32,0,0,196429,5/10/2023 20:33,5/10/2023,2000,2100
2936678,4/10/2023 18:22,0,232.21,118.73,0,0,13848,5/10/2023 08:38,5/10/2023,800,900
2937538,5/10/2023 09:01,0,34.12,17.45,0,0,7545,5/10/2023 11:41,5/10/2023,1100,1200
2939228,5/10/2023 17:21,0,114.85,58.72,0,0,165285,5/10/2023 19:32,5/10/2023,1900,2000
2939091,5/10/2023 16:29,0,99.9,51.07,0,0,32261,5/10/2023 20:55,5/10/2023,2000,2100
2935145,4/10/2023 09:46,0,251.23,128.45,0,0,94983,5/10/2023 08:44,5/10/2023,900,1000
2937647,5/10/2023 09:43,0,74.06,37.86,0,0,129125,5/10/2023 12:56,5/10/2023,1200,1300
2936818,4/10/2023 19:38,0,79.34,40.57,0,0,43464,5/10/2023 08:48,5/10/2023,800,900
2939553,5/10/2023 20:20,0,58.51,29.92,0,0,20900,6/10/2023 09:28,6/10/2023,1000,1100
2938109,5/10/2023 11:53,0,153.02,78.24,17.85,9.12,21600,6/10/2023 18:35,6/10/2023,1800,1900
2939339,5/10/2023 18:04,0,95.06,48.6,0,0,54749,6/10/2023 09:33,6/10/2023,900,1000
2941389,6/10/2023 14:23,0,295.11,150.89,90.05,46.04,16825,6/10/2023 17:17,6/10/2023,1700,1800
2939980,6/10/2023 02:37,0,150.07,76.72,0,0,109803,6/10/2023 10:24,6/10/2023,1000,1100
2941070,6/10/2023 13:01,0,82.82,42.34,0,0,189288,6/10/2023 16:25,6/10/2023,1600,1700
2939793,5/10/2023 22:36,0,52.98,27.09,0,0,126666,6/10/2023 12:44,6/10/2023,1200,1300
2939988,6/10/2023 02:47,0,133.98,68.51,0,0,24314,6/10/2023 12:59,6/10/2023,1300,1400
2941047,6/10/2023 12:57,0,89.74,45.88,0,0,86722,6/10/2023 16:51,6/10/2023,1600,1700
2941547,6/10/2023 15:10,0,83.72,42.81,0,0,14133,6/10/2023 18:12,6/10/2023,1800,1900
2938373,5/10/2023 13:03,0,210.34,107.55,0,0,22668,6/10/2023 09:11,6/10/2023,900,1000
2939661,5/10/2023 21:29,0,76.98,39.36,0,0,161401,6/10/2023 09:34,6/10/2023,1000,1100
2939849,5/10/2023 23:12,0,187.79,96.02,0,0,48656,6/10/2023 11:29,6/10/2023,1100,1200
2941036,6/10/2023 12:54,0,94.02,48.07,0,0,105900,6/10/2023 16:22,6/10/2023,1600,1700
2943376,7/10/2023 10:57,0,83.84,42.87,0,0,43175,7/10/2023 14:18,7/10/2023,1400,1500
2942273,6/10/2023 19:37,0,239.35,122.38,0,0,143198,7/10/2023 10:44,7/10/2023,1000,1100
2939942,6/10/2023 00:46,1,371.51,189.96,0,0,196470,7/10/2023 17:29,7/10/2023,1700,1800
2944764,7/10/2023 17:17,0,111.72,57.12,0,0,34602,7/10/2023 21:26,7/10/2023,2100,2200
2944921,7/10/2023 18:12,0,43.33,22.16,0,0,16752,7/10/2023 21:14,7/10/2023,2100,2200
2941877,6/10/2023 16:40,0,37.3,19.07,0,0,41801,7/10/2023 11:17,7/10/2023,1100,1200
2944008,7/10/2023 13:48,0,176.11,90.05,15.7,8.03,146287,7/10/2023 16:01,7/10/2023,1600,1700
2942787,7/10/2023 01:25,0,75.08,38.38,0,0,91638,7/10/2023 21:11,7/10/2023,2100,2200
2944606,7/10/2023 16:20,0,155.86,79.69,9.46,4.83,186838,7/10/2023 20:22,7/10/2023,2000,2100
2942369,6/10/2023 20:29,0,54.12,27.67,0,0,8772,7/10/2023 08:57,7/10/2023,900,1000
2943530,7/10/2023 11:39,0,189.26,96.76,0,0,180566,7/10/2023 14:30,7/10/2023,1400,1500
2943290,7/10/2023 10:34,0,146.3,74.8,0,0,189993,7/10/2023 19:22,7/10/2023,1900,2000
2943509,7/10/2023 11:35,0,67.25,34.38,22.92,11.72,61164,7/10/2023 14:14,7/10/2023,1400,1500
2942794,7/10/2023 01:46,0,58.05,29.68,0,0,137170,7/10/2023 13:14,7/10/2023,1300,1400
2943150,7/10/2023 09:55,0,131.25,67.11,0,0,181697,7/10/2023 12:08,7/10/2023,1200,1300
2944883,7/10/2023 17:52,0,47.48,24.28,0,0,52603,7/10/2023 21:23,7/10/2023,2100,2200
2942399,6/10/2023 20:48,0,38.89,19.88,0,0,103320,7/10/2023 13:41,7/10/2023,1400,1500
2943663,7/10/2023 12:14,1,111.71,57.11,0,0,196618,7/10/2023 17:00,7/10/2023,1700,1800
2946971,8/10/2023 13:41,0,118.6,60.64,0,0,11700,8/10/2023 16:41,8/10/2023,1700,1800
2946059,8/10/2023 10:09,0,362.11,185.14,0,0,103391,8/10/2023 12:13,8/10/2023,1200,1300
2946713,8/10/2023 12:48,0,243.02,124.26,32.51,16.62,15026,8/10/2023 17:11,8/10/2023,1800,1900
2947717,8/10/2023 16:24,0,51.79,26.48,0,0,11720,8/10/2023 20:24,8/10/2023,2000,2100
2947747,8/10/2023 16:32,0,79.75,40.78,0,0,114717,8/10/2023 20:53,8/10/2023,2100,2200
2944994,7/10/2023 18:34,0,105.95,54.18,0,0,38468,8/10/2023 08:44,8/10/2023,800,900
2946559,8/10/2023 12:15,0,138.12,70.63,9.63,4.93,37548,8/10/2023 17:07,8/10/2023,1700,1800
2944945,7/10/2023 18:18,0,106.16,54.28,20.59,10.53,113792,8/10/2023 10:11,8/10/2023,1000,1100
2945267,7/10/2023 21:10,0,151.12,77.27,0,0,133883,8/10/2023 09:10,8/10/2023,900,1000
2942539,6/10/2023 21:59,0,147.73,75.53,0,0,47313,8/10/2023 10:53,8/10/2023,1000,1100
2946718,8/10/2023 12:49,0,59.08,30.21,5.85,2.99,17265,8/10/2023 17:16,8/10/2023,1700,1800
2946549,8/10/2023 12:12,0,253.79,129.76,0,0,58735,8/10/2023 15:48,8/10/2023,1500,1600
2945831,8/10/2023 09:12,1,88.92,45.47,0,0,196701,8/10/2023 15:43,8/10/2023,1500,1600
2948804,9/10/2023 08:42,0,77.79,39.78,0,0,185828,9/10/2023 12:26,9/10/2023,1200,1300
2948130,8/10/2023 18:59,0,166.47,85.12,0,0,83657,9/10/2023 10:57,9/10/2023,1100,1200
2949989,9/10/2023 14:06,0,178.97,91.51,0,0,59259,9/10/2023 17:21,9/10/2023,1700,1800
2948045,8/10/2023 18:10,0,95.82,48.99,0,0,14728,9/10/2023 14:25,9/10/2023,1400,1500
2949054,9/10/2023 09:59,0,81.94,41.89,0,0,130350,9/10/2023 13:37,9/10/2023,1300,1400
2949720,9/10/2023 12:55,0,107.19,54.81,0,0,39570,9/10/2023 19:11,9/10/2023,1900,2000
2940297,6/10/2023 09:30,0,165.45,84.6,0,0,162287,9/10/2023 09:53,9/10/2023,900,1000
2948004,8/10/2023 17:49,0,158.51,81.04,0,0,108132,9/10/2023 08:51,9/10/2023,800,900
2941368,6/10/2023 14:19,0,111.37,56.94,0,0,178025,9/10/2023 11:15,9/10/2023,1100,1200
2950070,9/10/2023 14:31,0,90.42,46.23,9.1,4.65,23385,9/10/2023 17:51,9/10/2023,1700,1800
2950570,9/10/2023 16:58,0,163.66,83.67,0,0,26669,9/10/2023 20:27,9/10/2023,2000,2100
2947232,8/10/2023 14:34,0,117.49,60.07,0,0,185131,9/10/2023 09:43,9/10/2023,1000,1100
2948182,8/10/2023 19:35,0,104.92,53.64,0,0,49072,9/10/2023 08:44,9/10/2023,900,1000
2948893,9/10/2023 09:21,0,221.3,113.15,9.91,5.07,38010,9/10/2023 12:26,9/10/2023,1200,1300
2948835,9/10/2023 08:56,0,191.65,97.99,0,0,59244,9/10/2023 16:08,9/10/2023,1600,1700
2951037,9/10/2023 20:49,0,44.3,22.65,0,0,191995,10/10/2023 08:16,10/10/2023,800,900
2951305,10/10/2023 00:02,0,109.86,56.17,0,0,17556,10/10/2023 11:41,10/10/2023,1100,1200
2951033,9/10/2023 20:46,0,138.89,71.01,0,0,84789,10/10/2023 11:17,10/10/2023,1100,1200
2951972,10/10/2023 10:54,0,101.87,52.08,11.23,5.74,56341,10/10/2023 13:10,10/10/2023,1300,1400
2953574,10/10/2023 19:02,0,119.35,61.02,0,0,46116,10/10/2023 22:43,10/10/2023,2200,2300
2951379,10/10/2023 02:36,0,150.98,77.2,0,0,149035,10/10/2023 11:54,10/10/2023,1100,1200
2952887,10/10/2023 15:05,0,127.29,65.08,0,0,50390,10/10/2023 18:36,10/10/2023,1800,1900
2953331,10/10/2023 17:10,0,97.64,49.92,0,0,102827,10/10/2023 20:43,10/10/2023,2000,2100
2951706,10/10/2023 09:41,0,170.76,87.31,0,0,76197,10/10/2023 19:30,10/10/2023,1900,2000
2952704,10/10/2023 14:09,0,258.57,132.2,0,0,39647,10/10/2023 16:46,10/10/2023,1700,1800
2951546,10/10/2023 08:46,0,135,69.02,0,0,37427,10/10/2023 15:50,10/10/2023,1600,1700
2952269,10/10/2023 12:18,0,136.22,69.65,0,0,36443,10/10/2023 15:07,10/10/2023,1500,1600
2951927,10/10/2023 10:44,0,62.98,32.2,0,0,16902,10/10/2023 15:54,10/10/2023,1500,1600
2950013,9/10/2023 14:12,0,111.39,56.95,0,0,188890,10/10/2023 10:26,10/10/2023,1100,1200
2951923,10/10/2023 10:42,0,123.03,62.9,0,0,59747,10/10/2023 13:20,10/10/2023,1300,1400
2951951,10/10/2023 10:48,0,85.33,43.63,0,0,18097,10/10/2023 19:23,10/10/2023,1900,2000
2949269,9/10/2023 10:54,0,117.45,60.05,0,0,166095,10/10/2023 09:33,10/10/2023,900,1000
2950548,9/10/2023 16:52,0,154.32,78.9,0,0,91035,10/10/2023 08:38,10/10/2023,800,900
2953739,10/10/2023 20:33,0,80.03,40.92,0,0,37686,11/10/2023 10:04,11/10/2023,1000,1100
2954058,10/10/2023 23:38,0,36.58,18.7,0,0,55889,11/10/2023 09:57,11/10/2023,1000,1100
2954322,11/10/2023 08:23,0,119.5,61.1,0,0,82386,11/10/2023 11:25,11/10/2023,1100,1200
2955915,11/10/2023 16:58,0,218.95,111.95,0,0,49251,11/10/2023 20:39,11/10/2023,2100,2200
2955923,11/10/2023 17:00,0,65.24,33.36,0,0,143164,11/10/2023 20:10,11/10/2023,2000,2100
2954395,11/10/2023 08:56,0,110.59,56.55,0,0,34325,11/10/2023 15:19,11/10/2023,1500,1600
2947085,8/10/2023 14:02,0,61.08,31.23,0,0,167080,11/10/2023 22:12,11/10/2023,2200,2300
2955125,11/10/2023 12:39,0,23.66,12.1,0,0,178059,11/10/2023 14:37,11/10/2023,1500,1600
2955213,11/10/2023 13:08,0,76.53,39.13,0,0,185030,11/10/2023 16:41,11/10/2023,1600,1700
2957891,12/10/2023 13:00,0,36.81,18.82,0,0,155478,12/10/2023 18:21,12/10/2023,1800,1900
2958703,12/10/2023 17:26,0,388.22,198.49,25.59,13.09,196930,12/10/2023 19:59,12/10/2023,2000,2100
2958004,12/10/2023 13:32,0,80.86,41.35,0,0,29815,12/10/2023 19:24,12/10/2023,1900,2000
2957367,12/10/2023 10:32,0,134.58,68.81,0,0,127637,12/10/2023 13:19,12/10/2023,1300,1400
2957395,12/10/2023 10:39,0,83.8,42.85,0,0,10469,12/10/2023 13:57,12/10/2023,1300,1400
2955885,11/10/2023 16:50,0,60.41,30.88,0,0,158980,12/10/2023 11:55,12/10/2023,1100,1200
2957854,12/10/2023 12:48,0,115.9,59.26,0,0,47931,12/10/2023 15:35,12/10/2023,1500,1600
2958214,12/10/2023 14:41,0,104.63,53.5,0,0,141136,12/10/2023 16:34,12/10/2023,1700,1800
2957124,12/10/2023 09:21,0,129.53,66.23,0,0,177135,12/10/2023 17:31,12/10/2023,1700,1800
2957429,12/10/2023 10:47,1,67.12,34.32,0,0,197196,12/10/2023 16:07,12/10/2023,1600,1700
2959864,13/10/2023 09:54,0,166.42,85.09,0,0,8282,13/10/2023 13:53,13/10/2023,1300,1400
2960529,13/10/2023 12:53,0,224.49,114.78,0,0,88985,13/10/2023 16:37,13/10/2023,1600,1700
2958862,12/10/2023 18:45,0,164.07,83.88,0,0,86358,13/10/2023 08:44,13/10/2023,800,900
2959575,13/10/2023 07:35,0,185.43,94.81,0,0,166764,13/10/2023 14:56,13/10/2023,1500,1600
2960737,13/10/2023 13:55,0,137.17,70.13,0,0,25600,13/10/2023 16:41,13/10/2023,1700,1800
2958924,12/10/2023 19:12,0,27.89,14.26,0,0,196648,13/10/2023 19:04,13/10/2023,1900,2000
2959343,12/10/2023 23:03,0,176.71,90.35,0,0,8146,13/10/2023 19:20,13/10/2023,1900,2000
2960815,13/10/2023 14:23,0,227.12,116.12,0,0,103545,13/10/2023 18:41,13/10/2023,1800,1900
2960350,13/10/2023 12:07,0,35.92,18.37,0,0,38230,13/10/2023 15:55,13/10/2023,1500,1600
2963961,14/10/2023 16:39,0,175.27,89.61,10.26,5.24,52886,14/10/2023 20:13,14/10/2023,2000,2100
2964263,14/10/2023 18:25,0,196.71,100.58,21.81,11.15,65092,14/10/2023 21:58,14/10/2023,2100,2200
2963194,14/10/2023 13:20,0,155.84,79.68,19.36,9.9,67116,14/10/2023 19:06,14/10/2023,1900,2000
2964100,14/10/2023 17:30,0,134.6,68.82,0,0,86695,14/10/2023 20:30,14/10/2023,2000,2100
2962749,14/10/2023 10:59,0,135.11,69.09,0,0,111960,14/10/2023 18:06,14/10/2023,1800,1900
2961638,13/10/2023 19:09,0,77.24,39.49,0,0,152919,14/10/2023 10:43,14/10/2023,1100,1200
2962952,14/10/2023 12:05,0,165.76,84.76,0,0,142562,14/10/2023 13:55,14/10/2023,1400,1500
2961076,13/10/2023 15:45,0,210.83,107.8,0,0,51119,14/10/2023 12:31,14/10/2023,1200,1300
2963165,14/10/2023 13:13,0,152.54,77.99,0,0,36308,14/10/2023 18:00,14/10/2023,1800,1900
2963448,14/10/2023 14:25,1,130.75,66.85,0,0,197446,14/10/2023 18:16,14/10/2023,1800,1900
2962737,14/10/2023 10:57,0,97.86,50.03,0,0,31364,14/10/2023 13:20,14/10/2023,1300,1400
2966366,15/10/2023 14:00,0,114.69,58.64,0,0,46841,15/10/2023 17:39,15/10/2023,1700,1800
2965819,15/10/2023 11:44,0,158.04,80.81,0,0,136691,15/10/2023 15:12,15/10/2023,1500,1600
2965005,15/10/2023 01:16,0,91.04,46.55,0,0,7769,15/10/2023 12:52,15/10/2023,1300,1400
2966611,15/10/2023 14:57,0,123.59,63.19,34.85,17.82,51697,15/10/2023 18:27,15/10/2023,1800,1900
2964849,14/10/2023 23:10,0,40.9,20.91,2.14,1.1,186286,15/10/2023 10:29,15/10/2023,1100,1200
2965811,15/10/2023 11:43,0,186.37,95.29,0,0,92241,15/10/2023 14:04,15/10/2023,1400,1500
2965524,15/10/2023 10:34,0,77.17,39.45,0,0,122923,15/10/2023 17:11,15/10/2023,1700,1800
2967214,15/10/2023 17:45,0,68.09,34.82,0,0,19115,15/10/2023 20:52,15/10/2023,2100,2200
2965961,15/10/2023 12:19,0,83.34,42.61,2.78,1.42,93413,15/10/2023 20:22,15/10/2023,2000,2100
2964630,14/10/2023 21:29,0,4.75,2.43,0,0,93021,15/10/2023 10:14,15/10/2023,1000,1100
2964858,14/10/2023 23:17,0,100.81,51.54,6.55,3.35,94458,15/10/2023 10:47,15/10/2023,1100,1200
2966203,15/10/2023 13:17,0,113.51,58.03,10.74,5.49,9629,15/10/2023 18:10,15/10/2023,1800,1900
2966292,15/10/2023 13:43,0,39.69,20.29,0,0,64187,15/10/2023 17:38,15/10/2023,1700,1800
2967025,15/10/2023 16:48,0,42.65,21.81,0,0,135865,15/10/2023 20:31,15/10/2023,2000,2100
2964607,14/10/2023 21:19,0,166.59,85.18,54.25,27.73,27352,15/10/2023 10:05,15/10/2023,1000,1100
2963549,14/10/2023 14:57,0,81.27,41.55,0,0,136413,15/10/2023 13:16,15/10/2023,1300,1400
2963861,14/10/2023 16:10,0,51.06,26.11,0,0,160684,15/10/2023 09:36,15/10/2023,900,1000
2968349,16/10/2023 09:28,0,182.99,93.56,0,0,38329,16/10/2023 12:27,16/10/2023,1200,1300
2967706,15/10/2023 22:02,0,156.35,79.94,0,0,16115,16/10/2023 10:09,16/10/2023,1000,1100
2968615,16/10/2023 10:27,0,100.11,51.18,0,0,96574,16/10/2023 14:56,16/10/2023,1500,1600
2968972,16/10/2023 11:43,0,360.94,184.55,0,0,58524,16/10/2023 15:34,16/10/2023,1500,1600
2969359,16/10/2023 13:17,0,82.78,42.33,0,0,11964,16/10/2023 17:06,16/10/2023,1700,1800
2960558,13/10/2023 13:00,0,28.31,14.47,0,0,40040,16/10/2023 10:15,16/10/2023,1000,1100
2970153,16/10/2023 16:59,0,54.02,27.62,0,0,49081,16/10/2023 21:21,16/10/2023,2100,2200
2967742,15/10/2023 22:18,0,121.11,61.92,0,0,41302,16/10/2023 10:34,16/10/2023,1000,1100
2969082,16/10/2023 12:08,0,92,47.04,0,0,79999,16/10/2023 15:51,16/10/2023,1500,1600
2968827,16/10/2023 11:15,0,104.14,53.24,0,0,166779,16/10/2023 19:09,16/10/2023,1900,2000
2968555,16/10/2023 10:14,0,61.74,31.57,0,0,35842,16/10/2023 13:09,16/10/2023,1300,1400
2969725,16/10/2023 14:57,0,79.81,40.81,0,0,102230,16/10/2023 18:36,16/10/2023,1900,2000
2966549,15/10/2023 14:43,0,107.54,54.98,0,0,62326,16/10/2023 08:49,16/10/2023,900,1000
2969101,16/10/2023 12:13,0,122.54,62.66,0,0,145137,16/10/2023 16:07,16/10/2023,1600,1700
2967994,16/10/2023 03:22,0,112.74,57.65,0,0,185662,16/10/2023 12:35,16/10/2023,1200,1300
2968779,16/10/2023 11:04,0,115.3,58.95,0,0,179535,16/10/2023 14:03,16/10/2023,1400,1500
2968876,16/10/2023 11:24,0,92.88,47.49,0,0,137246,16/10/2023 21:09,16/10/2023,2100,2200
2969615,16/10/2023 14:26,0,74.23,37.95,0,0,66306,16/10/2023 19:21,16/10/2023,1900,2000
2960975,13/10/2023 15:12,0,85.82,43.88,0,0,140239,16/10/2023 09:57,16/10/2023,900,1000
2968196,16/10/2023 08:44,0,110.63,56.56,0,0,168696,16/10/2023 13:57,16/10/2023,1400,1500
2968799,16/10/2023 11:09,0,43.07,22.02,0,0,190081,16/10/2023 15:04,16/10/2023,1500,1600
2969847,16/10/2023 15:30,0,53.59,27.4,0,0,184600,16/10/2023 19:12,16/10/2023,1900,2000
2970304,16/10/2023 17:56,0,121.53,62.14,0,0,188592,16/10/2023 22:26,16/10/2023,2200,2300
2970716,16/10/2023 21:58,0,60.76,31.06,0,0,156209,17/10/2023 10:37,17/10/2023,1000,1100
2971729,17/10/2023 11:25,0,66.97,34.24,0,0,69195,17/10/2023 13:59,17/10/2023,1400,1500
2970002,16/10/2023 16:09,0,134.88,68.96,0,0,182585,17/10/2023 11:08,17/10/2023,1100,1200
2973089,17/10/2023 17:40,0,70.78,36.19,0,0,157187,17/10/2023 19:59,17/10/2023,2000,2100
2970125,16/10/2023 16:49,0,482.79,246.84,0,0,154838,17/10/2023 10:25,17/10/2023,1000,1100
2971405,17/10/2023 10:10,0,51.88,26.52,0,0,58259,17/10/2023 12:59,17/10/2023,1300,1400
2970838,16/10/2023 23:20,0,139.68,71.42,0,0,26971,17/10/2023 14:59,17/10/2023,1500,1600
2971814,17/10/2023 11:42,0,177.09,90.55,50.73,25.94,27719,17/10/2023 14:55,17/10/2023,1500,1600
2971411,17/10/2023 10:12,0,161.3,82.47,52.85,27.02,76084,17/10/2023 19:10,17/10/2023,1900,2000
2970428,16/10/2023 19:05,0,134.87,68.96,0,0,55091,17/10/2023 11:21,17/10/2023,1100,1200
2971584,17/10/2023 10:54,0,122.55,62.66,0,0,9876,17/10/2023 13:41,17/10/2023,1400,1500
2971850,17/10/2023 11:52,0,88.03,45.01,0,0,135646,17/10/2023 15:31,17/10/2023,1500,1600
2969718,16/10/2023 14:55,0,181.68,92.89,0,0,117171,17/10/2023 09:45,17/10/2023,1000,1100
2969810,16/10/2023 15:21,1,61.8,31.59,0,0,197706,17/10/2023 09:39,17/10/2023,900,1000
2972428,17/10/2023 14:20,0,170.04,86.94,0,0,177262,17/10/2023 19:11,17/10/2023,1900,2000
2972893,17/10/2023 16:26,1,46.37,23.71,0,0,197841,17/10/2023 22:06,17/10/2023,2200,2300
2972961,17/10/2023 16:44,0,131.49,67.23,0,0,38048,17/10/2023 20:57,17/10/2023,2100,2200
2971639,17/10/2023 11:03,0,84.4,43.15,0,0,134955,17/10/2023 14:46,17/10/2023,1500,1600
2973502,17/10/2023 21:18,0,89.61,45.82,0,0,71811,18/10/2023 10:12,18/10/2023,1000,1100
2973386,17/10/2023 20:15,0,145.14,74.21,0,0,59450,18/10/2023 09:24,18/10/2023,900,1000
2975776,18/10/2023 16:37,0,124.86,63.83,0,0,94482,18/10/2023 20:35,18/10/2023,2000,2100
2975614,18/10/2023 15:42,0,161.88,82.77,14.58,7.46,37517,18/10/2023 19:48,18/10/2023,1900,2000
2975838,18/10/2023 17:04,0,112.15,57.34,0,0,88453,18/10/2023 20:24,18/10/2023,2000,2100
2974004,18/10/2023 08:18,0,30.61,15.65,0,0,24392,18/10/2023 20:38,18/10/2023,2000,2100
2973842,18/10/2023 01:24,0,92.69,47.39,9.87,5.04,9154,18/10/2023 11:36,18/10/2023,1200,1300
2975043,18/10/2023 13:13,0,238.21,121.8,47.33,24.2,99337,18/10/2023 17:42,18/10/2023,1800,1900
2973439,17/10/2023 20:43,0,76.14,38.93,0,0,188770,18/10/2023 10:35,18/10/2023,1000,1100
2974128,18/10/2023 09:11,0,200.46,102.49,10.72,5.48,20535,18/10/2023 12:32,18/10/2023,1200,1300
2974374,18/10/2023 10:20,0,219.87,112.42,86.14,44.04,146099,18/10/2023 13:58,18/10/2023,1400,1500
2975168,18/10/2023 13:45,0,37.34,19.09,0,0,179372,18/10/2023 17:11,18/10/2023,1700,1800
2975489,18/10/2023 15:10,0,99.87,51.07,0,0,117510,18/10/2023 19:48,18/10/2023,1900,2000
2974056,18/10/2023 08:42,0,128.35,65.62,0,0,101094,18/10/2023 14:58,18/10/2023,1500,1600
2975332,18/10/2023 14:31,0,205.76,105.2,0,0,107019,18/10/2023 19:32,18/10/2023,1900,2000
2972959,17/10/2023 16:44,0,110.56,56.52,0,0,113792,18/10/2023 08:26,18/10/2023,800,900
2976059,18/10/2023 18:22,0,81.4,41.62,0,0,103120,19/10/2023 08:20,19/10/2023,800,900
2977324,19/10/2023 10:41,0,86.76,44.36,3.5,1.78,30041,19/10/2023 16:15,19/10/2023,1600,1700
2976189,18/10/2023 19:36,0,171.12,87.49,27.4,14.01,76252,19/10/2023 09:58,19/10/2023,900,1000
2977864,19/10/2023 13:10,0,105.48,53.93,0,0,82362,19/10/2023 15:57,19/10/2023,1600,1700
2977984,19/10/2023 13:42,0,66.41,33.96,0,0,168548,19/10/2023 16:49,19/10/2023,1700,1800
2978663,19/10/2023 17:12,0,124.61,63.72,0,0,38930,19/10/2023 20:13,19/10/2023,2000,2100
2976946,19/10/2023 08:58,0,163.73,83.72,0,0,120134,19/10/2023 11:46,19/10/2023,1200,1300
2977283,19/10/2023 10:31,0,226.07,115.59,0,0,16473,19/10/2023 13:38,19/10/2023,1400,1500
2974456,18/10/2023 10:44,0,50.01,25.57,0,0,74488,19/10/2023 09:28,19/10/2023,1000,1100
2975207,18/10/2023 13:55,0,127.09,64.98,0,0,26078,19/10/2023 09:01,19/10/2023,900,1000
2976084,18/10/2023 18:35,0,126.42,64.63,0,0,49229,19/10/2023 10:24,19/10/2023,1000,1100
2978427,19/10/2023 15:53,0,146.56,74.94,0,0,45700,19/10/2023 20:29,19/10/2023,2000,2100
2977225,19/10/2023 10:17,0,139.17,71.16,0,0,141696,19/10/2023 13:53,19/10/2023,1300,1400
2978217,19/10/2023 14:51,0,206,105.33,43.55,22.27,39937,19/10/2023 18:08,19/10/2023,1800,1900
2977553,19/10/2023 11:47,0,82.44,42.15,0,0,82967,19/10/2023 15:23,19/10/2023,1500,1600
2979039,19/10/2023 19:36,0,164.83,84.28,0,0,53595,20/10/2023 15:12,20/10/2023,1500,1600
2980570,20/10/2023 12:55,0,82.01,41.93,0,0,75465,20/10/2023 16:09,20/10/2023,1600,1700
2980814,20/10/2023 13:57,0,92.18,47.13,0,0,10127,20/10/2023 16:10,20/10/2023,1600,1700
2981356,20/10/2023 16:37,0,127.79,65.33,0,0,54920,20/10/2023 18:54,20/10/2023,1900,2000
2980487,20/10/2023 12:30,0,176.8,90.39,7.65,3.91,38039,20/10/2023 15:15,20/10/2023,1500,1600
2981064,20/10/2023 15:06,0,173.25,88.58,8.45,4.31,168896,20/10/2023 18:52,20/10/2023,1800,1900
2981556,20/10/2023 17:55,0,61.79,31.59,0,0,194919,20/10/2023 20:46,20/10/2023,2000,2100
2980761,20/10/2023 13:42,0,33.76,17.25,0,0,38230,20/10/2023 17:17,20/10/2023,1700,1800
2981028,20/10/2023 15:00,0,196.06,100.24,0,0,99503,20/10/2023 17:26,20/10/2023,1700,1800
2981312,20/10/2023 16:24,0,130.47,66.7,15.94,8.15,87396,20/10/2023 19:42,20/10/2023,1900,2000
2979326,19/10/2023 22:01,0,37.01,18.92,0,0,42894,20/10/2023 09:49,20/10/2023,1000,1100
2979404,19/10/2023 22:48,0,86.14,44.04,0,0,76345,20/10/2023 10:51,20/10/2023,1100,1200
2979792,20/10/2023 08:50,0,167.22,85.49,0,0,80041,20/10/2023 15:09,20/10/2023,1500,1600
2983164,21/10/2023 12:29,0,87.87,44.93,0,0,192958,21/10/2023 20:39,21/10/2023,2000,2100
2975689,18/10/2023 16:12,0,133.51,68.26,37.54,19.2,39955,21/10/2023 07:58,21/10/2023,800,900
2982907,21/10/2023 11:18,0,166.81,85.29,26.29,13.44,136276,21/10/2023 17:14,21/10/2023,1800,1900
2984182,21/10/2023 17:20,0,66.48,33.99,0,0,132378,21/10/2023 20:41,21/10/2023,2000,2100
2983460,21/10/2023 13:50,0,71.81,36.72,0,0,37703,21/10/2023 18:00,21/10/2023,1800,1900
2982722,21/10/2023 10:34,0,287.59,147.05,0,0,141243,21/10/2023 13:40,21/10/2023,1300,1400
2981532,20/10/2023 17:44,0,157.69,80.62,0,0,58624,21/10/2023 08:31,21/10/2023,900,1000
2982094,20/10/2023 22:49,0,112.16,57.35,0,0,188979,21/10/2023 14:28,21/10/2023,1500,1600
2985494,22/10/2023 10:31,0,124.51,63.66,1.39,0.71,38602,22/10/2023 13:42,22/10/2023,1300,1400
2985205,22/10/2023 09:05,0,93.65,47.89,13.72,7.01,119447,22/10/2023 19:08,22/10/2023,1900,2000
2987154,22/10/2023 17:29,0,85.63,43.78,0,0,77175,22/10/2023 20:31,22/10/2023,2100,2200
2984988,22/10/2023 00:23,0,202.79,103.68,0,0,169339,22/10/2023 11:15,22/10/2023,1100,1200
2985343,22/10/2023 09:51,0,45.68,23.36,0,0,59524,22/10/2023 12:02,22/10/2023,1200,1300
2985848,22/10/2023 11:55,0,128.55,65.73,0,0,130030,22/10/2023 14:23,22/10/2023,1500,1600
2985246,22/10/2023 09:19,0,160.31,81.96,94.18,48.15,8466,22/10/2023 12:24,22/10/2023,1200,1300
2984440,21/10/2023 19:00,0,80.35,41.08,0,0,41837,22/10/2023 12:10,22/10/2023,1200,1300
2985061,22/10/2023 03:10,0,122.84,62.81,14.99,7.66,33327,22/10/2023 11:39,22/10/2023,1200,1300
2984675,21/10/2023 21:11,0,91.98,47.02,0,0,175636,22/10/2023 09:29,22/10/2023,900,1000
2984683,21/10/2023 21:16,0,108.7,55.58,0,0,85156,22/10/2023 09:52,22/10/2023,900,1000
2984096,21/10/2023 16:54,0,99.55,50.9,0,0,169281,22/10/2023 08:36,22/10/2023,800,900
2985665,22/10/2023 11:16,0,44.02,22.51,0,0,30729,22/10/2023 13:57,22/10/2023,1400,1500
2988457,23/10/2023 10:44,0,133.78,68.4,0,0,193952,23/10/2023 13:23,23/10/2023,1300,1400
2987581,22/10/2023 21:39,0,60.36,30.86,0,0,160703,23/10/2023 12:11,23/10/2023,1200,1300
2988104,23/10/2023 08:57,1,55.12,28.18,0,0,198549,23/10/2023 11:58,23/10/2023,1200,1300
2988336,23/10/2023 10:16,0,72.25,36.95,0,0,90276,23/10/2023 13:52,23/10/2023,1300,1400
2988448,23/10/2023 10:43,0,38.77,19.82,0,0,67225,23/10/2023 13:35,23/10/2023,1300,1400
2980999,20/10/2023 14:53,0,62.34,31.87,0,0,130387,23/10/2023 12:20,23/10/2023,1200,1300
2988273,23/10/2023 09:52,0,42.96,21.96,0,0,9193,23/10/2023 12:36,23/10/2023,1300,1400
2987913,23/10/2023 02:57,0,131.95,67.47,0,0,156260,23/10/2023 11:36,23/10/2023,1100,1200
2987757,22/10/2023 23:18,0,223.56,114.31,25.45,13.01,179954,23/10/2023 10:23,23/10/2023,1100,1200
2988147,23/10/2023 09:16,0,48.03,24.56,0,0,152075,23/10/2023 12:27,23/10/2023,1200,1300
2988155,23/10/2023 09:19,0,114.52,58.56,0,0,93632,23/10/2023 12:18,23/10/2023,1200,1300
2988338,23/10/2023 10:16,1,40.16,20.54,0,0,198545,23/10/2023 13:25,23/10/2023,1300,1400
2988291,23/10/2023 09:58,0,173.99,88.95,0,0,9210,23/10/2023 19:34,23/10/2023,1900,2000
2988235,23/10/2023 09:40,0,510.76,261.14,0,0,193194,23/10/2023 14:06,23/10/2023,1400,1500
2988977,23/10/2023 13:01,0,154.57,79.03,0,0,105707,23/10/2023 16:45,23/10/2023,1600,1700
2989567,23/10/2023 15:41,1,41.58,21.26,0,0,198620,23/10/2023 18:54,23/10/2023,1800,1900
2989677,23/10/2023 16:17,0,164.72,84.22,0,0,8245,23/10/2023 19:01,23/10/2023,1900,2000
2992602,24/10/2023 17:53,0,39.03,19.95,0,0,10718,24/10/2023 19:53,24/10/2023,2000,2100
2992681,24/10/2023 18:31,0,79.68,40.74,0,0,126974,24/10/2023 21:39,24/10/2023,2100,2200
2991043,24/10/2023 09:24,1,66.23,33.87,0,0,198712,24/10/2023 12:25,24/10/2023,1200,1300
2991779,24/10/2023 13:23,0,112.12,57.32,0,0,197885,24/10/2023 18:06,24/10/2023,1800,1900
2990410,23/10/2023 21:38,1,120.24,61.48,0,0,198682,24/10/2023 10:07,24/10/2023,1000,1100
2991012,24/10/2023 09:11,0,41.36,21.15,0,0,7775,24/10/2023 21:22,24/10/2023,2100,2200
2992468,24/10/2023 17:05,0,52.49,26.84,0,0,169161,24/10/2023 19:39,24/10/2023,1900,2000
2990488,23/10/2023 22:16,0,80.88,41.35,0,0,93233,24/10/2023 09:01,24/10/2023,1000,1100
2990616,23/10/2023 23:32,0,111.19,56.85,0,0,52318,24/10/2023 10:18,24/10/2023,1000,1100
2992228,24/10/2023 15:38,0,72.49,37.06,0,0,186630,24/10/2023 18:51,24/10/2023,1800,1900
2990292,23/10/2023 20:26,0,73.03,37.34,0,0,197690,24/10/2023 13:47,24/10/2023,1400,1500
2991169,24/10/2023 10:06,1,115.8,59.21,0,0,198717,24/10/2023 12:57,24/10/2023,1300,1400
2990543,23/10/2023 22:53,1,82.02,41.93,0,0,198690,24/10/2023 16:09,24/10/2023,1600,1700
2992963,24/10/2023 20:53,0,127.75,65.32,0,0,132514,25/10/2023 08:01,25/10/2023,800,900
2994571,25/10/2023 13:55,0,166.64,85.2,0,0,143418,25/10/2023 16:49,25/10/2023,1700,1800
2994993,25/10/2023 16:14,0,124.63,63.72,1.18,0.6,38015,25/10/2023 18:26,25/10/2023,1900,2000
2994869,25/10/2023 15:38,0,116.82,59.72,0,0,71226,25/10/2023 18:01,25/10/2023,1800,1900
2993338,25/10/2023 00:54,0,271.49,138.81,103.88,53.12,27959,25/10/2023 13:37,25/10/2023,1300,1400
2993886,25/10/2023 10:44,0,150.96,77.18,0,0,196272,25/10/2023 13:25,25/10/2023,1300,1400
2993203,24/10/2023 23:03,0,88.86,45.43,0,0,35567,25/10/2023 10:10,25/10/2023,1000,1100
2992731,24/10/2023 18:50,0,80.04,40.93,0,0,40510,25/10/2023 09:18,25/10/2023,900,1000
2993574,25/10/2023 08:53,0,67.49,34.51,0,0,50246,25/10/2023 14:30,25/10/2023,1400,1500
2994251,25/10/2023 12:22,0,187.34,95.79,18.19,9.3,58148,25/10/2023 15:27,25/10/2023,1500,1600
2993279,24/10/2023 23:51,1,217.64,111.28,0,0,198827,25/10/2023 12:59,25/10/2023,1300,1400
2994569,25/10/2023 13:54,0,37.45,19.14,0,0,135967,25/10/2023 16:19,25/10/2023,1600,1700
2994984,25/10/2023 16:11,0,96.47,49.32,27.66,14.14,38425,25/10/2023 19:29,25/10/2023,1900,2000
2991517,24/10/2023 12:00,0,98.54,50.39,0,0,191488,25/10/2023 09:12,25/10/2023,900,1000
2995310,25/10/2023 17:57,0,33.35,17.05,0,0,38230,26/10/2023 10:15,26/10/2023,1000,1100
2996666,26/10/2023 10:58,0,118.35,60.51,0,0,11386,26/10/2023 14:26,26/10/2023,1400,1500
2995882,25/10/2023 23:09,0,241.25,123.34,0,0,62562,26/10/2023 10:52,26/10/2023,1000,1100
2996207,26/10/2023 08:32,0,82.98,42.42,0,0,9147,26/10/2023 11:13,26/10/2023,1100,1200
2996840,26/10/2023 12:02,1,58.46,29.89,0,0,197057,26/10/2023 14:13,26/10/2023,1400,1500
2997906,26/10/2023 17:38,0,22.03,11.27,0,0,77236,26/10/2023 20:00,26/10/2023,2000,2100
2996985,26/10/2023 12:52,0,145.85,74.57,0,0,146047,26/10/2023 15:57,26/10/2023,1500,1600
2995167,25/10/2023 16:59,0,146.29,74.8,83.2,42.54,59340,26/10/2023 21:13,26/10/2023,2100,2200
2995516,25/10/2023 19:20,1,111.82,57.18,0,0,131406,26/10/2023 12:14,26/10/2023,1200,1300
2995585,25/10/2023 20:02,0,317.5,162.33,0,0,37180,26/10/2023 11:59,26/10/2023,1200,1300
2995275,25/10/2023 17:42,0,118.87,60.78,0,0,47817,26/10/2023 08:00,26/10/2023,800,900
2995867,25/10/2023 22:54,0,107.96,55.2,58.41,29.87,41556,26/10/2023 19:32,26/10/2023,1900,2000
2994658,25/10/2023 14:22,0,79.48,40.64,0,0,134785,26/10/2023 09:04,26/10/2023,900,1000
2996780,26/10/2023 11:41,0,75.08,38.38,0,0,140971,26/10/2023 14:21,26/10/2023,1400,1500
2999848,27/10/2023 13:00,0,134.37,68.7,0,0,9848,27/10/2023 14:53,27/10/2023,1500,1600
2999213,27/10/2023 10:11,0,109.89,56.18,0,0,27332,27/10/2023 12:55,27/10/2023,1300,1400
2997164,26/10/2023 13:42,0,82.19,42.02,0,0,37686,27/10/2023 16:27,27/10/2023,1600,1700
3000581,27/10/2023 16:21,0,88.95,45.48,7.2,3.68,171490,27/10/2023 19:19,27/10/2023,1900,2000
3000727,27/10/2023 17:10,0,62.04,31.72,0,0,154236,27/10/2023 21:22,27/10/2023,2100,2200
3000443,27/10/2023 15:39,0,128.61,65.75,11.53,5.9,33437,27/10/2023 18:27,27/10/2023,1800,1900
2999810,27/10/2023 12:51,0,120.38,61.55,0,0,161216,27/10/2023 15:12,27/10/2023,1500,1600
3000606,27/10/2023 16:28,0,84.23,43.07,0,0,39753,27/10/2023 19:34,27/10/2023,1900,2000
3000689,27/10/2023 16:53,0,40.83,20.88,0,0,35925,27/10/2023 20:21,27/10/2023,2000,2100
2999560,27/10/2023 11:41,0,90.81,46.43,0,0,197915,27/10/2023 14:22,27/10/2023,1500,1600
2998854,27/10/2023 08:15,0,330.31,168.88,0,0,10773,27/10/2023 13:57,27/10/2023,1400,1500
3000448,27/10/2023 15:41,0,341.35,174.54,0,0,24247,27/10/2023 17:34,27/10/2023,1800,1900
3002456,28/10/2023 12:21,0,47.23,24.15,0,0,84672,28/10/2023 18:06,28/10/2023,1800,1900
3002753,28/10/2023 13:40,0,330.66,169.06,0,0,77978,28/10/2023 16:36,28/10/2023,1600,1700
3002823,28/10/2023 13:57,0,41.81,21.37,0,0,23800,28/10/2023 16:43,28/10/2023,1600,1700
3001269,27/10/2023 21:24,0,32.62,16.67,0,0,107841,28/10/2023 09:59,28/10/2023,1000,1100
3002965,28/10/2023 14:33,0,159.25,81.42,0,0,93891,28/10/2023 17:11,28/10/2023,1700,1800
3002050,28/10/2023 10:24,0,68.44,34.99,0,0,30144,28/10/2023 16:50,28/10/2023,1600,1700
3003316,28/10/2023 15:59,0,80.15,40.97,0,0,130523,28/10/2023 18:35,28/10/2023,1900,2000
3003099,28/10/2023 15:11,0,110.88,56.69,0,0,36544,28/10/2023 18:48,28/10/2023,1800,1900
3003387,28/10/2023 16:21,0,111.04,56.77,0,0,176092,28/10/2023 19:15,28/10/2023,1900,2000
3002288,28/10/2023 11:34,0,200.42,102.48,0,0,91094,28/10/2023 17:28,28/10/2023,1800,1900
3002923,28/10/2023 14:23,0,139.12,71.13,0,0,186809,28/10/2023 17:03,28/10/2023,1700,1800
3003017,28/10/2023 14:44,0,118.55,60.61,0,0,40898,28/10/2023 17:27,28/10/2023,1700,1800
3002037,28/10/2023 10:20,0,188.05,96.15,0,0,65418,28/10/2023 13:41,28/10/2023,1300,1400
3004706,29/10/2023 08:43,0,116.6,59.62,36.74,18.78,95474,29/10/2023 12:30,29/10/2023,1200,1300
3005032,29/10/2023 10:30,0,64.18,32.82,0,0,101169,29/10/2023 19:30,29/10/2023,1900,2000
3006537,29/10/2023 17:47,0,178.72,91.38,0,0,72386,29/10/2023 20:26,29/10/2023,2100,2200
3004762,29/10/2023 09:05,0,175.3,89.63,7.23,3.7,172507,29/10/2023 12:24,29/10/2023,1200,1300
3005018,29/10/2023 10:27,0,189.9,97.09,0,0,168236,29/10/2023 13:29,29/10/2023,1300,1400
3005033,29/10/2023 10:31,0,93.94,48.02,0,0,62478,29/10/2023 16:13,29/10/2023,1600,1700
3005134,29/10/2023 10:55,0,40.13,20.51,0,0,70173,29/10/2023 13:11,29/10/2023,1300,1400
3005966,29/10/2023 14:47,0,47.26,24.16,0,0,57565,29/10/2023 20:17,29/10/2023,2000,2100
3006368,29/10/2023 16:42,0,49.57,25.34,0,0,106453,29/10/2023 20:47,29/10/2023,2000,2100
3004601,29/10/2023 08:03,0,106.58,54.5,0,0,85817,29/10/2023 12:47,29/10/2023,1200,1300
3005225,29/10/2023 11:23,0,137.38,70.25,0,0,143895,29/10/2023 18:15,29/10/2023,1800,1900
3005474,29/10/2023 12:37,0,125.3,64.06,0,0,185665,29/10/2023 18:03,29/10/2023,1800,1900
3004107,28/10/2023 21:10,0,59.88,30.62,0,0,53741,29/10/2023 09:40,29/10/2023,900,1000
3005364,29/10/2023 12:07,0,160.65,82.14,10.4,5.32,11302,29/10/2023 20:00,29/10/2023,2000,2100
3001758,28/10/2023 08:37,0,157.49,80.52,0,0,135302,29/10/2023 09:45,29/10/2023,900,1000
3004674,29/10/2023 08:35,0,116.33,59.47,8.04,4.11,28328,29/10/2023 11:30,29/10/2023,1100,1200
3005950,29/10/2023 14:43,0,242.83,124.15,0,0,28678,29/10/2023 18:51,29/10/2023,1800,1900
3006232,29/10/2023 16:02,0,172.97,88.44,16.78,8.58,56473,29/10/2023 19:31,29/10/2023,1900,2000
3004345,28/10/2023 23:51,0,76.39,39.05,0,0,27724,29/10/2023 10:28,29/10/2023,1000,1100
3007589,30/10/2023 09:49,0,79.94,40.88,2.48,1.27,113792,30/10/2023 12:55,30/10/2023,1200,1300
3009023,30/10/2023 16:50,0,156.45,79.99,0,0,39937,30/10/2023 19:24,30/10/2023,1900,2000
3007109,29/10/2023 23:55,0,37.81,19.33,0,0,148682,30/10/2023 11:58,30/10/2023,1200,1300
3007508,30/10/2023 09:25,0,170.21,87.03,34.11,17.45,10740,30/10/2023 12:30,30/10/2023,1200,1300
3005824,29/10/2023 14:08,0,122.18,62.47,0,0,44607,30/10/2023 08:05,30/10/2023,800,900
3009131,30/10/2023 17:49,0,146.3,74.8,0,0,127941,30/10/2023 20:28,30/10/2023,2000,2100
3009460,30/10/2023 19:50,0,168.35,86.08,0,0,137752,31/10/2023 10:12,31/10/2023,1000,1100
3011183,31/10/2023 13:51,0,51.41,26.28,0,0,11591,31/10/2023 17:43,31/10/2023,1700,1800
3012022,31/10/2023 18:56,0,47.57,24.33,0,0,8689,31/10/2023 21:25,31/10/2023,2100,2200
3011548,31/10/2023 15:35,0,59.83,30.59,0,0,67169,31/10/2023 19:56,31/10/2023,2000,2100
3009880,31/10/2023 01:56,0,136.34,69.71,0,0,168105,31/10/2023 11:20,31/10/2023,1100,1200
3010463,31/10/2023 10:38,0,43.73,22.36,0,0,15269,31/10/2023 13:50,31/10/2023,1300,1400
3010466,31/10/2023 10:38,0,128.11,65.5,0,0,161553,31/10/2023 13:45,31/10/2023,1300,1400
3010540,31/10/2023 10:53,0,29.2,14.93,0,0,74677,31/10/2023 13:24,31/10/2023,1300,1400
3011082,31/10/2023 13:27,0,102.2,52.25,0,0,45935,31/10/2023 15:53,31/10/2023,1600,1700
3011096,31/10/2023 13:31,0,105.54,53.96,0,0,19053,31/10/2023 16:32,31/10/2023,1600,1700
3011208,31/10/2023 13:58,0,116.33,59.48,0,0,81244,31/10/2023 16:37,31/10/2023,1600,1700
3011384,31/10/2023 14:45,0,65.59,33.53,0,0,27667,31/10/2023 17:45,31/10/2023,1700,1800
3011322,31/10/2023 14:28,0,164.25,83.98,0,0,106986,31/10/2023 18:33,31/10/2023,1800,1900
3010121,31/10/2023 08:47,0,65.52,33.5,0,0,120208,31/10/2023 12:11,31/10/2023,1200,1300
3013476,1/11/2023 12:24,0,114.59,58.6,0,0,72121,1/11/2023 15:39,1/11/2023,1500,1600
3014047,1/11/2023 15:05,0,168.02,85.91,30.43,15.55,108645,1/11/2023 18:06,1/11/2023,1800,1900
3013275,1/11/2023 11:32,0,162.55,83.11,0,0,44814,1/11/2023 14:29,1/11/2023,1400,1500
3013446,1/11/2023 12:15,0,121.64,62.2,0,0,39910,1/11/2023 15:07,1/11/2023,1500,1600
3013089,1/11/2023 10:49,0,68.68,35.11,0,0,17935,1/11/2023 21:55,1/11/2023,2200,2300
3013340,1/11/2023 11:47,0,113.9,58.24,0,0,42020,1/11/2023 15:24,1/11/2023,1500,1600
3013621,1/11/2023 13:06,0,157.78,80.67,0,0,155637,1/11/2023 18:51,1/11/2023,1800,1900
3012900,1/11/2023 10:03,0,117.09,59.86,0,0,56968,1/11/2023 12:10,1/11/2023,1200,1300
3013304,1/11/2023 11:38,0,83.13,42.5,0,0,165973,1/11/2023 18:09,1/11/2023,1800,1900
3012883,1/11/2023 09:58,0,251.78,128.73,0,0,90938,1/11/2023 15:26,1/11/2023,1500,1600
3014160,1/11/2023 15:35,0,94.76,48.45,17.09,8.74,40910,1/11/2023 19:38,1/11/2023,1900,2000
3012483,1/11/2023 04:58,0,93.43,47.77,0,0,55630,1/11/2023 15:23,1/11/2023,1500,1600
3017109,2/11/2023 15:12,0,48.25,24.67,0,0,99126,2/11/2023 19:58,2/11/2023,1900,2000
3016279,2/11/2023 11:39,0,80.3,41.05,35.59,18.2,43204,2/11/2023 15:40,2/11/2023,1500,1600
3016877,2/11/2023 14:01,0,84.86,43.38,23.36,11.94,52002,2/11/2023 20:21,2/11/2023,2000,2100
3017637,2/11/2023 17:51,0,153.72,78.59,0,0,67087,2/11/2023 20:27,2/11/2023,2100,2200
3015020,1/11/2023 22:06,0,64.38,32.92,0,0,56310,2/11/2023 09:22,2/11/2023,900,1000
3014819,1/11/2023 19:55,0,80.55,41.18,0,0,88933,2/11/2023 10:13,2/11/2023,1000,1100
3015852,2/11/2023 10:10,0,0,0,0,0,125324,2/11/2023 11:50,2/11/2023,1200,1300
3016142,2/11/2023 11:11,0,72.84,37.24,0,0,196153,2/11/2023 14:06,2/11/2023,1400,1500
3015134,1/11/2023 23:33,0,52.12,26.65,0,0,69356,2/11/2023 09:31,2/11/2023,1000,1100
3015150,1/11/2023 23:53,0,112.88,57.71,0,0,18593,2/11/2023 20:21,2/11/2023,2000,2100
3015671,2/11/2023 09:30,0,60.88,31.13,0,0,56881,2/11/2023 14:33,2/11/2023,1400,1500
3015855,2/11/2023 10:11,0,81.75,41.8,0,0,175314,2/11/2023 19:35,2/11/2023,1900,2000
3016677,2/11/2023 13:13,0,46.29,23.67,0,0,40588,2/11/2023 16:09,2/11/2023,1600,1700
3016013,2/11/2023 10:47,0,195.25,99.83,4.88,2.49,55481,3/11/2023 16:28,3/11/2023,1600,1700
3018553,3/11/2023 08:16,0,114.32,58.45,0,0,24750,3/11/2023 11:23,3/11/2023,1100,1200
3019602,3/11/2023 12:52,0,156.09,79.8,0,0,22372,3/11/2023 17:31,3/11/2023,1800,1900
3019783,3/11/2023 13:39,0,60.21,30.79,0,0,189120,3/11/2023 16:40,3/11/2023,1700,1800
3020612,3/11/2023 17:33,0,92.3,47.19,0,0,38460,3/11/2023 20:13,3/11/2023,2100,2200
3018900,3/11/2023 10:15,0,242.36,123.92,13.74,7.02,63435,3/11/2023 13:21,3/11/2023,1300,1400
3019375,3/11/2023 11:59,0,236.33,120.84,0,0,7620,3/11/2023 15:06,3/11/2023,1500,1600
3018871,3/11/2023 10:07,0,39.02,19.96,0,0,155478,3/11/2023 13:40,3/11/2023,1300,1400
3020112,3/11/2023 15:11,0,80.12,40.96,0,0,20823,3/11/2023 19:04,3/11/2023,1900,2000
3019000,3/11/2023 10:37,0,135.64,69.35,0,0,8282,3/11/2023 13:44,3/11/2023,1300,1400
3020151,3/11/2023 15:22,0,96.74,49.46,0,0,86468,3/11/2023 18:26,3/11/2023,1800,1900
3019280,3/11/2023 11:35,0,109.62,56.05,0,0,30923,3/11/2023 13:57,3/11/2023,1500,1600
3018658,3/11/2023 08:59,0,168.49,86.14,0,0,189296,3/11/2023 12:06,3/11/2023,1200,1300
3020082,3/11/2023 15:04,1,95.26,48.71,0,0,199960,3/11/2023 18:54,3/11/2023,1800,1900
3016823,2/11/2023 13:48,0,165.78,84.76,0,0,58054,3/11/2023 09:18,3/11/2023,900,1000
3018347,3/11/2023 00:31,0,110.78,56.64,0,0,39278,3/11/2023 17:12,3/11/2023,1700,1800
3020277,3/11/2023 15:57,0,81.14,41.48,0,0,114761,4/11/2023 13:56,4/11/2023,1300,1400
3023072,4/11/2023 13:01,0,77.5,39.63,0,0,152399,4/11/2023 18:02,4/11/2023,1900,2000
3020348,3/11/2023 16:13,0,37.56,19.2,0,0,62552,4/11/2023 07:42,4/11/2023,800,900
3021433,4/11/2023 00:47,0,159.88,81.75,0,0,52752,4/11/2023 11:44,4/11/2023,1200,1300
3021917,4/11/2023 09:40,0,189.27,96.77,0,0,155034,4/11/2023 13:41,4/11/2023,1400,1500
3022964,4/11/2023 12:43,0,118.94,60.81,0,0,23989,4/11/2023 15:48,4/11/2023,1600,1700
3023503,4/11/2023 14:30,0,88.79,45.4,0,0,101211,4/11/2023 20:54,4/11/2023,2000,2100
3021001,3/11/2023 20:26,0,141.89,72.55,0,0,94819,4/11/2023 10:24,4/11/2023,1000,1100
3023259,4/11/2023 13:37,0,113.29,57.92,0,0,87440,4/11/2023 19:26,4/11/2023,1900,2000
3020875,3/11/2023 19:20,0,529.87,270.92,0,0,49110,4/11/2023 08:58,4/11/2023,900,1000
3022893,4/11/2023 12:31,0,143.98,73.62,0,0,89782,4/11/2023 18:08,4/11/2023,1800,1900
3022129,4/11/2023 10:20,1,82.95,42.41,0,0,199962,4/11/2023 14:57,4/11/2023,1500,1600
3022360,4/11/2023 10:56,0,51.1,26.12,12.6,6.44,140956,4/11/2023 19:11,4/11/2023,1900,2000
3023337,4/11/2023 13:56,1,132.27,67.63,0,0,200112,4/11/2023 20:09,4/11/2023,2000,2100
3023427,4/11/2023 14:15,0,140.81,71.99,0,0,194791,4/11/2023 19:59,4/11/2023,2000,2100
3021210,3/11/2023 22:10,0,347.93,177.89,0,0,86381,4/11/2023 10:58,4/11/2023,1100,1200
3021086,3/11/2023 21:06,1,110.71,56.61,0,0,195907,4/11/2023 11:24,4/11/2023,1100,1200
3021523,4/11/2023 05:46,0,40.92,20.92,0,0,148793,4/11/2023 12:27,4/11/2023,1200,1300
3022557,4/11/2023 11:29,0,230.23,117.71,18.58,9.5,44638,4/11/2023 17:41,4/11/2023,1700,1800
3026362,5/11/2023 14:37,0,83.32,42.6,0,0,192289,5/11/2023 17:12,5/11/2023,1700,1800
3026332,5/11/2023 14:31,0,140.78,71.99,0,0,61996,5/11/2023 17:47,5/11/2023,1700,1800
3025424,5/11/2023 10:28,0,93.12,47.62,0,0,8354,5/11/2023 14:55,5/11/2023,1400,1500
3023813,4/11/2023 15:34,0,145.63,74.46,0,0,34759,5/11/2023 12:49,5/11/2023,1200,1300
3025440,5/11/2023 10:33,0,84.47,43.19,0,0,191218,5/11/2023 14:24,5/11/2023,1400,1500
3024161,4/11/2023 17:41,0,85.05,43.49,0,0,44213,5/11/2023 08:56,5/11/2023,900,1000
3023963,4/11/2023 16:26,0,109.11,55.79,0,0,136448,5/11/2023 12:27,5/11/2023,1200,1300
3026859,5/11/2023 16:59,0,176.41,90.2,0,0,34421,5/11/2023 20:49,5/11/2023,2100,2200
3023594,4/11/2023 14:45,0,99.01,50.62,0,0,45846,5/11/2023 11:04,5/11/2023,1100,1200
3024625,4/11/2023 21:41,0,113.18,57.86,0,0,71214,5/11/2023 12:10,5/11/2023,1200,1300
3025850,5/11/2023 12:24,0,51.17,26.16,0,0,130102,5/11/2023 15:07,5/11/2023,1500,1600
3024373,4/11/2023 19:22,0,148.26,75.81,23.1,11.81,91492,5/11/2023 10:00,5/11/2023,1100,1200
3025719,5/11/2023 11:47,0,193.19,98.78,0,0,39312,5/11/2023 15:16,5/11/2023,1500,1600
3026532,5/11/2023 15:28,0,77.18,39.47,0,0,126264,5/11/2023 18:46,5/11/2023,1800,1900
3022384,4/11/2023 10:59,1,82.67,42.27,0,0,200064,5/11/2023 11:26,5/11/2023,1100,1200
3028040,6/11/2023 09:42,0,57.66,29.48,0,0,143319,6/11/2023 12:58,6/11/2023,1200,1300
3028856,6/11/2023 13:08,0,74.66,38.17,0,0,182585,6/11/2023 15:30,6/11/2023,1600,1700
3029375,6/11/2023 15:20,0,110.88,56.7,0,0,50154,6/11/2023 18:43,6/11/2023,1800,1900
3028098,6/11/2023 09:53,0,113.11,57.84,0,0,135393,6/11/2023 16:10,6/11/2023,1600,1700
3029417,6/11/2023 15:33,0,143.66,73.45,0,0,38048,6/11/2023 19:29,6/11/2023,1900,2000
3027198,5/11/2023 19:00,0,117.1,59.88,0,0,45962,6/11/2023 12:23,6/11/2023,1200,1300
3027802,6/11/2023 08:12,0,69.32,35.44,0,0,174047,6/11/2023 11:06,6/11/2023,1100,1200
3027470,5/11/2023 22:07,0,94.1,48.11,0,0,179809,6/11/2023 19:13,6/11/2023,1900,2000
3029618,6/11/2023 16:27,0,82.52,42.19,0,0,58614,6/11/2023 19:57,6/11/2023,1900,2000
3027217,5/11/2023 19:09,0,138.83,70.98,0,0,44772,6/11/2023 19:49,6/11/2023,2000,2100
3028779,6/11/2023 12:50,0,119.3,61,0,0,93501,6/11/2023 15:04,6/11/2023,1500,1600
3028638,6/11/2023 12:11,0,291.59,149.08,0,0,131797,6/11/2023 17:58,6/11/2023,1800,1900
3028538,6/11/2023 11:47,0,76.63,39.18,0,0,116171,6/11/2023 19:25,6/11/2023,1900,2000
3027221,5/11/2023 19:12,0,82.84,42.36,0,0,160510,6/11/2023 08:08,6/11/2023,800,900
3029138,6/11/2023 14:16,0,167.95,85.87,22.99,11.75,72258,6/11/2023 18:40,6/11/2023,1800,1900
3029371,6/11/2023 15:20,0,110.84,56.67,0,0,47606,6/11/2023 18:11,6/11/2023,1800,1900
3027583,5/11/2023 23:20,0,110.86,56.68,0,0,49929,6/11/2023 10:15,6/11/2023,1000,1100
3030352,6/11/2023 21:52,0,114.61,58.6,0,0,44194,7/11/2023 10:47,7/11/2023,1000,1100
3023605,4/11/2023 14:46,0,73.65,37.66,7.05,3.6,10398,7/11/2023 10:58,7/11/2023,1000,1100
3030538,6/11/2023 23:48,0,120.76,61.74,0,0,15317,7/11/2023 21:15,7/11/2023,2100,2200
3030968,7/11/2023 09:33,0,36.11,18.47,0,0,141723,7/11/2023 11:50,7/11/2023,1200,1300
3031037,7/11/2023 09:54,0,122.47,62.61,0,0,112205,7/11/2023 12:01,7/11/2023,1200,1300
3032683,7/11/2023 17:54,0,92.54,47.32,7.02,3.59,24797,7/11/2023 20:48,7/11/2023,2100,2200
3030850,7/11/2023 08:47,0,60.45,30.91,0,0,39433,7/11/2023 11:58,7/11/2023,1100,1200
3031905,7/11/2023 13:55,1,58.75,30.04,0,0,200479,7/11/2023 16:36,7/11/2023,1600,1700
3031634,7/11/2023 12:39,0,137.94,70.53,0,0,63686,7/11/2023 19:15,7/11/2023,1900,2000
3028354,6/11/2023 10:58,1,157.15,80.35,0,0,200335,7/11/2023 12:18,7/11/2023,1200,1300
3032685,7/11/2023 17:55,0,85.16,43.54,8.68,4.44,63788,7/11/2023 21:38,7/11/2023,2100,2200
3030277,6/11/2023 21:16,0,97.72,49.96,40.16,20.53,36652,7/11/2023 08:34,7/11/2023,800,900
3031102,7/11/2023 10:11,0,124.46,63.63,0,0,79999,7/11/2023 12:11,7/11/2023,1200,1300
3031873,7/11/2023 13:48,0,108.46,55.45,0,0,60564,7/11/2023 17:04,7/11/2023,1700,1800
3030759,7/11/2023 08:08,0,121.34,62.04,0,0,195146,7/11/2023 17:40,7/11/2023,1700,1800
3033214,7/11/2023 22:42,0,100.25,51.26,0,0,25046,8/11/2023 09:51,8/11/2023,1000,1100
3034490,8/11/2023 12:19,0,136.9,70,8.35,4.27,15967,8/11/2023 19:46,8/11/2023,1900,2000
3034803,8/11/2023 13:17,0,39.44,20.17,0,0,22621,8/11/2023 17:51,8/11/2023,1700,1800
3035415,8/11/2023 15:37,0,180.37,92.22,0,0,40510,8/11/2023 20:16,8/11/2023,2000,2100
3034607,8/11/2023 12:38,0,56.42,28.85,0,0,15633,8/11/2023 16:37,8/11/2023,1600,1700
3033755,8/11/2023 09:31,0,129.7,66.32,15.15,7.75,24121,8/11/2023 11:32,8/11/2023,1200,1300
3033012,7/11/2023 20:42,0,38.91,19.89,0,0,29776,8/11/2023 08:27,8/11/2023,900,1000
3034027,8/11/2023 10:41,0,84.72,43.32,0,0,183852,8/11/2023 13:41,8/11/2023,1300,1400
3033426,8/11/2023 06:01,0,34.77,17.78,0,0,11279,8/11/2023 11:57,8/11/2023,1100,1200
3033615,8/11/2023 08:45,0,116.6,59.62,0,0,18713,8/11/2023 11:17,8/11/2023,1100,1200
3038581,9/11/2023 16:36,0,64.49,32.97,0,0,25586,9/11/2023 21:08,9/11/2023,2100,2200
3037622,9/11/2023 12:00,0,151.01,77.2,0,0,82870,9/11/2023 17:01,9/11/2023,1700,1800
3038636,9/11/2023 16:50,0,49.2,25.15,0,0,9497,9/11/2023 19:45,9/11/2023,1900,2000
3038701,9/11/2023 17:12,0,131.96,67.47,0,0,70037,9/11/2023 20:38,9/11/2023,2000,2100
3037722,9/11/2023 12:29,0,141.08,72.14,0,0,83358,9/11/2023 15:29,9/11/2023,1500,1600
3036086,8/11/2023 19:33,0,142.43,72.82,0,0,112248,9/11/2023 09:53,9/11/2023,900,1000
3037226,9/11/2023 10:22,0,81.88,41.87,0,0,119396,9/11/2023 12:57,9/11/2023,1300,1400
3037253,9/11/2023 10:27,0,61.09,31.24,21.44,10.96,200499,9/11/2023 15:07,9/11/2023,1500,1600
3037884,9/11/2023 13:11,0,174.11,89.02,0,0,50439,9/11/2023 16:48,9/11/2023,1600,1700
3034853,8/11/2023 13:27,0,187.89,96.06,0,0,125526,9/11/2023 09:32,9/11/2023,900,1000
3035363,8/11/2023 15:27,0,290.83,148.7,0,0,20968,9/11/2023 09:08,9/11/2023,900,1000
3036205,8/11/2023 20:41,0,146.01,74.66,0,0,138847,9/11/2023 09:49,9/11/2023,900,1000
3037230,9/11/2023 10:23,0,86.56,44.25,4.12,2.11,52551,9/11/2023 13:45,9/11/2023,1300,1400
3036661,9/11/2023 02:48,0,47.7,24.39,0,0,151562,9/11/2023 08:15,9/11/2023,800,900
3039402,9/11/2023 22:57,0,43.77,22.38,0,0,28828,10/11/2023 11:03,10/11/2023,1100,1200
3039031,9/11/2023 19:20,0,117.46,60.06,0,0,193504,10/11/2023 10:35,10/11/2023,1100,1200
3040026,10/11/2023 09:49,0,221.66,113.33,0,0,35924,10/11/2023 15:44,10/11/2023,1500,1600
3041189,10/11/2023 14:28,0,51.4,26.28,0,0,35883,10/11/2023 17:57,10/11/2023,1700,1800
3040706,10/11/2023 12:36,0,109.62,56.05,0,0,198315,10/11/2023 15:07,10/11/2023,1500,1600
3039030,9/11/2023 19:19,0,87.17,44.57,0,0,179386,10/11/2023 10:15,10/11/2023,1000,1100
3041673,10/11/2023 16:35,0,210.36,107.55,0,0,31902,10/11/2023 20:02,10/11/2023,2000,2100
3042060,10/11/2023 18:57,0,204.83,104.73,0,0,43347,10/11/2023 21:57,10/11/2023,2200,2300
3040640,10/11/2023 12:19,0,94.42,48.27,0,0,61079,10/11/2023 15:12,10/11/2023,1500,1600
3039055,9/11/2023 19:32,0,56.03,28.65,0,0,43857,10/11/2023 17:48,10/11/2023,1700,1800
3040768,10/11/2023 12:50,0,275.53,140.88,0,0,51103,10/11/2023 18:58,10/11/2023,1800,1900
3041261,10/11/2023 14:48,0,25.38,12.98,0,0,155478,10/11/2023 17:16,10/11/2023,1700,1800
3039200,9/11/2023 21:12,0,64.79,33.13,0,0,55757,10/11/2023 10:18,10/11/2023,1000,1100
3040567,10/11/2023 12:04,0,91,46.53,0,0,122920,10/11/2023 14:20,10/11/2023,1400,1500
3041044,10/11/2023 13:51,1,131.47,67.22,0,0,200530,10/11/2023 17:04,10/11/2023,1700,1800
3041142,10/11/2023 14:16,0,112.3,57.41,0,0,7680,10/11/2023 19:54,10/11/2023,2000,2100
3041465,10/11/2023 15:37,0,79.7,40.74,5.42,2.77,127411,10/11/2023 19:04,10/11/2023,1900,2000
3032849,7/11/2023 19:06,0,159.65,81.63,0,0,188502,10/11/2023 12:37,10/11/2023,1200,1300
3041581,10/11/2023 16:10,0,51.06,26.11,0,0,194793,10/11/2023 19:56,10/11/2023,2000,2100
3039154,9/11/2023 20:45,0,181.32,92.71,98.44,50.33,43240,10/11/2023 11:40,10/11/2023,1100,1200
3041210,10/11/2023 14:33,0,123.93,63.36,0,0,166634,10/11/2023 18:00,10/11/2023,1800,1900
3041193,10/11/2023 14:29,0,138.6,70.87,0,0,152524,10/11/2023 19:27,10/11/2023,1900,2000
3038839,9/11/2023 17:57,0,109.2,55.83,0,0,56753,10/11/2023 08:46,10/11/2023,800,900
3040401,10/11/2023 11:30,0,42.37,21.66,0,0,133839,10/11/2023 14:09,10/11/2023,1400,1500
3044933,11/11/2023 16:18,1,112.25,57.4,0,0,142020,11/11/2023 20:39,11/11/2023,2000,2100
3043530,11/11/2023 11:12,0,113.32,57.94,0,0,95831,11/11/2023 13:46,11/11/2023,1400,1500
3042171,10/11/2023 19:44,0,178.54,91.28,0,0,168896,11/11/2023 09:19,11/11/2023,900,1000
3044726,11/11/2023 15:30,0,74.27,37.97,20.1,10.27,194919,11/11/2023 19:14,11/11/2023,1900,2000
3042281,10/11/2023 20:44,1,71.93,36.78,0,0,200964,11/11/2023 10:19,11/11/2023,1000,1100
3043682,11/11/2023 11:44,0,66.22,33.85,0,0,37703,11/11/2023 16:02,11/11/2023,1600,1700
3042964,11/11/2023 09:03,0,224.73,114.9,0,0,68886,11/11/2023 12:10,11/11/2023,1200,1300
3043201,11/11/2023 10:05,0,340.51,174.1,0,0,30382,11/11/2023 13:15,11/11/2023,1300,1400
3044831,11/11/2023 15:53,0,162.89,83.28,0,0,36676,11/11/2023 19:25,11/11/2023,1900,2000
3043024,11/11/2023 09:22,0,92.22,47.16,0,0,151191,11/11/2023 12:09,11/11/2023,1200,1300
3043710,11/11/2023 11:47,0,79.52,40.66,0,0,191819,11/11/2023 16:04,11/11/2023,1600,1700
2978847,19/10/2023 18:15,0,84.84,43.38,0,0,67556,20/10/2023 10:49,20/10/2023,1000,1100
2981635,20/10/2023 18:31,0,465.74,238.13,0,0,68954,21/10/2023 10:30,21/10/2023,1000,1100
2991520,24/10/2023 12:01,0,379.54,194.05,0,0,8404,25/10/2023 10:43,25/10/2023,1000,1100
2996435,26/10/2023 10:02,0,69.14,35.35,0,0,151877,26/10/2023 16:09,26/10/2023,1600,1700
3010172,31/10/2023 09:02,0,128.32,65.62,39.32,20.11,132710,31/10/2023 13:26,31/10/2023,1300,1400
3010953,31/10/2023 12:46,0,147.98,75.66,0,0,73057,31/10/2023 17:40,31/10/2023,1700,1800
3011724,31/10/2023 16:41,0,74.57,38.13,18.18,9.29,103066,1/11/2023 18:57,1/11/2023,1800,1900
3014803,1/11/2023 19:39,0,111.5,57.01,0,0,68160,2/11/2023 18:41,2/11/2023,1900,2000
3026229,5/11/2023 14:04,0,132,67.49,0,0,76206,5/11/2023 18:39,5/11/2023,1800,1900
3028388,6/11/2023 11:09,0,191.64,97.99,0,0,12325,6/11/2023 15:59,6/11/2023,1500,1600
3029855,6/11/2023 17:42,0,168.21,86,0,0,184666,7/11/2023 09:15,7/11/2023,900,1000
3031438,7/11/2023 11:44,0,49.51,25.32,0,0,40400,7/11/2023 14:29,7/11/2023,1500,1600
3031756,7/11/2023 13:12,0,101.49,51.89,0,0,127259,8/11/2023 09:37,8/11/2023,1000,1100
3038920,9/11/2023 18:30,0,146.37,74.83,0,0,128364,10/11/2023 11:38,10/11/2023,1100,1200
3039505,10/11/2023 00:09,1,89.56,45.79,0,0,200841,10/11/2023 11:15,10/11/2023,1100,1200
3046155,12/11/2023 04:03,0,140.23,71.7,0,0,20785,12/11/2023 11:12,12/11/2023,1100,1200
3048023,12/11/2023 14:51,0,375.34,191.91,0,0,51738,12/11/2023 18:53,12/11/2023,1900,2000
3046190,12/11/2023 06:23,0,46.49,23.78,0,0,20522,12/11/2023 12:34,12/11/2023,1200,1300
3046752,12/11/2023 10:41,0,195.2,99.81,8.24,4.21,56227,12/11/2023 13:45,12/11/2023,1400,1500
3046681,12/11/2023 10:28,0,101.86,52.08,0,0,7538,12/11/2023 12:52,12/11/2023,1300,1400
3047423,12/11/2023 12:46,0,338.68,173.17,34.5,17.64,78957,12/11/2023 21:44,12/11/2023,2100,2200
3047319,12/11/2023 12:33,0,116.9,59.77,0,0,104621,12/11/2023 15:19,12/11/2023,1500,1600
3048048,12/11/2023 14:54,0,81.31,41.57,0,0,17156,12/11/2023 19:04,12/11/2023,1900,2000
3047066,12/11/2023 11:44,0,207.74,106.21,0,0,52516,12/11/2023 15:14,12/11/2023,1500,1600
3048269,12/11/2023 15:38,0,147.27,75.3,0,0,60397,12/11/2023 20:52,12/11/2023,2000,2100
3045243,11/11/2023 17:35,0,52.18,26.68,0,0,16822,12/11/2023 08:56,12/11/2023,900,1000
3046231,12/11/2023 07:51,0,64.39,32.92,22.51,11.51,8368,12/11/2023 12:38,12/11/2023,1200,1300
3046123,12/11/2023 02:14,0,421.04,215.28,0,0,21108,12/11/2023 14:35,12/11/2023,1400,1500
3047233,12/11/2023 12:18,0,63.04,32.24,0,0,65100,12/11/2023 15:58,12/11/2023,1600,1700
3046315,12/11/2023 08:41,0,112.69,57.62,0,0,85509,12/11/2023 11:36,12/11/2023,1200,1300
3046269,12/11/2023 08:19,0,63.98,32.71,0,0,84686,12/11/2023 15:59,12/11/2023,1600,1700
3046354,12/11/2023 08:56,0,9.96,5.09,0,0,190214,12/11/2023 12:08,12/11/2023,1200,1300
3049966,13/11/2023 10:34,0,121.95,62.35,0,0,32569,13/11/2023 20:21,13/11/2023,2000,2100
3051393,13/11/2023 16:55,0,75.84,38.78,0,0,141756,13/11/2023 19:42,13/11/2023,2000,2100
3050413,13/11/2023 12:23,0,255.21,130.49,0,0,32463,13/11/2023 17:04,13/11/2023,1700,1800
3050754,13/11/2023 13:47,0,54.46,27.84,0,0,127253,13/11/2023 13:48,13/11/2023,1800,1900
3048871,12/11/2023 19:24,0,94.36,48.24,0,0,22079,13/11/2023 09:24,13/11/2023,900,1000
3047207,12/11/2023 12:13,0,26.06,13.32,4.2,2.14,16519,13/11/2023 11:08,13/11/2023,1100,1200
3051239,13/11/2023 16:06,0,133.86,68.44,10.38,5.3,72268,13/11/2023 19:45,13/11/2023,1900,2000
3050495,13/11/2023 12:42,0,127.75,65.31,0,0,75038,13/11/2023 16:00,13/11/2023,1600,1700
3049961,13/11/2023 10:33,0,171.95,87.92,0,0,200530,13/11/2023 13:51,13/11/2023,1300,1400
3049945,13/11/2023 10:29,0,172.48,88.19,74.48,38.09,111993,13/11/2023 12:54,13/11/2023,1300,1400
3051060,13/11/2023 15:08,0,44.07,22.53,0,0,60850,13/11/2023 18:27,13/11/2023,1800,1900
3049336,13/11/2023 01:25,0,83.51,42.69,0,0,69445,13/11/2023 11:56,13/11/2023,1200,1300
3049930,13/11/2023 10:26,0,140.12,71.65,0,0,92837,13/11/2023 21:55,13/11/2023,2200,2300
3050524,13/11/2023 12:53,0,135.08,69.06,0,0,187941,13/11/2023 17:30,13/11/2023,1700,1800
3050570,13/11/2023 13:02,0,113.85,58.21,0,0,84081,14/11/2023 08:16,14/11/2023,800,900
3052431,14/11/2023 08:03,0,126.97,64.92,0,0,43681,14/11/2023 11:00,14/11/2023,1100,1200
3053732,14/11/2023 14:45,0,40.27,20.59,0,0,29327,14/11/2023 16:39,14/11/2023,1700,1800
3052663,14/11/2023 09:37,0,82.5,42.19,0,0,71838,14/11/2023 11:55,14/11/2023,1200,1300
3052583,14/11/2023 09:10,0,40.05,20.48,0,0,15221,14/11/2023 11:50,14/11/2023,1200,1300
3052818,14/11/2023 10:28,0,57.42,29.36,0,0,183747,14/11/2023 12:33,14/11/2023,1300,1400
3053338,14/11/2023 12:52,0,106.67,54.55,0,0,103622,14/11/2023 18:22,14/11/2023,1800,1900
3053328,14/11/2023 12:47,1,49.41,25.26,0,0,201473,14/11/2023 15:06,14/11/2023,1500,1600
3053390,14/11/2023 13:07,0,89.2,45.61,0,0,10050,14/11/2023 15:29,14/11/2023,1500,1600
3052785,14/11/2023 10:18,0,86.59,44.28,0,0,141751,14/11/2023 14:31,14/11/2023,1500,1600
3054310,14/11/2023 18:00,0,67.92,34.72,0,0,187067,14/11/2023 20:02,14/11/2023,2000,2100
3055303,15/11/2023 09:15,0,65.21,33.34,0,0,8772,15/11/2023 11:24,15/11/2023,1100,1200
3056291,15/11/2023 13:16,0,194.19,99.29,0,0,71515,15/11/2023 21:45,15/11/2023,2100,2200
3054727,14/11/2023 22:00,0,83.27,42.58,0,0,14650,15/11/2023 09:23,15/11/2023,900,1000
3050449,13/11/2023 12:30,0,71.31,36.46,0,0,157077,15/11/2023 08:31,15/11/2023,800,900
3057185,15/11/2023 16:46,0,98.22,50.22,0,0,186686,15/11/2023 20:42,15/11/2023,2000,2100
3055569,15/11/2023 10:29,0,218.19,111.56,0,0,199061,15/11/2023 13:58,15/11/2023,1400,1500
3056374,15/11/2023 13:32,0,102.68,52.5,0,0,152190,15/11/2023 16:52,15/11/2023,1600,1700
3055551,15/11/2023 10:25,0,105.86,54.13,0,0,166255,15/11/2023 19:25,15/11/2023,1900,2000
3056240,15/11/2023 13:05,0,140.64,71.91,0,0,11780,15/11/2023 18:47,15/11/2023,1800,1900
3056130,15/11/2023 12:39,0,122.36,62.56,0,0,162195,15/11/2023 19:38,15/11/2023,2000,2100
3056861,15/11/2023 15:21,0,114.57,58.58,0,0,106076,15/11/2023 20:14,15/11/2023,2000,2100
3059512,16/11/2023 14:04,0,85.69,43.81,0,0,141291,16/11/2023 17:52,16/11/2023,1700,1800
3055563,15/11/2023 10:28,1,61.86,31.63,0,0,201583,16/11/2023 09:01,16/11/2023,900,1000
3058223,16/11/2023 07:35,0,99.82,51.03,0,0,11709,16/11/2023 11:34,16/11/2023,1100,1200
3058597,16/11/2023 09:56,0,71.79,36.7,0,0,58257,16/11/2023 12:00,16/11/2023,1200,1300
3057468,15/11/2023 18:28,0,101.96,52.13,0,0,164002,16/11/2023 09:12,16/11/2023,900,1000
3058551,16/11/2023 09:45,0,87.98,44.98,0,0,11695,16/11/2023 11:56,16/11/2023,1200,1300
3059193,16/11/2023 12:35,0,115.4,59,0,0,45846,16/11/2023 17:48,16/11/2023,1700,1800
3059301,16/11/2023 13:03,0,228.26,116.71,7.04,3.6,73763,16/11/2023 17:09,16/11/2023,1700,1800
3059900,16/11/2023 16:02,0,117.37,60.01,0,0,183987,16/11/2023 18:08,16/11/2023,1900,2000
3059057,16/11/2023 11:58,0,98.52,50.37,0,0,34031,16/11/2023 14:02,16/11/2023,1400,1500
3058923,16/11/2023 11:21,0,145.96,74.62,24.71,12.63,73540,16/11/2023 14:59,16/11/2023,1400,1500
3057624,15/11/2023 20:02,0,121.95,62.35,0,0,188070,16/11/2023 09:40,16/11/2023,900,1000
3061087,17/11/2023 08:12,0,129.49,66.21,0,0,100769,17/11/2023 18:08,17/11/2023,1800,1900
3061479,17/11/2023 10:15,1,191.95,98.14,0,0,57758,17/11/2023 13:18,17/11/2023,1300,1400
3062903,17/11/2023 16:38,0,54.95,28.1,0,0,184982,17/11/2023 21:25,17/11/2023,2100,2200
3062962,17/11/2023 16:53,0,65.93,33.71,0,0,77911,17/11/2023 21:01,17/11/2023,2100,2200
3062155,17/11/2023 13:29,0,161.53,82.59,2.01,1.03,95109,17/11/2023 19:44,17/11/2023,1900,2000
3061247,17/11/2023 09:08,0,92.69,47.39,0,0,185394,17/11/2023 12:19,17/11/2023,1200,1300
3060684,16/11/2023 22:10,0,115.12,58.86,0,0,119187,17/11/2023 17:30,17/11/2023,1700,1800
3062789,17/11/2023 16:08,0,41.29,21.12,0,0,98313,17/11/2023 19:31,17/11/2023,2000,2100
3060432,16/11/2023 19:41,0,297.08,151.9,0,0,115508,17/11/2023 08:20,17/11/2023,800,900
3065096,18/11/2023 11:31,0,294.41,150.53,0,0,9890,18/11/2023 15:03,18/11/2023,1500,1600
3065557,18/11/2023 12:41,0,78.5,40.14,0,0,37678,18/11/2023 17:41,18/11/2023,1700,1800
3066396,18/11/2023 15:19,0,302.46,154.64,0,0,66356,18/11/2023 20:47,18/11/2023,2100,2200
3064491,18/11/2023 09:26,0,78.38,40.08,0,0,55188,18/11/2023 13:30,18/11/2023,1300,1400
3065021,18/11/2023 11:17,0,318.41,162.81,0,0,29495,18/11/2023 15:51,18/11/2023,1500,1600
3065275,18/11/2023 11:59,0,147.72,75.52,0,0,117090,18/11/2023 15:51,18/11/2023,1600,1700
3065088,18/11/2023 11:30,0,196.77,100.61,0,0,172578,18/11/2023 20:44,18/11/2023,2000,2100
3065441,18/11/2023 12:24,0,31.52,16.12,0,0,61365,18/11/2023 17:25,18/11/2023,1700,1800
3063725,17/11/2023 21:42,0,118.32,60.5,0,0,114501,18/11/2023 12:16,18/11/2023,1200,1300
3065697,18/11/2023 13:07,0,172.37,88.13,0,0,81517,18/11/2023 19:10,18/11/2023,1900,2000
3065706,18/11/2023 13:07,0,286.77,146.62,0,0,73905,18/11/2023 18:54,18/11/2023,1800,1900
3065228,18/11/2023 11:50,0,109.66,56.07,0,0,68918,18/11/2023 17:51,18/11/2023,1700,1800
3068289,19/11/2023 09:50,0,86.49,44.22,0,0,95109,19/11/2023 18:05,19/11/2023,1800,1900
3067561,18/11/2023 22:33,0,136.66,69.87,0,0,9823,19/11/2023 13:38,19/11/2023,1400,1500
3066265,18/11/2023 14:52,0,107.58,55,0,0,80918,19/11/2023 11:04,19/11/2023,1100,1200
3066789,18/11/2023 17:12,1,116.46,59.54,0,0,202102,19/11/2023 09:53,19/11/2023,900,1000
3066847,18/11/2023 17:30,0,90.82,46.43,0,0,142388,19/11/2023 09:54,19/11/2023,900,1000
3067617,18/11/2023 23:02,0,216.77,110.84,0,0,41286,19/11/2023 12:58,19/11/2023,1300,1400
3066674,18/11/2023 16:33,0,44.6,22.8,0,0,37710,19/11/2023 08:26,19/11/2023,800,900
3066148,18/11/2023 14:31,0,120.89,61.81,0,0,30339,19/11/2023 08:31,19/11/2023,900,1000
3066726,18/11/2023 16:47,0,80.16,40.98,0,0,57676,19/11/2023 08:13,19/11/2023,800,900
3066834,18/11/2023 17:27,0,188.2,96.22,0,0,100864,19/11/2023 11:18,19/11/2023,1100,1200
3068367,19/11/2023 10:02,0,157.77,80.66,0,0,174287,19/11/2023 15:53,19/11/2023,1500,1600
3069344,19/11/2023 13:19,1,187.23,95.72,0,0,202231,19/11/2023 20:15,19/11/2023,2000,2100
3066913,18/11/2023 17:50,1,84.64,43.28,0,0,202121,19/11/2023 10:03,19/11/2023,1000,1100
3067791,19/11/2023 01:08,0,285.26,145.85,24.18,12.36,104461,19/11/2023 18:22,19/11/2023,1800,1900
3066963,18/11/2023 18:14,0,89.16,45.59,0,0,114155,19/11/2023 09:06,19/11/2023,1000,1100
3066863,18/11/2023 17:36,0,181.03,92.56,0,0,118188,19/11/2023 10:53,19/11/2023,1000,1100
3068833,19/11/2023 11:40,0,197.59,101.03,0,0,103682,19/11/2023 17:16,19/11/2023,1700,1800
3068426,19/11/2023 10:17,0,289.17,147.86,0,0,165441,19/11/2023 14:58,19/11/2023,1500,1600
3067268,18/11/2023 20:22,0,16.73,8.55,10.41,5.32,44191,19/11/2023 18:28,19/11/2023,1900,2000
3068386,19/11/2023 10:08,0,181.47,92.79,0,0,81307,19/11/2023 16:31,19/11/2023,1600,1700
3072804,20/11/2023 15:47,0,119.99,61.35,0,0,31078,20/11/2023 20:59,20/11/2023,2000,2100
3072431,20/11/2023 14:18,0,47.1,24.08,0,0,59230,20/11/2023 18:51,20/11/2023,1800,1900
3072896,20/11/2023 16:12,0,85.8,43.86,0,0,64816,20/11/2023 20:21,20/11/2023,2000,2100
3070137,19/11/2023 17:40,0,134.24,68.63,0,0,54236,20/11/2023 10:59,20/11/2023,1000,1100
3071110,20/11/2023 08:49,0,83.38,42.63,0,0,191144,20/11/2023 13:12,20/11/2023,1300,1400
3071156,20/11/2023 09:03,0,62.79,32.11,0,0,82805,20/11/2023 13:17,20/11/2023,1300,1400
3071727,20/11/2023 11:42,0,45.55,23.29,0,0,7545,20/11/2023 15:24,20/11/2023,1500,1600
3069980,19/11/2023 16:29,0,147.31,75.31,0,0,130108,20/11/2023 18:26,20/11/2023,1800,1900
3062480,17/11/2023 14:53,0,72.12,36.88,38.12,19.49,10940,20/11/2023 09:26,20/11/2023,900,1000
3070233,19/11/2023 18:36,0,172.71,88.31,0,0,168356,20/11/2023 10:29,20/11/2023,1100,1200
3069475,19/11/2023 13:50,0,179.74,91.9,28.24,14.44,180779,20/11/2023 09:10,20/11/2023,900,1000
3072373,20/11/2023 14:07,1,52.87,27.03,0,0,202188,20/11/2023 19:26,20/11/2023,1900,2000
3070258,19/11/2023 18:49,0,37.54,19.19,0,0,38686,20/11/2023 11:30,20/11/2023,1100,1200
3072402,20/11/2023 14:14,0,81.94,41.9,0,0,14133,20/11/2023 18:31,20/11/2023,1800,1900
3072250,20/11/2023 13:44,0,119.68,61.19,0,0,100919,20/11/2023 17:03,20/11/2023,1700,1800
3073550,20/11/2023 21:11,0,225.4,115.25,0,0,62763,21/11/2023 18:56,21/11/2023,1800,1900
3075336,21/11/2023 14:23,0,142.16,72.68,0,0,186095,21/11/2023 17:28,21/11/2023,1700,1800
3073618,20/11/2023 21:48,0,120.44,61.58,0,0,83657,21/11/2023 11:12,21/11/2023,1100,1200
3074588,21/11/2023 10:58,0,79.76,40.78,0,0,163510,21/11/2023 14:35,21/11/2023,1400,1500
3074334,21/11/2023 09:45,0,173.06,88.49,14.19,7.26,10843,21/11/2023 14:39,21/11/2023,1400,1500
3076049,21/11/2023 17:57,0,90.19,46.11,0,0,11532,21/11/2023 20:50,21/11/2023,2000,2100
3073263,20/11/2023 18:16,0,139.51,71.33,0,0,14026,21/11/2023 13:07,21/11/2023,1300,1400
3073325,20/11/2023 18:56,0,252.37,129.04,0,0,155485,21/11/2023 10:35,21/11/2023,1000,1100
3074148,21/11/2023 08:53,0,158.35,80.96,0,0,198682,21/11/2023 12:48,21/11/2023,1200,1300
3074142,21/11/2023 08:51,0,64.23,32.84,0,0,36544,21/11/2023 19:32,21/11/2023,1900,2000
3073929,21/11/2023 05:09,0,68.04,34.79,0,0,85547,21/11/2023 11:53,21/11/2023,1100,1200
3074914,21/11/2023 12:26,0,265.77,135.88,0,0,113797,21/11/2023 14:49,21/11/2023,1500,1600
3075683,21/11/2023 15:50,0,128.68,65.8,0,0,193461,21/11/2023 19:54,21/11/2023,1900,2000
3074544,21/11/2023 10:42,0,73.49,37.58,0,0,129333,21/11/2023 14:56,21/11/2023,1500,1600
3077480,22/11/2023 11:15,0,35.01,17.9,0,0,62300,22/11/2023 15:55,22/11/2023,1600,1700
3077251,22/11/2023 10:20,0,72.67,37.16,0,0,116686,22/11/2023 13:24,22/11/2023,1300,1400
3077420,22/11/2023 11:04,0,82.29,42.07,0,0,185663,22/11/2023 14:24,22/11/2023,1400,1500
3074670,21/11/2023 11:25,0,194.75,99.57,0,0,36460,22/11/2023 08:36,22/11/2023,800,900
3077924,22/11/2023 13:07,0,315.53,161.33,0,0,163567,22/11/2023 15:14,22/11/2023,1500,1600
3078200,22/11/2023 14:20,0,441.32,225.65,0,0,39303,22/11/2023 20:38,22/11/2023,2000,2100
3077449,22/11/2023 11:11,0,41.68,21.31,0,0,183071,22/11/2023 14:48,22/11/2023,1400,1500
3077114,22/11/2023 09:41,0,55.98,28.62,16.66,8.52,50469,22/11/2023 13:57,22/11/2023,1400,1500
3079071,22/11/2023 18:46,0,110.26,56.37,0,0,130108,22/11/2023 21:25,22/11/2023,2100,2200
3076587,21/11/2023 23:01,1,87.47,44.72,0,0,202594,22/11/2023 10:19,22/11/2023,1000,1100
3076656,21/11/2023 23:49,0,149.55,76.46,0,0,69941,22/11/2023 11:54,22/11/2023,1100,1200
3077026,22/11/2023 09:13,0,133.49,68.25,0,0,91898,22/11/2023 11:15,22/11/2023,1100,1200
3079028,22/11/2023 18:20,0,42.35,21.65,0,0,185910,22/11/2023 20:44,22/11/2023,2100,2200
3077364,22/11/2023 10:51,0,114.7,58.65,0,0,34886,22/11/2023 18:53,22/11/2023,1800,1900
3078865,22/11/2023 17:22,0,128.01,65.45,0,0,75520,23/11/2023 08:59,23/11/2023,800,900
3079670,23/11/2023 01:41,0,386.93,197.84,0,0,103886,23/11/2023 10:19,23/11/2023,1000,1100
3080345,23/11/2023 10:30,0,118.79,60.73,0,0,48783,23/11/2023 13:33,23/11/2023,1300,1400
3074446,21/11/2023 10:22,0,66.48,33.99,0,0,88932,23/11/2023 09:53,23/11/2023,900,1000
3080150,23/11/2023 09:45,1,60.93,31.15,0,0,202782,23/11/2023 16:26,23/11/2023,1600,1700
3081701,23/11/2023 15:51,1,41.41,21.17,0,0,202846,23/11/2023 18:11,23/11/2023,1800,1900
3080765,23/11/2023 11:54,0,151.77,77.6,6.88,3.52,32020,23/11/2023 17:11,23/11/2023,1700,1800
3081498,23/11/2023 14:59,0,86.01,43.97,0,0,81172,23/11/2023 17:31,23/11/2023,1700,1800
3081764,23/11/2023 16:10,0,115.96,59.29,0,0,22202,23/11/2023 17:47,23/11/2023,1800,1900
3079119,22/11/2023 19:08,0,258.49,132.16,20.26,10.36,45798,23/11/2023 08:46,23/11/2023,900,1000
3078287,22/11/2023 14:42,0,41.37,21.15,0,0,119777,23/11/2023 12:13,23/11/2023,1200,1300
3077314,22/11/2023 10:38,0,129.48,66.2,0,0,15053,23/11/2023 17:38,23/11/2023,1700,1800
3081469,23/11/2023 14:49,0,192.41,98.37,0,0,8549,23/11/2023 16:57,23/11/2023,1700,1800
3076962,22/11/2023 08:47,0,56.94,29.11,0,0,24678,23/11/2023 09:57,23/11/2023,1000,1100
3078244,22/11/2023 14:32,0,112.85,57.69,0,0,179439,23/11/2023 10:06,23/11/2023,1000,1100
3079997,23/11/2023 08:59,0,154.67,79.09,0,0,88974,23/11/2023 12:23,23/11/2023,1200,1300
3083117,24/11/2023 08:01,0,92.67,47.38,0,0,137139,24/11/2023 15:07,24/11/2023,1500,1600
3083961,24/11/2023 12:06,0,124.91,63.87,0,0,54063,24/11/2023 14:05,24/11/2023,1400,1500
3082508,23/11/2023 20:54,0,478.08,244.43,0,0,8799,24/11/2023 17:38,24/11/2023,1700,1800
3082455,23/11/2023 20:19,0,44.89,22.95,0,0,22050,24/11/2023 09:23,24/11/2023,900,1000
3083209,24/11/2023 08:52,0,225.06,115.07,0,0,101103,24/11/2023 11:43,24/11/2023,1100,1200
3084437,24/11/2023 13:59,0,154.16,78.83,0,0,54277,24/11/2023 15:54,24/11/2023,1600,1700
3083582,24/11/2023 10:36,0,65.51,33.5,0,0,11744,24/11/2023 13:26,24/11/2023,1300,1400
3080484,23/11/2023 11:00,0,29.18,14.92,0,0,134210,24/11/2023 14:00,24/11/2023,1400,1500
3083676,24/11/2023 11:00,0,162.48,83.08,0,0,74922,24/11/2023 15:04,24/11/2023,1500,1600
3084499,24/11/2023 14:14,0,166.16,84.95,0,0,59667,24/11/2023 18:59,24/11/2023,1800,1900
3083308,24/11/2023 09:27,0,130.21,66.58,0,0,95871,24/11/2023 12:21,24/11/2023,1200,1300
3084861,24/11/2023 15:32,0,126.75,64.81,0,0,168025,24/11/2023 17:43,24/11/2023,1800,1900
3084988,24/11/2023 16:05,0,89.27,45.65,0,0,36878,24/11/2023 20:12,24/11/2023,2000,2100
3082575,23/11/2023 21:21,0,83.8,42.85,0,0,69838,24/11/2023 16:20,24/11/2023,1600,1700
3085553,24/11/2023 19:02,0,115.04,58.82,0,0,152633,25/11/2023 08:45,25/11/2023,900,1000
3086211,25/11/2023 00:03,0,171.81,87.85,0,0,92876,25/11/2023 10:28,25/11/2023,1100,1200
3088907,25/11/2023 15:41,0,86.29,44.12,0,0,56854,25/11/2023 21:54,25/11/2023,2100,2200
3087651,25/11/2023 12:03,0,143.48,73.36,47.9,24.49,7755,25/11/2023 16:23,25/11/2023,1600,1700
3088023,25/11/2023 13:02,1,28.59,14.62,0,0,203136,25/11/2023 17:06,25/11/2023,1700,1800
3088964,25/11/2023 15:54,0,124.35,63.58,0,0,188729,25/11/2023 21:15,25/11/2023,2100,2200
3089008,25/11/2023 16:03,0,52.87,27.04,0,0,73739,25/11/2023 21:57,25/11/2023,2200,2300
3088181,25/11/2023 13:26,0,68.67,35.11,0,0,132893,25/11/2023 18:07,25/11/2023,1800,1900
3086542,25/11/2023 08:32,0,170.8,87.33,0,0,185196,25/11/2023 11:55,25/11/2023,1200,1300
3087421,25/11/2023 11:24,0,148.82,76.09,0,0,139980,25/11/2023 14:59,25/11/2023,1500,1600
3088818,25/11/2023 15:24,0,77.45,39.6,0,0,44236,25/11/2023 20:47,25/11/2023,2100,2200
3089098,25/11/2023 16:30,0,93.3,47.7,0,0,132462,26/11/2023 08:46,26/11/2023,800,900
3091516,26/11/2023 11:20,0,119.28,60.99,0,0,54502,26/11/2023 18:09,26/11/2023,1800,1900
3090930,26/11/2023 09:46,0,55.93,28.59,8.98,4.59,8762,26/11/2023 15:11,26/11/2023,1500,1600
3091240,26/11/2023 10:39,0,111.91,57.22,0,0,125525,26/11/2023 16:12,26/11/2023,1700,1800
3091333,26/11/2023 10:51,0,65.28,33.38,0,0,196880,26/11/2023 17:05,26/11/2023,1700,1800
3089089,25/11/2023 16:29,0,70.69,36.15,0,0,51676,26/11/2023 09:18,26/11/2023,900,1000
3090601,26/11/2023 08:12,0,63.53,32.48,0,0,26023,26/11/2023 16:06,26/11/2023,1600,1700
3091389,26/11/2023 11:02,0,113.59,58.08,0,0,47803,26/11/2023 17:09,26/11/2023,1700,1800
3089451,25/11/2023 18:23,0,129.26,66.09,0,0,30960,26/11/2023 10:49,26/11/2023,1000,1100
3090859,26/11/2023 09:31,0,93.79,47.96,0,0,58365,26/11/2023 15:34,26/11/2023,1500,1600
3091794,26/11/2023 12:04,0,141.09,72.14,5.79,2.96,48857,26/11/2023 20:07,26/11/2023,2000,2100
3091884,26/11/2023 12:25,0,140.3,71.74,0,0,67318,26/11/2023 19:29,26/11/2023,2000,2100
3092981,26/11/2023 16:55,0,120.35,61.53,0,0,106998,26/11/2023 21:15,26/11/2023,2100,2200
3089241,25/11/2023 17:10,0,96.33,49.26,0,0,123111,26/11/2023 11:44,26/11/2023,1100,1200
3095820,27/11/2023 13:56,0,114.42,58.5,0,0,11540,27/11/2023 20:27,27/11/2023,2000,2100
3092885,26/11/2023 16:20,0,99.98,51.12,40.04,20.47,179581,27/11/2023 11:07,27/11/2023,1100,1200
3092464,26/11/2023 14:26,1,109.57,56.02,0,0,203424,27/11/2023 14:15,27/11/2023,1400,1500
3095213,27/11/2023 11:54,1,83.39,42.64,0,0,203565,27/11/2023 17:19,27/11/2023,1700,1800
3095523,27/11/2023 12:53,1,28.88,14.76,0,0,203593,27/11/2023 19:40,27/11/2023,1900,2000
3094810,27/11/2023 10:43,0,72.03,36.83,0,0,151276,27/11/2023 16:11,27/11/2023,1600,1700
3093766,26/11/2023 22:05,0,82.3,42.08,0,0,52615,27/11/2023 12:00,27/11/2023,1200,1300
3094919,27/11/2023 11:03,0,138.81,70.97,0,0,51452,27/11/2023 13:46,27/11/2023,1300,1400
3094892,27/11/2023 10:58,0,202.34,103.46,0,0,9253,27/11/2023 16:17,27/11/2023,1600,1700
3093340,26/11/2023 18:55,0,91.22,46.64,0,0,48616,27/11/2023 17:12,27/11/2023,1700,1800
3085840,24/11/2023 20:59,0,102.25,52.28,0,0,70463,27/11/2023 17:48,27/11/2023,1700,1800
3093942,26/11/2023 23:28,0,251.27,128.47,0,0,41962,27/11/2023 20:20,27/11/2023,2000,2100
3095882,27/11/2023 14:10,0,113.97,58.27,0,0,93454,27/11/2023 19:09,27/11/2023,1900,2000
3097208,27/11/2023 22:01,0,233.33,119.3,13.77,7.04,17323,28/11/2023 12:33,28/11/2023,1200,1300
3098382,28/11/2023 10:57,0,109.23,55.85,0,0,181306,28/11/2023 16:02,28/11/2023,1600,1700
3098785,28/11/2023 12:25,0,82.46,42.16,0,0,201614,28/11/2023 16:46,28/11/2023,1700,1800
3099823,28/11/2023 16:29,0,84.84,43.37,0,0,154231,28/11/2023 21:39,28/11/2023,2100,2200
3096380,27/11/2023 16:36,0,533.65,272.85,0,0,17923,28/11/2023 09:55,28/11/2023,900,1000
3099153,28/11/2023 13:43,0,180.08,92.08,0,0,123059,28/11/2023 16:10,28/11/2023,1600,1700
3095887,27/11/2023 14:12,0,178.79,91.41,0,0,92204,28/11/2023 09:10,28/11/2023,900,1000
3097369,27/11/2023 23:23,0,108.47,55.46,0,0,104307,28/11/2023 15:45,28/11/2023,1600,1700
3099341,28/11/2023 14:20,0,31.28,15.99,0,0,57050,28/11/2023 20:38,28/11/2023,2000,2100
3097628,28/11/2023 07:31,1,60.41,30.89,0,0,203734,28/11/2023 19:17,28/11/2023,1900,2000
3099013,28/11/2023 13:15,0,267.25,136.64,0,0,64935,28/11/2023 18:48,28/11/2023,1800,1900
3096197,27/11/2023 15:25,0,160.91,82.27,0,0,186081,28/11/2023 08:48,28/11/2023,800,900
3098087,28/11/2023 09:56,0,137.9,70.51,0,0,40146,28/11/2023 16:58,28/11/2023,1700,1800
3097258,27/11/2023 22:19,0,101.45,51.87,0,0,11308,28/11/2023 12:57,28/11/2023,1200,1300
3096941,27/11/2023 20:15,0,150.78,77.1,0,0,69305,28/11/2023 13:51,28/11/2023,1400,1500
3100813,28/11/2023 23:40,0,106.94,54.68,0,0,53248,29/11/2023 14:15,29/11/2023,1400,1500
3101575,29/11/2023 10:27,0,82.79,42.33,0,0,199412,29/11/2023 14:46,29/11/2023,1400,1500
3101706,29/11/2023 11:03,0,251.56,128.62,59.16,30.25,95857,29/11/2023 15:20,29/11/2023,1500,1600
3101824,29/11/2023 11:32,0,208.43,106.57,0,0,39132,29/11/2023 14:59,29/11/2023,1500,1600
3103319,29/11/2023 17:28,0,196.55,100.5,0,0,61285,29/11/2023 21:12,29/11/2023,2100,2200
3101411,29/11/2023 09:50,0,114.36,58.47,0,0,35272,29/11/2023 13:00,29/11/2023,1300,1400
3103148,29/11/2023 16:29,0,97.34,49.77,0,0,175484,29/11/2023 20:25,29/11/2023,2000,2100
3101497,29/11/2023 10:11,0,115.64,59.12,0,0,159747,29/11/2023 17:09,29/11/2023,1700,1800
3101162,29/11/2023 08:43,0,112.09,57.31,0,0,124296,29/11/2023 13:08,29/11/2023,1300,1400
3101480,29/11/2023 10:08,0,71.85,36.74,0,0,180235,29/11/2023 16:59,29/11/2023,1600,1700
3100886,29/11/2023 00:51,1,183.66,93.9,27.38,14,203906,29/11/2023 11:46,29/11/2023,1200,1300
3101091,29/11/2023 08:12,0,106.35,54.38,0,0,70091,29/11/2023 12:28,29/11/2023,1200,1300
3101085,29/11/2023 08:07,0,87.98,44.98,0,0,8911,29/11/2023 12:38,29/11/2023,1200,1300
3101412,29/11/2023 09:51,0,53.95,27.58,0,0,181254,29/11/2023 18:30,29/11/2023,1800,1900
3100089,28/11/2023 18:01,0,267.32,136.68,0,0,145436,29/11/2023 09:57,29/11/2023,1000,1100
3100694,28/11/2023 22:24,0,344.05,175.9,0,0,115599,29/11/2023 12:46,29/11/2023,1300,1400
3102889,29/11/2023 15:18,0,57.33,29.32,0,0,198112,29/11/2023 20:11,29/11/2023,2100,2200
3010720,31/10/2023 11:42,0,89.59,45.81,0,0,167646,31/10/2023 13:48,31/10/2023,1400,1500
3010866,31/10/2023 12:18,0,43.58,22.29,0,0,96111,31/10/2023 15:22,31/10/2023,1500,1600
3012213,31/10/2023 21:13,0,143.87,73.56,0,0,63941,1/11/2023 08:52,1/11/2023,900,1000
3012447,1/11/2023 01:18,0,168.14,85.97,0,0,170635,1/11/2023 11:52,1/11/2023,1200,1300
3017191,2/11/2023 15:33,0,125.59,64.22,0,0,15965,2/11/2023 19:32,2/11/2023,1900,2000
3020393,3/11/2023 16:25,0,173.89,88.9,0,0,88194,3/11/2023 20:05,3/11/2023,2000,2100
3023950,4/11/2023 16:19,0,65.71,33.6,24.01,12.28,28277,5/11/2023 09:53,5/11/2023,900,1000
3028095,6/11/2023 09:53,0,167.89,85.84,80.62,41.22,66047,6/11/2023 12:17,6/11/2023,1200,1300
3028391,6/11/2023 11:09,0,140.03,71.6,0,0,99901,6/11/2023 13:30,6/11/2023,1400,1500
3028682,6/11/2023 12:24,0,5.88,3.01,0,0,189872,6/11/2023 19:34,6/11/2023,1900,2000
3033256,7/11/2023 23:15,0,264.52,135.24,0,0,156112,8/11/2023 11:16,8/11/2023,1100,1200
3037107,9/11/2023 09:53,0,110.43,56.46,0,0,169820,9/11/2023 13:51,9/11/2023,1300,1400
3039795,10/11/2023 08:23,0,68.15,34.85,0,0,134192,10/11/2023 11:05,10/11/2023,1100,1200
3047144,12/11/2023 11:59,0,73.95,37.81,0,0,152236,12/11/2023 15:12,12/11/2023,1500,1600
3050509,13/11/2023 12:49,0,88.72,45.36,0,0,22528,13/11/2023 16:28,13/11/2023,1600,1700
3050689,13/11/2023 13:30,0,199.53,102.02,0,0,85548,13/11/2023 16:51,13/11/2023,1600,1700
3052091,13/11/2023 22:42,0,115.41,59.01,0,0,38122,14/11/2023 09:50,14/11/2023,1000,1100
3052376,14/11/2023 07:21,0,45.3,23.17,0,0,9271,14/11/2023 11:30,14/11/2023,1100,1200
3054072,14/11/2023 16:27,0,40.04,20.47,0,0,9500,15/11/2023 10:48,15/11/2023,1100,1200
3060525,16/11/2023 20:41,0,141.16,72.17,57.22,29.26,18544,17/11/2023 09:18,17/11/2023,900,1000
3061921,17/11/2023 11:55,0,125.19,64.01,0,0,174443,17/11/2023 17:07,17/11/2023,1800,1900
3063536,17/11/2023 20:26,0,172.59,88.24,0,0,50824,18/11/2023 09:38,18/11/2023,1000,1100
3067765,19/11/2023 00:44,0,63.89,32.67,0,0,114594,20/11/2023 10:39,20/11/2023,1000,1100
3074580,21/11/2023 10:56,0,51.12,26.13,0,0,64766,21/11/2023 14:56,21/11/2023,1400,1500
3076894,22/11/2023 08:16,0,145.4,74.34,72.63,37.14,175514,22/11/2023 16:19,22/11/2023,1600,1700
3078787,22/11/2023 17:00,0,104.56,53.46,40.45,20.68,162286,22/11/2023 19:41,22/11/2023,2000,2100
3081443,23/11/2023 14:41,0,65.82,33.66,0,0,197274,23/11/2023 17:15,23/11/2023,1700,1800
3081601,23/11/2023 15:26,0,97.74,49.97,0,0,198195,23/11/2023 18:28,23/11/2023,1800,1900
3081729,23/11/2023 16:00,0,113.55,58.06,0,0,97896,24/11/2023 09:32,24/11/2023,1000,1100
3084932,24/11/2023 15:50,0,201.55,103.05,0,0,69063,24/11/2023 18:47,24/11/2023,1800,1900
3086839,25/11/2023 09:51,0,151.71,77.57,0,0,96908,25/11/2023 13:54,25/11/2023,1300,1400
3090609,26/11/2023 08:16,0,64.74,33.1,0,0,42168,27/11/2023 08:28,27/11/2023,900,1000
3093063,26/11/2023 17:13,0,272.54,139.35,62.38,31.89,92119,27/11/2023 10:03,27/11/2023,1000,1100
3095159,27/11/2023 11:47,0,148.66,76.01,0,0,64302,28/11/2023 09:56,28/11/2023,900,1000
3099098,28/11/2023 13:32,0,126.37,64.61,9.96,5.09,54859,28/11/2023 19:35,28/11/2023,1900,2000
3100466,28/11/2023 20:52,0,35.41,18.11,0,0,109781,29/11/2023 11:13,29/11/2023,1100,1200
3101670,29/11/2023 10:53,0,102.13,52.21,0,0,150438,29/11/2023 14:57,29/11/2023,1500,1600
3102809,29/11/2023 15:02,0,63.62,32.53,0,0,121992,29/11/2023 18:02,29/11/2023,1800,1900
3105468,30/11/2023 13:06,0,156.07,79.8,8.11,4.15,58495,30/11/2023 15:54,30/11/2023,1500,1600
3106600,30/11/2023 18:13,0,68.54,35.05,0,0,26808,30/11/2023 22:20,30/11/2023,2200,2300
3104476,30/11/2023 08:55,0,47.51,24.29,0,0,51664,30/11/2023 14:05,30/11/2023,1400,1500
3104975,30/11/2023 11:01,0,187.41,95.82,18.42,9.41,57185,30/11/2023 13:58,30/11/2023,1400,1500
3103574,29/11/2023 19:19,0,140.94,72.07,0,0,7727,30/11/2023 10:04,30/11/2023,1000,1100
3105153,30/11/2023 11:47,0,129.73,66.33,0,0,52318,30/11/2023 14:17,30/11/2023,1400,1500
3103827,29/11/2023 21:37,0,81.44,41.64,0,0,124296,30/11/2023 11:38,30/11/2023,1100,1200
3103744,29/11/2023 20:53,0,35.85,18.32,0,0,8506,30/11/2023 09:58,30/11/2023,900,1000
3103886,29/11/2023 22:09,0,226.97,116.04,32.36,16.54,127032,30/11/2023 12:04,30/11/2023,1200,1300
3103062,29/11/2023 16:02,0,37.47,19.16,0,0,188703,30/11/2023 08:23,30/11/2023,800,900
3106276,30/11/2023 16:36,0,58.73,30.03,0,0,24886,30/11/2023 20:17,30/11/2023,2000,2100
3103056,29/11/2023 16:01,0,35.23,18.02,0,0,153822,30/11/2023 09:55,30/11/2023,900,1000
3104509,30/11/2023 09:07,0,49.54,25.33,0,0,89050,30/11/2023 12:51,30/11/2023,1200,1300
3109582,1/12/2023 17:03,0,116.51,59.57,0,0,109733,1/12/2023 19:36,1/12/2023,2000,2100
3106878,30/11/2023 20:21,0,202.2,103.38,0,0,30834,1/12/2023 13:26,1/12/2023,1300,1400
3107301,30/11/2023 23:52,0,57.89,29.6,0,0,120096,1/12/2023 14:01,1/12/2023,1400,1500
3108511,1/12/2023 12:28,0,113.01,57.78,0,0,196525,1/12/2023 15:27,1/12/2023,1500,1600
3106788,30/11/2023 19:35,0,130.18,66.56,0,0,99629,1/12/2023 08:08,1/12/2023,800,900
3109229,1/12/2023 15:17,0,111.32,56.91,0,0,45846,1/12/2023 18:02,1/12/2023,1800,1900
3109554,1/12/2023 16:55,0,134.68,68.86,0,0,52833,1/12/2023 20:08,1/12/2023,2000,2100
3108381,1/12/2023 11:54,0,118.28,60.47,0,0,113953,1/12/2023 14:52,1/12/2023,1400,1500
3109375,1/12/2023 16:04,0,159.82,81.72,0,0,195153,1/12/2023 19:08,1/12/2023,1900,2000
3109705,1/12/2023 17:38,0,166.05,84.9,2.11,1.08,95109,1/12/2023 20:16,1/12/2023,2000,2100
3107094,30/11/2023 21:58,0,25.57,13.08,0,0,181228,1/12/2023 10:27,1/12/2023,1000,1100
3107731,1/12/2023 09:29,0,83.45,42.67,0,0,15708,1/12/2023 11:32,1/12/2023,1200,1300
3106683,30/11/2023 18:44,0,119.63,61.16,0,0,40811,1/12/2023 16:12,1/12/2023,1600,1700
3108872,1/12/2023 13:47,0,175.67,89.82,0,0,24939,1/12/2023 19:58,1/12/2023,2000,2100
3106802,30/11/2023 19:49,0,153.13,78.29,0,0,34322,1/12/2023 11:41,1/12/2023,1200,1300
3107637,1/12/2023 08:56,0,49.23,25.17,0,0,143745,1/12/2023 11:38,1/12/2023,1200,1300
3109322,1/12/2023 15:45,0,244.9,125.22,0,0,193212,1/12/2023 18:26,1/12/2023,1800,1900
3106596,30/11/2023 18:12,0,203.06,103.82,0,0,199819,1/12/2023 09:08,1/12/2023,900,1000
3108418,1/12/2023 12:05,0,154.91,79.21,0,0,8773,1/12/2023 14:41,1/12/2023,1500,1600
3106543,30/11/2023 17:50,0,131.28,67.12,0,0,9385,1/12/2023 11:08,1/12/2023,1100,1200
3109151,1/12/2023 14:56,0,175.95,89.96,0,0,8968,1/12/2023 18:07,1/12/2023,1800,1900
3107898,1/12/2023 10:07,0,97.68,49.95,0,0,36807,1/12/2023 15:55,1/12/2023,1600,1700
3109058,1/12/2023 14:34,0,143.27,73.25,0,0,145495,1/12/2023 18:00,1/12/2023,1800,1900
3107822,1/12/2023 09:48,0,148.36,75.85,0,0,83817,1/12/2023 12:54,1/12/2023,1200,1300
3108613,1/12/2023 12:47,0,123.7,63.25,0,0,33028,1/12/2023 19:39,1/12/2023,1900,2000
3106364,30/11/2023 16:52,0,488.66,249.85,0,0,17556,1/12/2023 12:04,1/12/2023,1200,1300
3108758,1/12/2023 13:21,1,118.55,60.61,0,0,204252,1/12/2023 18:41,1/12/2023,1800,1900
3105209,30/11/2023 12:01,0,111.2,56.86,0,0,60214,1/12/2023 08:33,1/12/2023,900,1000
3111679,2/12/2023 12:21,0,56.87,29.08,0,0,82377,2/12/2023 15:50,2/12/2023,1500,1600
3110411,1/12/2023 23:14,0,303.8,155.34,0,0,101996,2/12/2023 13:14,2/12/2023,1300,1400
3111286,2/12/2023 11:05,0,196.39,100.41,0,0,122661,2/12/2023 13:37,2/12/2023,1300,1400
3113034,2/12/2023 18:03,0,116.94,59.79,0,0,65073,2/12/2023 21:21,2/12/2023,2100,2200
3110053,1/12/2023 19:45,0,169.77,86.8,16.53,8.44,73763,2/12/2023 09:46,2/12/2023,900,1000
3110289,1/12/2023 21:56,0,81.6,41.72,0,0,31958,2/12/2023 11:48,2/12/2023,1100,1200
3110813,2/12/2023 08:49,0,150.23,76.81,0,0,11308,2/12/2023 12:47,2/12/2023,1200,1300
3105119,30/11/2023 11:39,0,363.63,185.92,73.69,37.68,61526,2/12/2023 08:00,2/12/2023,800,900
3102594,29/11/2023 14:14,0,261.95,133.94,0,0,15429,2/12/2023 11:59,2/12/2023,1200,1300
3111721,2/12/2023 12:30,0,113.67,58.12,0,0,81874,2/12/2023 15:30,2/12/2023,1500,1600
3112679,2/12/2023 16:20,0,134.62,68.83,0,0,74876,2/12/2023 19:23,2/12/2023,1900,2000
3111632,2/12/2023 12:11,0,112.7,57.62,8.68,4.44,14133,2/12/2023 15:47,2/12/2023,1500,1600
3110444,1/12/2023 23:32,0,184.53,94.35,0,0,40939,2/12/2023 10:49,2/12/2023,1100,1200
3111540,2/12/2023 11:51,0,150.27,76.83,0,0,54500,2/12/2023 14:24,2/12/2023,1400,1500
3111773,2/12/2023 12:44,0,112.82,57.68,0,0,47803,2/12/2023 15:25,2/12/2023,1500,1600
3110220,1/12/2023 21:13,0,265.5,135.75,0,0,114197,2/12/2023 13:31,2/12/2023,1300,1400
3112385,2/12/2023 15:00,0,45.31,23.17,0,0,103650,2/12/2023 18:11,2/12/2023,1800,1900
3110134,1/12/2023 20:20,0,71.5,36.56,0,0,113738,3/12/2023 08:46,3/12/2023,800,900
3114945,3/12/2023 11:48,0,83.19,42.54,0,0,86384,3/12/2023 14:35,3/12/2023,1500,1600
3114151,3/12/2023 09:08,0,112.29,57.41,0,0,85493,3/12/2023 12:58,3/12/2023,1300,1400
3115784,3/12/2023 13:58,0,81.04,41.43,0,0,36544,3/12/2023 18:35,3/12/2023,1800,1900
3114308,3/12/2023 09:55,0,119.73,61.22,0,0,18375,3/12/2023 12:57,3/12/2023,1300,1400
3115680,3/12/2023 13:39,0,204.59,104.61,0,0,42019,3/12/2023 17:53,3/12/2023,1800,1900
3115079,3/12/2023 12:07,0,160.1,81.86,0,0,57715,3/12/2023 18:33,3/12/2023,1800,1900
3115485,3/12/2023 13:07,0,156.98,80.27,0,0,40680,3/12/2023 18:12,3/12/2023,1800,1900
3113541,2/12/2023 21:42,0,130.94,66.94,0,0,44147,3/12/2023 11:08,3/12/2023,1100,1200
3114195,3/12/2023 09:24,0,191.94,98.13,0,0,75517,3/12/2023 13:16,3/12/2023,1300,1400
3113588,2/12/2023 22:04,0,127.37,65.12,0,0,69414,3/12/2023 14:19,3/12/2023,1400,1500
3113785,2/12/2023 23:48,0,215.55,110.21,0,0,107693,3/12/2023 11:39,3/12/2023,1100,1200
3114909,3/12/2023 11:43,0,86.64,44.3,0,0,17356,3/12/2023 15:41,3/12/2023,1500,1600
3116169,3/12/2023 15:14,0,103.12,52.73,0,0,186826,3/12/2023 19:46,3/12/2023,2000,2100
3113645,2/12/2023 22:28,0,288.41,147.46,37.63,19.24,82113,3/12/2023 18:34,3/12/2023,1800,1900
3082729,23/11/2023 22:25,0,170.76,87.31,0,0,186948,24/11/2023 20:06,24/11/2023,2000,2100
3096327,27/11/2023 16:18,0,56.94,29.11,0,0,133560,7/12/2023 19:23,28/11/2023,800,900
3105487,30/11/2023 13:09,0,209.69,107.21,0,0,174303,1/12/2023 12:26,1/12/2023,1200,1300
3110635,2/12/2023 04:07,0,109.94,56.21,0,0,65562,2/12/2023 11:07,2/12/2023,1100,1200
3116444,3/12/2023 16:13,0,105.15,53.76,0,0,88607,4/12/2023 10:50,4/12/2023,1100,1200
3117842,4/12/2023 09:29,0,219.37,112.16,0,0,179196,4/12/2023 12:56,4/12/2023,1300,1400
3118195,4/12/2023 10:56,0,153.83,78.65,0,0,151909,4/12/2023 13:49,4/12/2023,1400,1500
3119084,4/12/2023 14:10,0,83.17,42.53,0,0,28526,4/12/2023 18:35,4/12/2023,1800,1900
3117029,3/12/2023 20:49,0,622.44,318.24,0,0,11401,4/12/2023 11:23,4/12/2023,1100,1200
3117072,3/12/2023 21:09,0,53.44,27.32,0,0,94165,4/12/2023 11:45,4/12/2023,1100,1200
3117186,3/12/2023 22:08,0,94.62,48.38,0,0,136680,4/12/2023 11:42,4/12/2023,1100,1200
3118860,4/12/2023 13:20,0,112.85,57.7,0,0,165013,4/12/2023 16:52,4/12/2023,1600,1700
3118977,4/12/2023 13:49,0,90.23,46.14,0,0,63968,4/12/2023 16:33,4/12/2023,1700,1800
3117912,4/12/2023 09:44,0,155.07,79.28,0,0,154787,4/12/2023 12:58,4/12/2023,1300,1400
3117200,3/12/2023 22:16,0,207.11,105.89,0,0,52398,4/12/2023 13:57,4/12/2023,1400,1500
3118076,4/12/2023 10:25,0,186.31,95.26,0,0,14464,4/12/2023 14:23,4/12/2023,1400,1500
3118244,4/12/2023 11:05,0,48.5,24.8,0,0,33160,4/12/2023 15:19,4/12/2023,1500,1600
3119055,4/12/2023 14:04,0,214,109.42,0,0,186286,4/12/2023 18:48,4/12/2023,1800,1900
3119294,4/12/2023 15:04,0,74.11,37.89,29.4,15.03,178898,4/12/2023 19:29,4/12/2023,1900,2000
3119554,4/12/2023 16:15,0,741.54,379.14,0,0,157948,4/12/2023 20:53,4/12/2023,2000,2100
3120297,4/12/2023 20:55,0,92.27,47.18,0,0,130941,5/12/2023 15:26,5/12/2023,1500,1600
3113844,3/12/2023 00:44,0,100.56,51.42,0,0,80502,5/12/2023 11:46,5/12/2023,1200,1300
3121410,5/12/2023 10:41,0,261.67,133.79,84.85,43.38,151191,5/12/2023 15:17,5/12/2023,1500,1600
3120389,4/12/2023 21:38,0,110.57,56.53,0,0,23025,5/12/2023 11:07,5/12/2023,1100,1200
3120223,4/12/2023 20:28,0,43.65,22.32,0,0,88143,5/12/2023 19:57,5/12/2023,2000,2100
3121688,5/12/2023 11:51,0,114.45,58.52,0,0,34277,5/12/2023 21:25,5/12/2023,2100,2200
3120983,5/12/2023 08:41,0,113.12,57.83,0,0,61998,5/12/2023 16:10,5/12/2023,1600,1700
3120679,5/12/2023 00:37,0,154.54,79.01,0,0,90219,5/12/2023 11:18,5/12/2023,1200,1300
3122424,5/12/2023 14:49,0,84.57,43.24,0,0,120661,5/12/2023 18:58,5/12/2023,1800,1900
3119877,4/12/2023 17:44,0,114.14,58.36,0,0,184995,5/12/2023 09:43,5/12/2023,900,1000
3121404,5/12/2023 10:40,1,65.3,33.39,0,0,200577,5/12/2023 13:16,5/12/2023,1300,1400
3123608,5/12/2023 21:48,0,198,101.23,0,0,25751,6/12/2023 11:46,6/12/2023,1100,1200
3126093,6/12/2023 14:58,0,113.71,58.14,0,0,65235,6/12/2023 19:26,6/12/2023,1900,2000
3126299,6/12/2023 16:04,0,69.25,35.41,0,0,12560,6/12/2023 20:22,6/12/2023,2000,2100
3124074,6/12/2023 06:02,0,244.04,124.78,0,0,175128,6/12/2023 13:59,6/12/2023,1400,1500
3122663,5/12/2023 15:49,0,88.97,45.49,0,0,36796,6/12/2023 08:35,6/12/2023,800,900
3124034,6/12/2023 03:15,0,198.04,101.25,0,0,27219,6/12/2023 11:52,6/12/2023,1200,1300
3124268,6/12/2023 08:25,0,99.3,50.77,0,0,46983,6/12/2023 11:44,6/12/2023,1200,1300
3123545,5/12/2023 21:25,0,114.32,58.45,0,0,161431,6/12/2023 10:01,6/12/2023,1000,1100
3126348,6/12/2023 16:22,0,81.51,41.68,0,0,97086,6/12/2023 20:41,6/12/2023,2000,2100
3123630,5/12/2023 21:56,0,94.68,48.41,0,0,63566,6/12/2023 11:38,6/12/2023,1100,1200
3124169,6/12/2023 07:53,0,114.49,58.53,0,0,163935,6/12/2023 14:23,6/12/2023,1400,1500
3125852,6/12/2023 13:51,0,39.99,20.44,0,0,92925,6/12/2023 18:11,6/12/2023,1800,1900
3121035,5/12/2023 09:03,0,205.9,105.28,0,0,52949,6/12/2023 10:27,6/12/2023,1000,1100
3125022,6/12/2023 11:11,0,258.99,132.42,0,0,126985,6/12/2023 15:00,6/12/2023,1500,1600
3124935,6/12/2023 10:55,1,99.51,50.88,0,0,205023,6/12/2023 17:55,6/12/2023,1700,1800
3127870,7/12/2023 10:24,0,61.07,31.22,0,0,137559,7/12/2023 12:53,7/12/2023,1300,1400
3129305,7/12/2023 15:47,0,197,100.72,21.41,10.94,21600,7/12/2023 18:13,7/12/2023,1800,1900
3128270,7/12/2023 11:50,0,78.9,40.34,24.1,12.33,36274,7/12/2023 14:04,7/12/2023,1400,1500
3128888,7/12/2023 14:11,0,65.41,33.45,0,0,60056,7/12/2023 18:32,7/12/2023,1800,1900
3129546,7/12/2023 16:44,1,84.16,43.03,0,0,205239,7/12/2023 20:19,7/12/2023,2000,2100
3128812,7/12/2023 13:55,0,75.72,38.72,15.44,7.89,155019,7/12/2023 16:41,7/12/2023,1600,1700
3127944,7/12/2023 10:40,0,154.5,79,0,0,122661,7/12/2023 12:38,7/12/2023,1300,1400
3128561,7/12/2023 12:56,0,107.03,54.73,41.74,21.34,52703,7/12/2023 15:07,7/12/2023,1500,1600
3129483,7/12/2023 16:26,0,118.05,60.36,0,0,147713,7/12/2023 19:14,7/12/2023,1900,2000
3127755,7/12/2023 09:55,0,137.61,70.36,0,0,55470,7/12/2023 15:19,7/12/2023,1500,1600
3128580,7/12/2023 13:01,0,177.17,90.58,0,0,168938,7/12/2023 17:03,7/12/2023,1700,1800
3128851,7/12/2023 14:04,0,189.12,96.7,17.59,9,25543,7/12/2023 18:54,7/12/2023,1800,1900
3127003,6/12/2023 22:08,0,431.43,220.59,0,0,111066,7/12/2023 09:57,7/12/2023,900,1000
3127842,7/12/2023 10:16,0,117.45,60.05,0,0,159785,7/12/2023 13:19,7/12/2023,1300,1400
3128373,7/12/2023 12:16,0,35.18,17.98,0,0,59170,7/12/2023 14:30,7/12/2023,1400,1500
3125330,6/12/2023 12:03,0,88.73,45.36,0,0,23459,7/12/2023 09:43,7/12/2023,900,1000
3128363,7/12/2023 12:13,0,77.66,39.7,0,0,165019,7/12/2023 18:42,7/12/2023,1800,1900
3127244,7/12/2023 01:18,0,136.01,69.54,0,0,90860,7/12/2023 10:28,7/12/2023,1000,1100
3128544,7/12/2023 12:53,0,97.78,50,0,0,68160,7/12/2023 19:16,7/12/2023,1900,2000
3130481,7/12/2023 22:28,0,131.49,67.23,0,0,54547,8/12/2023 10:47,8/12/2023,1000,1100
3133232,8/12/2023 17:10,0,183.33,93.73,0,0,103120,8/12/2023 21:33,8/12/2023,2100,2200
3128045,7/12/2023 11:00,0,148.86,76.11,0,0,65153,8/12/2023 10:45,8/12/2023,1100,1200
3130365,7/12/2023 21:37,0,120.75,61.73,0,0,93853,8/12/2023 10:00,8/12/2023,1000,1100
3130423,7/12/2023 22:08,0,52.93,27.06,21.71,11.1,74478,8/12/2023 10:12,8/12/2023,1000,1100
3131029,8/12/2023 09:02,0,89.42,45.72,0,0,44144,8/12/2023 12:54,8/12/2023,1300,1400
3131617,8/12/2023 11:13,0,312.37,159.71,0,0,62891,8/12/2023 14:09,8/12/2023,1400,1500
3131021,8/12/2023 08:59,0,119.45,61.07,0,0,45445,8/12/2023 13:39,8/12/2023,1300,1400
3130339,7/12/2023 21:27,0,124.4,63.61,0,0,74519,8/12/2023 09:57,8/12/2023,1000,1100
3132584,8/12/2023 14:28,0,113.88,58.23,0,0,80165,8/12/2023 17:35,8/12/2023,1700,1800
3132281,8/12/2023 13:25,0,75.29,38.49,0,0,86468,8/12/2023 17:19,8/12/2023,1700,1800
3132668,8/12/2023 14:49,0,146.78,75.05,0,0,10005,8/12/2023 19:11,8/12/2023,1900,2000
3130615,7/12/2023 23:44,0,83.58,42.73,0,0,11363,8/12/2023 13:58,8/12/2023,1400,1500
3131023,8/12/2023 09:00,0,281.3,143.82,0,0,36057,8/12/2023 12:42,8/12/2023,1300,1400
3131433,8/12/2023 10:36,0,140.39,71.78,0,0,169423,8/12/2023 13:52,8/12/2023,1400,1500
3130654,8/12/2023 00:17,0,148.41,75.88,0,0,57117,8/12/2023 11:46,8/12/2023,1100,1200
3130391,7/12/2023 21:49,0,126.65,64.75,0,0,127320,8/12/2023 11:37,8/12/2023,1200,1300
3132944,8/12/2023 15:55,0,93.34,47.73,0,0,204028,8/12/2023 20:51,8/12/2023,2000,2100
3131254,8/12/2023 09:59,0,50.51,25.83,0,0,22506,8/12/2023 13:51,8/12/2023,1300,1400
3132409,8/12/2023 13:52,0,131.36,67.16,0,0,197325,8/12/2023 17:00,8/12/2023,1700,1800
3136477,9/12/2023 15:53,0,268.72,137.39,0,0,166921,9/12/2023 20:35,9/12/2023,2000,2100
3133620,8/12/2023 19:48,1,166.86,85.31,0,0,205414,9/12/2023 09:03,9/12/2023,900,1000
3134254,9/12/2023 02:22,0,250.94,128.3,29.21,14.94,149862,9/12/2023 12:41,9/12/2023,1200,1300
3133679,8/12/2023 20:07,0,156.74,80.14,0,0,51408,9/12/2023 19:03,9/12/2023,1900,2000
3135180,9/12/2023 11:32,0,259.42,132.64,10.97,5.61,8827,9/12/2023 14:40,9/12/2023,1400,1500
3134094,8/12/2023 23:20,0,388.19,198.48,0,0,98797,9/12/2023 12:17,9/12/2023,1200,1300
3133688,8/12/2023 20:10,0,298.43,152.58,2.82,1.44,33460,9/12/2023 10:48,9/12/2023,1100,1200
3125834,6/12/2023 13:46,0,132.43,67.72,0,0,189205,9/12/2023 12:09,9/12/2023,1200,1300
3134410,9/12/2023 08:07,0,96.16,49.17,0,0,13324,9/12/2023 12:02,9/12/2023,1200,1300
3135945,9/12/2023 14:04,0,127.11,64.99,0,0,45603,9/12/2023 18:06,9/12/2023,1800,1900
3136871,9/12/2023 17:43,0,59.01,30.18,0,0,142106,9/12/2023 20:59,9/12/2023,2100,2200
3138059,10/12/2023 09:09,0,185.13,94.65,0,0,103391,10/12/2023 13:25,10/12/2023,1300,1400
3138750,10/12/2023 11:44,0,48.12,24.6,0,0,74300,10/12/2023 14:15,10/12/2023,1500,1600
3138849,10/12/2023 12:02,0,49.6,25.37,0,0,74427,10/12/2023 14:38,10/12/2023,1500,1600
3139818,10/12/2023 15:35,0,83.6,42.75,0,0,17147,10/12/2023 18:16,10/12/2023,1900,2000
3133589,8/12/2023 19:35,0,52.79,26.99,0,0,84686,10/12/2023 10:12,10/12/2023,1000,1100
3139285,10/12/2023 13:29,0,83.74,42.82,0,0,108823,10/12/2023 16:22,10/12/2023,1600,1700
3139853,10/12/2023 15:42,0,64.2,32.83,0,0,145838,10/12/2023 18:59,10/12/2023,1900,2000
3137638,9/12/2023 23:16,0,254.5,130.13,0,0,85275,10/12/2023 13:05,10/12/2023,1300,1400
3137658,9/12/2023 23:26,0,312.29,159.67,0,0,57150,10/12/2023 12:41,10/12/2023,1300,1400
3137484,9/12/2023 21:53,0,167.01,85.39,45.55,23.29,33331,10/12/2023 11:50,10/12/2023,1200,1300
3138368,10/12/2023 10:31,0,82.55,42.21,0,0,40635,10/12/2023 13:39,10/12/2023,1400,1500
3137399,9/12/2023 21:13,0,200.18,102.35,0,0,71255,10/12/2023 19:15,10/12/2023,1900,2000
3139505,10/12/2023 14:17,0,47.13,24.1,0,0,144071,10/12/2023 17:28,10/12/2023,1700,1800
3138535,10/12/2023 11:05,0,85.44,43.69,0,0,112459,10/12/2023 13:45,10/12/2023,1400,1500
3138600,10/12/2023 11:18,0,93.29,47.7,6.95,3.56,104886,10/12/2023 14:23,10/12/2023,1400,1500
3137222,9/12/2023 19:54,0,133.31,68.16,0,0,42609,10/12/2023 10:20,10/12/2023,1000,1100
3137228,9/12/2023 19:56,0,91.49,46.78,0,0,45725,10/12/2023 10:18,10/12/2023,1000,1100
3134308,9/12/2023 06:08,0,92.46,47.28,0,0,105426,10/12/2023 08:02,10/12/2023,800,900
3049440,13/11/2023 07:29,0,131.83,67.4,0,0,15947,13/11/2023 11:36,13/11/2023,1100,1200
3052846,14/11/2023 10:35,0,462.74,236.6,0,0,60681,14/11/2023 12:59,14/11/2023,1300,1400
3053520,14/11/2023 13:40,0,112.2,57.36,0,0,104892,14/11/2023 15:54,14/11/2023,1600,1700
3053683,14/11/2023 14:31,0,168.38,86.09,0,0,56791,14/11/2023 18:46,14/11/2023,1800,1900
3054679,14/11/2023 21:32,0,45.4,23.21,0,0,104678,15/11/2023 09:10,15/11/2023,900,1000
3064484,18/11/2023 09:24,0,97.23,49.71,0,0,81449,18/11/2023 13:14,18/11/2023,1300,1400
3064647,18/11/2023 10:02,0,85.27,43.6,0,0,111383,18/11/2023 17:36,18/11/2023,1700,1800
3064826,18/11/2023 10:39,0,189.86,97.08,0,0,149591,18/11/2023 21:09,18/11/2023,2100,2200
3070690,19/11/2023 22:56,0,161,82.31,0,0,34799,20/11/2023 11:44,20/11/2023,1200,1300
3078119,22/11/2023 13:57,0,81.79,41.82,0,0,18928,23/11/2023 10:43,23/11/2023,1000,1100
3080191,23/11/2023 09:54,0,68.86,35.21,0,0,60542,23/11/2023 12:14,23/11/2023,1200,1300
3089022,25/11/2023 16:07,0,125.89,64.37,0,0,45603,26/11/2023 09:12,26/11/2023,900,1000
3093458,26/11/2023 19:43,0,147.15,75.23,0,0,88915,27/11/2023 11:49,27/11/2023,1100,1200
3093864,26/11/2023 22:48,0,134.83,68.94,0,0,8820,27/11/2023 12:56,27/11/2023,1300,1400
3095053,27/11/2023 11:26,0,93.69,47.9,0,0,50939,28/11/2023 10:55,28/11/2023,1100,1200
3096781,27/11/2023 19:19,0,121.04,61.88,0,0,106240,28/11/2023 10:55,28/11/2023,1100,1200
3098062,28/11/2023 09:50,0,41.15,21.04,0,0,45582,28/11/2023 16:39,28/11/2023,1600,1700
3100903,29/11/2023 01:15,0,82.19,42.03,0,0,189238,29/11/2023 12:39,29/11/2023,1200,1300
3103041,29/11/2023 15:58,0,65.93,33.71,0,0,36443,29/11/2023 20:14,29/11/2023,2000,2100
3105569,30/11/2023 13:30,0,117.47,60.06,0,0,30943,30/11/2023 16:20,30/11/2023,1600,1700
3110720,2/12/2023 07:52,0,125.91,64.38,51.11,26.13,44571,2/12/2023 11:21,2/12/2023,1100,1200
3112058,2/12/2023 13:43,0,92.87,47.49,0,0,172990,2/12/2023 16:45,2/12/2023,1600,1700
3110335,1/12/2023 22:19,0,45.26,23.14,0,0,27750,3/12/2023 08:08,2/12/2023,2200,2300
3113607,2/12/2023 22:12,0,134.41,68.73,0,0,14366,3/12/2023 09:49,3/12/2023,1000,1100
3127102,6/12/2023 23:11,0,96.95,49.57,0,0,113083,7/12/2023 15:25,7/12/2023,1600,1700
3131830,8/12/2023 11:56,0,167.87,85.83,0,0,151834,8/12/2023 19:22,8/12/2023,1900,2000
3134976,9/12/2023 10:53,0,144.78,74.03,0,0,203151,9/12/2023 14:18,9/12/2023,1400,1500
3138794,10/12/2023 11:51,0,77.16,39.45,0,0,41392,10/12/2023 17:59,10/12/2023,1800,1900
3141701,11/12/2023 10:29,0,1012.31,517.59,0,0,195390,11/12/2023 13:56,11/12/2023,1300,1400
3143474,11/12/2023 18:44,0,49.2,25.16,0,0,77236,11/12/2023 21:11,11/12/2023,2100,2200
3140755,10/12/2023 21:16,0,120.68,61.7,0,0,24886,11/12/2023 10:06,11/12/2023,1000,1100
3143117,11/12/2023 16:38,0,144.01,73.63,0,0,28335,11/12/2023 19:12,11/12/2023,1900,2000
3141469,11/12/2023 09:32,0,108.47,55.46,0,0,141958,11/12/2023 12:24,11/12/2023,1200,1300
3140705,10/12/2023 20:48,0,218.65,111.79,0,0,187832,11/12/2023 20:25,11/12/2023,2000,2100
3137556,9/12/2023 22:34,0,125.87,64.36,0,0,154307,11/12/2023 09:34,11/12/2023,900,1000
3140621,10/12/2023 20:05,0,88.06,45.03,4.07,2.08,52615,11/12/2023 09:09,11/12/2023,1000,1100
3142564,11/12/2023 14:14,0,441.33,225.65,0,0,178803,11/12/2023 17:01,11/12/2023,1700,1800
3141409,11/12/2023 09:13,0,48.02,24.55,0,0,42235,11/12/2023 12:14,11/12/2023,1200,1300
3142812,11/12/2023 15:20,1,127.52,65.2,0,0,205821,11/12/2023 17:50,11/12/2023,1700,1800
3141091,11/12/2023 01:04,0,189.29,96.78,0,0,48656,11/12/2023 11:27,11/12/2023,1100,1200
3141654,11/12/2023 10:18,0,89.5,45.76,17.56,8.98,159433,11/12/2023 13:11,11/12/2023,1300,1400
3142271,11/12/2023 12:57,0,149.78,76.58,0,0,47365,11/12/2023 15:42,11/12/2023,1500,1600
3142520,11/12/2023 14:04,0,83.22,42.55,0,0,67413,11/12/2023 17:56,11/12/2023,1700,1800
3140431,10/12/2023 18:19,0,145.9,74.6,0,0,178665,11/12/2023 09:23,11/12/2023,900,1000
3143059,11/12/2023 16:19,0,196.19,100.31,0,0,177949,11/12/2023 19:17,11/12/2023,1900,2000
3140980,10/12/2023 23:19,0,101.11,51.7,0,0,133413,11/12/2023 11:30,11/12/2023,1100,1200
3141464,11/12/2023 09:31,0,53.85,27.54,0,0,97060,11/12/2023 12:32,11/12/2023,1200,1300
3141252,11/12/2023 08:11,0,113.94,58.26,0,0,39139,11/12/2023 11:53,11/12/2023,1200,1300
3141810,11/12/2023 10:59,0,220.05,112.51,0,0,41103,11/12/2023 13:42,11/12/2023,1300,1400
3141439,11/12/2023 09:20,1,84.06,42.99,0,0,204116,11/12/2023 18:51,11/12/2023,1800,1900
3143256,11/12/2023 17:29,0,51.35,26.26,0,0,164140,11/12/2023 19:59,11/12/2023,2000,2100
3142347,11/12/2023 13:18,0,54.81,28.03,0,0,73727,11/12/2023 15:46,11/12/2023,1600,1700
3140528,10/12/2023 19:13,0,30.31,15.5,0,0,110377,11/12/2023 09:12,11/12/2023,900,1000
3141549,11/12/2023 09:54,1,64.64,33.05,0,0,205766,11/12/2023 12:17,11/12/2023,1200,1300
3132766,8/12/2023 15:08,0,146.38,74.83,0,0,103758,11/12/2023 08:59,11/12/2023,900,1000
3143030,11/12/2023 16:14,0,149.58,76.48,0,0,55291,11/12/2023 18:22,11/12/2023,1800,1900
3137868,10/12/2023 04:02,0,108.73,55.59,0,0,107746,11/12/2023 08:59,11/12/2023,800,900
3140294,10/12/2023 17:32,0,39.22,20.05,0,0,119197,11/12/2023 09:41,11/12/2023,900,1000
3141849,11/12/2023 11:07,0,71.21,36.41,0,0,150072,11/12/2023 16:06,11/12/2023,1600,1700
3145064,12/12/2023 12:00,0,87.04,44.51,0,0,98195,12/12/2023 14:42,12/12/2023,1400,1500
3145714,12/12/2023 14:47,0,125.85,64.35,0,0,196190,12/12/2023 17:17,12/12/2023,1700,1800
3145723,12/12/2023 14:49,0,168.07,85.93,0,0,39840,12/12/2023 16:33,12/12/2023,1700,1800
3144663,12/12/2023 10:08,0,392.76,200.81,0,0,201380,12/12/2023 15:21,12/12/2023,1600,1700
3145156,12/12/2023 12:23,0,77.64,39.7,0,0,189023,12/12/2023 18:57,12/12/2023,1900,2000
3146113,12/12/2023 16:44,1,211.59,108.19,0,0,202368,12/12/2023 19:35,12/12/2023,1900,2000
3143665,11/12/2023 20:21,0,61.51,31.45,0,0,89648,12/12/2023 08:57,12/12/2023,900,1000
3143420,11/12/2023 18:26,0,127.99,65.44,0,0,66182,12/12/2023 08:45,12/12/2023,900,1000
3144645,12/12/2023 10:04,1,114.96,58.77,0,0,153525,12/12/2023 13:18,12/12/2023,1300,1400
3144334,12/12/2023 08:15,0,120.17,61.44,59.61,30.48,55470,12/12/2023 10:57,12/12/2023,1100,1200
3146342,12/12/2023 18:04,0,86.81,44.39,0,0,165013,12/12/2023 20:41,12/12/2023,2000,2100
3145510,12/12/2023 13:53,0,108.01,55.22,0,0,93928,12/12/2023 17:56,12/12/2023,1800,1900
3144510,12/12/2023 09:25,0,103.33,52.83,0,0,128698,12/12/2023 11:55,12/12/2023,1200,1300
3143819,11/12/2023 21:44,0,392.47,200.66,83.9,42.9,65473,12/12/2023 09:29,12/12/2023,900,1000
3144573,12/12/2023 09:46,0,433.19,221.48,0,0,193952,12/12/2023 12:15,12/12/2023,1200,1300
3145563,12/12/2023 14:08,0,102.79,52.55,22.9,11.71,8762,12/12/2023 18:13,12/12/2023,1800,1900
3146323,12/12/2023 17:58,0,60.23,30.8,0,0,34202,13/12/2023 09:26,13/12/2023,900,1000
3147574,13/12/2023 10:22,0,132.28,67.63,0,0,36632,13/12/2023 15:29,13/12/2023,1600,1700
3148643,13/12/2023 14:57,0,575.52,294.26,0,0,51103,13/12/2023 18:18,13/12/2023,1800,1900
3148220,13/12/2023 13:02,0,50.5,25.82,0,0,39643,13/12/2023 15:44,13/12/2023,1500,1600
3148460,13/12/2023 14:12,0,41.06,20.99,0,0,164417,13/12/2023 16:47,13/12/2023,1600,1700
3148690,13/12/2023 15:08,0,82.22,42.03,0,0,26489,13/12/2023 19:18,13/12/2023,1900,2000
3142876,11/12/2023 15:35,0,43.07,22.02,0,0,143755,13/12/2023 10:34,13/12/2023,1000,1100
3148072,13/12/2023 12:28,0,124.16,63.49,0,0,129647,13/12/2023 15:18,13/12/2023,1500,1600
3147015,13/12/2023 02:00,0,176.26,90.12,0,0,66529,13/12/2023 11:01,13/12/2023,1100,1200
3148444,13/12/2023 14:06,0,141.39,72.29,0,0,33545,13/12/2023 18:36,13/12/2023,1800,1900
3148677,13/12/2023 15:06,0,179.83,91.94,0,0,118637,13/12/2023 17:29,13/12/2023,1700,1800
3146761,12/12/2023 21:49,0,48.89,25,0,0,9336,13/12/2023 09:17,13/12/2023,900,1000
3148144,13/12/2023 12:45,0,151.64,77.53,0,0,138225,13/12/2023 15:10,13/12/2023,1500,1600
3148672,13/12/2023 15:04,0,90.45,46.25,0,0,80677,13/12/2023 17:26,13/12/2023,1700,1800
3147641,13/12/2023 10:41,0,161.54,82.59,0,0,29815,13/12/2023 18:03,13/12/2023,1800,1900
3146597,12/12/2023 19:58,0,269.88,137.99,0,0,164798,13/12/2023 11:05,13/12/2023,1100,1200
3148162,13/12/2023 12:49,0,169.3,86.57,0,0,51425,14/12/2023 09:31,14/12/2023,900,1000
3150128,14/12/2023 07:49,0,164.83,84.27,0,0,54841,14/12/2023 11:36,14/12/2023,1100,1200
3150484,14/12/2023 09:47,0,201.15,102.85,0,0,100621,14/12/2023 12:18,14/12/2023,1200,1300
3151447,14/12/2023 13:23,0,114.63,58.6,0,0,31337,14/12/2023 19:08,14/12/2023,1900,2000
3152341,14/12/2023 17:18,0,225.94,115.52,0,0,145099,14/12/2023 20:57,14/12/2023,2000,2100
3150918,14/12/2023 11:25,0,163.42,83.56,0,0,7573,14/12/2023 17:58,14/12/2023,1800,1900
3152172,14/12/2023 16:26,0,122.72,62.75,0,0,123059,14/12/2023 19:09,14/12/2023,1900,2000
3150391,14/12/2023 09:26,0,122.56,62.66,13.39,6.84,81610,14/12/2023 12:31,14/12/2023,1200,1300
3149270,13/12/2023 18:19,0,154.83,79.16,0,0,9287,14/12/2023 09:38,14/12/2023,900,1000
3150250,14/12/2023 08:41,0,75.01,38.36,0,0,94952,14/12/2023 10:56,14/12/2023,1100,1200
3151648,14/12/2023 14:07,0,222.43,113.73,92.76,47.43,178635,14/12/2023 18:50,14/12/2023,1900,2000
3152388,14/12/2023 17:34,0,146.32,74.82,0,0,101571,14/12/2023 20:06,14/12/2023,2000,2100
3150705,14/12/2023 10:33,0,118.57,60.62,0,0,204254,14/12/2023 15:04,14/12/2023,1500,1600
3151700,14/12/2023 14:21,0,168.85,86.33,134.79,68.92,55470,14/12/2023 20:05,14/12/2023,2000,2100
3149728,13/12/2023 22:14,0,116.02,59.32,0,0,31005,14/12/2023 09:58,14/12/2023,900,1000
3148248,13/12/2023 13:10,0,195.33,99.87,0,0,8721,14/12/2023 12:35,14/12/2023,1200,1300
3151817,14/12/2023 15:00,0,217.02,110.96,0,0,131934,14/12/2023 17:20,14/12/2023,1700,1800
3153684,15/12/2023 09:01,0,182.89,93.51,0,0,98586,15/12/2023 14:08,15/12/2023,1400,1500
3155288,15/12/2023 14:25,0,84.71,43.31,0,0,96947,15/12/2023 19:10,15/12/2023,1900,2000
3155529,15/12/2023 15:23,0,175.7,89.84,0,0,56922,15/12/2023 20:13,15/12/2023,2000,2100
3155794,15/12/2023 16:39,0,52.95,27.08,0,0,7661,15/12/2023 21:15,15/12/2023,2100,2200
3152187,14/12/2023 16:31,0,99.22,50.73,0,0,63949,15/12/2023 17:25,15/12/2023,1700,1800
3152844,14/12/2023 20:46,0,36.22,18.52,0,0,145081,15/12/2023 08:57,15/12/2023,900,1000
3154987,15/12/2023 13:22,0,120.74,61.73,0,0,142897,15/12/2023 17:52,15/12/2023,1700,1800
3152838,14/12/2023 20:44,0,89.8,45.91,0,0,22366,15/12/2023 09:43,15/12/2023,900,1000
3153726,15/12/2023 09:14,0,114.07,58.32,0,0,174818,15/12/2023 12:16,15/12/2023,1200,1300
3154677,15/12/2023 12:31,0,160.34,81.98,0,0,56272,15/12/2023 15:02,15/12/2023,1500,1600
3154643,15/12/2023 12:23,0,88.93,45.47,0,0,79736,15/12/2023 18:33,15/12/2023,1800,1900
3155114,15/12/2023 13:48,0,432.54,221.15,10.96,5.61,199829,15/12/2023 17:40,15/12/2023,1800,1900
3154314,15/12/2023 11:14,0,212.32,108.56,0,0,191124,15/12/2023 13:52,15/12/2023,1400,1500
3153054,14/12/2023 22:16,0,241.91,123.69,0,0,106411,15/12/2023 20:14,15/12/2023,2000,2100
3153526,15/12/2023 07:55,0,116.17,59.4,0,0,163764,15/12/2023 13:03,15/12/2023,1300,1400
3154390,15/12/2023 11:32,0,98.1,50.16,0,0,62149,15/12/2023 14:48,15/12/2023,1400,1500
3153976,15/12/2023 10:10,0,147.27,75.29,72.3,36.97,132756,15/12/2023 13:48,15/12/2023,1300,1400
3154213,15/12/2023 10:59,0,101.98,52.14,0,0,121321,15/12/2023 14:21,15/12/2023,1400,1500
3149093,13/12/2023 17:05,0,51.19,26.17,0,0,43668,15/12/2023 09:24,15/12/2023,900,1000
3152646,14/12/2023 19:16,0,204.25,104.43,0,0,10740,15/12/2023 10:01,15/12/2023,1000,1100
3155471,15/12/2023 15:10,0,547.42,279.89,0,0,11782,15/12/2023 20:16,15/12/2023,2000,2100
3154033,15/12/2023 10:22,0,85.24,43.58,0,0,125538,15/12/2023 13:38,15/12/2023,1300,1400
3154158,15/12/2023 10:47,0,107.54,54.98,0,0,38590,15/12/2023 14:13,15/12/2023,1400,1500
3155829,15/12/2023 16:48,0,37.62,19.24,0,0,55889,15/12/2023 21:25,15/12/2023,2100,2200
3158865,16/12/2023 13:23,0,80.22,41.02,0,0,27428,16/12/2023 19:58,16/12/2023,1900,2000
3151726,14/12/2023 14:28,0,139.43,71.29,0,0,62219,16/12/2023 12:12,16/12/2023,1200,1300
3158057,16/12/2023 11:21,0,148.99,76.17,0,0,76514,16/12/2023 16:47,16/12/2023,1600,1700
3156959,16/12/2023 01:07,0,161.31,82.47,0,0,33563,16/12/2023 12:50,16/12/2023,1300,1400
3157875,16/12/2023 10:53,0,91.09,46.58,0,0,168079,16/12/2023 14:37,16/12/2023,1500,1600
3158129,16/12/2023 11:30,0,195.11,99.76,0,0,42826,16/12/2023 15:40,16/12/2023,1600,1700
3157852,16/12/2023 10:48,0,304.77,155.82,0,0,45005,16/12/2023 15:58,16/12/2023,1600,1700
3156999,16/12/2023 02:20,0,160.51,82.06,0,0,96952,16/12/2023 12:03,16/12/2023,1200,1300
3157609,16/12/2023 10:04,0,124.39,63.6,0,0,45135,16/12/2023 15:07,16/12/2023,1500,1600
3156899,16/12/2023 00:14,0,86.19,44.07,11.02,5.64,159433,16/12/2023 16:37,16/12/2023,1600,1700
3156167,15/12/2023 18:40,0,108.36,55.4,0,0,36050,16/12/2023 09:47,16/12/2023,900,1000
3154979,15/12/2023 13:21,0,438.01,223.95,0,0,70960,16/12/2023 09:48,16/12/2023,1000,1100
3158496,16/12/2023 12:23,0,127.09,64.97,0,0,166317,16/12/2023 19:00,16/12/2023,1900,2000
3161682,17/12/2023 11:11,0,85.35,43.64,0,0,24186,17/12/2023 17:20,17/12/2023,1700,1800
3159385,16/12/2023 15:17,0,221.19,113.09,0,0,45762,17/12/2023 10:03,17/12/2023,1000,1100
3159511,16/12/2023 15:47,0,175.06,89.5,0,0,136397,17/12/2023 10:08,17/12/2023,1000,1100
3161750,17/12/2023 11:28,0,46.54,23.79,0,0,50810,17/12/2023 17:07,17/12/2023,1700,1800
3160584,16/12/2023 22:30,0,62.28,31.84,0,0,115767,17/12/2023 20:56,17/12/2023,2100,2200
3160428,16/12/2023 21:07,0,163.06,83.37,0,0,142097,17/12/2023 13:22,17/12/2023,1400,1500
3162604,17/12/2023 14:22,0,124.26,63.53,0,0,72195,17/12/2023 20:27,17/12/2023,2000,2100
3156847,15/12/2023 23:39,0,56.09,28.68,0,0,143249,17/12/2023 09:02,17/12/2023,900,1000
3161332,17/12/2023 09:53,0,135.14,69.1,14.58,7.46,132514,17/12/2023 15:39,17/12/2023,1500,1600
3160534,16/12/2023 22:06,0,139.73,71.44,0,0,14976,17/12/2023 13:00,17/12/2023,1300,1400
3161629,17/12/2023 11:02,0,412.05,210.67,0,0,50720,17/12/2023 16:39,17/12/2023,1600,1700
3162271,17/12/2023 13:12,0,161.08,82.36,0,0,41092,17/12/2023 18:36,17/12/2023,1900,2000
3155753,15/12/2023 16:29,0,163.57,83.64,0,0,8454,17/12/2023 08:22,17/12/2023,800,900
3162022,17/12/2023 12:15,0,113.42,57.99,0,0,56230,17/12/2023 17:58,17/12/2023,1800,1900
3160473,16/12/2023 21:32,0,118.31,60.49,0,0,127034,17/12/2023 13:15,17/12/2023,1300,1400
3165671,18/12/2023 14:21,0,112.3,57.42,0,0,57376,18/12/2023 17:47,18/12/2023,1800,1900
3166262,18/12/2023 16:59,0,179.77,91.92,31.05,15.88,113809,18/12/2023 20:15,18/12/2023,2000,2100
3165041,18/12/2023 11:46,0,91.32,46.69,0,0,185388,18/12/2023 15:34,18/12/2023,1500,1600
3154889,15/12/2023 13:06,0,176.83,90.41,0,0,189990,18/12/2023 09:09,18/12/2023,900,1000
3164812,18/12/2023 10:44,0,1146.28,586.09,0,0,11401,18/12/2023 15:27,18/12/2023,1500,1600
3163339,17/12/2023 18:31,0,234.69,120,0,0,53033,18/12/2023 17:50,18/12/2023,1700,1800
3166121,18/12/2023 16:18,0,101.16,51.72,0,0,60627,18/12/2023 20:19,18/12/2023,2000,2100
3163033,17/12/2023 16:29,0,277.26,141.77,0,0,104427,18/12/2023 10:22,18/12/2023,1000,1100
3165990,18/12/2023 15:44,0,221.55,113.27,0,0,20785,18/12/2023 19:39,18/12/2023,1900,2000
3166074,18/12/2023 16:06,0,267.41,136.72,0,0,117503,18/12/2023 20:02,18/12/2023,2000,2100
3163949,17/12/2023 23:19,0,50.07,25.6,0,0,44039,18/12/2023 12:28,18/12/2023,1200,1300
3164316,18/12/2023 08:28,0,47.1,24.09,0,0,187910,18/12/2023 14:04,18/12/2023,1400,1500
3166348,18/12/2023 17:26,0,83.42,42.65,0,0,36975,18/12/2023 21:11,18/12/2023,2100,2200
3163117,17/12/2023 16:57,0,81.4,41.62,0,0,195757,18/12/2023 09:58,18/12/2023,900,1000
3165572,18/12/2023 14:00,0,100.45,51.36,0,0,17738,18/12/2023 17:15,18/12/2023,1700,1800
3164702,18/12/2023 10:19,0,189.95,97.12,0,0,111710,18/12/2023 17:16,18/12/2023,1700,1800
3167660,19/12/2023 09:16,0,261.05,133.48,0,0,44343,19/12/2023 13:23,19/12/2023,1300,1400
3167468,19/12/2023 08:07,0,61.51,31.45,2.23,1.15,18025,19/12/2023 16:11,19/12/2023,1600,1700
3167415,19/12/2023 07:17,0,177.73,90.88,0,0,54841,19/12/2023 11:58,19/12/2023,1100,1200
3168082,19/12/2023 11:00,0,114.06,58.32,0,0,145773,19/12/2023 14:05,19/12/2023,1400,1500
3168368,19/12/2023 12:01,0,117.68,60.17,0,0,43972,19/12/2023 15:29,19/12/2023,1500,1600
3169124,19/12/2023 15:09,0,98.22,50.22,9.23,4.72,124635,19/12/2023 17:24,19/12/2023,1700,1800
3169734,19/12/2023 18:07,1,108.94,55.7,20.19,10.33,207196,19/12/2023 21:06,19/12/2023,2100,2200
3166993,18/12/2023 22:12,0,152.83,78.14,0,0,26488,19/12/2023 11:31,19/12/2023,1100,1200
3169401,19/12/2023 16:22,0,74.29,37.99,0,0,118582,19/12/2023 19:55,19/12/2023,1900,2000
3167797,19/12/2023 09:53,0,53.99,27.61,0,0,65235,19/12/2023 13:54,19/12/2023,1300,1400
3169558,19/12/2023 17:06,0,94.23,48.17,0,0,8483,19/12/2023 20:24,19/12/2023,2000,2100
3169308,19/12/2023 15:54,0,212.01,108.4,0,0,160968,19/12/2023 19:10,19/12/2023,1900,2000
3165261,18/12/2023 12:43,0,193.54,98.95,0,0,148339,19/12/2023 14:59,19/12/2023,1500,1600
3168694,19/12/2023 13:30,0,187.62,95.93,0,0,46879,19/12/2023 19:22,19/12/2023,1900,2000
3170143,19/12/2023 21:09,0,249.96,127.8,0,0,141612,20/12/2023 13:57,20/12/2023,1300,1400
3171074,20/12/2023 09:48,0,142.44,72.83,0,0,126231,20/12/2023 19:29,20/12/2023,1900,2000
3170046,19/12/2023 20:22,0,127.53,65.2,0,0,107401,21/12/2023 14:13,21/12/2023,1400,1500
3181060,22/12/2023 16:10,0,159.1,81.34,0,0,65782,23/12/2023 10:31,23/12/2023,1100,1200
3184615,23/12/2023 11:48,0,80.11,40.96,0,0,196701,23/12/2023 16:07,23/12/2023,1600,1700
3178953,22/12/2023 09:42,0,142.87,73.05,0,0,146801,23/12/2023 10:40,23/12/2023,1000,1100
3187702,24/12/2023 02:54,0,158.24,80.91,0,0,81833,24/12/2023 12:48,24/12/2023,1300,1400
3189306,25/12/2023 19:01,0,164.35,84.03,0,0,122938,27/12/2023 10:59,27/12/2023,1100,1200
3195025,28/12/2023 11:50,0,142.04,72.63,0,0,76565,28/12/2023 16:50,28/12/2023,1700,1800
3197241,29/12/2023 00:13,1,167.17,85.47,0,0,208333,29/12/2023 12:42,29/12/2023,1200,1300
3196575,28/12/2023 19:01,0,145.76,74.53,0,0,68658,29/12/2023 17:48,29/12/2023,1800,1900
3197102,28/12/2023 23:00,0,112.08,57.31,0,0,71420,29/12/2023 17:59,29/12/2023,1800,1900
3198873,29/12/2023 13:53,0,96.09,49.13,0,0,205317,30/12/2023 09:37,30/12/2023,900,1000
3200945,29/12/2023 22:38,0,150.15,76.78,32.1,16.41,125536,30/12/2023 11:32,30/12/2023,1100,1200
3200487,29/12/2023 20:13,0,79.27,40.53,0,0,148161,30/12/2023 12:05,30/12/2023,1200,1300
3173264,20/12/2023 18:05,0,102.9,52.61,0,0,55690,20/12/2023 20:09,20/12/2023,2100,2200
3169421,19/12/2023 16:28,0,111.49,57,0,0,73625,20/12/2023 14:07,20/12/2023,1400,1500
3171254,20/12/2023 10:30,0,48.54,24.82,0,0,148117,20/12/2023 14:27,20/12/2023,1400,1500
3171643,20/12/2023 11:44,0,125.64,64.24,0,0,181359,20/12/2023 16:21,20/12/2023,1600,1700
3172734,20/12/2023 15:39,0,187.3,95.76,34.11,17.44,82870,20/12/2023 18:19,20/12/2023,1800,1900
3172153,20/12/2023 13:35,0,475.59,243.17,0,0,69845,20/12/2023 16:55,20/12/2023,1600,1700
3176064,21/12/2023 13:36,0,299.34,153.05,0,0,79460,21/12/2023 19:09,21/12/2023,1900,2000
3176557,21/12/2023 15:26,1,112.63,57.58,0,0,207517,21/12/2023 19:46,21/12/2023,2000,2100
3176604,21/12/2023 15:35,0,65.83,33.66,0,0,163077,21/12/2023 20:25,21/12/2023,2000,2100
3175057,21/12/2023 10:20,0,94.63,48.38,0,0,97905,21/12/2023 13:52,21/12/2023,1400,1500
3175140,21/12/2023 10:37,0,243.21,124.35,43.43,22.21,58693,21/12/2023 14:49,21/12/2023,1500,1600
3173251,20/12/2023 18:00,0,128.73,65.82,0,0,112338,21/12/2023 10:33,21/12/2023,1100,1200
3175026,21/12/2023 10:16,0,52.07,26.62,0,0,64156,21/12/2023 14:06,21/12/2023,1400,1500
3174289,21/12/2023 02:51,0,343.66,175.71,0,0,9123,21/12/2023 14:35,21/12/2023,1400,1500
3173718,20/12/2023 20:55,0,125.26,64.05,0,0,24506,21/12/2023 10:03,21/12/2023,1000,1100
3177527,21/12/2023 20:25,0,0,0,0,0,40357,22/12/2023 20:18,22/12/2023,2000,2100
3179895,22/12/2023 12:20,0,606.69,310.2,0,0,8096,22/12/2023 21:27,22/12/2023,2100,2200
3177027,21/12/2023 17:34,0,124.45,63.63,0,0,39753,22/12/2023 11:03,22/12/2023,1100,1200
3178782,22/12/2023 09:11,0,381.38,195,0,0,79564,22/12/2023 18:00,22/12/2023,1800,1900
3177994,21/12/2023 22:42,0,112.99,57.77,0,0,137845,22/12/2023 12:51,22/12/2023,1200,1300
3179772,22/12/2023 11:57,0,92.65,47.37,0,0,201567,22/12/2023 18:54,22/12/2023,1900,2000
3176711,21/12/2023 16:02,0,33.09,16.92,0,0,128025,22/12/2023 14:30,22/12/2023,1400,1500
3178742,22/12/2023 09:03,0,131.07,67.01,12.84,6.57,57111,22/12/2023 14:46,22/12/2023,1400,1500
3176284,21/12/2023 14:27,0,318.89,163.04,0,0,120373,22/12/2023 15:58,22/12/2023,1600,1700
3178116,21/12/2023 23:29,0,73.28,37.47,0,0,31061,22/12/2023 13:57,22/12/2023,1300,1400
3175893,21/12/2023 12:55,0,145.25,74.26,0,0,8142,22/12/2023 14:12,22/12/2023,1400,1500
3178993,22/12/2023 09:51,0,77.26,39.5,0,0,125945,22/12/2023 15:42,22/12/2023,1500,1600
3179358,22/12/2023 10:54,0,90.01,46.02,0,0,38425,22/12/2023 18:25,22/12/2023,1800,1900
3178865,22/12/2023 09:26,0,220.9,112.94,0,0,194938,22/12/2023 15:43,22/12/2023,1600,1700
3179797,22/12/2023 12:01,0,320.26,163.74,65.28,33.38,155561,22/12/2023 19:20,22/12/2023,1900,2000
3181438,22/12/2023 17:30,0,124.05,63.43,0,0,89591,23/12/2023 13:36,23/12/2023,1300,1400
3183341,23/12/2023 08:02,0,118.88,60.78,0,0,9295,23/12/2023 18:57,23/12/2023,1900,2000
3183802,23/12/2023 09:52,1,84.11,43.01,0,0,207779,23/12/2023 17:30,23/12/2023,1700,1800
3183283,23/12/2023 07:30,0,108.71,55.58,0,0,45186,23/12/2023 15:28,23/12/2023,1600,1700
3185014,23/12/2023 12:47,0,200.31,102.42,0,0,131315,23/12/2023 21:39,23/12/2023,2200,2300
3171190,20/12/2023 10:16,0,167.9,85.84,37.42,19.13,8603,23/12/2023 08:06,23/12/2023,800,900
3174661,21/12/2023 08:58,0,270.61,138.36,0,0,95766,23/12/2023 14:59,23/12/2023,1500,1600
3184553,23/12/2023 11:41,0,95.54,48.85,0,0,74922,23/12/2023 20:59,23/12/2023,2000,2100
3180136,22/12/2023 13:02,0,175.56,89.77,0,0,100015,23/12/2023 09:31,23/12/2023,900,1000
3180628,22/12/2023 14:41,0,65.37,33.42,0,0,49902,23/12/2023 08:44,23/12/2023,900,1000
3180640,22/12/2023 14:44,0,453.37,231.8,79.94,40.87,32815,23/12/2023 10:44,23/12/2023,1000,1100
3182811,22/12/2023 23:14,0,84.98,43.45,0,0,111293,23/12/2023 12:46,23/12/2023,1500,1600
3183037,23/12/2023 01:12,0,94.87,48.5,0,0,28637,23/12/2023 16:52,23/12/2023,1700,1800
3185934,23/12/2023 15:27,0,267.89,136.97,0,0,7952,23/12/2023 19:54,23/12/2023,1900,2000
3181542,22/12/2023 17:51,0,153.78,78.63,0,0,61285,23/12/2023 17:03,23/12/2023,1700,1800
3180155,22/12/2023 13:04,0,121.77,62.26,11.13,5.7,61600,23/12/2023 08:54,23/12/2023,900,1000
3180976,22/12/2023 15:50,0,62.39,31.9,0,0,178482,23/12/2023 12:11,23/12/2023,1200,1300
3184136,23/12/2023 10:43,0,170.13,86.98,53.97,27.6,61631,23/12/2023 19:24,23/12/2023,1900,2000
3177689,21/12/2023 21:17,0,67.91,34.72,0,0,94149,23/12/2023 09:21,23/12/2023,900,1000
3180429,22/12/2023 13:56,0,118.91,60.8,0,0,187765,23/12/2023 07:45,23/12/2023,800,900
3180426,22/12/2023 13:56,0,114.73,58.66,0,0,69661,23/12/2023 08:33,23/12/2023,900,1000
3183264,23/12/2023 07:12,0,199.02,101.76,41.45,21.2,107770,23/12/2023 15:43,23/12/2023,1600,1700
3181524,22/12/2023 17:47,0,245.18,125.36,0,0,45206,23/12/2023 17:13,23/12/2023,1700,1800
3183134,23/12/2023 03:29,0,291.55,149.07,0,0,26669,23/12/2023 15:15,23/12/2023,1500,1600
3187990,24/12/2023 09:18,0,166.98,85.37,0,0,19967,24/12/2023 12:28,24/12/2023,1200,1300
3179282,22/12/2023 10:42,1,122.4,62.58,0,0,207630,24/12/2023 10:57,24/12/2023,1100,1200
3185634,23/12/2023 14:31,1,60.43,30.9,0,0,206958,24/12/2023 09:01,24/12/2023,900,1000
3186823,23/12/2023 18:48,0,114.19,58.38,0,0,78418,24/12/2023 13:56,24/12/2023,1300,1400
3188420,24/12/2023 11:27,0,214.41,109.63,0,0,45135,24/12/2023 15:49,24/12/2023,1600,1700
3187721,24/12/2023 03:15,1,122,62.38,0,0,207902,24/12/2023 15:35,24/12/2023,1500,1600
3185765,23/12/2023 14:57,0,421.13,215.32,0,0,165198,24/12/2023 09:15,24/12/2023,900,1000
3185833,23/12/2023 15:07,0,199,101.75,0,0,181636,24/12/2023 09:58,24/12/2023,1000,1100
3188243,24/12/2023 10:34,0,67.51,34.51,10.9,5.57,110349,24/12/2023 16:51,24/12/2023,1600,1700
3182037,22/12/2023 19:36,0,129.82,66.37,0,0,21287,24/12/2023 10:58,24/12/2023,1100,1200
3186034,23/12/2023 15:46,0,76.24,38.98,0,0,36443,24/12/2023 08:41,24/12/2023,900,1000
3185377,23/12/2023 13:42,0,131.9,67.44,1.47,0.75,113206,24/12/2023 12:57,24/12/2023,1300,1400
3185088,23/12/2023 12:57,0,131.73,67.36,0,0,9167,24/12/2023 08:58,24/12/2023,900,1000
3184200,23/12/2023 10:54,0,44.95,22.98,0,0,203981,24/12/2023 10:06,24/12/2023,1000,1100
3186048,23/12/2023 15:49,0,86.01,43.98,0,0,44959,24/12/2023 11:39,24/12/2023,1100,1200
3186727,23/12/2023 18:18,0,166.53,85.15,0,0,24171,24/12/2023 13:49,24/12/2023,1300,1400
3191141,26/12/2023 18:14,0,337.57,172.59,0,0,22910,26/12/2023 20:48,26/12/2023,2000,2100
3189549,25/12/2023 23:18,0,134.84,68.94,0,0,175946,26/12/2023 12:27,26/12/2023,1200,1300
3189882,26/12/2023 09:45,0,139.28,71.21,40.35,20.63,65235,26/12/2023 13:02,26/12/2023,1400,1500
3190714,26/12/2023 15:04,0,111.77,57.15,0,0,161357,26/12/2023 17:44,26/12/2023,1700,1800
3189376,25/12/2023 20:08,0,91.73,46.9,0,0,105570,26/12/2023 12:27,26/12/2023,1200,1300
3189389,25/12/2023 20:19,0,71.33,36.47,0,0,9851,26/12/2023 12:40,26/12/2023,1200,1300
3190301,26/12/2023 12:26,0,119.08,60.89,0,0,80677,26/12/2023 15:13,26/12/2023,1500,1600
3189059,25/12/2023 14:09,0,70.52,36.06,0,0,7627,26/12/2023 10:29,26/12/2023,1000,1100
3189008,25/12/2023 12:12,0,410.2,209.73,0,0,31173,26/12/2023 10:08,26/12/2023,1000,1100
3191323,26/12/2023 19:50,0,107.04,54.73,0,0,123642,27/12/2023 10:14,27/12/2023,1000,1100
3192224,27/12/2023 11:09,0,237.27,121.32,19,9.71,117775,27/12/2023 14:36,27/12/2023,1400,1500
3192143,27/12/2023 10:45,0,137.99,70.55,0,0,58473,27/12/2023 15:56,27/12/2023,1600,1700
3193315,27/12/2023 16:47,0,174.26,89.1,0,0,43327,27/12/2023 19:31,27/12/2023,1900,2000
3191578,26/12/2023 23:30,0,171.55,87.71,0,0,18612,27/12/2023 11:34,27/12/2023,1100,1200
3193164,27/12/2023 15:51,0,42.91,21.94,0,0,75441,27/12/2023 18:14,27/12/2023,1800,1900
3193300,27/12/2023 16:42,0,224.4,114.73,0,0,12926,27/12/2023 19:46,27/12/2023,1900,2000
3191605,26/12/2023 23:52,0,91.81,46.94,0,0,94832,27/12/2023 17:08,27/12/2023,1800,1900
3192706,27/12/2023 13:32,1,31.12,15.91,0,0,208145,27/12/2023 19:03,27/12/2023,1900,2000
3191507,26/12/2023 22:16,0,196.39,100.41,0,0,88358,27/12/2023 10:13,27/12/2023,1000,1100
3191058,26/12/2023 17:28,0,89.02,45.51,0,0,169518,27/12/2023 09:18,27/12/2023,900,1000
3191991,27/12/2023 09:56,0,198.32,101.4,0,0,203959,27/12/2023 12:05,27/12/2023,1200,1300
3195658,28/12/2023 14:32,0,123.2,62.99,18.71,9.56,14976,28/12/2023 17:13,28/12/2023,1700,1800
3196555,28/12/2023 18:54,0,42.34,21.65,0,0,105486,28/12/2023 21:53,28/12/2023,2200,2300
3193733,27/12/2023 20:22,0,123.51,63.15,0,0,120134,28/12/2023 09:58,28/12/2023,1000,1100
3194813,28/12/2023 10:58,0,44.51,22.75,0,0,206404,28/12/2023 12:56,28/12/2023,1300,1400
3196492,28/12/2023 18:36,0,143.16,73.2,0,0,117654,28/12/2023 22:55,28/12/2023,2200,2300
3194699,28/12/2023 10:30,0,218.52,111.73,0,0,154177,28/12/2023 15:12,28/12/2023,1500,1600
3193750,27/12/2023 20:35,1,124.09,63.44,0,0,208192,28/12/2023 20:22,28/12/2023,2000,2100
3195780,28/12/2023 15:03,0,58.93,30.13,0,0,87644,28/12/2023 19:56,28/12/2023,2000,2100
3195521,28/12/2023 14:00,1,62.37,31.89,0,0,208258,28/12/2023 18:25,28/12/2023,1800,1900
3194971,28/12/2023 11:35,0,137.48,70.29,7.67,3.92,204696,28/12/2023 14:39,28/12/2023,1400,1500
3193854,27/12/2023 21:29,0,160.86,82.24,0,0,40822,28/12/2023 08:50,28/12/2023,800,900
3194421,28/12/2023 09:07,0,106.8,54.61,0,0,10157,28/12/2023 11:44,28/12/2023,1200,1300
3195622,28/12/2023 14:24,0,99.38,50.81,0,0,78151,28/12/2023 18:58,28/12/2023,1900,2000
3199150,29/12/2023 14:48,0,113.31,57.93,0,0,184173,29/12/2023 18:31,29/12/2023,1800,1900
3197540,29/12/2023 08:32,0,168.58,86.19,0,0,40757,29/12/2023 13:01,29/12/2023,1300,1400
3198994,29/12/2023 14:17,0,106.35,54.38,0,0,61365,29/12/2023 17:20,29/12/2023,1700,1800
3196180,28/12/2023 16:56,0,142.26,72.73,0,0,42611,29/12/2023 10:55,29/12/2023,1100,1200
3196836,28/12/2023 21:02,0,173.61,88.77,0,0,165898,29/12/2023 11:15,29/12/2023,1100,1200
3197027,28/12/2023 22:27,0,52.94,27.07,0,0,43132,29/12/2023 11:59,29/12/2023,1200,1300
3198130,29/12/2023 11:22,0,224.57,114.82,0,0,166011,29/12/2023 17:59,29/12/2023,1800,1900
3198851,29/12/2023 13:48,0,326.15,166.75,0,0,30529,29/12/2023 16:48,29/12/2023,1600,1700
3194819,28/12/2023 10:59,0,142.13,72.67,0,0,101937,29/12/2023 10:00,29/12/2023,1000,1100
3197880,29/12/2023 10:25,0,125.18,64,0,0,194121,29/12/2023 15:02,29/12/2023,1500,1600
3199799,29/12/2023 17:01,0,257.92,131.87,0,0,30532,29/12/2023 21:27,29/12/2023,2100,2200
3198696,29/12/2023 13:14,0,41.04,20.98,0,0,130436,29/12/2023 16:02,29/12/2023,1600,1700
3198056,29/12/2023 11:06,0,86,43.97,0,0,38425,29/12/2023 13:40,29/12/2023,1400,1500
3197176,28/12/2023 23:37,0,359.44,183.78,0,0,169056,29/12/2023 11:00,29/12/2023,1100,1200
3196982,28/12/2023 22:08,0,181.11,92.6,60.62,30.99,7931,29/12/2023 10:53,29/12/2023,1000,1100
3197864,29/12/2023 10:22,0,188.37,96.31,0,0,7927,29/12/2023 11:51,29/12/2023,1300,1400
3197464,29/12/2023 07:46,0,163.27,83.47,0,0,111814,29/12/2023 19:29,29/12/2023,1900,2000
3196088,28/12/2023 16:27,0,60.03,30.69,0,0,27357,29/12/2023 09:05,29/12/2023,900,1000
3198394,29/12/2023 12:18,0,283.83,145.12,25.94,13.26,30116,29/12/2023 15:55,29/12/2023,1500,1600
3199609,29/12/2023 16:22,0,122.97,62.87,0,0,52292,29/12/2023 20:52,29/12/2023,2000,2100
3197456,29/12/2023 07:32,0,55.58,28.42,0,0,49741,29/12/2023 11:40,29/12/2023,1200,1300
3197641,29/12/2023 09:25,1,65.4,33.43,0,0,208352,29/12/2023 12:11,29/12/2023,1200,1300
3199507,29/12/2023 16:05,0,182.62,93.37,0,0,59473,29/12/2023 20:00,29/12/2023,2000,2100
3199543,29/12/2023 16:11,0,290.92,148.75,0,0,8414,29/12/2023 20:30,29/12/2023,2000,2100
3202851,30/12/2023 12:32,0,96.51,49.34,0,0,79508,30/12/2023 15:25,30/12/2023,1500,1600
3202640,30/12/2023 12:00,0,113.25,57.91,0,0,183713,30/12/2023 18:25,30/12/2023,1800,1900
3203666,30/12/2023 14:35,0,234.01,119.65,0,0,70714,30/12/2023 18:14,30/12/2023,1900,2000
3204179,30/12/2023 15:56,0,114.56,58.57,0,0,205098,30/12/2023 20:50,30/12/2023,2000,2100
3204431,30/12/2023 16:34,0,169.32,86.57,30.46,15.58,124767,30/12/2023 21:05,30/12/2023,2100,2200
3204110,30/12/2023 15:45,0,80.47,41.14,0,0,100808,30/12/2023 19:48,30/12/2023,2000,2100
3204221,30/12/2023 16:03,0,120.8,61.77,0,0,7843,30/12/2023 19:01,30/12/2023,1900,2000
3202244,30/12/2023 10:57,0,129.52,66.22,0,0,45186,30/12/2023 14:43,30/12/2023,1400,1500
3202371,30/12/2023 11:17,0,147.69,75.51,0,0,146227,30/12/2023 13:57,30/12/2023,1400,1500
3201191,30/12/2023 00:28,0,140.49,71.82,0,0,17111,30/12/2023 18:10,30/12/2023,1800,1900
3201699,30/12/2023 09:18,0,217,110.95,0,0,32020,30/12/2023 18:52,30/12/2023,1800,1900
3203517,30/12/2023 14:09,0,114.73,58.66,0,0,97021,30/12/2023 18:25,30/12/2023,1800,1900
3202930,30/12/2023 12:44,0,185.98,95.09,0,0,137466,30/12/2023 15:09,30/12/2023,1500,1600
3203314,30/12/2023 13:38,0,92.33,47.2,0,0,30923,30/12/2023 18:08,30/12/2023,1900,2000
3202301,30/12/2023 11:06,0,135.82,69.44,0,0,33499,30/12/2023 14:28,30/12/2023,1400,1500
3203848,30/12/2023 15:00,0,131.68,67.32,0,0,91638,30/12/2023 20:34,30/12/2023,2000,2100
3205986,30/12/2023 23:51,0,207.01,105.84,0,0,57143,31/12/2023 12:08,31/12/2023,1200,1300
3204744,30/12/2023 17:38,0,264.79,135.38,18.28,9.34,50154,31/12/2023 08:21,31/12/2023,800,900
3199576,29/12/2023 16:17,0,28.37,14.5,0,0,8506,31/12/2023 17:52,31/12/2023,1800,1900
3206270,31/12/2023 05:40,0,36.9,18.86,0,0,11053,31/12/2023 14:12,31/12/2023,1400,1500
3205090,30/12/2023 18:51,0,121.26,62,0,0,207099,31/12/2023 11:02,31/12/2023,1100,1200
3205927,30/12/2023 23:22,0,71.18,36.4,0,0,59148,31/12/2023 12:51,31/12/2023,1200,1300
3203122,30/12/2023 13:11,0,159.05,81.32,0,0,76838,31/12/2023 10:12,31/12/2023,1000,1100
3206437,31/12/2023 08:54,0,861.19,440.32,75.29,38.5,106205,31/12/2023 13:17,31/12/2023,1300,1400
3207242,31/12/2023 12:37,0,76.08,38.9,0,0,131144,31/12/2023 15:31,31/12/2023,1600,1700
3207442,31/12/2023 13:46,0,92.21,47.15,0,0,13936,31/12/2023 17:20,31/12/2023,1700,1800
3205056,30/12/2023 18:43,0,403.67,206.39,45.96,23.5,130817,31/12/2023 18:30,31/12/2023,1800,1900
3181527,22/12/2023 17:47,0,259.48,132.67,0,0,182289,23/12/2023 11:40,23/12/2023,1200,1300
3186653,23/12/2023 18:03,0,284.91,145.67,0,0,14315,24/12/2023 13:16,24/12/2023,1300,1400
3201242,30/12/2023 00:50,0,114.63,58.61,0,0,97086,30/12/2023 12:45,30/12/2023,1200,1300
3201233,30/12/2023 00:46,0,190.2,97.25,0,0,82899,30/12/2023 13:08,30/12/2023,1300,1400
3205564,30/12/2023 21:13,0,31.51,16.11,0,0,196091,31/12/2023 16:12,31/12/2023,1600,1700
2863091,5/9/2023 18:06,0,89.71,45.87,0,0,183299,5/9/2023 21:00,5/9/2023,2000,2100
2886506,15/9/2023 13:05,0,76.62,39.18,0,0,8127,15/9/2023 19:00,15/9/2023,1800,1900
2945889,8/10/2023 09:29,0,253.83,129.78,0,0,69108,8/10/2023 14:01,8/10/2023,1300,1400
3099395,28/11/2023 14:31,0,77.09,39.42,0,0,86252,28/11/2023 21:00,28/11/2023,2000,2100
2301945,17/1/2023 19:40,0,165.54,84.64,0,0,9571,18/1/2023 10:01,18/1/2023,900,1000
2368908,11/2/2023 13:51,0,59.79,30.57,0,0,34039,11/2/2023 17:01,11/2/2023,1600,1700
2399937,23/2/2023 15:46,0,64.2,32.82,0,0,73380,23/2/2023 19:01,23/2/2023,1800,1900
2400937,24/2/2023 00:34,0,115.68,59.15,0,0,145784,24/2/2023 19:01,24/2/2023,1800,1900
2427938,6/3/2023 11:43,0,177.25,90.63,0,0,10154,8/3/2023 20:01,8/3/2023,1900,2000
2432484,8/3/2023 08:54,0,43.25,22.11,0,0,25586,8/3/2023 13:01,8/3/2023,1200,1300
2455574,16/3/2023 20:53,0,142.06,72.63,0,0,23463,17/3/2023 10:01,17/3/2023,900,1000
2538517,18/4/2023 14:53,0,90.31,46.17,0,0,29192,18/4/2023 21:01,18/4/2023,2000,2100
2910892,25/9/2023 08:32,0,55.42,28.34,0,0,11618,25/9/2023 13:01,25/9/2023,1200,1300
3002574,28/10/2023 12:55,0,58.9,30.12,0,0,105877,28/10/2023 16:01,28/10/2023,1500,1600
3084220,24/11/2023 13:11,0,47.82,24.45,0,0,8557,24/11/2023 20:01,24/11/2023,1900,2000
2310187,20/1/2023 22:55,0,37.35,19.1,0,0,9500,21/1/2023 11:02,21/1/2023,1000,1100
2365675,10/2/2023 11:18,0,159.27,81.43,14.04,7.18,37300,10/2/2023 19:02,10/2/2023,1800,1900
2439206,10/3/2023 17:37,0,113.06,57.81,0,0,47651,10/3/2023 21:02,10/3/2023,2000,2100
2558336,26/4/2023 14:00,0,126.98,64.93,0,0,73121,26/4/2023 19:02,26/4/2023,1800,1900
2637122,28/5/2023 17:24,0,157.03,80.29,0,0,132195,29/5/2023 16:02,29/5/2023,1500,1600
2643211,31/5/2023 13:34,0,114.23,58.4,0,0,107640,31/5/2023 18:02,31/5/2023,1700,1800
2678928,15/6/2023 12:24,0,167.94,85.87,0,0,144248,15/6/2023 16:02,15/6/2023,1500,1600
2763956,23/7/2023 23:16,0,138.36,70.74,0,0,36449,24/7/2023 12:02,24/7/2023,1100,1200
2814879,15/8/2023 23:14,0,81.63,41.74,0,0,79446,16/8/2023 15:05,16/8/2023,1400,1500
2842902,28/8/2023 10:20,0,81.59,41.71,0,0,32302,28/8/2023 14:02,28/8/2023,1300,1400
2950384,9/10/2023 16:04,0,131.06,67,0,0,64732,9/10/2023 20:02,9/10/2023,1900,2000
2961301,13/10/2023 17:02,1,202.75,103.67,0,0,197349,13/10/2023 21:02,13/10/2023,2000,2100
3021156,3/11/2023 21:41,0,118.92,60.81,0,0,118236,4/11/2023 11:02,4/11/2023,1000,1100
2482211,27/3/2023 13:52,0,134.18,68.6,0,0,146581,27/3/2023 18:03,27/3/2023,1700,1800
2485601,28/3/2023 16:25,0,52.44,26.82,0,0,49110,28/3/2023 20:03,28/3/2023,1900,2000
2484677,28/3/2023 12:04,0,134.67,68.86,0,0,133775,28/3/2023 17:03,28/3/2023,1600,1700
2538975,18/4/2023 17:18,0,152.7,78.08,5.36,2.74,175512,18/4/2023 22:03,18/4/2023,2100,2200
2599330,13/5/2023 10:01,0,195.02,99.71,45.18,23.1,101534,13/5/2023 17:03,13/5/2023,1600,1700
2619321,21/5/2023 09:18,0,87.46,44.72,0,0,14260,21/5/2023 12:03,21/5/2023,1100,1200
2766323,25/7/2023 01:53,0,235.62,120.47,0,0,70648,25/7/2023 15:03,25/7/2023,1400,1500
2769274,26/7/2023 12:08,0,42.23,21.59,0,0,29218,26/7/2023 15:03,26/7/2023,1400,1500
2839981,26/8/2023 21:23,0,183.75,93.95,0,0,108724,27/8/2023 12:03,27/8/2023,1100,1200
2916507,27/9/2023 10:00,0,88.51,45.25,0,0,72774,27/9/2023 13:03,27/9/2023,1200,1300
3014012,1/11/2023 14:54,0,126.42,64.63,0,0,68890,1/11/2023 21:03,1/11/2023,2000,2100
3157646,16/12/2023 10:11,0,177.34,90.68,0,0,90880,16/12/2023 18:03,16/12/2023,1700,1800
2312384,21/1/2023 17:58,0,123.89,63.35,0,0,8015,21/1/2023 22:04,21/1/2023,2100,2200
2322823,25/1/2023 19:15,0,147.26,75.29,0,0,8060,26/1/2023 18:05,26/1/2023,1700,1800
2334454,29/1/2023 21:20,0,82.68,42.28,0,0,24797,30/1/2023 10:04,30/1/2023,900,1000
2356039,6/2/2023 19:19,0,133.14,68.07,0,0,70224,7/2/2023 12:04,7/2/2023,1100,1200
2613422,18/5/2023 15:40,0,282.24,144.3,0,0,155225,18/5/2023 19:04,18/5/2023,1800,1900
2684928,17/6/2023 16:19,0,105.75,54.07,26.35,13.47,49072,17/6/2023 21:05,17/6/2023,2000,2100
2711934,30/6/2023 11:02,0,165.85,84.8,0,0,55754,30/6/2023 15:04,30/6/2023,1400,1500
2726009,6/7/2023 17:14,0,141.86,72.53,0,0,137810,6/7/2023 21:04,6/7/2023,2000,2100
2783014,1/8/2023 16:54,0,97.88,50.05,0,0,170650,1/8/2023 21:05,1/8/2023,2000,2100
2825233,20/8/2023 15:23,0,114.82,58.7,0,0,104449,20/8/2023 19:04,20/8/2023,1800,1900
3095424,27/11/2023 12:33,0,84.11,43,0,0,65910,27/11/2023 21:04,27/11/2023,2000,2100
3164725,18/12/2023 10:26,0,457.85,234.1,0,0,204696,18/12/2023 15:04,18/12/2023,1400,1500
2263583,2/1/2023 13:58,0,132.46,67.73,0,0,69003,2/1/2023 21:06,2/1/2023,2000,2100
2323060,25/1/2023 21:42,0,150.35,76.87,55.89,28.58,10005,26/1/2023 12:06,26/1/2023,1100,1200
2333040,29/1/2023 12:48,0,177.54,90.77,0,0,78679,29/1/2023 17:05,29/1/2023,1600,1700
2351108,5/2/2023 09:43,0,157.23,80.39,0,0,23850,5/2/2023 15:05,5/2/2023,1400,1500
2352144,5/2/2023 13:04,0,264.03,134.99,0,0,54547,5/2/2023 19:05,5/2/2023,1800,1900
2398776,23/2/2023 09:17,0,72.53,37.09,0,0,28950,23/2/2023 12:05,23/2/2023,1100,1200
2418333,2/3/2023 15:48,0,88.54,45.27,2.25,1.15,15511,2/3/2023 20:05,2/3/2023,1900,2000
2508154,6/4/2023 08:09,0,93.38,47.74,27.16,13.89,11417,6/4/2023 12:05,6/4/2023,1100,1200
2613723,18/5/2023 17:21,0,112.03,57.28,0,0,52972,18/5/2023 22:06,18/5/2023,2100,2200
2660294,7/6/2023 14:58,0,289.51,148.03,7.22,3.7,77214,8/6/2023 11:05,8/6/2023,1000,1100
2743547,14/7/2023 17:58,0,171.08,87.48,0,0,57957,14/7/2023 21:05,14/7/2023,2000,2100
2785180,2/8/2023 16:39,0,112.06,57.29,0,0,39496,2/8/2023 20:05,2/8/2023,1900,2000
2913647,26/9/2023 05:38,0,76.4,39.06,0,0,71345,26/9/2023 16:05,26/9/2023,1500,1600
2899463,20/9/2023 13:42,0,298.37,152.55,0,0,43322,20/9/2023 17:05,20/9/2023,1600,1700
2947837,8/10/2023 16:55,0,75.64,38.67,28.38,14.51,29501,8/10/2023 22:05,8/10/2023,2100,2200
3030766,7/11/2023 08:10,0,119.81,61.26,0,0,46983,7/11/2023 12:05,7/11/2023,1100,1200
3035250,8/11/2023 15:06,0,120.54,61.63,0,0,76785,8/11/2023 20:05,8/11/2023,1900,2000
3157939,16/12/2023 11:05,0,178.49,91.26,9.27,4.74,40744,16/12/2023 16:05,16/12/2023,1500,1600
2275792,7/1/2023 15:34,0,70.01,35.79,0,0,66386,7/1/2023 20:06,7/1/2023,1900,2000
2276091,7/1/2023 17:11,0,85.48,43.71,0,0,57909,7/1/2023 21:06,7/1/2023,2000,2100
2306055,19/1/2023 13:51,0,288.26,147.38,0,0,114983,19/1/2023 18:06,19/1/2023,1700,1800
2323032,25/1/2023 21:32,0,83.87,42.88,0,0,20910,26/1/2023 10:06,26/1/2023,900,1000
2360887,8/2/2023 14:43,0,129.35,66.14,0,0,126281,8/2/2023 19:06,8/2/2023,1800,1900
2444332,12/3/2023 14:23,0,223.77,114.41,0,0,154021,12/3/2023 18:06,12/3/2023,1700,1800
2580576,5/5/2023 15:15,0,65.54,33.51,0,0,86380,5/5/2023 20:06,5/5/2023,1900,2000
2621680,22/5/2023 08:27,0,31.05,15.88,0,0,11709,22/5/2023 12:06,22/5/2023,1100,1200
2630988,26/5/2023 10:41,0,41.69,21.32,0,0,9888,26/5/2023 14:06,26/5/2023,1300,1400
2674869,13/6/2023 16:06,0,99.72,50.99,0,0,32261,13/6/2023 20:07,13/6/2023,1900,2000
2740860,13/7/2023 15:26,0,198.67,101.58,0,0,60899,13/7/2023 18:06,13/7/2023,1700,1800
3022317,4/11/2023 10:50,0,116.18,59.41,0,0,10386,4/11/2023 16:06,4/11/2023,1500,1600
3022144,4/11/2023 10:22,1,41.09,21.01,0,0,200053,4/11/2023 16:06,4/11/2023,1500,1600
3182664,22/12/2023 22:19,0,46.8,23.93,0,0,143693,23/12/2023 15:06,23/12/2023,1400,1500
2303592,18/1/2023 14:18,0,40.68,20.8,0,0,77964,18/1/2023 18:08,18/1/2023,1700,1800
2324827,26/1/2023 15:02,0,134.92,68.98,0,0,8876,26/1/2023 18:07,26/1/2023,1700,1800
2425976,5/3/2023 14:57,0,117.92,60.29,0,0,43638,5/3/2023 19:07,5/3/2023,1800,1900
2686074,18/6/2023 08:46,0,147.66,75.49,0,0,154595,18/6/2023 17:07,18/6/2023,1600,1700
2712344,30/6/2023 13:44,0,87.17,44.57,0,0,23883,30/6/2023 17:07,30/6/2023,1600,1700
2837808,25/8/2023 21:31,0,119.23,60.96,0,0,161216,26/8/2023 10:07,26/8/2023,900,1000
2953132,10/10/2023 16:12,0,109.02,55.74,0,0,162719,10/10/2023 20:07,10/10/2023,1900,2000
3013413,1/11/2023 12:05,0,168.22,86.01,0,0,44675,1/11/2023 19:07,1/11/2023,1800,1900
3076005,21/11/2023 17:40,0,98.19,50.2,0,0,146138,22/11/2023 20:07,22/11/2023,1900,2000
3084147,24/11/2023 12:54,0,49.83,25.48,0,0,8024,24/11/2023 16:07,24/11/2023,1500,1600
3199848,29/12/2023 17:10,0,109.43,55.95,0,0,50579,29/12/2023 22:07,29/12/2023,2100,2200
2278834,8/1/2023 20:17,0,72.86,37.25,0,0,143120,9/1/2023 11:08,9/1/2023,1000,1100
2293558,14/1/2023 14:56,0,125.06,63.95,0,0,118899,14/1/2023 19:08,14/1/2023,1800,1900
2324246,26/1/2023 12:16,0,148.36,75.86,2.75,1.4,155918,26/1/2023 19:08,26/1/2023,1800,1900
2439125,10/3/2023 17:06,0,46.5,23.78,0,0,39201,10/3/2023 21:08,10/3/2023,2000,2100
2442961,12/3/2023 06:39,0,126.84,64.85,0,0,38930,12/3/2023 13:08,12/3/2023,1200,1300
2538125,18/4/2023 13:11,0,131.77,67.38,0,0,40190,18/4/2023 17:08,18/4/2023,1600,1700
2795591,7/8/2023 11:10,0,101.31,51.8,0,0,39139,8/8/2023 09:08,8/8/2023,800,900
2866806,7/9/2023 13:07,0,89.5,45.76,0,0,150872,7/9/2023 16:08,7/9/2023,1500,1600
2882563,13/9/2023 19:59,0,117.13,59.89,0,0,131791,14/9/2023 19:08,14/9/2023,1800,1900
2916319,27/9/2023 08:45,0,82.74,42.31,0,0,194121,27/9/2023 12:08,27/9/2023,1100,1200
2974590,18/10/2023 11:17,0,129.44,66.18,0,0,24177,18/10/2023 19:08,18/10/2023,1800,1900
2979622,20/10/2023 06:02,0,154.35,78.92,0,0,91492,20/10/2023 19:08,20/10/2023,1800,1900
3061743,17/11/2023 11:18,0,86.45,44.2,0,0,143668,17/11/2023 16:08,17/11/2023,1500,1600
3072442,20/11/2023 14:19,0,46.73,23.89,0,0,100810,20/11/2023 19:08,20/11/2023,1800,1900
3080433,23/11/2023 10:52,0,63.32,32.38,0,0,179706,23/11/2023 15:08,23/11/2023,1400,1500
2303244,18/1/2023 12:34,0,261.16,133.53,0,0,10301,18/1/2023 16:09,18/1/2023,1500,1600
2318748,24/1/2023 10:31,0,95,48.57,0,0,54609,24/1/2023 19:09,24/1/2023,1800,1900
2362194,9/2/2023 04:30,0,101.89,52.09,0,0,108244,9/2/2023 19:09,9/2/2023,1800,1900
2365383,10/2/2023 09:59,0,116.04,59.33,11.17,5.71,57834,10/2/2023 14:09,10/2/2023,1300,1400
2367179,10/2/2023 19:24,0,134.85,68.94,0,0,81400,11/2/2023 21:09,11/2/2023,2000,2100
2543896,20/4/2023 16:04,0,119.42,61.06,0,0,94330,21/4/2023 11:09,21/4/2023,1000,1100
2633619,27/5/2023 12:28,0,232.52,118.88,28.17,14.4,59112,27/5/2023 16:09,27/5/2023,1500,1600
2641512,30/5/2023 15:43,0,41.15,21.04,0,0,41552,30/5/2023 19:09,30/5/2023,1800,1900
2835500,24/8/2023 21:01,0,93.61,47.86,0,0,138805,25/8/2023 13:09,25/8/2023,1200,1300
2859156,4/9/2023 11:04,0,143.02,73.12,0,0,178167,4/9/2023 18:09,4/9/2023,1700,1800
2936637,4/10/2023 18:09,0,86.73,44.34,46.37,23.71,20341,4/10/2023 21:09,4/10/2023,2000,2100
3099329,28/11/2023 14:19,0,163.62,83.66,0,0,46102,28/11/2023 20:09,28/11/2023,1900,2000
2369719,11/2/2023 17:32,0,249.99,127.82,0,0,53605,12/2/2023 11:10,12/2/2023,1000,1100
2399996,23/2/2023 16:09,0,776.43,396.98,0,0,65097,24/2/2023 09:10,24/2/2023,800,900
2597256,12/5/2023 11:47,1,61.83,31.61,0,0,182224,12/5/2023 15:10,12/5/2023,1400,1500
2660911,7/6/2023 20:20,0,36.27,18.55,0,0,173832,8/6/2023 09:11,8/6/2023,800,900
2879635,12/9/2023 15:58,0,119.79,61.25,0,0,130350,12/9/2023 19:10,12/9/2023,1800,1900
2879394,12/9/2023 14:48,0,134.98,69.01,0,0,43880,12/9/2023 18:10,12/9/2023,1700,1800
3094797,27/11/2023 10:39,0,179.26,91.65,0,0,200432,27/11/2023 18:10,27/11/2023,1700,1800
3098992,28/11/2023 13:12,0,132.36,67.67,0,0,185772,28/11/2023 18:10,28/11/2023,1700,1800
3117519,4/12/2023 05:36,0,53.49,27.35,0,0,20089,4/12/2023 13:10,4/12/2023,1200,1300
3175389,21/12/2023 11:15,0,137.03,70.06,0,0,63555,21/12/2023 16:10,21/12/2023,1500,1600
2280147,9/1/2023 13:12,1,59.77,30.56,0,0,168540,9/1/2023 20:11,9/1/2023,1900,2000
2287360,12/1/2023 10:26,0,165.68,84.72,0,0,101768,12/1/2023 20:11,12/1/2023,1900,2000
2308800,20/1/2023 13:41,0,124.57,63.7,31.4,16.06,130181,20/1/2023 18:11,20/1/2023,1700,1800
2350636,4/2/2023 23:49,0,82.29,42.07,0,0,8707,5/2/2023 13:11,5/2/2023,1200,1300
2467823,21/3/2023 16:37,0,69.26,35.41,13.79,7.06,19238,21/3/2023 20:11,21/3/2023,1900,2000
2618258,20/5/2023 17:06,0,110.09,56.29,0,0,9797,20/5/2023 21:11,20/5/2023,2000,2100
2671952,12/6/2023 13:37,0,128.04,65.46,0,0,75224,12/6/2023 17:11,12/6/2023,1600,1700
2883552,14/9/2023 11:08,0,64.93,33.2,0,0,99411,14/9/2023 19:11,14/9/2023,1800,1900
2914018,26/9/2023 10:10,0,117.2,59.92,0,0,195114,26/9/2023 20:11,26/9/2023,1900,2000
2875475,10/9/2023 23:12,0,102.06,52.18,0,0,44105,11/9/2023 11:11,11/9/2023,1000,1100
2914733,26/9/2023 13:26,0,40.35,20.63,0,0,68982,26/9/2023 18:11,26/9/2023,1700,1800
2954089,10/10/2023 23:55,0,138.6,70.86,0,0,23712,11/10/2023 11:11,11/10/2023,1000,1100
3015243,2/11/2023 02:20,0,99.46,50.85,60.95,31.16,33327,2/11/2023 11:12,2/11/2023,1000,1100
3126812,6/12/2023 20:21,0,138.7,70.92,17.26,8.82,100566,7/12/2023 11:11,7/12/2023,1000,1100
2273180,6/1/2023 14:07,0,219.34,112.15,0,0,121423,6/1/2023 18:12,6/1/2023,1700,1800
2300630,17/1/2023 11:23,0,41.56,21.25,0,0,16521,17/1/2023 15:12,17/1/2023,1400,1500
2325218,26/1/2023 17:08,0,85.25,43.58,0,0,76160,27/1/2023 18:12,27/1/2023,1700,1800
2330605,28/1/2023 15:17,0,202.47,103.52,0,0,40740,28/1/2023 19:12,28/1/2023,1800,1900
2376055,13/2/2023 22:12,0,154.2,78.84,0,0,16822,14/2/2023 10:13,14/2/2023,900,1000
2428767,6/3/2023 16:00,0,76.83,39.28,0,0,132818,6/3/2023 21:12,6/3/2023,2000,2100
2512745,7/4/2023 18:07,0,140.69,71.93,0,0,147418,7/4/2023 22:12,7/4/2023,2100,2200
2533072,15/4/2023 17:05,0,118.16,60.41,0,0,57028,15/4/2023 20:12,15/4/2023,1900,2000
2570766,1/5/2023 16:58,0,166.27,85.01,0,0,36497,1/5/2023 20:12,1/5/2023,1900,2000
2598180,12/5/2023 16:48,0,120.01,61.36,0,0,129405,12/5/2023 21:12,12/5/2023,2000,2100
2827277,21/8/2023 13:02,0,129.1,66,0,0,145766,21/8/2023 16:12,21/8/2023,1500,1600
2976728,19/10/2023 03:18,0,66.28,33.88,0,0,110044,19/10/2023 12:12,19/10/2023,1100,1200
3054777,14/11/2023 22:23,0,210.76,107.76,0,0,55520,15/11/2023 13:12,15/11/2023,1200,1300
3125521,6/12/2023 12:39,0,134.66,68.86,0,0,199263,6/12/2023 18:12,6/12/2023,1700,1800
2298271,16/1/2023 12:15,1,92.19,47.13,0,0,169388,16/1/2023 16:13,16/1/2023,1500,1600
2355141,6/2/2023 13:14,0,106.46,54.43,22.2,11.35,82047,6/2/2023 19:13,6/2/2023,1800,1900
2375270,13/2/2023 16:18,0,121.56,62.15,0,0,10469,14/2/2023 11:13,14/2/2023,1000,1100
2414896,1/3/2023 12:09,0,219.71,112.33,0,0,8721,3/3/2023 13:13,3/3/2023,1200,1300
2467563,21/3/2023 14:59,0,54.39,27.81,0,0,143027,21/3/2023 18:13,21/3/2023,1700,1800
2506153,5/4/2023 12:28,0,191.27,97.79,0,0,31485,5/4/2023 16:13,5/4/2023,1500,1600
2532505,15/4/2023 12:44,0,95.51,48.84,0,0,33851,15/4/2023 16:13,15/4/2023,1500,1600
2668180,10/6/2023 22:05,0,126.27,64.56,39.06,19.97,97896,11/6/2023 10:13,11/6/2023,900,1000
2858135,3/9/2023 18:52,0,201.33,102.94,0,0,150294,4/9/2023 10:13,4/9/2023,900,1000
2901591,21/9/2023 12:25,0,118.34,60.51,0,0,83248,21/9/2023 16:13,21/9/2023,1500,1600
2981694,20/10/2023 18:47,0,209.91,107.33,0,0,143837,21/10/2023 10:14,21/10/2023,900,1000
3017952,2/11/2023 20:35,0,68.17,34.86,0,0,28251,3/11/2023 10:13,3/11/2023,900,1000
3030809,7/11/2023 08:29,0,101.43,51.85,0,0,144242,7/11/2023 12:13,7/11/2023,1100,1200
3099038,28/11/2023 13:20,0,168.06,85.92,29.13,14.89,87974,28/11/2023 19:13,28/11/2023,1800,1900
2301001,17/1/2023 13:19,0,113.44,58,10.09,5.16,142820,17/1/2023 17:15,17/1/2023,1600,1700
2336145,30/1/2023 15:10,0,214.47,109.65,33.53,17.15,81307,30/1/2023 19:14,30/1/2023,1800,1900
2466137,20/3/2023 21:40,0,256.11,130.95,2.52,1.29,8354,21/3/2023 11:14,21/3/2023,1000,1100
2507050,5/4/2023 16:30,0,73.67,37.67,0,0,35599,5/4/2023 20:14,5/4/2023,1900,2000
2705564,27/6/2023 10:08,0,47.77,24.43,0,0,115214,27/6/2023 14:14,27/6/2023,1300,1400
2907222,23/9/2023 17:10,0,124.65,63.74,0,0,104819,23/9/2023 21:14,23/9/2023,2000,2100
3052998,14/11/2023 11:16,0,248.4,127,0,0,147166,14/11/2023 15:14,14/11/2023,1400,1500
3128757,7/12/2023 13:41,0,91.39,46.73,0,0,181384,7/12/2023 17:15,7/12/2023,1600,1700
3175167,21/12/2023 10:41,0,210.71,107.73,0,0,84014,21/12/2023 15:14,21/12/2023,1400,1500
2325122,26/1/2023 16:35,0,287.71,147.11,0,0,106956,26/1/2023 20:15,26/1/2023,1900,2000
2361837,8/2/2023 21:37,1,125.3,64.06,0,0,172347,9/2/2023 22:15,9/2/2023,2100,2200
2419116,2/3/2023 21:19,0,372.95,190.69,0,0,46879,3/3/2023 18:15,3/3/2023,1700,1800
2453878,16/3/2023 11:50,0,100.93,51.61,31.08,15.89,169812,16/3/2023 16:15,16/3/2023,1500,1600
2455891,17/3/2023 00:42,0,406.94,208.06,0,0,53892,17/3/2023 13:15,17/3/2023,1200,1300
2576115,3/5/2023 19:32,0,116.61,59.62,0,0,106986,4/5/2023 09:15,4/5/2023,800,900
2607795,16/5/2023 12:27,0,88.84,45.42,0,0,73488,16/5/2023 16:15,16/5/2023,1500,1600
2612757,18/5/2023 12:22,0,91.27,46.67,0,0,10088,18/5/2023 18:15,18/5/2023,1700,1800
2614396,19/5/2023 01:18,0,217.32,111.11,0,0,18427,19/5/2023 12:15,19/5/2023,1100,1200
2755045,19/7/2023 21:11,0,42.85,21.91,0,0,11709,20/7/2023 11:15,20/7/2023,1000,1100
2327266,27/1/2023 12:47,0,110.48,56.49,0,0,29688,27/1/2023 17:16,27/1/2023,1600,1700
2437992,10/3/2023 11:24,0,186.07,95.13,0,0,73184,10/3/2023 15:16,10/3/2023,1400,1500
2554742,25/4/2023 03:04,0,52.64,26.91,0,0,147648,25/4/2023 13:16,25/4/2023,1200,1300
2781202,31/7/2023 20:49,0,86.03,43.99,0,0,64342,1/8/2023 10:16,1/8/2023,900,1000
2858653,4/9/2023 07:28,0,76.12,38.92,36.66,18.74,186960,4/9/2023 11:17,4/9/2023,1000,1100
2319497,24/1/2023 13:59,0,83.03,42.45,0,0,154515,24/1/2023 18:17,24/1/2023,1700,1800
2631035,26/5/2023 11:00,0,151.26,77.34,0,0,21516,26/5/2023 18:17,26/5/2023,1700,1800
3046243,12/11/2023 08:04,0,455.08,232.68,0,0,70563,12/11/2023 16:17,12/11/2023,1500,1600
2288546,12/1/2023 15:40,0,61.14,31.26,0,0,64776,13/1/2023 09:18,13/1/2023,800,900
2329543,28/1/2023 10:47,0,60.36,30.86,0,0,46205,28/1/2023 14:18,28/1/2023,1300,1400
2355189,6/2/2023 13:26,0,96.91,49.55,0,0,33122,6/2/2023 20:18,6/2/2023,1900,2000
2383937,17/2/2023 02:22,0,83.82,42.85,0,0,82736,17/2/2023 22:18,17/2/2023,2100,2200
2511695,7/4/2023 12:35,0,62.51,31.96,0,0,118888,7/4/2023 16:18,7/4/2023,1500,1600
2704247,26/6/2023 15:14,0,126.09,64.46,0,0,106931,26/6/2023 19:18,26/6/2023,1800,1900
2727304,7/7/2023 11:43,0,91.8,46.94,0,0,122479,7/7/2023 15:18,7/7/2023,1400,1500
2875033,10/9/2023 18:37,0,58.31,29.81,0,0,83978,10/9/2023 22:18,10/9/2023,2100,2200
3098590,28/11/2023 11:40,0,184.51,94.34,1,0.51,91350,28/11/2023 18:18,28/11/2023,1700,1800
2306633,19/1/2023 17:09,0,115.2,58.91,0,0,46696,19/1/2023 21:19,19/1/2023,2000,2100
2314157,22/1/2023 13:30,0,176.53,90.26,0,0,45700,22/1/2023 18:20,22/1/2023,1700,1800
2478038,25/3/2023 19:02,0,190.37,97.33,0,0,29815,26/3/2023 10:19,26/3/2023,900,1000
2508673,6/4/2023 11:05,0,75.71,38.71,0,0,99516,6/4/2023 15:19,6/4/2023,1400,1500
2589223,9/5/2023 11:53,0,119.01,60.85,0,0,29985,9/5/2023 17:19,9/5/2023,1600,1700
2605806,15/5/2023 14:28,0,264.91,135.45,0,0,62738,15/5/2023 19:19,15/5/2023,1800,1900
2796709,7/8/2023 16:59,0,92.06,47.07,0,0,146089,7/8/2023 21:19,7/8/2023,2000,2100
2944434,7/10/2023 15:33,0,210.48,107.62,0,0,22578,7/10/2023 19:19,7/10/2023,1800,1900
2972947,17/10/2023 16:42,0,174,88.97,52.38,26.78,16013,17/10/2023 22:19,17/10/2023,2100,2200
2973757,17/10/2023 23:52,0,122.64,62.71,0,0,31241,18/10/2023 12:19,18/10/2023,1100,1200
2361049,8/2/2023 15:34,0,196.21,100.32,0,0,84398,8/2/2023 20:20,8/2/2023,1900,2000
2608214,16/5/2023 14:46,0,90.01,46.02,0,0,50560,16/5/2023 18:20,16/5/2023,1700,1800
2649140,2/6/2023 20:34,0,287.64,147.06,0,0,82793,3/6/2023 11:20,3/6/2023,1000,1100
2673471,13/6/2023 07:36,0,47.67,24.37,0,0,100912,13/6/2023 12:20,13/6/2023,1100,1200
2722775,5/7/2023 10:35,0,146.15,74.73,15.09,7.72,161878,5/7/2023 14:20,5/7/2023,1300,1400
2787176,3/8/2023 15:03,0,161.9,82.78,0,0,40953,3/8/2023 20:20,3/8/2023,1900,2000
2860165,4/9/2023 15:28,0,219.19,112.07,0,0,17299,4/9/2023 19:20,4/9/2023,1800,1900
2391836,20/2/2023 09:03,0,59.26,30.29,0,0,27604,20/2/2023 12:21,20/2/2023,1100,1200
2573975,3/5/2023 06:23,0,112.45,57.5,0,0,160480,3/5/2023 11:21,3/5/2023,1000,1100
2738659,12/7/2023 16:07,0,70.91,36.25,0,0,75622,12/7/2023 21:21,12/7/2023,2000,2100
3084012,24/11/2023 12:20,0,266.25,136.13,0,0,122938,26/11/2023 12:22,26/11/2023,1100,1200
2572519,2/5/2023 13:06,0,120.78,61.75,0,0,179577,2/5/2023 17:22,2/5/2023,1600,1700
2843649,28/8/2023 13:48,0,125.87,64.35,0,0,41163,28/8/2023 20:22,28/8/2023,1900,2000
2986922,22/10/2023 16:25,0,407.74,208.47,0,0,141334,22/10/2023 21:22,22/10/2023,2000,2100
2291281,13/1/2023 16:45,0,242.96,124.22,0,0,11930,13/1/2023 21:23,13/1/2023,2000,2100
2311995,21/1/2023 16:00,0,164.04,83.87,0,0,61428,21/1/2023 20:24,21/1/2023,1900,2000
2359372,8/2/2023 00:00,0,208.75,106.74,0,0,11566,8/2/2023 12:23,8/2/2023,1100,1200
2409459,27/2/2023 10:35,0,70.7,36.15,0,0,156247,27/2/2023 14:23,27/2/2023,1300,1400
2554691,25/4/2023 00:37,0,86.09,44.02,0,0,43560,25/4/2023 11:23,25/4/2023,1000,1100
2571389,1/5/2023 21:55,0,31.94,16.33,0,0,144050,2/5/2023 11:23,2/5/2023,1000,1100
2574611,3/5/2023 11:07,0,270.71,138.41,0,0,85213,3/5/2023 15:24,3/5/2023,1400,1500
2738035,12/7/2023 12:06,0,119.89,61.3,0,0,57370,12/7/2023 15:23,12/7/2023,1400,1500
3053312,14/11/2023 12:42,0,287.84,147.18,74.43,38.06,42328,14/11/2023 20:23,14/11/2023,1900,2000
3068999,19/11/2023 12:11,0,214.02,109.42,22.93,11.73,53493,19/11/2023 19:24,19/11/2023,1800,1900
3171721,20/12/2023 12:00,0,95.79,48.98,0,0,80011,20/12/2023 17:23,20/12/2023,1600,1700
2307178,19/1/2023 21:44,0,243.77,124.64,0,0,65562,20/1/2023 11:24,20/1/2023,1000,1100
2327609,27/1/2023 14:26,0,215.55,110.21,0,0,42351,27/1/2023 18:24,27/1/2023,1700,1800
2331951,29/1/2023 02:24,0,146.54,74.93,0,0,43327,29/1/2023 12:24,29/1/2023,1100,1200
2351787,5/2/2023 11:46,0,113.91,58.24,0,0,119951,5/2/2023 17:24,5/2/2023,1600,1700
2844162,28/8/2023 16:36,0,180.87,92.48,0,0,73861,28/8/2023 20:24,28/8/2023,1900,2000
2967114,15/10/2023 17:14,0,85.25,43.58,0,0,59729,15/10/2023 22:24,15/10/2023,2100,2200
3088909,25/11/2023 15:42,0,512.69,262.13,0,0,59103,26/11/2023 12:24,26/11/2023,1100,1200
2272762,6/1/2023 12:02,0,60.54,30.96,0,0,8783,6/1/2023 16:25,6/1/2023,1500,1600
2300210,17/1/2023 08:46,0,172.23,88.06,0,0,9027,17/1/2023 13:25,17/1/2023,1200,1300
2361259,8/2/2023 16:51,0,121.11,61.92,0,0,22202,8/2/2023 21:25,8/2/2023,2000,2100
2358574,7/2/2023 17:14,0,86.7,44.34,0,0,69838,8/2/2023 18:25,8/2/2023,1700,1800
2633246,27/5/2023 10:29,0,163.41,83.55,0,0,154595,27/5/2023 14:25,27/5/2023,1300,1400
2914525,26/9/2023 12:31,0,84.61,43.26,0,0,62699,26/9/2023 17:25,26/9/2023,1600,1700
2265002,3/1/2023 10:18,0,47.54,24.3,0,0,111993,3/1/2023 14:26,3/1/2023,1300,1400
2266247,3/1/2023 16:19,0,104.03,53.19,0,0,62190,3/1/2023 22:26,3/1/2023,2100,2200
2274143,6/1/2023 20:23,0,157.06,80.31,0,0,100484,7/1/2023 10:26,7/1/2023,900,1000
2381625,16/2/2023 09:36,0,114.15,58.36,0,0,162839,16/2/2023 13:26,16/2/2023,1200,1300
2727886,7/7/2023 15:22,0,63.43,32.43,0,0,86217,7/7/2023 18:26,7/7/2023,1700,1800
2782341,1/8/2023 12:48,0,84.92,43.41,0,0,100566,1/8/2023 16:26,1/8/2023,1500,1600
3022750,4/11/2023 12:05,0,184.75,94.46,0,0,115637,4/11/2023 18:26,4/11/2023,1700,1800
2269685,5/1/2023 07:38,0,56.3,28.79,0,0,158892,5/1/2023 14:27,5/1/2023,1300,1400
2285774,11/1/2023 15:38,0,45.48,23.25,0,0,165973,11/1/2023 20:27,11/1/2023,1900,2000
2310415,21/1/2023 05:32,0,169.38,86.6,0,0,53472,21/1/2023 15:27,21/1/2023,1400,1500
2355482,6/2/2023 15:02,0,355.84,181.94,56.43,28.85,85213,6/2/2023 21:27,6/2/2023,2000,2100
2385776,17/2/2023 17:58,0,39.39,20.14,0,0,75764,17/2/2023 22:27,17/2/2023,2100,2200
2865310,6/9/2023 17:35,0,268.58,137.32,0,0,7712,7/9/2023 12:27,7/9/2023,1100,1200
2889983,16/9/2023 16:25,0,66.48,33.98,0,0,66044,16/9/2023 21:27,16/9/2023,2000,2100
3123496,5/12/2023 21:08,0,169.87,86.85,0,0,15494,6/12/2023 10:27,6/12/2023,900,1000
2996987,26/10/2023 12:54,0,305.77,156.33,0,0,106956,26/10/2023 16:28,26/10/2023,1500,1600
3013568,1/11/2023 12:50,0,88.72,45.36,0,0,194232,1/11/2023 17:28,1/11/2023,1600,1700
3093988,27/11/2023 00:00,0,76.87,39.3,0,0,96472,27/11/2023 14:28,27/11/2023,1300,1400
2360139,8/2/2023 11:18,0,121.63,62.19,0,0,165713,8/2/2023 15:29,8/2/2023,1400,1500
2380018,15/2/2023 14:17,0,117.79,60.22,0,0,88110,15/2/2023 17:30,15/2/2023,1600,1700
2586396,8/5/2023 11:37,0,166.45,85.1,0,0,9712,8/5/2023 15:30,8/5/2023,1400,1500
2880703,13/9/2023 05:10,0,53.98,27.6,0,0,60716,13/9/2023 12:30,13/9/2023,1100,1200
2283539,10/1/2023 16:58,0,96.99,49.59,0,0,148146,10/1/2023 22:31,10/1/2023,2100,2200
2282215,10/1/2023 10:58,0,65.95,33.73,0,0,64047,10/1/2023 15:31,10/1/2023,1400,1500
2354719,6/2/2023 11:34,0,230.1,117.65,0,0,37704,6/2/2023 17:31,6/2/2023,1600,1700
2377104,14/2/2023 11:57,0,43.89,22.44,0,0,33572,14/2/2023 19:31,14/2/2023,1800,1900
2950716,9/10/2023 17:38,0,236.36,120.85,0,0,52495,9/10/2023 21:31,9/10/2023,2000,2100
2372424,12/2/2023 15:28,0,114.92,58.75,0,0,36190,12/2/2023 20:32,12/2/2023,1900,2000
2528797,13/4/2023 23:32,0,51.52,26.34,0,0,72598,14/4/2023 11:32,14/4/2023,1000,1100
2702475,25/6/2023 18:03,1,252.87,129.28,0,0,181466,25/6/2023 22:32,25/6/2023,2100,2200
2283379,10/1/2023 16:05,0,374.39,191.43,0,0,161820,10/1/2023 22:33,10/1/2023,2100,2200
2366902,10/2/2023 17:28,0,48.75,24.93,0,0,117587,10/2/2023 22:33,10/2/2023,2100,2200
2482146,27/3/2023 13:35,0,89.28,45.65,0,0,51230,27/3/2023 17:33,27/3/2023,1600,1700
2816980,16/8/2023 23:40,0,72.1,36.86,0,0,55763,17/8/2023 14:33,17/8/2023,1300,1400
2413679,28/2/2023 19:56,0,177.87,90.94,0,0,55139,1/3/2023 10:34,1/3/2023,900,1000
2803686,10/8/2023 20:24,0,116.41,59.52,0,0,76646,11/8/2023 11:34,11/8/2023,1000,1100
2870211,8/9/2023 19:10,0,113.08,57.81,0,0,132818,8/9/2023 22:34,8/9/2023,2100,2200
3019472,3/11/2023 12:19,0,272.07,139.1,9.7,4.96,58098,3/11/2023 16:34,3/11/2023,1500,1600
2399342,23/2/2023 12:10,0,116.04,59.33,0,0,81679,23/2/2023 17:35,23/2/2023,1600,1700
2697379,23/6/2023 13:49,0,255.31,130.54,0,0,11390,23/6/2023 17:35,23/6/2023,1600,1700
3121148,5/12/2023 09:39,0,95.14,48.64,0,0,60987,5/12/2023 14:35,5/12/2023,1300,1400
2415420,1/3/2023 15:12,0,86.76,44.36,0,0,28742,1/3/2023 18:36,1/3/2023,1700,1800
2935877,4/10/2023 13:35,0,186.69,95.46,0,0,83318,4/10/2023 17:36,4/10/2023,1600,1700
2262808,2/1/2023 09:56,0,147.15,75.24,0,0,72036,2/1/2023 15:38,2/1/2023,1400,1500
3132346,8/12/2023 13:38,0,62.71,32.06,0,0,147495,8/12/2023 18:37,8/12/2023,1700,1800
2670138,11/6/2023 16:37,0,54.8,28.02,0,0,97410,11/6/2023 20:39,11/6/2023,1900,2000
3053063,14/11/2023 11:33,0,389.47,199.13,61.92,31.66,30529,14/11/2023 15:39,14/11/2023,1400,1500
2426677,5/3/2023 18:37,0,84.26,43.08,0,0,140586,6/3/2023 11:40,6/3/2023,1000,1100
2269398,4/1/2023 22:28,0,89.49,45.76,0,0,61584,5/1/2023 13:41,5/1/2023,1200,1300
2276970,8/1/2023 07:55,0,148.07,75.71,0,0,96784,8/1/2023 13:41,8/1/2023,1200,1300
2472593,23/3/2023 15:32,0,132.68,67.85,0,0,145741,23/3/2023 18:41,23/3/2023,1700,1800
2733644,10/7/2023 10:52,0,126.13,64.49,0,0,9059,10/7/2023 19:41,10/7/2023,1800,1900
2316500,23/1/2023 12:30,0,106,54.2,0,0,129852,23/1/2023 17:42,23/1/2023,1600,1700
2354290,6/2/2023 09:51,0,94.61,48.37,0,0,96183,6/2/2023 15:42,6/2/2023,1400,1500
2943468,7/10/2023 11:24,0,152.57,78,0,0,73276,7/10/2023 15:42,7/10/2023,1400,1500
2314003,22/1/2023 12:53,0,122.69,62.73,0,0,70881,22/1/2023 16:43,22/1/2023,1500,1600
2892226,17/9/2023 14:03,0,122.76,62.77,0,0,26678,17/9/2023 20:43,17/9/2023,1900,2000
2746575,16/7/2023 09:53,0,114.17,58.37,0,0,33221,16/7/2023 13:44,16/7/2023,1200,1300
2814199,15/8/2023 16:14,0,91.54,46.81,0,0,17089,15/8/2023 21:44,15/8/2023,2000,2100
2820930,18/8/2023 16:53,0,63.57,32.5,0,0,17158,18/8/2023 20:44,18/8/2023,1900,2000
2867782,7/9/2023 18:44,0,40.51,20.72,0,0,120842,7/9/2023 22:44,7/9/2023,2100,2200
2879283,12/9/2023 14:12,0,87,44.48,0,0,59253,13/9/2023 10:44,13/9/2023,900,1000
2262576,2/1/2023 02:14,0,49.12,25.11,0,0,29375,2/1/2023 14:45,2/1/2023,1300,1400
2810861,14/8/2023 10:13,0,52.13,26.66,0,0,184935,15/8/2023 12:45,15/8/2023,1100,1200
2895287,18/9/2023 16:43,0,65.57,33.52,0,0,38168,18/9/2023 20:45,18/9/2023,1900,2000
3018269,2/11/2023 23:26,0,169.15,86.48,0,0,176794,3/11/2023 18:45,3/11/2023,1700,1800
2308360,20/1/2023 11:37,0,49.24,25.17,0,0,169589,20/1/2023 21:46,20/1/2023,2000,2100
2572736,2/5/2023 14:22,0,95.04,48.6,0,0,29696,2/5/2023 17:46,2/5/2023,1600,1700
2681108,16/6/2023 10:12,0,178.03,91.03,0,0,73103,16/6/2023 17:46,16/6/2023,1600,1700
2510487,6/4/2023 21:25,0,151.93,77.68,0,0,71590,8/4/2023 10:49,8/4/2023,900,1000
2842865,28/8/2023 10:07,1,30.11,15.4,0,0,192355,28/8/2023 13:48,28/8/2023,1200,1300
2883596,14/9/2023 11:19,0,50.21,25.67,0,0,109995,14/9/2023 15:48,14/9/2023,1400,1500
2734672,10/7/2023 16:26,0,100.61,51.44,0,0,149172,10/7/2023 20:49,10/7/2023,1900,2000
2895411,18/9/2023 17:26,0,124.5,63.65,0,0,37279,18/9/2023 21:49,18/9/2023,2000,2100
2939378,5/10/2023 18:28,0,152.29,77.87,0,0,158363,5/10/2023 22:49,5/10/2023,2100,2200
2796549,7/8/2023 16:07,0,152.46,77.95,0,0,171226,7/8/2023 19:50,7/8/2023,1800,1900
2883096,14/9/2023 08:22,0,127.72,65.3,0,0,26969,14/9/2023 12:50,14/9/2023,1100,1200
2411467,27/2/2023 23:11,0,118.66,60.67,0,0,103198,28/2/2023 11:51,28/2/2023,1000,1100
2708055,28/6/2023 13:18,0,95.69,48.92,0,0,132756,28/6/2023 21:51,28/6/2023,2000,2100
3082398,23/11/2023 19:55,0,83.79,42.85,0,0,126666,24/11/2023 13:51,24/11/2023,1200,1300
2625242,23/5/2023 15:47,0,115.88,59.26,0,0,171407,23/5/2023 19:52,23/5/2023,1800,1900
3172632,20/12/2023 15:14,0,153.12,78.29,0,0,97929,21/12/2023 19:55,21/12/2023,1800,1900
2830182,22/8/2023 15:40,0,64.4,32.93,0,0,123967,22/8/2023 20:55,22/8/2023,1900,2000
2275489,7/1/2023 13:43,0,184.77,94.47,0,0,135714,7/1/2023 18:56,7/1/2023,1700,1800
2630039,25/5/2023 19:16,0,194.66,99.53,0,0,73502,26/5/2023 11:56,26/5/2023,1000,1100
3157518,16/12/2023 09:46,0,152.85,78.16,23.61,12.08,64667,16/12/2023 15:58,16/12/2023,1400,1500
3098863,28/11/2023 12:42,0,684.16,349.81,0,0,22460,28/11/2023 19:59,28/11/2023,1800,1900
2786876,3/8/2023 13:13,0,115.56,59.08,0,0,188747,3/8/2023 19:02,3/8/2023,1700,1800
2273112,6/1/2023 13:43,0,88.16,45.07,0,0,110684,6/1/2023 18:03,6/1/2023,1600,1700
2801038,9/8/2023 17:45,0,54.9,28.07,0,0,19833,10/8/2023 11:04,10/8/2023,900,1000
2856550,3/9/2023 09:48,0,145.66,74.48,0,0,54547,3/9/2023 14:04,3/9/2023,1200,1300
2613129,18/5/2023 14:09,0,187.92,96.09,0,0,169205,18/5/2023 22:08,18/5/2023,2000,2100
2888416,16/9/2023 09:49,0,175.18,89.56,0,0,84477,16/9/2023 14:21,16/9/2023,1200,1300
2354806,6/2/2023 11:57,0,120.23,61.48,0,0,11768,6/2/2023 19:22,6/2/2023,1700,1800
2625238,23/5/2023 15:45,0,195.36,99.88,0,0,164742,23/5/2023 20:23,23/5/2023,1800,1900
2411695,28/2/2023 07:58,0,112.86,57.7,9.92,5.07,52670,28/2/2023 18:29,28/2/2023,1600,1700
2273629,6/1/2023 16:28,0,146.32,74.81,0,0,72736,6/1/2023 23:01,6/1/2023,2000,2100
2918953,28/9/2023 09:11,0,176.92,90.45,0,0,159644,28/9/2023 15:37,28/9/2023,1200,1300
2312132,21/1/2023 16:40,0,186.64,95.43,0,0,30721,21/1/2023 23:45,21/1/2023,2000,2100
2262910,2/1/2023 10:28,0,66.56,34.03,0,0,91094,2/1/2023 15:48,2/1/2023,1500,1600
2263134,2/1/2023 11:35,0,90.31,46.18,0,0,162232,2/1/2023 16:21,2/1/2023,1600,1700
2264564,3/1/2023 00:09,0,66.58,34.04,0,0,102761,3/1/2023 11:27,3/1/2023,1100,1200
2265900,3/1/2023 14:24,0,167.98,85.89,0,0,88753,3/1/2023 19:57,3/1/2023,1900,2000
2265952,3/1/2023 14:44,0,121.97,62.36,0,0,129546,3/1/2023 19:33,3/1/2023,1900,2000
2265908,3/1/2023 14:25,0,193.32,98.84,0,0,45279,3/1/2023 19:25,3/1/2023,1900,2000
2268016,4/1/2023 12:55,0,118.05,60.36,0,0,59551,4/1/2023 17:59,4/1/2023,1700,1800
2267114,4/1/2023 06:09,0,102.9,52.61,0,0,86034,4/1/2023 12:22,4/1/2023,1300,1400
2268918,4/1/2023 18:07,0,132.93,67.96,0,0,16632,5/1/2023 09:43,5/1/2023,900,1000
2269906,5/1/2023 09:42,0,40.73,20.82,0,0,87270,5/1/2023 12:46,5/1/2023,1300,1400
2272484,6/1/2023 10:44,0,124.77,63.8,0,0,106304,6/1/2023 15:10,6/1/2023,1500,1600
2275977,7/1/2023 16:32,0,176.31,90.14,0,0,23627,7/1/2023 20:01,7/1/2023,2000,2100
2275616,7/1/2023 14:22,0,213.06,108.94,0,0,85266,7/1/2023 18:43,7/1/2023,1800,1900
2275283,7/1/2023 12:44,0,32.27,16.5,0,0,109869,7/1/2023 16:18,7/1/2023,1600,1700
2275542,7/1/2023 13:59,0,99.32,50.78,0,0,56652,7/1/2023 17:30,7/1/2023,1700,1800
2276850,8/1/2023 00:44,0,90.06,46.05,0,0,30273,8/1/2023 11:09,8/1/2023,1100,1200
2276592,7/1/2023 21:37,0,205.08,104.86,0,0,125361,8/1/2023 09:49,8/1/2023,1000,1100
2276433,7/1/2023 20:02,0,63.76,32.6,0,0,51985,8/1/2023 08:50,8/1/2023,800,900
2280816,9/1/2023 16:40,0,117.46,60.05,0,0,126298,9/1/2023 20:36,9/1/2023,2000,2100
2282025,10/1/2023 10:04,0,93.77,47.94,0,0,40525,10/1/2023 13:02,10/1/2023,1300,1400
2282142,10/1/2023 10:41,0,153.23,78.35,0,0,137022,10/1/2023 13:11,10/1/2023,1300,1400
2286451,11/1/2023 20:32,0,42.04,21.5,0,0,60759,12/1/2023 09:02,12/1/2023,900,1000
2288409,12/1/2023 14:54,0,151.97,77.71,66.35,33.93,64865,12/1/2023 18:56,12/1/2023,1800,1900
2289829,13/1/2023 09:14,0,172.32,88.1,0,0,67645,13/1/2023 20:21,13/1/2023,2000,2100
2292414,14/1/2023 09:41,0,54.56,27.9,0,0,104806,14/1/2023 12:36,14/1/2023,1200,1300
2294796,14/1/2023 23:40,0,64.57,33.02,0,0,46979,15/1/2023 11:54,15/1/2023,1100,1200
2295263,15/1/2023 10:26,0,151.69,77.56,17.83,9.11,66213,15/1/2023 13:16,15/1/2023,1300,1400
2294983,15/1/2023 07:30,0,139.93,71.54,0,0,88985,15/1/2023 12:08,15/1/2023,1200,1300
2295057,15/1/2023 08:56,0,208.64,106.68,0,0,108376,15/1/2023 12:53,15/1/2023,1200,1300
2297975,16/1/2023 10:47,0,108.9,55.69,0,0,161935,16/1/2023 13:29,16/1/2023,1300,1400
2298504,16/1/2023 13:15,0,142.54,72.88,0,0,33138,16/1/2023 16:47,16/1/2023,1600,1700
2297757,16/1/2023 09:42,0,102.94,52.63,0,0,14633,16/1/2023 12:42,16/1/2023,1200,1300
2296719,15/1/2023 17:07,0,129.43,66.18,0,0,136666,16/1/2023 19:23,16/1/2023,1900,2000
2299750,16/1/2023 21:11,0,132.04,67.51,14.67,7.5,104588,17/1/2023 09:47,17/1/2023,900,1000
2300807,17/1/2023 12:15,0,138.51,70.82,0,0,129682,17/1/2023 15:54,17/1/2023,1500,1600
2299734,16/1/2023 21:02,0,123,62.89,0,0,91456,17/1/2023 10:14,17/1/2023,1000,1100
2300293,17/1/2023 09:27,0,117.29,59.97,0,0,83659,17/1/2023 12:37,17/1/2023,1200,1300
2303116,18/1/2023 12:00,0,115,58.8,0,0,54021,18/1/2023 19:13,18/1/2023,1900,2000
2305631,19/1/2023 11:44,0,35.13,17.96,0,0,8600,19/1/2023 14:53,19/1/2023,1400,1500
2304377,18/1/2023 19:19,0,67.18,34.35,0,0,59235,19/1/2023 16:49,19/1/2023,1600,1700
2306293,19/1/2023 15:10,0,289.36,147.94,0,0,156781,19/1/2023 19:27,19/1/2023,1900,2000
2306911,19/1/2023 19:07,0,226.82,115.97,0,0,136215,19/1/2023 22:04,19/1/2023,2200,2300
2309403,20/1/2023 16:15,0,117.48,60.06,0,0,26509,20/1/2023 20:17,20/1/2023,2100,2200
2307444,20/1/2023 00:34,0,33.68,17.22,0,0,127194,20/1/2023 11:52,20/1/2023,1100,1200
2308747,20/1/2023 13:23,0,41.7,21.32,0,0,9396,20/1/2023 17:33,20/1/2023,1800,1900
2308479,20/1/2023 12:11,0,182.37,93.24,0,0,109869,20/1/2023 15:47,20/1/2023,1500,1600
2307658,20/1/2023 08:45,0,114.13,58.35,0,0,138819,20/1/2023 12:50,20/1/2023,1200,1300
2312194,21/1/2023 16:58,0,116.88,59.76,0,0,101747,21/1/2023 20:29,21/1/2023,2000,2100
2310739,21/1/2023 10:08,0,189.14,96.71,0,0,147721,21/1/2023 13:35,21/1/2023,1300,1400
2309935,20/1/2023 20:31,0,145.81,74.55,0,0,60460,21/1/2023 08:40,21/1/2023,800,900
2311293,21/1/2023 12:47,0,113.79,58.18,0,0,36889,21/1/2023 18:36,21/1/2023,1800,1900
2309802,20/1/2023 19:03,0,93.49,47.8,0,0,28061,21/1/2023 09:10,21/1/2023,900,1000
2310787,21/1/2023 10:25,0,171.45,87.66,0,0,118876,21/1/2023 13:15,21/1/2023,1300,1400
2313760,22/1/2023 11:48,0,65.44,33.46,0,0,91456,22/1/2023 15:54,22/1/2023,1600,1700
2312645,21/1/2023 20:27,0,155.91,79.71,0,0,129546,22/1/2023 11:09,22/1/2023,1100,1200
2315211,22/1/2023 19:43,0,126.71,64.79,0,0,57475,23/1/2023 10:08,23/1/2023,1000,1100
2315791,23/1/2023 08:56,0,118.57,60.63,0,0,89522,23/1/2023 15:00,23/1/2023,1500,1600
2316508,23/1/2023 12:33,0,54.68,27.96,0,0,62291,23/1/2023 18:29,23/1/2023,1800,1900
2317169,23/1/2023 15:24,0,133.24,68.12,0,0,39119,23/1/2023 18:16,23/1/2023,1800,1900
2316187,23/1/2023 11:06,0,151.07,77.25,0,0,123912,23/1/2023 15:00,23/1/2023,1500,1600
2317164,23/1/2023 15:22,0,123.46,63.12,0,0,19570,23/1/2023 20:07,23/1/2023,2000,2100
2319632,24/1/2023 14:36,0,49.18,25.15,0,0,119740,24/1/2023 17:22,24/1/2023,1700,1800
2319564,24/1/2023 14:18,0,95.32,48.73,0,0,129546,24/1/2023 20:02,24/1/2023,2000,2100
2317968,23/1/2023 21:28,0,145.59,74.43,0,0,147001,24/1/2023 08:16,24/1/2023,800,900
2319595,24/1/2023 14:28,0,53.97,27.6,0,0,100364,24/1/2023 20:49,24/1/2023,2100,2200
2320475,24/1/2023 20:51,0,144.02,73.64,0,0,107239,25/1/2023 19:01,25/1/2023,1900,2000
2322379,25/1/2023 16:19,0,98.57,50.39,0,0,139984,25/1/2023 20:00,25/1/2023,1900,2000
2321909,25/1/2023 13:42,0,91.22,46.64,0,0,57125,25/1/2023 16:32,25/1/2023,1600,1700
2322852,25/1/2023 19:33,0,123.1,62.93,0,0,35913,26/1/2023 09:32,26/1/2023,1000,1100
2322986,25/1/2023 21:05,0,49.8,25.46,0,0,74875,26/1/2023 08:44,26/1/2023,800,900
2324950,26/1/2023 15:42,0,118.83,60.76,0,0,71570,26/1/2023 20:45,26/1/2023,2000,2100
2322819,25/1/2023 19:12,0,197.59,101.02,0,0,27988,26/1/2023 09:50,26/1/2023,900,1000
2323801,26/1/2023 10:12,0,156.86,80.21,0,0,74794,26/1/2023 13:15,26/1/2023,1300,1400
2325835,26/1/2023 21:27,0,42.18,21.57,6.53,3.34,59748,27/1/2023 09:22,27/1/2023,900,1000
2325706,26/1/2023 20:13,0,64.09,32.77,0,0,121723,27/1/2023 08:36,27/1/2023,800,900
2325855,26/1/2023 21:38,0,178.34,91.18,0,0,101407,27/1/2023 09:23,27/1/2023,900,1000
2327002,27/1/2023 11:37,0,56.76,29.02,0,0,9145,27/1/2023 18:32,27/1/2023,1800,1900
2327324,27/1/2023 13:02,0,147.15,75.23,0,0,102103,27/1/2023 21:29,27/1/2023,2100,2200
2330191,28/1/2023 13:30,0,168.19,85.99,0,0,77155,28/1/2023 17:56,28/1/2023,1700,1800
2329767,28/1/2023 11:40,0,69.35,35.46,0,0,18609,28/1/2023 14:10,28/1/2023,1400,1500
2331347,28/1/2023 19:02,0,40.66,20.78,0,0,41126,28/1/2023 22:13,28/1/2023,2200,2300
2328898,27/1/2023 22:56,0,163.53,83.61,0,0,118426,28/1/2023 10:26,28/1/2023,1000,1100
2329032,28/1/2023 00:36,0,127.92,65.4,0,0,154260,28/1/2023 11:05,28/1/2023,1100,1200
2332429,29/1/2023 10:40,0,145.58,74.43,0,0,11325,29/1/2023 13:23,29/1/2023,1300,1400
2337148,30/1/2023 23:01,0,66.25,33.88,0,0,45030,31/1/2023 10:05,31/1/2023,1000,1100
2337906,31/1/2023 11:16,0,33.4,17.08,0,0,170553,31/1/2023 15:22,31/1/2023,1500,1600
2338790,31/1/2023 15:58,0,72.53,37.08,0,0,92541,31/1/2023 21:42,31/1/2023,2100,2200
2337985,31/1/2023 11:41,0,71.4,36.51,26.89,13.75,139549,31/1/2023 14:51,31/1/2023,1500,1600
2340742,1/2/2023 12:47,0,58.53,29.93,0,0,108376,1/2/2023 20:40,1/2/2023,2000,2100
2341084,1/2/2023 14:37,0,83.93,42.91,0,0,70313,1/2/2023 21:42,1/2/2023,2100,2200
2341152,1/2/2023 14:59,0,95.78,48.98,0,0,72228,1/2/2023 21:22,1/2/2023,2100,2200
2343366,2/2/2023 12:24,0,385.72,197.22,0,0,143588,2/2/2023 18:09,2/2/2023,1800,1900
2342592,2/2/2023 08:18,0,84.8,43.36,0,0,62275,2/2/2023 11:11,2/2/2023,1100,1200
2347086,3/2/2023 17:17,0,82.57,42.22,0,0,85269,3/2/2023 20:05,3/2/2023,2000,2100
2344575,2/2/2023 18:18,0,159.11,81.35,0,0,71894,3/2/2023 09:35,3/2/2023,900,1000
2345204,3/2/2023 00:31,0,127.03,64.95,0,0,49957,3/2/2023 10:29,3/2/2023,1100,1200
2346949,3/2/2023 16:28,0,86.96,44.46,0,0,58470,4/2/2023 08:55,4/2/2023,800,900
2347458,3/2/2023 19:54,0,174.1,89.02,0,0,44884,4/2/2023 08:15,4/2/2023,900,1000
2351583,5/2/2023 11:10,0,90.42,46.23,9.79,5,77967,5/2/2023 15:44,5/2/2023,1600,1700
2350756,5/2/2023 02:24,0,152.45,77.95,33.68,17.22,24064,5/2/2023 12:55,5/2/2023,1200,1300
2351683,5/2/2023 11:27,0,374.14,191.3,67.92,34.73,17238,5/2/2023 16:16,5/2/2023,1600,1700
2352294,5/2/2023 13:34,0,152.86,78.15,0,0,109403,5/2/2023 19:23,5/2/2023,1900,2000
2351467,5/2/2023 10:54,0,112.99,57.77,0,0,104588,5/2/2023 15:03,5/2/2023,1500,1600
2354422,6/2/2023 10:21,0,88.05,45.02,0,0,90088,6/2/2023 16:22,6/2/2023,1600,1700
2355104,6/2/2023 13:08,0,82.99,42.43,0,0,168073,6/2/2023 18:13,6/2/2023,1800,1900
2354682,6/2/2023 11:25,0,142.52,72.87,0,0,90882,6/2/2023 15:38,6/2/2023,1600,1700
2356415,6/2/2023 23:07,0,167.73,85.76,72.6,37.12,45279,7/2/2023 11:46,7/2/2023,1100,1200
2356208,6/2/2023 21:11,0,94.03,48.07,0,0,23466,7/2/2023 10:32,7/2/2023,1000,1100
2357913,7/2/2023 13:48,0,54.42,27.82,0,0,154463,7/2/2023 18:51,7/2/2023,1800,1900
2355809,6/2/2023 17:22,0,57.44,29.37,0,0,161754,7/2/2023 10:27,7/2/2023,1000,1100
2358931,7/2/2023 20:09,0,115.57,59.09,0,0,16214,8/2/2023 16:21,8/2/2023,1600,1700
2359257,7/2/2023 22:52,0,654.52,334.65,0,0,66416,8/2/2023 15:02,8/2/2023,1500,1600
2360571,8/2/2023 13:13,0,205.6,105.12,0,0,12493,8/2/2023 18:56,8/2/2023,1800,1900
2360628,8/2/2023 13:30,0,66.04,33.76,0,0,75438,8/2/2023 17:18,8/2/2023,1700,1800
2359573,8/2/2023 08:14,0,44.91,22.96,0,0,20311,8/2/2023 20:18,8/2/2023,2000,2100
2361788,8/2/2023 21:13,0,90.28,46.16,0,0,156580,9/2/2023 10:36,9/2/2023,1000,1100
2361560,8/2/2023 19:01,1,63.17,32.3,0,0,172317,9/2/2023 10:14,9/2/2023,1000,1100
2363441,9/2/2023 13:45,0,83.82,42.86,0,0,18562,9/2/2023 16:32,9/2/2023,1600,1700
2360668,8/2/2023 13:40,0,130.68,66.81,0,0,165631,9/2/2023 11:18,9/2/2023,1100,1200
2362252,9/2/2023 07:42,0,236.98,121.17,0,0,48867,9/2/2023 19:17,9/2/2023,1900,2000
2365535,10/2/2023 10:37,0,112.67,57.61,0,0,87573,10/2/2023 13:01,10/2/2023,1300,1400
2366363,10/2/2023 14:31,0,87.76,44.87,0,0,7608,10/2/2023 17:47,10/2/2023,1700,1800
2364695,9/2/2023 21:58,0,35.92,18.37,0,0,20311,10/2/2023 09:31,10/2/2023,1000,1100
2365946,10/2/2023 12:35,0,53.67,27.44,0,0,92702,10/2/2023 16:14,10/2/2023,1700,1800
2364298,9/2/2023 18:29,0,150.68,77.04,24.98,12.78,153272,10/2/2023 11:16,10/2/2023,1100,1200
2364346,9/2/2023 18:53,0,130.8,66.88,0,0,98419,10/2/2023 09:29,10/2/2023,900,1000
2363709,9/2/2023 14:59,0,144.67,73.97,0,0,155915,10/2/2023 10:44,10/2/2023,1100,1200
2365702,10/2/2023 11:26,0,51.75,26.46,0,0,69434,10/2/2023 16:43,10/2/2023,1600,1700
2369745,11/2/2023 17:38,0,85.82,43.88,0,0,77219,11/2/2023 20:48,11/2/2023,2000,2100
2367194,10/2/2023 19:31,0,186.68,95.45,0,0,81985,11/2/2023 08:12,11/2/2023,800,900
2367185,10/2/2023 19:27,0,162.13,82.89,0,0,69444,11/2/2023 15:06,11/2/2023,1500,1600
2369856,11/2/2023 18:13,0,86.05,44,0,0,39651,11/2/2023 21:43,11/2/2023,2100,2200
2361396,8/2/2023 17:47,1,129.68,66.3,0,0,149751,11/2/2023 10:04,11/2/2023,1000,1100
2371480,12/2/2023 11:50,0,64.45,32.95,0,0,30714,12/2/2023 15:41,12/2/2023,1500,1600
2365186,10/2/2023 09:00,0,49.5,25.31,0,0,78777,12/2/2023 09:07,12/2/2023,1000,1100
2370859,12/2/2023 09:16,0,122.7,62.74,0,0,146297,12/2/2023 16:05,12/2/2023,1600,1700
2370520,12/2/2023 00:31,0,104.57,53.47,0,0,8811,12/2/2023 13:14,12/2/2023,1300,1400
2370665,12/2/2023 06:59,0,116.52,59.58,0,0,107314,12/2/2023 11:44,12/2/2023,1100,1200
2370609,12/2/2023 03:18,0,46.33,23.69,0,0,95845,12/2/2023 14:33,12/2/2023,1400,1500
2371975,12/2/2023 13:39,0,69.89,35.73,0,0,138831,12/2/2023 20:14,12/2/2023,2000,2100
2374560,13/2/2023 12:47,0,49.51,25.31,0,0,171615,13/2/2023 16:24,13/2/2023,1600,1700
2375901,13/2/2023 21:03,0,217.31,111.11,1.12,0.58,115950,14/2/2023 09:48,14/2/2023,900,1000
2379190,15/2/2023 10:00,0,48.8,24.95,0,0,28400,15/2/2023 14:48,15/2/2023,1500,1600
2378732,14/2/2023 22:50,0,71.57,36.59,15.9,8.13,43666,15/2/2023 10:24,15/2/2023,1000,1100
2379392,15/2/2023 11:04,0,36.15,18.48,0,0,36005,15/2/2023 14:08,15/2/2023,1400,1500
2380111,15/2/2023 14:48,0,67.08,34.3,0,0,84464,15/2/2023 16:35,15/2/2023,1700,1800
2383123,16/2/2023 17:22,0,51.47,26.32,0,0,10705,16/2/2023 20:36,16/2/2023,2000,2100
2380397,15/2/2023 16:42,0,146.99,75.15,26.61,13.61,143244,16/2/2023 10:34,16/2/2023,1000,1100
2385118,17/2/2023 14:10,0,300.61,153.7,0,0,8306,17/2/2023 16:43,17/2/2023,1600,1700
2383446,16/2/2023 19:46,0,45.36,23.2,0,0,10705,17/2/2023 16:41,17/2/2023,1700,1800
2385287,17/2/2023 14:58,0,118.97,60.83,0,0,45220,17/2/2023 19:05,17/2/2023,1900,2000
2383695,16/2/2023 22:00,1,57.65,29.48,0,0,171087,17/2/2023 10:12,17/2/2023,1000,1100
2386078,17/2/2023 20:16,0,140.62,71.9,0,0,167366,18/2/2023 11:05,18/2/2023,1100,1200
2387612,18/2/2023 13:44,0,65.62,33.55,11.89,6.08,41742,18/2/2023 16:01,18/2/2023,1600,1700
2387037,18/2/2023 11:03,0,254.42,130.08,0,0,48068,18/2/2023 19:00,18/2/2023,1900,2000
2386745,18/2/2023 09:38,0,89.2,45.61,0,0,150917,18/2/2023 14:02,18/2/2023,1400,1500
2389261,19/2/2023 08:12,0,162.12,82.89,0,0,34670,19/2/2023 11:15,19/2/2023,1100,1200
2386625,18/2/2023 08:45,0,101.13,51.71,0,0,72385,19/2/2023 10:00,19/2/2023,1000,1100
2389035,18/2/2023 23:43,1,99.26,50.75,0,0,173435,19/2/2023 10:15,19/2/2023,1000,1100
2388561,18/2/2023 19:03,0,217.17,111.03,0,0,98798,19/2/2023 08:09,19/2/2023,800,900
2390053,19/2/2023 12:43,0,169.05,86.44,0,0,130548,19/2/2023 15:16,19/2/2023,1500,1600
2391420,19/2/2023 21:44,0,143.94,73.6,0,0,100801,20/2/2023 20:28,20/2/2023,2000,2100
2393144,20/2/2023 15:43,0,104.66,53.52,0,0,100170,20/2/2023 18:00,20/2/2023,1800,1900
2393859,20/2/2023 21:16,0,91.8,46.93,0,0,156534,21/2/2023 09:39,21/2/2023,900,1000
2393982,20/2/2023 22:37,0,82.83,42.35,0,0,41126,21/2/2023 09:30,21/2/2023,900,1000
2395306,21/2/2023 15:04,0,59.79,30.57,0,0,10014,21/2/2023 18:16,21/2/2023,1900,2000
2397052,22/2/2023 12:29,0,216.57,110.73,0,0,165050,22/2/2023 14:34,22/2/2023,1500,1600
2397193,22/2/2023 13:14,0,211.16,107.96,17.33,8.86,71292,22/2/2023 16:47,22/2/2023,1600,1700
2399084,23/2/2023 10:49,0,145.92,74.61,0,0,69520,23/2/2023 13:07,23/2/2023,1300,1400
2398301,22/2/2023 22:07,0,94.56,48.35,0,0,48645,23/2/2023 11:00,23/2/2023,1100,1200
2400147,23/2/2023 17:03,0,98.79,50.51,2.12,1.08,136887,23/2/2023 20:37,23/2/2023,2000,2100
2402766,24/2/2023 17:30,0,41.58,21.25,0,0,95118,24/2/2023 22:24,24/2/2023,2200,2300
2400936,24/2/2023 00:33,0,75.26,38.49,0,0,106313,24/2/2023 13:05,24/2/2023,1300,1400
2402111,24/2/2023 13:57,0,115.85,59.23,0,0,96782,24/2/2023 17:10,24/2/2023,1700,1800
2402671,24/2/2023 16:54,0,322.25,164.77,0,0,88179,24/2/2023 20:02,24/2/2023,2000,2100
2404445,25/2/2023 12:40,0,92.16,47.12,0,0,74606,25/2/2023 19:53,25/2/2023,2000,2100
2403282,24/2/2023 21:53,0,86.05,44,0,0,101407,25/2/2023 13:10,25/2/2023,1300,1400
2404712,25/2/2023 13:57,0,120.97,61.85,0,0,72152,25/2/2023 16:45,25/2/2023,1700,1800
2403222,24/2/2023 21:23,0,127.13,65,0,0,78030,25/2/2023 17:35,25/2/2023,1700,1800
2406656,26/2/2023 09:33,0,209.87,107.31,0,0,97905,26/2/2023 13:03,26/2/2023,1300,1400
2407641,26/2/2023 13:43,0,43.71,22.35,0,0,148829,26/2/2023 17:14,26/2/2023,1700,1800
2405670,25/2/2023 18:34,0,144.44,73.85,0,0,64695,26/2/2023 10:06,26/2/2023,1000,1100
2407140,26/2/2023 11:35,0,79.84,40.82,0,0,50963,26/2/2023 14:48,26/2/2023,1400,1500
2406838,26/2/2023 10:24,0,87.39,44.68,0,0,94178,26/2/2023 13:10,26/2/2023,1300,1400
2406299,26/2/2023 00:25,0,244.32,124.92,0,0,117277,26/2/2023 10:42,26/2/2023,1100,1200
2405707,25/2/2023 18:48,0,257.74,131.77,0,0,72157,26/2/2023 10:45,26/2/2023,1000,1100
2409529,27/2/2023 10:55,0,131.19,67.08,0,0,120741,27/2/2023 13:08,27/2/2023,1300,1400
2409558,27/2/2023 11:03,0,82.52,42.19,0,0,169714,27/2/2023 17:00,27/2/2023,1600,1700
2412676,28/2/2023 13:44,0,50.96,26.05,0,0,18202,28/2/2023 16:09,28/2/2023,1600,1700
2414513,1/3/2023 10:14,0,195.87,100.15,62.48,31.94,101972,1/3/2023 13:09,1/3/2023,1300,1400
2414807,1/3/2023 11:41,0,117.93,60.3,0,0,167041,1/3/2023 14:10,1/3/2023,1400,1500
2415031,1/3/2023 12:57,0,127.07,64.97,0,0,8193,1/3/2023 17:00,1/3/2023,1700,1800
2417655,2/3/2023 12:55,0,560.64,286.65,0,0,87374,2/3/2023 17:16,2/3/2023,1700,1800
2416032,1/3/2023 20:00,0,31.47,16.1,0,0,59555,2/3/2023 08:31,2/3/2023,900,1000
2417806,2/3/2023 13:32,0,112.47,57.51,0,0,10394,2/3/2023 16:55,2/3/2023,1600,1700
2421154,3/3/2023 15:57,0,136.74,69.92,0,0,152241,3/3/2023 20:02,3/3/2023,2000,2100
2420484,3/3/2023 12:50,0,187.11,95.66,29.45,15.06,40789,3/3/2023 16:09,3/3/2023,1600,1700
2420599,3/3/2023 13:21,0,58.45,29.88,0,0,147623,3/3/2023 16:31,3/3/2023,1600,1700
2419425,3/3/2023 01:12,0,67.77,34.65,0,0,87498,3/3/2023 16:52,3/3/2023,1700,1800
2420439,3/3/2023 12:36,0,98.52,50.38,12.81,6.55,71406,3/3/2023 15:54,3/3/2023,1500,1600
2421353,3/3/2023 16:53,0,53.5,27.35,0,0,44336,4/3/2023 14:49,4/3/2023,1400,1500
2423714,4/3/2023 16:40,0,125.07,63.94,0,0,110095,4/3/2023 19:08,4/3/2023,1900,2000
2423459,4/3/2023 15:13,0,184.17,94.16,0,0,104640,4/3/2023 18:40,4/3/2023,1800,1900
2423984,4/3/2023 18:26,0,308.6,157.79,0,0,174250,4/3/2023 20:53,4/3/2023,2100,2200
2424085,4/3/2023 19:09,0,37.45,19.15,0,0,24173,5/3/2023 09:11,5/3/2023,900,1000
2424461,4/3/2023 23:39,0,93.47,47.79,0,0,101630,5/3/2023 10:16,5/3/2023,1000,1100
2425655,5/3/2023 13:38,0,196.64,100.54,0,0,107452,5/3/2023 20:00,5/3/2023,2000,2100
2428972,6/3/2023 17:09,0,66.38,33.95,0,0,148659,6/3/2023 20:04,6/3/2023,2000,2100
2428202,6/3/2023 12:59,0,227.89,116.52,0,0,85833,6/3/2023 15:24,6/3/2023,1500,1600
2428946,6/3/2023 16:57,0,214.83,109.84,40.52,20.72,11325,6/3/2023 20:05,6/3/2023,2000,2100
2427830,6/3/2023 11:15,1,113.91,58.25,0,0,104003,6/3/2023 15:04,6/3/2023,1500,1600
2430911,7/3/2023 13:59,0,59.93,30.64,0,0,69265,7/3/2023 18:02,7/3/2023,1800,1900
2426767,5/3/2023 19:14,1,92.96,47.53,0,0,175147,7/3/2023 08:39,7/3/2023,800,900
2429472,6/3/2023 21:13,0,223.7,114.38,0,0,86945,7/3/2023 12:25,7/3/2023,1200,1300
2431926,7/3/2023 20:59,0,56.82,29.06,0,0,41541,8/3/2023 09:57,8/3/2023,900,1000
2429714,6/3/2023 23:55,0,440.99,225.47,0,0,156397,8/3/2023 12:52,8/3/2023,1200,1300
2429321,6/3/2023 19:36,0,498.7,254.98,0,0,113896,9/3/2023 14:09,9/3/2023,1400,1500
2435555,9/3/2023 12:17,0,103.84,53.09,0,0,172530,9/3/2023 16:05,9/3/2023,1600,1700
2438553,10/3/2023 14:02,0,134.83,68.94,7.95,4.06,47236,10/3/2023 16:49,10/3/2023,1600,1700
2441249,11/3/2023 14:15,0,138.94,71.04,0,0,126747,11/3/2023 16:59,11/3/2023,1700,1800
2441396,11/3/2023 14:53,0,56.8,29.05,0,0,92047,11/3/2023 19:26,11/3/2023,1900,2000
2440722,11/3/2023 11:59,0,108.06,55.25,0,0,112631,11/3/2023 14:42,11/3/2023,1400,1500
2440240,11/3/2023 09:34,0,51.28,26.21,0,0,80364,11/3/2023 12:11,11/3/2023,1200,1300
2443298,12/3/2023 10:01,0,129.4,66.16,0,0,94819,12/3/2023 13:28,12/3/2023,1300,1400
2443277,12/3/2023 09:56,0,77.9,39.83,0,0,87511,12/3/2023 12:35,12/3/2023,1300,1400
2444687,12/3/2023 16:08,0,102.39,52.35,0,0,111993,12/3/2023 20:30,12/3/2023,2000,2100
2443666,12/3/2023 11:33,0,43.1,22.04,0,0,69452,12/3/2023 15:11,12/3/2023,1500,1600
2445576,13/3/2023 00:19,0,119.6,61.15,0,0,35913,13/3/2023 10:36,13/3/2023,1100,1200
2445640,13/3/2023 04:28,0,142.37,72.79,0,0,51695,13/3/2023 13:12,13/3/2023,1300,1400
2445923,13/3/2023 09:44,0,55.98,28.62,0,0,97243,13/3/2023 15:29,13/3/2023,1500,1600
2449400,14/3/2023 15:40,0,96.61,49.4,0,0,19686,14/3/2023 19:11,14/3/2023,1900,2000
2449676,14/3/2023 17:36,0,120.9,61.82,0,0,139521,14/3/2023 20:30,14/3/2023,2000,2100
2449296,14/3/2023 14:57,0,41.23,21.08,0,0,167195,14/3/2023 20:04,14/3/2023,2000,2100
2448232,14/3/2023 08:24,0,147.19,75.25,0,0,168476,14/3/2023 17:55,14/3/2023,1800,1900
2450764,15/3/2023 10:32,0,92.21,47.15,0,0,145624,15/3/2023 13:34,15/3/2023,1300,1400
2450488,15/3/2023 08:40,0,112.98,57.76,0,0,148376,15/3/2023 11:59,15/3/2023,1300,1400
2452376,15/3/2023 19:51,0,65.86,33.67,0,0,23466,16/3/2023 12:04,16/3/2023,1200,1300
2452350,15/3/2023 19:35,0,118.11,60.38,0,0,45772,16/3/2023 09:16,16/3/2023,900,1000
2453177,16/3/2023 09:04,0,40.76,20.84,0,0,160274,16/3/2023 13:25,16/3/2023,1300,1400
2454138,16/3/2023 12:59,0,125.91,64.37,0,0,132068,16/3/2023 16:49,16/3/2023,1600,1700
2450262,15/3/2023 00:18,0,95.88,49.02,0,0,30971,16/3/2023 20:00,16/3/2023,2000,2100
2460013,18/3/2023 15:01,0,148.5,75.93,0,0,144049,18/3/2023 16:47,18/3/2023,1700,1800
2462928,19/3/2023 16:32,0,33.39,17.07,0,0,71754,19/3/2023 19:02,19/3/2023,1900,2000
2463072,19/3/2023 17:22,0,56.7,28.99,0,0,66810,19/3/2023 20:16,19/3/2023,2000,2100
2463150,19/3/2023 17:57,0,51.24,26.2,0,0,28735,19/3/2023 22:00,19/3/2023,2100,2200
2461401,19/3/2023 07:58,0,128.66,65.78,0,0,170242,19/3/2023 10:55,19/3/2023,1100,1200
2461559,19/3/2023 09:22,0,310.55,158.78,0,0,108550,19/3/2023 12:27,19/3/2023,1300,1400
2462076,19/3/2023 12:07,0,69.17,35.37,0,0,151782,19/3/2023 15:53,19/3/2023,1500,1600
2465252,20/3/2023 15:14,0,66.06,33.78,0,0,118232,20/3/2023 19:11,20/3/2023,1900,2000
2465717,20/3/2023 17:53,0,114.58,58.59,0,0,28718,20/3/2023 19:59,20/3/2023,2000,2100
2468862,22/3/2023 08:18,0,114.02,58.3,40.52,20.72,47281,22/3/2023 13:52,22/3/2023,1300,1400
2468138,21/3/2023 18:27,0,86.07,44.01,0,0,159464,22/3/2023 13:00,22/3/2023,1300,1400
2470482,22/3/2023 16:55,0,127.91,65.4,0,0,111815,22/3/2023 20:33,22/3/2023,2000,2100
2469931,22/3/2023 13:58,0,142.91,73.07,0,0,54116,22/3/2023 16:04,22/3/2023,1600,1700
2470624,22/3/2023 17:53,0,88.82,45.42,0,0,109403,22/3/2023 20:14,22/3/2023,2000,2100
2470623,22/3/2023 17:53,0,227.49,116.32,0,0,9363,22/3/2023 20:09,22/3/2023,2000,2100
2469266,22/3/2023 10:40,0,60.43,30.9,0,0,18657,22/3/2023 13:21,22/3/2023,1300,1400
2469075,22/3/2023 09:39,0,90.1,46.07,0,0,172230,22/3/2023 12:20,22/3/2023,1200,1300
2468198,21/3/2023 18:55,0,64.15,32.8,0,0,151682,22/3/2023 11:00,22/3/2023,1100,1200
2468789,22/3/2023 07:07,0,51.47,26.32,0,0,67992,22/3/2023 13:29,22/3/2023,1300,1400
2472973,23/3/2023 18:12,0,56.72,29,0,0,150228,23/3/2023 21:10,23/3/2023,2100,2200
2472461,23/3/2023 14:37,0,129.11,66.01,0,0,158933,23/3/2023 18:38,23/3/2023,1800,1900
2471194,23/3/2023 02:28,0,74.13,37.91,0,0,36005,23/3/2023 09:56,23/3/2023,1000,1100
2475004,24/3/2023 15:55,0,187.69,95.97,0,0,21002,24/3/2023 19:01,24/3/2023,1900,2000
2476395,25/3/2023 10:08,0,214.84,109.84,0,0,27240,25/3/2023 12:43,25/3/2023,1200,1300
2476131,25/3/2023 08:00,0,166.76,85.27,0,0,16555,25/3/2023 10:27,25/3/2023,1000,1100
2475587,24/3/2023 20:10,0,121.69,62.21,0,0,31069,25/3/2023 09:54,25/3/2023,900,1000
2476201,25/3/2023 08:43,0,51.86,26.51,0,0,72915,25/3/2023 16:06,25/3/2023,1600,1700
2478037,25/3/2023 19:02,0,123.22,63,0,0,65160,25/3/2023 21:57,25/3/2023,2200,2300
2476723,25/3/2023 12:02,0,223.53,114.29,0,0,38509,25/3/2023 15:00,25/3/2023,1400,1500
2476839,25/3/2023 12:37,0,131.96,67.47,0,0,148602,25/3/2023 17:27,25/3/2023,1700,1800
2480046,26/3/2023 16:16,0,93.1,47.6,0,0,11566,26/3/2023 19:08,26/3/2023,1900,2000
2479652,26/3/2023 14:29,0,121.08,61.9,0,0,108419,26/3/2023 18:05,26/3/2023,1800,1900
2478730,26/3/2023 09:24,0,158.19,80.89,0,0,83846,26/3/2023 10:59,26/3/2023,1100,1200
2482519,27/3/2023 15:11,0,148.31,75.83,0,0,79322,27/3/2023 18:07,27/3/2023,1800,1900
2481781,27/3/2023 12:03,0,301.19,153.99,0,0,42437,27/3/2023 17:26,27/3/2023,1700,1800
2483198,27/3/2023 18:34,0,181.88,93,0,0,71406,28/3/2023 11:29,28/3/2023,1100,1200
2484281,28/3/2023 10:10,0,101.45,51.87,0,0,140070,28/3/2023 14:07,28/3/2023,1400,1500
2486882,29/3/2023 09:43,0,38.16,19.51,0,0,87045,29/3/2023 15:05,29/3/2023,1500,1600
2487169,29/3/2023 11:14,0,100.95,51.62,0,0,59402,29/3/2023 13:04,29/3/2023,1300,1400
2489905,30/3/2023 12:24,0,334.76,171.16,38.51,19.69,8306,30/3/2023 16:15,30/3/2023,1600,1700
2488814,29/3/2023 22:03,0,120.18,61.45,0,0,119740,30/3/2023 09:48,30/3/2023,1000,1100
2490780,30/3/2023 17:03,0,175.43,89.69,0,0,96944,30/3/2023 18:49,30/3/2023,1900,2000
2491763,31/3/2023 09:08,0,100.77,51.53,14.4,7.36,33897,31/3/2023 10:42,31/3/2023,1100,1200
2494774,1/4/2023 11:09,0,69.28,35.42,0,0,109296,1/4/2023 14:22,1/4/2023,1400,1500
2494533,1/4/2023 09:54,0,42.74,21.85,0,0,122294,1/4/2023 12:10,1/4/2023,1200,1300
2494126,1/4/2023 00:16,0,97.23,49.72,0,0,103678,1/4/2023 11:06,1/4/2023,1100,1200
2495579,1/4/2023 14:59,0,69.61,35.59,0,0,74120,1/4/2023 17:19,1/4/2023,1800,1900
2493641,31/3/2023 19:09,0,139.07,71.1,0,0,23196,1/4/2023 10:35,1/4/2023,1100,1200
2494921,1/4/2023 11:51,0,51.48,26.32,0,0,159097,1/4/2023 18:09,1/4/2023,1800,1900
2496793,1/4/2023 22:22,0,62.56,31.98,0,0,120686,2/4/2023 16:26,2/4/2023,1600,1700
2500522,3/4/2023 13:46,0,219.65,112.31,0,0,164660,3/4/2023 17:56,3/4/2023,1700,1800
2497051,2/4/2023 07:12,0,231.45,118.34,0,0,107109,3/4/2023 14:56,3/4/2023,1400,1500
2499491,3/4/2023 08:16,0,265.58,135.79,0,0,85083,3/4/2023 14:00,3/4/2023,1300,1400
2501809,3/4/2023 20:15,0,109.65,56.07,0,0,92785,4/4/2023 09:04,4/4/2023,900,1000
2501792,3/4/2023 20:08,0,266.08,136.04,0,0,134633,4/4/2023 09:27,4/4/2023,900,1000
2507072,5/4/2023 16:39,0,96.57,49.38,0,0,49476,5/4/2023 19:52,5/4/2023,1900,2000
2504854,4/4/2023 21:19,0,56.63,28.96,0,0,156348,5/4/2023 09:03,5/4/2023,900,1000
2507312,5/4/2023 18:00,0,140.92,72.05,0,0,108584,5/4/2023 21:14,5/4/2023,2100,2200
2505375,5/4/2023 08:37,0,116,59.31,0,0,41367,5/4/2023 11:11,5/4/2023,1100,1200
2509225,6/4/2023 13:36,0,140.58,71.88,0,0,162565,6/4/2023 19:01,6/4/2023,1900,2000
2508752,6/4/2023 11:23,0,175.77,89.87,0,0,20188,6/4/2023 14:09,6/4/2023,1400,1500
2502231,4/4/2023 00:04,0,46.75,23.9,0,0,128990,6/4/2023 08:25,6/4/2023,900,1000
2509645,6/4/2023 15:42,0,116.21,59.42,0,0,120363,6/4/2023 18:44,6/4/2023,1800,1900
2511525,7/4/2023 11:43,0,98.22,50.22,0,0,170810,7/4/2023 14:39,7/4/2023,1400,1500
2511445,7/4/2023 11:20,0,61.02,31.2,0,0,100102,7/4/2023 17:37,7/4/2023,1700,1800
2513811,8/4/2023 10:10,0,61.64,31.52,0,0,94215,8/4/2023 12:01,8/4/2023,1200,1300
2514444,8/4/2023 13:07,0,96.48,49.33,0,0,78834,8/4/2023 17:43,8/4/2023,1700,1800
2513659,8/4/2023 09:10,0,93.13,47.61,0,0,107305,8/4/2023 11:44,8/4/2023,1100,1200
2513596,8/4/2023 08:41,0,134.01,68.52,0,0,81357,8/4/2023 15:00,8/4/2023,1500,1600
2513495,8/4/2023 04:24,0,126.83,64.85,0,0,28827,8/4/2023 11:22,8/4/2023,1100,1200
2515947,8/4/2023 21:58,0,47.49,24.28,0,0,22737,9/4/2023 09:52,9/4/2023,1000,1100
2517703,9/4/2023 16:12,0,140.37,71.77,0,0,10705,9/4/2023 19:07,9/4/2023,1900,2000
2515256,8/4/2023 16:36,0,98.35,50.28,0,0,106933,9/4/2023 13:12,9/4/2023,1300,1400
2516123,9/4/2023 00:10,0,28.53,14.59,0,0,159148,9/4/2023 10:53,9/4/2023,1100,1200
2518346,9/4/2023 21:46,0,124.79,63.8,0,0,103112,10/4/2023 12:20,10/4/2023,1200,1300
2518541,10/4/2023 00:27,0,117.61,60.14,0,0,147206,10/4/2023 09:23,10/4/2023,1000,1100
2523169,11/4/2023 20:30,0,271.04,138.58,0,0,28754,12/4/2023 09:41,12/4/2023,1000,1100
2524220,12/4/2023 11:09,0,99.23,50.73,0,0,161788,12/4/2023 14:38,12/4/2023,1400,1500
2523657,12/4/2023 07:00,0,163.67,83.68,0,0,124005,12/4/2023 18:13,12/4/2023,1800,1900
2522780,11/4/2023 17:38,0,39.81,20.35,4.63,2.37,22974,12/4/2023 08:36,12/4/2023,900,1000
2524844,12/4/2023 14:30,0,78.79,40.29,0,0,96645,12/4/2023 17:38,12/4/2023,1700,1800
2525088,12/4/2023 15:51,0,87.74,44.86,0,0,126073,12/4/2023 18:09,12/4/2023,1800,1900
2523610,12/4/2023 03:15,0,194.18,99.29,0,0,86034,12/4/2023 11:10,12/4/2023,1100,1200
2527210,13/4/2023 12:37,0,101.51,51.9,0,0,173456,13/4/2023 21:18,13/4/2023,2100,2200
2526648,13/4/2023 09:52,0,53.62,27.42,10.73,5.49,100170,13/4/2023 12:28,13/4/2023,1200,1300
2527603,13/4/2023 14:36,0,70.03,35.81,0,0,94446,13/4/2023 19:12,13/4/2023,1900,2000
2527520,13/4/2023 14:11,0,122.22,62.49,0,0,166558,13/4/2023 17:02,13/4/2023,1700,1800
2526691,13/4/2023 10:06,0,110.64,56.57,0,0,7945,13/4/2023 11:39,13/4/2023,1200,1300
2525390,12/4/2023 17:33,0,66.63,34.06,0,0,28386,13/4/2023 11:03,13/4/2023,1100,1200
2530676,14/4/2023 15:51,0,139.61,71.38,0,0,107972,14/4/2023 19:06,14/4/2023,1900,2000
2531516,14/4/2023 21:16,0,63.71,32.57,0,0,39582,15/4/2023 10:26,15/4/2023,1000,1100
2533021,15/4/2023 16:39,0,86.9,44.43,0,0,119075,15/4/2023 19:05,15/4/2023,1900,2000
2531616,14/4/2023 22:23,0,192.55,98.45,0,0,53777,15/4/2023 10:55,15/4/2023,1000,1100
2532377,15/4/2023 11:54,0,114.77,58.69,0,0,84580,15/4/2023 14:12,15/4/2023,1400,1500
2534854,17/4/2023 11:26,0,131.15,67.05,0,0,100693,17/4/2023 14:48,17/4/2023,1500,1600
2535198,17/4/2023 12:41,0,160.35,81.98,18.67,9.54,91472,17/4/2023 17:29,17/4/2023,1700,1800
2535358,17/4/2023 13:18,0,144.35,73.81,56.35,28.81,105918,17/4/2023 17:32,17/4/2023,1800,1900
2534560,17/4/2023 10:12,0,53.78,27.5,0,0,15712,17/4/2023 14:36,17/4/2023,1400,1500
2538260,18/4/2023 13:41,0,114.25,58.42,0,0,119933,18/4/2023 16:28,18/4/2023,1600,1700
2536317,17/4/2023 18:17,0,68.16,34.85,0,0,83334,18/4/2023 09:28,18/4/2023,900,1000
2537213,18/4/2023 09:14,0,256.77,131.29,0,0,115637,18/4/2023 13:04,18/4/2023,1300,1400
2540597,19/4/2023 12:35,0,57.33,29.32,0,0,103608,19/4/2023 19:35,19/4/2023,1900,2000
2541597,19/4/2023 18:14,0,61.73,31.56,7.99,4.08,139276,19/4/2023 21:11,19/4/2023,2100,2200
2543926,20/4/2023 16:16,0,632.06,323.17,107.84,55.14,26061,20/4/2023 19:24,20/4/2023,1900,2000
2542248,20/4/2023 03:51,0,334.46,171.01,0,0,133122,20/4/2023 09:49,20/4/2023,1000,1100
2543814,20/4/2023 15:41,0,86.09,44.02,0,0,11237,20/4/2023 18:22,20/4/2023,1800,1900
2542709,20/4/2023 10:23,0,263.58,134.76,23.48,12,51825,20/4/2023 13:14,20/4/2023,1300,1400
2544158,20/4/2023 17:46,0,260.67,133.28,0,0,119182,20/4/2023 20:26,20/4/2023,2000,2100
2543040,20/4/2023 11:53,0,27.13,13.87,0,0,163222,20/4/2023 14:26,20/4/2023,1400,1500
2545403,21/4/2023 11:28,0,51.32,26.24,0,0,8600,21/4/2023 15:00,21/4/2023,1500,1600
2546352,21/4/2023 16:35,0,108.86,55.66,0,0,54267,21/4/2023 19:48,21/4/2023,1900,2000
2544989,21/4/2023 09:02,0,180.08,92.08,0,0,139552,21/4/2023 11:54,21/4/2023,1100,1200
2545972,21/4/2023 14:40,0,72.21,36.92,0,0,149941,21/4/2023 17:19,21/4/2023,1700,1800
2544712,20/4/2023 23:50,0,65.22,33.35,0,0,110539,21/4/2023 10:24,21/4/2023,1100,1200
2546605,21/4/2023 18:01,0,207.31,105.99,5.5,2.81,41454,21/4/2023 20:51,21/4/2023,2000,2100
2545249,21/4/2023 10:37,0,238.67,122.03,0,0,43345,21/4/2023 13:03,21/4/2023,1300,1400
2544928,21/4/2023 08:23,0,107.45,54.94,1.47,0.75,9414,21/4/2023 18:17,21/4/2023,1800,1900
2547766,22/4/2023 11:25,0,219.48,112.22,43.17,22.07,129546,22/4/2023 13:25,22/4/2023,1300,1400
2547569,22/4/2023 10:10,0,98.37,50.29,0,0,100541,22/4/2023 13:39,22/4/2023,1300,1400
2547149,21/4/2023 23:20,0,159.44,81.52,0,0,71624,22/4/2023 10:39,22/4/2023,1000,1100
2551267,23/4/2023 16:27,0,81.75,41.8,0,0,122397,23/4/2023 19:55,23/4/2023,1900,2000
2549401,22/4/2023 22:17,0,69.37,35.47,0,0,142945,23/4/2023 12:01,23/4/2023,1300,1400
2551382,23/4/2023 16:56,0,152.03,77.74,0,0,83702,23/4/2023 19:55,23/4/2023,2000,2100
2554145,24/4/2023 18:31,1,186.72,95.47,0,0,180514,24/4/2023 21:02,24/4/2023,2100,2200
2550736,23/4/2023 13:48,0,51.08,26.12,0,0,172038,24/4/2023 11:00,24/4/2023,1100,1200
2552558,24/4/2023 09:48,0,339.83,173.75,0,0,24642,24/4/2023 15:05,24/4/2023,1500,1600
2553225,24/4/2023 13:15,0,99.15,50.7,0,0,91684,24/4/2023 18:57,24/4/2023,1800,1900
2556082,25/4/2023 15:01,0,74.61,38.15,9.73,4.97,70184,25/4/2023 17:58,25/4/2023,1700,1800
2555919,25/4/2023 14:07,0,132.22,67.6,0,0,84130,25/4/2023 17:46,25/4/2023,1700,1800
2555706,25/4/2023 13:02,0,74.49,38.08,0,0,164013,25/4/2023 16:03,25/4/2023,1600,1700
2558364,26/4/2023 14:10,0,45.79,23.42,0,0,162242,26/4/2023 15:54,26/4/2023,1600,1700
2557154,25/4/2023 22:44,0,44.32,22.66,0,0,28827,26/4/2023 10:36,26/4/2023,1000,1100
2506919,5/4/2023 15:50,0,42.71,21.84,0,0,136666,5/4/2023 20:20,5/4/2023,2000,2100
2553245,24/4/2023 13:22,0,78.31,40.04,0,0,180012,24/4/2023 18:01,24/4/2023,1700,1800
2562073,28/4/2023 07:47,0,61.1,31.24,0,0,103063,28/4/2023 14:36,28/4/2023,1400,1500
2563823,28/4/2023 19:25,0,138.61,70.87,0,0,20868,29/4/2023 09:24,29/4/2023,900,1000
2565828,29/4/2023 16:28,0,128.92,65.92,0,0,21364,29/4/2023 19:13,29/4/2023,1900,2000
2566220,29/4/2023 19:08,0,326.55,166.96,0,0,21500,29/4/2023 21:52,29/4/2023,2100,2200
2563752,28/4/2023 18:51,0,132.77,67.88,0,0,167366,29/4/2023 09:00,29/4/2023,900,1000
2563980,28/4/2023 21:05,0,38.34,19.6,0,0,49505,29/4/2023 09:04,29/4/2023,900,1000
2567121,30/4/2023 10:52,0,72.85,37.25,0,0,152176,30/4/2023 13:26,30/4/2023,1300,1400
2566788,30/4/2023 08:25,0,93.29,47.7,40.02,20.46,39633,30/4/2023 09:41,30/4/2023,1000,1100
2569055,30/4/2023 23:41,0,206.22,105.44,0,0,105590,1/5/2023 10:11,1/5/2023,1000,1100
2571226,1/5/2023 20:09,0,36.1,18.45,0,0,42098,2/5/2023 11:04,2/5/2023,1100,1200
2573300,2/5/2023 17:43,0,51.47,26.31,0,0,92112,2/5/2023 20:24,2/5/2023,2000,2100
2573968,3/5/2023 06:12,0,89.29,45.66,14.98,7.66,38428,3/5/2023 10:47,3/5/2023,1000,1100
2574214,3/5/2023 09:17,0,43.53,22.26,0,0,148829,3/5/2023 15:54,3/5/2023,1600,1700
2576171,3/5/2023 20:00,0,46.77,23.92,0,0,24173,4/5/2023 09:08,4/5/2023,900,1000
2577379,4/5/2023 11:47,0,52.82,27,0,0,160747,4/5/2023 14:15,4/5/2023,1400,1500
2576828,4/5/2023 09:08,0,95.73,48.94,0,0,109380,4/5/2023 11:49,4/5/2023,1200,1300
2575718,3/5/2023 17:01,0,100.72,51.5,0,0,122266,4/5/2023 08:59,4/5/2023,800,900
2579066,4/5/2023 23:14,0,94.57,48.35,0,0,126906,5/5/2023 10:59,5/5/2023,1000,1100
2579556,5/5/2023 09:56,0,40.77,20.84,0,0,141486,5/5/2023 14:14,5/5/2023,1400,1500
2578843,4/5/2023 20:44,0,144.48,73.87,0,0,48892,5/5/2023 10:59,5/5/2023,1000,1100
2578892,4/5/2023 21:19,0,484.61,247.78,0,0,170244,5/5/2023 09:30,5/5/2023,900,1000
2582006,6/5/2023 10:51,0,147.8,75.57,0,0,160244,6/5/2023 13:00,6/5/2023,1300,1400
2582622,6/5/2023 14:52,0,324.01,165.67,0,0,21500,6/5/2023 17:31,6/5/2023,1700,1800
2581774,6/5/2023 08:37,0,131.22,67.09,0,0,41300,6/5/2023 12:42,6/5/2023,1200,1300
2581638,6/5/2023 00:56,0,212.14,108.46,0,0,41962,7/5/2023 12:36,7/5/2023,1200,1300
2584059,7/5/2023 11:06,0,461.37,235.9,0,0,160779,7/5/2023 14:45,7/5/2023,1400,1500
2585021,7/5/2023 17:38,0,118.07,60.37,0,0,168926,7/5/2023 20:50,7/5/2023,2000,2100
2587280,8/5/2023 15:34,0,127.53,65.21,0,0,153515,8/5/2023 19:43,8/5/2023,1900,2000
2587390,8/5/2023 16:12,0,87.78,44.88,0,0,162580,8/5/2023 19:34,8/5/2023,1900,2000
2585650,7/5/2023 23:26,0,323.13,165.21,0,0,99996,8/5/2023 09:35,8/5/2023,1000,1100
2587695,8/5/2023 17:32,0,56.78,29.03,0,0,129632,8/5/2023 21:18,8/5/2023,2100,2200
2587004,8/5/2023 14:13,0,96.78,49.48,0,0,134911,8/5/2023 19:25,8/5/2023,1900,2000
2586448,8/5/2023 11:53,0,201.56,103.05,0,0,160515,8/5/2023 14:23,8/5/2023,1400,1500
2589887,9/5/2023 15:08,0,197.77,101.12,0,0,66444,9/5/2023 19:16,9/5/2023,1900,2000
2588117,8/5/2023 21:16,0,88.05,45.02,0,0,15511,9/5/2023 11:50,9/5/2023,1200,1300
2589591,9/5/2023 13:40,0,62.36,31.88,0,0,11675,9/5/2023 20:21,9/5/2023,2000,2100
2591851,10/5/2023 11:24,0,176,89.99,61.54,31.46,75184,10/5/2023 14:28,10/5/2023,1400,1500
2591768,10/5/2023 11:02,0,279.09,142.69,0,0,180056,10/5/2023 13:46,10/5/2023,1400,1500
2593176,10/5/2023 18:33,0,148.51,75.94,0,0,10454,10/5/2023 20:26,10/5/2023,2100,2200
2593648,10/5/2023 23:13,0,204.97,104.8,0,0,71292,11/5/2023 12:08,11/5/2023,1200,1300
2595246,11/5/2023 15:14,0,115.98,59.3,0,0,85759,11/5/2023 19:03,11/5/2023,1900,2000
2593815,11/5/2023 06:49,0,64.16,32.81,0,0,43666,11/5/2023 15:00,11/5/2023,1500,1600
2596905,12/5/2023 10:05,0,44.2,22.59,0,0,72301,12/5/2023 13:09,12/5/2023,1300,1400
2596530,12/5/2023 07:56,0,143.03,73.13,0,0,77884,12/5/2023 15:13,12/5/2023,1500,1600
2596579,12/5/2023 08:26,0,118.01,60.34,0,0,120439,12/5/2023 11:40,12/5/2023,1100,1200
2597636,12/5/2023 13:50,0,179.65,91.86,0,0,155600,12/5/2023 16:42,12/5/2023,1600,1700
2598549,12/5/2023 19:39,0,149.5,76.43,0,0,44729,13/5/2023 13:26,13/5/2023,1300,1400
2599627,13/5/2023 11:52,0,294.15,150.39,0,0,26312,13/5/2023 17:34,13/5/2023,1700,1800
2601562,14/5/2023 09:14,0,179.28,91.66,0,0,97299,14/5/2023 14:12,14/5/2023,1400,1500
2601341,14/5/2023 01:36,0,128.72,65.81,0,0,98419,14/5/2023 11:29,14/5/2023,1100,1200
2601443,14/5/2023 08:05,0,239.63,122.52,0,0,142097,14/5/2023 11:42,14/5/2023,1100,1200
2606230,15/5/2023 16:54,0,154.24,78.86,0,0,42451,15/5/2023 20:29,15/5/2023,2100,2200
2605633,15/5/2023 13:44,0,126.97,64.92,0,0,126298,15/5/2023 17:42,15/5/2023,1700,1800
2605154,15/5/2023 11:36,0,46.91,23.98,0,0,103874,15/5/2023 15:26,15/5/2023,1500,1600
2607009,16/5/2023 07:06,0,180.31,92.19,0,0,56289,16/5/2023 10:36,16/5/2023,1100,1200
2608385,16/5/2023 15:52,0,181.67,92.89,0,0,179769,16/5/2023 18:51,16/5/2023,1800,1900
2606848,15/5/2023 23:23,0,224.83,114.95,0,0,28801,16/5/2023 10:20,16/5/2023,1000,1100
2599876,13/5/2023 13:11,0,125.55,64.19,6.39,3.27,155701,16/5/2023 20:17,16/5/2023,2000,2100
2607702,16/5/2023 11:51,0,84.96,43.44,0,0,176498,16/5/2023 14:21,16/5/2023,1400,1500
2613344,18/5/2023 15:15,0,52.99,27.1,0,0,151459,18/5/2023 17:22,18/5/2023,1800,1900
2611402,17/5/2023 20:39,0,149.93,76.65,0,0,79744,18/5/2023 08:16,18/5/2023,800,900
2611985,18/5/2023 08:47,0,98.46,50.34,0,0,53906,18/5/2023 12:27,18/5/2023,1200,1300
2612918,18/5/2023 13:08,0,250.79,128.22,0,0,84904,18/5/2023 18:34,18/5/2023,1800,1900
2613673,18/5/2023 16:59,0,132.59,67.79,0,0,179640,18/5/2023 20:52,18/5/2023,2000,2100
2614667,19/5/2023 09:18,0,191.07,97.69,0,0,20927,19/5/2023 18:27,19/5/2023,1900,2000
2613977,18/5/2023 19:35,0,134.64,68.84,0,0,25454,19/5/2023 11:06,19/5/2023,1100,1200
2615207,19/5/2023 12:43,0,138.82,70.98,31.31,16,61745,19/5/2023 15:30,19/5/2023,1500,1600
2618073,20/5/2023 16:07,0,78.56,40.17,0,0,12154,20/5/2023 19:29,20/5/2023,2000,2100
2620221,21/5/2023 14:01,0,123.54,63.17,0,0,147001,21/5/2023 16:42,21/5/2023,1600,1700
2618991,20/5/2023 23:49,0,119.77,61.24,0,0,33503,21/5/2023 10:12,21/5/2023,1000,1100
2623421,22/5/2023 18:15,0,52.29,26.73,0,0,110512,22/5/2023 21:02,22/5/2023,2100,2200
2621572,22/5/2023 04:55,0,52.96,27.08,0,0,142881,22/5/2023 11:23,22/5/2023,1100,1200
2623443,22/5/2023 18:24,0,90.77,46.41,0,0,108560,22/5/2023 21:07,22/5/2023,2100,2200
2621232,21/5/2023 20:41,0,89.66,45.84,0,0,130258,22/5/2023 14:09,22/5/2023,1400,1500
2623374,22/5/2023 17:53,0,140.12,71.64,0,0,103933,22/5/2023 21:23,22/5/2023,2100,2200
2624422,23/5/2023 10:19,0,156.86,80.2,0,0,71881,23/5/2023 19:02,23/5/2023,1900,2000
2626473,24/5/2023 10:46,0,168.81,86.31,0,0,70038,24/5/2023 13:09,24/5/2023,1300,1400
2623894,22/5/2023 23:12,0,110.7,56.6,0,0,30971,25/5/2023 20:24,25/5/2023,2000,2100
2629879,25/5/2023 17:50,0,118.07,60.37,0,0,168138,25/5/2023 22:00,25/5/2023,2100,2200
2627864,24/5/2023 21:15,0,207.12,105.9,0,0,118400,25/5/2023 09:19,25/5/2023,900,1000
2629449,25/5/2023 15:04,0,161.78,82.72,40.75,20.83,35414,25/5/2023 18:39,25/5/2023,1900,2000
2628510,25/5/2023 10:00,0,90.15,46.1,0,0,90075,25/5/2023 12:14,25/5/2023,1200,1300
2630800,26/5/2023 09:25,0,263.19,134.57,22.79,11.65,163994,26/5/2023 12:56,26/5/2023,1200,1300
2631432,26/5/2023 13:25,0,65.28,33.37,0,0,43494,26/5/2023 16:30,26/5/2023,1600,1700
2630685,26/5/2023 08:38,0,200.98,102.76,22.63,11.57,134195,26/5/2023 11:16,26/5/2023,1100,1200
2632101,26/5/2023 17:13,1,69.49,35.53,0,0,183667,26/5/2023 19:38,26/5/2023,2000,2100
2633874,27/5/2023 13:46,0,36.41,18.62,0,0,78834,27/5/2023 16:38,27/5/2023,1600,1700
2633910,27/5/2023 14:01,0,34.36,17.57,0,0,62972,27/5/2023 19:18,27/5/2023,1900,2000
2633772,27/5/2023 13:17,0,81.4,41.62,0,0,37626,27/5/2023 14:45,27/5/2023,1600,1700
2634298,27/5/2023 16:15,0,122.54,62.65,0,0,101972,27/5/2023 19:33,27/5/2023,1900,2000
2633315,27/5/2023 10:48,0,58.45,29.89,0,0,180005,27/5/2023 18:00,27/5/2023,1800,1900
2634495,27/5/2023 17:35,0,122.5,62.63,0,0,170940,27/5/2023 20:12,27/5/2023,2000,2100
2633301,27/5/2023 10:44,0,296.65,151.67,6.09,3.11,97435,27/5/2023 13:29,27/5/2023,1300,1400
2635744,28/5/2023 11:17,0,212.9,108.85,0,0,38590,28/5/2023 14:51,28/5/2023,1400,1500
2635237,28/5/2023 07:53,0,279.65,142.98,0,0,158157,28/5/2023 11:30,28/5/2023,1100,1200
2639528,29/5/2023 17:18,0,77.65,39.7,0,0,134357,29/5/2023 19:41,29/5/2023,2000,2100
2637629,28/5/2023 22:53,0,51.16,26.15,0,0,151459,29/5/2023 11:18,29/5/2023,1100,1200
2639514,29/5/2023 17:12,0,125.23,64.02,0,0,146433,30/5/2023 09:49,30/5/2023,900,1000
2643538,31/5/2023 15:31,0,242.35,123.91,0,0,141332,31/5/2023 17:01,31/5/2023,1700,1800
2642509,31/5/2023 08:52,0,88.52,45.25,0,0,41011,31/5/2023 10:46,31/5/2023,1100,1200
2642130,30/5/2023 21:58,0,128.34,65.62,0,0,83765,31/5/2023 20:01,31/5/2023,2000,2100
2645910,1/6/2023 15:16,0,37.8,19.33,0,0,58470,1/6/2023 17:19,1/6/2023,1700,1800
2643978,31/5/2023 18:21,0,189.23,96.75,0,0,23262,1/6/2023 16:01,1/6/2023,1600,1700
2644415,31/5/2023 22:35,0,142.44,72.83,0,0,98103,1/6/2023 17:27,1/6/2023,1700,1800
2644943,1/6/2023 09:43,0,144.13,73.69,0,0,45279,1/6/2023 12:19,1/6/2023,1200,1300
2645476,1/6/2023 12:50,0,196.63,100.54,0,0,8437,1/6/2023 15:43,1/6/2023,1500,1600
2644087,31/5/2023 19:14,0,56.24,28.75,0,0,46929,1/6/2023 18:11,1/6/2023,1800,1900
2644584,1/6/2023 00:47,0,88.33,45.16,0,0,23196,1/6/2023 18:43,1/6/2023,1800,1900
2649135,2/6/2023 20:32,0,148.1,75.72,0,0,141379,3/6/2023 10:16,3/6/2023,1000,1100
2649584,3/6/2023 07:04,0,62.65,32.03,0,0,9888,3/6/2023 11:57,3/6/2023,1100,1200
2648993,2/6/2023 19:23,0,119.82,61.27,0,0,149775,3/6/2023 08:16,3/6/2023,800,900
2652541,4/6/2023 11:06,0,125.48,64.15,0,0,167150,4/6/2023 13:22,4/6/2023,1400,1500
2652416,4/6/2023 10:24,0,169.09,86.45,0,0,108774,4/6/2023 13:44,4/6/2023,1300,1400
2655880,5/6/2023 14:44,0,86.01,43.98,0,0,171963,5/6/2023 18:23,5/6/2023,1900,2000
2654860,5/6/2023 09:41,0,243.76,124.63,0,0,76530,5/6/2023 15:04,5/6/2023,1600,1700
2657207,6/6/2023 09:28,0,138.49,70.81,0,0,29593,6/6/2023 11:00,6/6/2023,1100,1200
2659813,7/6/2023 12:11,0,141.19,72.19,22.87,11.69,27515,7/6/2023 14:58,7/6/2023,1400,1500
2662590,8/6/2023 14:42,0,265.57,135.78,0,0,183063,8/6/2023 16:59,8/6/2023,1700,1800
2662260,8/6/2023 12:52,0,33.42,17.09,0,0,151459,8/6/2023 15:10,8/6/2023,1600,1700
2662587,8/6/2023 14:39,0,74.61,38.14,0,0,13653,8/6/2023 17:24,8/6/2023,1700,1800
2661673,8/6/2023 09:46,0,172.32,88.1,0,0,39703,8/6/2023 12:01,8/6/2023,1200,1300
2663413,8/6/2023 21:14,0,184.67,94.41,0,0,30339,9/6/2023 09:10,9/6/2023,900,1000
2664435,9/6/2023 12:15,0,122.4,62.58,0,0,90088,9/6/2023 14:13,9/6/2023,1400,1500
2664782,9/6/2023 14:24,0,45.63,23.32,0,0,50080,9/6/2023 18:34,9/6/2023,1800,1900
2663205,8/6/2023 18:53,0,76.35,39.04,0,0,69024,9/6/2023 18:12,9/6/2023,1800,1900
2663689,9/6/2023 01:18,0,72.13,36.88,0,0,159081,9/6/2023 16:16,9/6/2023,1600,1700
2667630,10/6/2023 17:11,0,185.41,94.8,0,0,20188,10/6/2023 20:11,10/6/2023,2000,2100
2665889,9/6/2023 22:26,0,96.31,49.25,0,0,128474,10/6/2023 10:33,10/6/2023,1000,1100
2667989,10/6/2023 20:03,0,116.46,59.55,0,0,46116,11/6/2023 08:57,11/6/2023,800,900
2669518,11/6/2023 13:43,0,90.96,46.51,0,0,57486,11/6/2023 19:40,11/6/2023,2000,2100
2668102,10/6/2023 21:20,0,71.88,36.75,0,0,45748,11/6/2023 09:16,11/6/2023,900,1000
2667751,10/6/2023 17:47,0,102.74,52.53,0,0,47323,11/6/2023 09:09,11/6/2023,900,1000
2672062,12/6/2023 14:14,0,100.01,51.14,0,0,17002,12/6/2023 18:48,12/6/2023,1900,2000
2671076,12/6/2023 08:51,0,66.25,33.87,0,0,139276,12/6/2023 11:52,12/6/2023,1100,1200
2670278,11/6/2023 17:32,0,133.2,68.1,0,0,33138,12/6/2023 08:24,12/6/2023,900,1000
2674468,13/6/2023 14:04,0,93.68,47.9,0,0,68786,13/6/2023 17:19,13/6/2023,1700,1800
2673225,12/6/2023 22:46,0,294.82,150.74,0,0,24642,13/6/2023 10:50,13/6/2023,1000,1100
2673144,12/6/2023 21:49,0,114.29,58.44,0,0,40403,13/6/2023 10:15,13/6/2023,1000,1100
2674805,13/6/2023 15:48,0,142.09,72.65,0,0,109403,13/6/2023 20:04,13/6/2023,2000,2100
2675813,14/6/2023 01:18,0,99.38,50.81,0,0,29720,14/6/2023 10:14,14/6/2023,1000,1100
2675489,13/6/2023 20:50,0,484.38,247.66,158.15,80.86,87343,14/6/2023 10:54,14/6/2023,1000,1100
2675468,13/6/2023 20:36,0,103.09,52.71,0,0,54263,14/6/2023 11:18,14/6/2023,1100,1200
2679699,15/6/2023 16:00,0,151.96,77.7,0,0,41742,15/6/2023 19:48,15/6/2023,1900,2000
2677897,14/6/2023 21:56,0,103.81,53.08,14.79,7.57,80957,15/6/2023 14:12,15/6/2023,1400,1500
2679872,15/6/2023 17:09,0,83.99,42.94,0,0,110391,15/6/2023 20:05,15/6/2023,2000,2100
2682117,16/6/2023 16:02,0,75.22,38.46,0,0,92047,16/6/2023 20:42,16/6/2023,2000,2100
2683454,17/6/2023 10:04,0,159.86,81.74,0,0,42292,17/6/2023 13:34,17/6/2023,1300,1400
2683298,17/6/2023 09:22,0,94.99,48.57,0,0,46205,17/6/2023 12:29,17/6/2023,1200,1300
2684394,17/6/2023 13:57,0,74.11,37.9,37.29,19.06,8397,17/6/2023 19:25,17/6/2023,1900,2000
2685122,17/6/2023 17:28,0,170.87,87.36,4.41,2.25,16629,17/6/2023 20:23,17/6/2023,2200,2300
2686178,18/6/2023 09:39,0,115.29,58.95,0,0,24173,18/6/2023 11:47,18/6/2023,1200,1300
2686961,18/6/2023 13:36,0,65.04,33.25,23.96,12.25,39633,18/6/2023 18:27,18/6/2023,1900,2000
2686467,18/6/2023 11:19,0,127.43,65.15,0,0,83846,18/6/2023 14:53,18/6/2023,1400,1500
2684342,17/6/2023 13:42,0,98.87,50.55,0,0,74691,18/6/2023 08:51,18/6/2023,800,900
2690396,20/6/2023 08:43,0,64.14,32.8,0,0,50959,20/6/2023 12:08,20/6/2023,1200,1300
2692011,20/6/2023 22:27,0,139.62,71.39,0,0,49481,21/6/2023 09:42,21/6/2023,900,1000
2691711,20/6/2023 18:23,0,155.08,79.29,0,0,181012,21/6/2023 11:52,21/6/2023,1200,1300
2692070,20/6/2023 23:10,0,122.54,62.65,0,0,159769,21/6/2023 10:58,21/6/2023,1000,1100
2694454,22/6/2023 10:01,0,142.38,72.8,0,0,172230,22/6/2023 16:12,22/6/2023,1600,1700
2693981,21/6/2023 23:44,0,63.6,32.52,0,0,134047,22/6/2023 12:14,22/6/2023,1200,1300
2693895,21/6/2023 22:37,0,88.58,45.28,0,0,90918,22/6/2023 10:18,22/6/2023,1000,1100
2693098,21/6/2023 14:26,0,125.64,64.24,0,0,174549,22/6/2023 08:22,22/6/2023,800,900
2695364,22/6/2023 15:20,0,101.18,51.73,0,0,113386,23/6/2023 09:57,23/6/2023,900,1000
2697521,23/6/2023 14:40,0,71.67,36.64,0,0,115601,23/6/2023 16:57,23/6/2023,1700,1800
2698789,24/6/2023 09:41,0,106.42,54.41,0,0,150917,24/6/2023 13:01,24/6/2023,1300,1400
2698411,23/6/2023 23:03,0,430.51,220.12,0,0,40180,24/6/2023 09:51,24/6/2023,1000,1100
2701219,25/6/2023 11:29,0,96.74,49.46,4.41,2.25,38258,25/6/2023 14:07,25/6/2023,1400,1500
2701000,25/6/2023 10:16,0,222.25,113.63,0,0,133122,25/6/2023 13:13,25/6/2023,1300,1400
2701771,25/6/2023 14:15,0,160.23,81.93,0,0,18562,25/6/2023 17:25,25/6/2023,1700,1800
2700657,25/6/2023 06:21,0,147.53,75.44,0,0,109380,25/6/2023 11:46,25/6/2023,1100,1200
2701834,25/6/2023 14:33,0,355.44,181.74,0,0,40966,25/6/2023 17:16,25/6/2023,1700,1800
2700872,25/6/2023 09:27,0,68.12,34.83,0,0,180005,25/6/2023 12:10,25/6/2023,1200,1300
2703458,26/6/2023 10:46,0,118.03,60.35,0,0,28819,26/6/2023 14:02,26/6/2023,1400,1500
2703699,26/6/2023 12:06,0,58.98,30.15,0,0,87573,26/6/2023 14:53,26/6/2023,1400,1500
2706497,27/6/2023 16:14,0,148.78,76.07,0,0,15086,27/6/2023 20:39,27/6/2023,2000,2100
2708646,28/6/2023 17:22,0,292.6,149.61,0,0,107314,28/6/2023 19:50,28/6/2023,2000,2100
2708471,28/6/2023 16:09,0,130.35,66.65,0,0,106304,28/6/2023 19:21,28/6/2023,1900,2000
2709794,29/6/2023 10:34,0,397.62,203.3,0,0,123315,29/6/2023 12:44,29/6/2023,1300,1400
2710628,29/6/2023 15:56,0,70.44,36.02,37.39,19.12,18562,29/6/2023 18:53,29/6/2023,1800,1900
2710494,29/6/2023 14:59,0,51.89,26.54,0,0,15851,29/6/2023 20:11,29/6/2023,2000,2100
2709411,29/6/2023 06:29,0,121.57,62.16,0,0,27157,29/6/2023 10:42,29/6/2023,1000,1100
2709707,29/6/2023 10:03,0,153.17,78.31,0,0,154783,29/6/2023 16:47,29/6/2023,1700,1800
2711296,29/6/2023 22:48,0,328.74,168.08,21.17,10.83,115950,30/6/2023 13:54,30/6/2023,1300,1400
2712335,30/6/2023 13:41,0,153.96,78.72,0,0,55153,30/6/2023 16:41,30/6/2023,1600,1700
2712341,30/6/2023 13:44,0,49.07,25.09,0,0,115129,30/6/2023 19:10,30/6/2023,1900,2000
2713880,1/7/2023 10:59,0,143.64,73.44,0,0,23196,1/7/2023 13:32,1/7/2023,1300,1400
2712617,30/6/2023 15:42,0,132.99,68,0,0,17033,1/7/2023 09:16,1/7/2023,900,1000
2713445,1/7/2023 00:31,0,203.58,104.09,36.94,18.88,17118,1/7/2023 17:10,1/7/2023,1700,1800
2717243,2/7/2023 16:39,0,91.06,46.56,0,0,46670,2/7/2023 19:23,2/7/2023,1900,2000
2716122,2/7/2023 10:47,0,127.1,64.99,0,0,97082,2/7/2023 13:41,2/7/2023,1300,1400
2716513,2/7/2023 12:54,0,153.58,78.52,0,0,174297,2/7/2023 15:02,2/7/2023,1500,1600
2722139,4/7/2023 21:46,0,89.57,45.79,0,0,148490,5/7/2023 13:15,5/7/2023,1300,1400
2720200,4/7/2023 06:20,1,238.63,122,0,0,185162,5/7/2023 14:14,5/7/2023,1500,1600
2721950,4/7/2023 19:23,0,126.62,64.74,0,0,142895,5/7/2023 15:00,5/7/2023,1500,1600
2723548,5/7/2023 15:19,0,90.78,46.41,0,0,97605,5/7/2023 16:56,5/7/2023,1700,1800
2722770,5/7/2023 10:33,0,87.34,44.66,0,0,22977,5/7/2023 14:02,5/7/2023,1300,1400
2721645,4/7/2023 17:09,0,52.15,26.66,0,0,109380,5/7/2023 10:00,5/7/2023,1000,1100
2725866,6/7/2023 16:18,0,146.93,75.13,0,0,32928,6/7/2023 19:36,6/7/2023,1900,2000
2722675,5/7/2023 10:04,0,87.52,44.75,0,0,130548,6/7/2023 09:40,6/7/2023,900,1000
2725398,6/7/2023 13:28,0,213.16,108.99,0,0,96949,6/7/2023 16:28,6/7/2023,1600,1700
2727344,7/7/2023 11:59,0,69.41,35.49,0,0,22412,7/7/2023 14:10,7/7/2023,1400,1500
2726525,6/7/2023 23:11,0,265.53,135.76,0,0,99996,7/7/2023 17:40,7/7/2023,1700,1800
2729766,8/7/2023 13:38,0,161.63,82.64,0,0,109137,8/7/2023 17:31,8/7/2023,1700,1800
2730211,8/7/2023 16:36,0,82.67,42.27,0,0,19991,8/7/2023 19:11,8/7/2023,1900,2000
2730669,8/7/2023 21:03,0,125.23,64.03,0,0,62584,9/7/2023 09:46,9/7/2023,900,1000
2731173,9/7/2023 09:23,1,91.48,46.78,0,0,187491,9/7/2023 11:24,9/7/2023,1100,1200
2733452,10/7/2023 09:40,0,153.49,78.48,34.97,17.88,82315,10/7/2023 14:34,10/7/2023,1400,1500
2734026,10/7/2023 12:53,0,197.82,101.14,0,0,90828,10/7/2023 16:53,10/7/2023,1600,1700
2734234,10/7/2023 14:01,1,141.64,72.42,0,0,187590,10/7/2023 20:34,10/7/2023,2000,2100
2734905,10/7/2023 18:12,0,73,37.32,0,0,125705,10/7/2023 21:44,10/7/2023,2100,2200
2734484,10/7/2023 15:19,0,36.72,18.78,0,0,72858,11/7/2023 08:49,11/7/2023,800,900
2737018,11/7/2023 19:18,0,147.2,75.27,0,0,146112,12/7/2023 09:13,12/7/2023,900,1000
2737649,12/7/2023 09:27,0,173.47,88.69,38.38,19.63,85183,12/7/2023 21:01,12/7/2023,2100,2200
2739323,12/7/2023 22:42,0,99.47,50.86,3.09,1.58,171963,13/7/2023 16:58,13/7/2023,1700,1800
2740366,13/7/2023 12:49,0,113.75,58.16,0,0,30360,13/7/2023 15:55,13/7/2023,1500,1600
2740646,13/7/2023 14:14,0,74.86,38.27,0,0,46670,13/7/2023 16:57,13/7/2023,1700,1800
2743473,14/7/2023 17:29,0,185.49,94.83,0,0,114903,14/7/2023 19:42,14/7/2023,1900,2000
2742149,14/7/2023 09:50,0,192.41,98.37,0,0,85703,14/7/2023 12:27,14/7/2023,1300,1400
2745344,15/7/2023 15:39,0,168.44,86.11,0,0,68300,15/7/2023 18:38,15/7/2023,1900,2000
2744598,15/7/2023 11:17,0,116.07,59.35,0,0,146623,15/7/2023 15:57,15/7/2023,1500,1600
2745097,15/7/2023 14:00,0,89.39,45.7,0,0,24173,15/7/2023 16:19,15/7/2023,1600,1700
2749833,17/7/2023 14:24,0,87.4,44.69,22.05,11.27,31685,17/7/2023 19:48,17/7/2023,2000,2100
2749198,17/7/2023 11:24,0,93.56,47.84,0,0,150061,17/7/2023 19:09,17/7/2023,1900,2000
2749065,17/7/2023 10:45,0,83.69,42.8,0,0,19099,17/7/2023 13:59,17/7/2023,1300,1400
2723004,5/7/2023 12:00,0,79.48,40.64,0,0,68413,5/7/2023 18:22,5/7/2023,1800,1900
2724294,5/7/2023 21:11,0,174.81,89.38,0,0,123899,6/7/2023 10:47,6/7/2023,1100,1200
2729872,8/7/2023 14:17,0,159.72,81.66,0,0,69793,8/7/2023 20:30,8/7/2023,2000,2100
2739283,12/7/2023 22:15,0,62.84,32.13,9.92,5.07,112973,13/7/2023 11:24,13/7/2023,1100,1200
2768641,26/7/2023 04:39,0,346.33,177.08,0,0,42009,26/7/2023 14:22,26/7/2023,1400,1500
2772510,27/7/2023 20:12,0,248.06,126.83,38.53,19.69,64233,28/7/2023 17:49,28/7/2023,1700,1800
2781635,1/8/2023 07:51,0,54.97,28.11,0,0,69609,1/8/2023 18:10,1/8/2023,1800,1900
2792813,6/8/2023 07:48,0,106.59,54.5,0,0,146433,6/8/2023 14:33,6/8/2023,1400,1500
2790219,4/8/2023 20:27,1,128.87,65.89,0,0,190032,7/8/2023 10:30,7/8/2023,1000,1100
2802137,10/8/2023 10:25,0,63.93,32.69,0,0,118131,10/8/2023 15:36,10/8/2023,1500,1600
2801247,9/8/2023 19:25,0,252.13,128.91,0,0,42437,10/8/2023 17:45,10/8/2023,1700,1800
2753493,19/7/2023 10:04,0,39.55,20.21,0,0,120121,19/7/2023 12:57,19/7/2023,1200,1300
2755259,19/7/2023 23:56,0,165.5,84.63,0,0,150077,20/7/2023 09:58,20/7/2023,900,1000
2756167,20/7/2023 12:41,0,113.39,57.97,0,0,96957,20/7/2023 16:39,20/7/2023,1600,1700
2754453,19/7/2023 15:50,0,45.42,23.22,0,0,175912,20/7/2023 11:11,20/7/2023,1100,1200
2755956,20/7/2023 11:31,0,129.08,65.99,0,0,72385,20/7/2023 19:27,20/7/2023,2000,2100
2757172,20/7/2023 20:16,0,199.97,102.24,0,0,153851,21/7/2023 08:31,21/7/2023,800,900
2758541,21/7/2023 14:24,0,150.4,76.9,0,0,77750,21/7/2023 20:00,21/7/2023,1900,2000
2757986,21/7/2023 11:00,0,72.8,37.22,0,0,120121,21/7/2023 13:58,21/7/2023,1300,1400
2759078,21/7/2023 17:42,0,140.96,72.08,0,0,11325,21/7/2023 20:56,21/7/2023,2000,2100
2757916,21/7/2023 10:36,0,126.47,64.66,0,0,47281,21/7/2023 13:04,21/7/2023,1300,1400
2757903,21/7/2023 10:30,0,191.84,98.09,40.05,20.48,9414,21/7/2023 13:38,21/7/2023,1300,1400
2758927,21/7/2023 16:44,0,118.01,60.34,0,0,179650,21/7/2023 20:01,21/7/2023,2000,2100
2760421,22/7/2023 12:46,0,87.89,44.94,0,0,39651,22/7/2023 15:41,22/7/2023,1600,1700
2760404,22/7/2023 12:37,0,256.65,131.22,0,0,79309,22/7/2023 20:00,22/7/2023,2000,2100
2762428,23/7/2023 11:56,0,134.38,68.71,0,0,127696,23/7/2023 18:21,23/7/2023,1800,1900
2762975,23/7/2023 14:48,0,49.81,25.47,0,0,186760,23/7/2023 18:56,23/7/2023,1800,1900
2763156,23/7/2023 15:54,0,170.7,87.28,0,0,133978,23/7/2023 20:39,23/7/2023,2000,2100
2762215,23/7/2023 10:44,0,165.37,84.55,6.82,3.48,99468,23/7/2023 13:02,23/7/2023,1300,1400
2762196,23/7/2023 10:37,0,125.14,63.98,0,0,127257,23/7/2023 13:27,23/7/2023,1300,1400
2762414,23/7/2023 11:50,0,141.02,72.11,18.61,9.52,154728,23/7/2023 14:06,23/7/2023,1400,1500
2762631,23/7/2023 13:00,0,110.97,56.75,0,0,22412,23/7/2023 15:16,23/7/2023,1500,1600
2764850,24/7/2023 12:32,0,25.5,13.04,0,0,74291,24/7/2023 14:13,24/7/2023,1500,1600
2766497,25/7/2023 08:52,1,34.08,17.42,0,0,188971,25/7/2023 10:08,25/7/2023,1100,1200
2765962,24/7/2023 19:36,0,136.92,70,0,0,70184,25/7/2023 11:25,25/7/2023,1100,1200
2770799,27/7/2023 03:31,0,96.79,49.49,1.05,0.54,109380,27/7/2023 10:06,27/7/2023,1000,1100
2771437,27/7/2023 12:05,0,68.55,35.05,0,0,134047,27/7/2023 14:50,27/7/2023,1400,1500
2772915,28/7/2023 07:24,0,91.98,47.03,0,0,129632,28/7/2023 19:03,28/7/2023,1900,2000
2774249,28/7/2023 17:36,0,93.11,47.6,0,0,36831,28/7/2023 19:49,28/7/2023,2000,2100
2772417,27/7/2023 19:03,0,48.24,24.66,0,0,90595,28/7/2023 08:18,28/7/2023,800,900
2772683,27/7/2023 22:13,0,376.18,192.33,0,0,27515,28/7/2023 10:54,28/7/2023,1000,1100
2773884,28/7/2023 14:52,0,120.93,61.83,0,0,39639,28/7/2023 19:33,28/7/2023,1900,2000
2774037,28/7/2023 16:01,1,221.19,113.1,103.75,53.04,189343,28/7/2023 17:52,28/7/2023,1800,1900
2774763,29/7/2023 00:37,0,146.43,74.86,0,0,60726,29/7/2023 09:40,29/7/2023,900,1000
2777051,30/7/2023 07:07,0,42.08,21.52,0,0,169768,30/7/2023 10:28,30/7/2023,1100,1200
2778270,30/7/2023 15:50,0,134.96,69,0,0,106965,30/7/2023 18:23,30/7/2023,1800,1900
2779012,30/7/2023 22:09,0,123.15,62.97,3.44,1.76,123315,31/7/2023 13:29,31/7/2023,1300,1400
2781853,1/8/2023 10:00,0,80.39,41.1,0,0,145005,1/8/2023 12:21,1/8/2023,1200,1300
2783715,2/8/2023 00:15,0,96.17,49.17,0,0,170632,2/8/2023 10:00,2/8/2023,1000,1100
2785150,2/8/2023 16:26,0,89.15,45.59,0,0,118322,2/8/2023 19:35,2/8/2023,1900,2000
2782249,1/8/2023 12:14,0,48.08,24.58,0,0,144559,2/8/2023 09:22,2/8/2023,900,1000
2788802,4/8/2023 11:19,0,52.41,26.8,0,0,156392,4/8/2023 14:17,4/8/2023,1400,1500
2789548,4/8/2023 15:10,0,139.32,71.24,0,0,91350,4/8/2023 18:02,4/8/2023,1800,1900
2788505,4/8/2023 09:28,0,84.98,43.45,0,0,15712,4/8/2023 11:35,4/8/2023,1200,1300
2790279,4/8/2023 21:13,0,41.99,21.47,0,0,68162,5/8/2023 09:42,5/8/2023,900,1000
2791163,5/8/2023 12:03,1,56.39,28.84,0,0,190074,5/8/2023 14:26,5/8/2023,1400,1500
2791199,5/8/2023 12:15,0,143.4,73.32,0,0,99633,6/8/2023 20:06,6/8/2023,2000,2100
2794670,6/8/2023 19:21,0,109.69,56.08,0,0,80414,6/8/2023 22:42,6/8/2023,2200,2300
2793883,6/8/2023 14:22,0,63.17,32.3,0,0,16957,6/8/2023 17:14,6/8/2023,1700,1800
2796133,7/8/2023 13:53,0,94.2,48.17,0,0,103614,7/8/2023 15:56,7/8/2023,1600,1700
2796581,7/8/2023 16:18,0,172.46,88.18,0,0,185208,7/8/2023 19:34,7/8/2023,1900,2000
2796571,7/8/2023 16:14,0,157.82,80.69,64.96,33.21,142682,7/8/2023 20:00,7/8/2023,2000,2100
2797129,7/8/2023 20:59,0,238.25,121.81,0,0,157192,8/8/2023 11:00,8/8/2023,1100,1200
2799083,8/8/2023 19:20,0,80.09,40.95,0,0,19486,9/8/2023 12:24,9/8/2023,1200,1300
2801064,9/8/2023 17:53,0,120.47,61.6,0,0,157174,9/8/2023 20:06,9/8/2023,2000,2100
2799581,9/8/2023 07:25,0,48.51,24.8,0,0,24060,9/8/2023 19:44,9/8/2023,1900,2000
2803203,10/8/2023 16:24,0,124.31,63.55,0,0,187063,10/8/2023 19:00,10/8/2023,1900,2000
2802533,10/8/2023 12:20,0,57.7,29.5,0,0,85565,10/8/2023 15:26,10/8/2023,1500,1600
2803165,10/8/2023 16:08,0,60.16,30.76,18.69,9.56,101755,10/8/2023 18:47,10/8/2023,1900,2000
2802617,10/8/2023 12:48,0,206.93,105.8,0,0,133544,10/8/2023 16:38,10/8/2023,1600,1700
2804165,11/8/2023 08:17,0,80.8,41.31,0,0,14790,11/8/2023 10:57,11/8/2023,1100,1200
2804798,11/8/2023 12:37,0,167.31,85.54,0,0,136972,11/8/2023 15:43,11/8/2023,1500,1600
2806854,12/8/2023 12:47,0,119.33,61.01,0,0,145874,12/8/2023 15:49,12/8/2023,1500,1600
2806541,12/8/2023 10:38,0,67.39,34.45,0,0,121418,13/8/2023 09:19,12/8/2023,2100,2200
2806352,12/8/2023 09:16,0,121.38,62.06,0,0,101468,12/8/2023 12:04,12/8/2023,1200,1300
2809983,13/8/2023 18:20,0,104.9,53.64,0,0,51579,13/8/2023 21:35,13/8/2023,2100,2200
2809191,13/8/2023 13:31,0,263.5,134.72,0,0,141197,13/8/2023 16:37,13/8/2023,1700,1800
2808955,13/8/2023 12:09,0,63.77,32.6,0,0,77543,13/8/2023 14:15,13/8/2023,1400,1500
2808847,13/8/2023 11:41,0,117.78,60.22,0,0,28250,13/8/2023 14:37,13/8/2023,1400,1500
2808648,13/8/2023 10:28,0,61.23,31.31,0,0,188722,13/8/2023 14:58,13/8/2023,1500,1600
2810809,14/8/2023 09:59,0,63.36,32.39,0,0,176424,14/8/2023 13:40,14/8/2023,1300,1400
2810331,13/8/2023 22:14,0,91.93,47,0,0,24836,14/8/2023 09:56,14/8/2023,1000,1100
2812228,14/8/2023 18:19,0,43.91,22.46,0,0,157174,14/8/2023 21:36,14/8/2023,2100,2200
2814157,15/8/2023 15:52,0,44.54,22.77,0,0,58470,15/8/2023 18:08,15/8/2023,1800,1900
2813668,15/8/2023 13:07,0,224.89,114.98,36.71,18.77,142682,15/8/2023 16:10,15/8/2023,1600,1700
2813124,15/8/2023 10:16,0,80.34,41.07,0,0,177522,15/8/2023 15:48,15/8/2023,1500,1600
2815041,16/8/2023 07:43,0,97.97,50.09,0,0,41101,16/8/2023 10:17,16/8/2023,1000,1100
2816179,16/8/2023 15:43,0,70.7,36.15,0,0,54267,16/8/2023 18:17,16/8/2023,1800,1900
2815884,16/8/2023 13:36,0,197.89,101.18,0,0,72917,16/8/2023 19:20,16/8/2023,1900,2000
2817792,17/8/2023 11:54,0,156.84,80.19,0,0,155235,17/8/2023 15:02,17/8/2023,1500,1600
2817392,17/8/2023 09:50,0,89.17,45.59,0,0,165615,17/8/2023 12:32,17/8/2023,1200,1300
2816728,16/8/2023 20:20,0,111.18,56.84,0,0,119155,17/8/2023 13:05,17/8/2023,1300,1400
2817805,17/8/2023 11:58,0,107.82,55.12,0,0,69024,17/8/2023 17:00,17/8/2023,1700,1800
2820779,18/8/2023 15:56,0,92.24,47.17,0,0,59339,18/8/2023 18:10,18/8/2023,1800,1900
2819567,18/8/2023 08:37,0,212.72,108.76,113,57.77,55954,18/8/2023 10:55,18/8/2023,1100,1200
2820855,18/8/2023 16:21,0,63.08,32.25,0,0,58470,18/8/2023 18:32,18/8/2023,1900,2000
2819257,17/8/2023 22:44,0,219.64,112.3,0,0,25824,18/8/2023 13:32,18/8/2023,1300,1400
2819454,18/8/2023 06:56,0,157.26,80.4,0,0,112086,18/8/2023 11:09,18/8/2023,1100,1200
2821708,19/8/2023 06:28,0,144.88,74.08,0,0,37772,19/8/2023 10:00,19/8/2023,1000,1100
2821480,18/8/2023 21:59,0,122.44,62.61,0,0,15592,19/8/2023 08:55,19/8/2023,900,1000
2822264,19/8/2023 12:01,0,149.21,76.29,0,0,106967,19/8/2023 14:45,19/8/2023,1400,1500
2821664,19/8/2023 02:26,0,230.4,117.8,0,0,54781,19/8/2023 13:15,19/8/2023,1300,1400
2821108,18/8/2023 18:11,0,121.03,61.88,0,0,39645,19/8/2023 20:02,19/8/2023,2000,2100
2820486,18/8/2023 13:57,0,71.92,36.78,0,0,159571,19/8/2023 11:27,19/8/2023,1100,1200
2823633,19/8/2023 21:25,0,174.54,89.25,0,0,129052,20/8/2023 10:54,20/8/2023,1000,1100
2828734,21/8/2023 23:26,0,34.36,17.57,0,0,39573,22/8/2023 10:40,22/8/2023,1000,1100
2830881,22/8/2023 21:04,0,190.8,97.55,0,0,36831,23/8/2023 09:45,23/8/2023,900,1000
2832297,23/8/2023 14:31,0,201.74,103.14,0,0,38439,23/8/2023 17:45,23/8/2023,1700,1800
2831555,23/8/2023 10:10,0,265.91,135.97,0,0,97435,23/8/2023 14:09,23/8/2023,1400,1500
2831262,23/8/2023 07:56,0,212.46,108.63,0,0,33465,23/8/2023 11:18,23/8/2023,1100,1200
2831332,23/8/2023 08:38,0,87.53,44.75,0,0,148774,23/8/2023 11:48,23/8/2023,1100,1200
2834355,24/8/2023 13:07,0,333.84,170.69,0,0,184788,24/8/2023 15:41,24/8/2023,1500,1600
2836506,25/8/2023 12:08,0,116.43,59.53,0,0,28192,25/8/2023 14:23,25/8/2023,1400,1500
2837183,25/8/2023 16:19,0,92.38,47.24,0,0,22297,25/8/2023 18:30,25/8/2023,1900,2000
2835434,24/8/2023 20:16,0,93.03,47.56,0,0,10551,25/8/2023 08:59,25/8/2023,800,900
2835950,25/8/2023 08:35,0,85.15,43.53,0,0,33332,25/8/2023 11:53,25/8/2023,1100,1200
2838257,26/8/2023 09:21,0,136.76,69.92,0,0,83283,26/8/2023 11:11,26/8/2023,1100,1200
2837909,25/8/2023 23:14,0,491.19,251.14,0,0,33450,26/8/2023 09:42,26/8/2023,1000,1100
2839283,26/8/2023 15:30,0,62.77,32.09,0,0,134274,26/8/2023 19:09,26/8/2023,1900,2000
2837709,25/8/2023 20:16,0,131.33,67.14,15.46,7.91,71292,26/8/2023 10:44,26/8/2023,1100,1200
2856637,3/9/2023 10:24,0,222.11,113.57,0,0,75667,3/9/2023 14:17,3/9/2023,1500,1600
2861534,5/9/2023 09:00,0,104.21,53.29,0,0,118224,5/9/2023 20:12,5/9/2023,2000,2100
2864884,6/9/2023 15:01,0,289.79,148.17,0,0,100364,7/9/2023 09:33,7/9/2023,900,1000
2865578,6/9/2023 20:02,0,84.32,43.11,0,0,150869,7/9/2023 12:46,7/9/2023,1200,1300
2840945,27/8/2023 12:26,0,123.46,63.12,0,0,63327,27/8/2023 16:07,27/8/2023,1600,1700
2841059,27/8/2023 12:59,0,161.75,82.7,0,0,109403,27/8/2023 15:13,27/8/2023,1500,1600
2840089,26/8/2023 22:52,0,161.4,82.52,0,0,39582,27/8/2023 09:39,27/8/2023,900,1000
2841389,27/8/2023 14:43,0,114.36,58.47,0,0,184647,27/8/2023 16:29,27/8/2023,1700,1800
2848595,30/8/2023 17:12,0,138.6,70.86,0,0,99320,30/8/2023 18:57,30/8/2023,1900,2000
2848715,30/8/2023 18:05,0,94.67,48.4,0,0,103162,30/8/2023 21:59,30/8/2023,2100,2200
2847860,30/8/2023 12:16,0,182.2,93.15,0,0,70963,30/8/2023 18:27,30/8/2023,1900,2000
2850868,31/8/2023 16:27,0,96,49.08,21.63,11.06,189686,31/8/2023 18:56,31/8/2023,1900,2000
2851122,31/8/2023 17:49,0,270.86,138.49,0,0,98095,31/8/2023 21:23,31/8/2023,2100,2200
2851537,31/8/2023 22:01,0,84.17,43.03,0,0,11237,1/9/2023 09:50,1/9/2023,900,1000
2854544,2/9/2023 11:07,0,126.2,64.53,0,0,31603,2/9/2023 13:51,2/9/2023,1300,1400
2854819,2/9/2023 12:38,0,124.84,63.83,0,0,172230,2/9/2023 16:52,2/9/2023,1700,1800
2853866,1/9/2023 21:45,0,89.6,45.82,0,0,165365,2/9/2023 09:00,2/9/2023,900,1000
2856207,2/9/2023 23:47,0,261.37,133.64,0,0,91094,3/9/2023 09:27,3/9/2023,1000,1100
2856528,3/9/2023 09:33,0,208.48,106.59,0,0,16629,3/9/2023 11:13,3/9/2023,1100,1200
2857996,3/9/2023 17:41,0,93.76,47.94,0,0,73047,3/9/2023 20:39,3/9/2023,2100,2200
2856722,3/9/2023 10:51,0,143.03,73.13,0,0,96982,3/9/2023 16:59,3/9/2023,1700,1800
2857077,3/9/2023 12:37,0,49.04,25.08,0,0,118232,4/9/2023 09:45,4/9/2023,1000,1100
2860832,4/9/2023 18:55,0,191.6,97.97,0,0,65822,4/9/2023 21:39,4/9/2023,2100,2200
2858638,4/9/2023 06:56,0,120.91,61.82,0,0,147567,4/9/2023 10:59,4/9/2023,1100,1200
2862517,5/9/2023 14:30,0,394.22,201.56,34.66,17.72,28754,5/9/2023 17:23,5/9/2023,1700,1800
2863653,6/9/2023 01:14,0,57.19,29.23,0,0,28718,6/9/2023 11:48,6/9/2023,1100,1200
2863259,5/9/2023 19:32,0,87.36,44.66,0,0,67831,6/9/2023 08:19,6/9/2023,800,900
2867394,7/9/2023 16:19,0,106.39,54.4,0,0,160224,7/9/2023 19:40,7/9/2023,1900,2000
2866916,7/9/2023 13:40,0,114.51,58.55,0,0,42750,7/9/2023 15:17,7/9/2023,1600,1700
2866699,7/9/2023 12:28,0,251.42,128.54,11.35,5.8,161861,7/9/2023 16:27,7/9/2023,1600,1700
2867346,7/9/2023 15:58,0,45.79,23.41,0,0,58470,7/9/2023 18:24,7/9/2023,1800,1900
2867429,7/9/2023 16:29,0,114.61,58.6,0,0,9414,7/9/2023 19:31,7/9/2023,1900,2000
2868351,8/9/2023 01:22,0,265.81,135.91,0,0,61858,8/9/2023 10:30,8/9/2023,1000,1100
2868537,8/9/2023 08:49,0,88.09,45.04,0,0,75591,8/9/2023 13:04,8/9/2023,1300,1400
2868124,7/9/2023 22:02,0,137.09,70.1,0,0,109380,8/9/2023 09:22,8/9/2023,900,1000
2868858,8/9/2023 11:11,0,214.57,109.71,0,0,148952,8/9/2023 16:09,8/9/2023,1600,1700
2903777,22/9/2023 11:15,0,111.79,57.16,0,0,177276,23/9/2023 08:58,23/9/2023,900,1000
2905870,23/9/2023 09:23,0,396.98,202.98,0,0,68902,23/9/2023 17:04,23/9/2023,1700,1800
2905345,22/9/2023 21:01,0,114.2,58.39,0,0,143159,23/9/2023 11:24,23/9/2023,1100,1200
2912212,25/9/2023 14:26,0,95.08,48.61,0,0,136666,25/9/2023 20:36,25/9/2023,2000,2100
2921178,28/9/2023 23:09,0,116.37,59.5,0,0,143159,29/9/2023 11:43,29/9/2023,1100,1200
2926399,30/9/2023 22:03,0,61.45,31.42,0,0,193776,2/10/2023 13:22,2/10/2023,1300,1400
2931205,2/10/2023 15:57,0,57.86,29.58,0,0,100364,3/10/2023 10:00,3/10/2023,1000,1100
2871380,9/9/2023 12:30,0,116.89,59.77,0,0,183437,9/9/2023 15:12,9/9/2023,1500,1600
2872048,9/9/2023 15:57,0,40.01,20.46,0,0,144105,9/9/2023 19:18,9/9/2023,1900,2000
2871783,9/9/2023 14:29,0,96.44,49.31,0,0,45333,9/9/2023 18:50,9/9/2023,1900,2000
2872145,9/9/2023 16:26,0,146.75,75.04,0,0,90088,9/9/2023 20:50,9/9/2023,2000,2100
2870376,8/9/2023 20:55,0,123.3,63.04,0,0,62584,9/9/2023 10:26,9/9/2023,1000,1100
2874033,10/9/2023 13:31,0,184.99,94.58,0,0,53534,10/9/2023 17:11,10/9/2023,1700,1800
2876062,11/9/2023 10:37,0,208.25,106.48,0,0,49917,11/9/2023 12:32,11/9/2023,1300,1400
2877497,11/9/2023 17:32,0,89.66,45.84,0,0,151520,11/9/2023 20:04,11/9/2023,2000,2100
2875959,11/9/2023 10:10,0,140.99,72.09,0,0,54732,11/9/2023 17:00,11/9/2023,1600,1700
2874629,10/9/2023 16:11,0,98.25,50.24,0,0,192939,11/9/2023 08:06,11/9/2023,800,900
2875701,11/9/2023 08:17,0,101.22,51.76,0,0,50040,11/9/2023 11:34,11/9/2023,1100,1200
2875824,11/9/2023 09:23,0,44.87,22.94,0,0,103431,11/9/2023 10:59,11/9/2023,1200,1300
2875940,11/9/2023 10:02,0,71.19,36.4,17.76,9.08,17118,11/9/2023 12:59,11/9/2023,1200,1300
2879339,12/9/2023 14:32,0,71.45,36.53,0,0,171009,12/9/2023 20:53,12/9/2023,2000,2100
2878299,12/9/2023 08:26,0,67.11,34.32,0,0,88284,12/9/2023 15:03,12/9/2023,1600,1700
2879249,12/9/2023 14:01,0,73.17,37.41,0,0,48892,12/9/2023 16:49,12/9/2023,1600,1700
2880539,12/9/2023 23:22,0,185.3,94.74,0,0,164645,13/9/2023 12:01,13/9/2023,1100,1200
2880085,12/9/2023 18:45,0,181.47,92.79,0,0,189848,13/9/2023 09:19,13/9/2023,900,1000
2881207,13/9/2023 11:01,0,80.54,41.18,11.08,5.67,190759,13/9/2023 13:02,13/9/2023,1300,1400
2881646,13/9/2023 13:33,0,65.93,33.71,0,0,187030,14/9/2023 10:38,14/9/2023,1100,1200
2882952,14/9/2023 01:09,0,68.24,34.89,0,0,97170,14/9/2023 10:52,14/9/2023,1000,1100
2884722,14/9/2023 17:02,0,136.38,69.73,43.85,22.42,43085,15/9/2023 09:01,15/9/2023,900,1000
2887410,15/9/2023 18:10,0,68.93,35.24,0,0,7945,15/9/2023 21:50,15/9/2023,2100,2200
2887115,15/9/2023 16:13,0,130.91,66.93,0,0,105179,15/9/2023 19:17,15/9/2023,1900,2000
2887146,15/9/2023 16:24,0,124.27,63.54,0,0,152241,15/9/2023 19:22,15/9/2023,1900,2000
2887415,15/9/2023 18:14,0,124.21,63.5,0,0,126747,15/9/2023 21:38,15/9/2023,2100,2200
2887810,15/9/2023 21:44,0,100.91,51.59,0,0,81996,16/9/2023 11:14,16/9/2023,1100,1200
2889424,16/9/2023 13:48,0,165.28,84.51,0,0,20188,16/9/2023 17:54,16/9/2023,1800,1900
2888570,16/9/2023 10:27,0,257.33,131.57,0,0,25964,16/9/2023 14:18,16/9/2023,1400,1500
2892094,17/9/2023 13:23,0,47.29,24.18,0,0,159148,18/9/2023 10:37,18/9/2023,1100,1200
2893705,18/9/2023 08:56,0,138.26,70.7,0,0,89601,18/9/2023 13:37,18/9/2023,1400,1500
2896944,19/9/2023 12:33,0,54.05,27.63,0,0,51593,19/9/2023 16:30,19/9/2023,1600,1700
2899568,20/9/2023 14:16,0,92.81,47.45,0,0,14607,20/9/2023 17:56,20/9/2023,1800,1900
2900215,20/9/2023 19:11,0,205.73,105.19,0,0,150378,20/9/2023 22:17,20/9/2023,2200,2300
2898433,20/9/2023 00:22,0,69.99,35.78,0,0,13371,20/9/2023 10:15,20/9/2023,1000,1100
2898316,19/9/2023 22:39,0,136.51,69.8,0,0,78758,20/9/2023 10:55,20/9/2023,1000,1100
2901643,21/9/2023 12:43,0,127.67,65.28,0,0,120604,21/9/2023 15:52,21/9/2023,1500,1600
2901834,21/9/2023 13:35,0,109.09,55.78,0,0,132999,21/9/2023 16:59,21/9/2023,1600,1700
2903254,22/9/2023 07:19,0,87.44,44.71,0,0,36505,22/9/2023 17:53,22/9/2023,1800,1900
2902403,21/9/2023 16:55,0,117.22,59.94,0,0,103616,22/9/2023 08:03,22/9/2023,800,900
2906724,23/9/2023 14:11,0,42.87,21.91,0,0,61321,23/9/2023 16:21,23/9/2023,1600,1700
2905844,23/9/2023 09:01,0,50.86,26,0,0,162567,23/9/2023 11:31,23/9/2023,1100,1200
2907182,23/9/2023 16:56,0,120.72,61.72,0,0,75945,23/9/2023 19:05,23/9/2023,1900,2000
2907425,23/9/2023 18:34,0,94.17,48.15,0,0,84676,23/9/2023 21:56,23/9/2023,2100,2200
2909805,24/9/2023 16:11,0,74.8,38.25,0,0,83081,24/9/2023 21:37,24/9/2023,2100,2200
2908739,24/9/2023 11:52,0,65.78,33.63,0,0,79518,24/9/2023 13:48,24/9/2023,1400,1500
2909651,24/9/2023 15:33,0,175.12,89.54,0,0,28192,24/9/2023 20:58,24/9/2023,2100,2200
2906388,23/9/2023 12:23,0,157.14,80.35,0,0,108074,24/9/2023 07:49,24/9/2023,800,900
2908571,24/9/2023 11:07,0,119.42,61.06,0,0,98712,25/9/2023 08:57,25/9/2023,800,900
2912703,25/9/2023 16:50,0,134.36,68.69,0,0,16629,25/9/2023 21:44,25/9/2023,2100,2200
2911638,25/9/2023 12:01,0,92.71,47.4,0,0,28081,25/9/2023 17:15,25/9/2023,1700,1800
2914567,26/9/2023 12:43,0,85.02,43.47,0,0,134852,26/9/2023 15:50,26/9/2023,1600,1700
2914024,26/9/2023 10:11,0,145.94,74.62,0,0,45243,26/9/2023 13:03,26/9/2023,1300,1400
2914500,26/9/2023 12:26,0,100.66,51.47,0,0,91583,26/9/2023 15:04,26/9/2023,1500,1600
2914113,26/9/2023 10:39,0,107.98,55.21,0,0,167317,26/9/2023 18:42,26/9/2023,1900,2000
2914463,26/9/2023 12:17,0,156.97,80.26,19.87,10.16,90180,26/9/2023 15:56,26/9/2023,1600,1700
2915109,26/9/2023 15:32,0,33.96,17.37,0,0,179029,26/9/2023 18:58,26/9/2023,1900,2000
2917126,27/9/2023 13:05,0,201.03,102.79,0,0,126911,27/9/2023 17:31,27/9/2023,1700,1800
2916068,26/9/2023 23:52,0,163.77,83.73,0,0,167791,27/9/2023 20:20,27/9/2023,2000,2100
2919086,28/9/2023 09:57,0,130.2,66.57,0,0,91165,28/9/2023 11:53,28/9/2023,1200,1300
2920500,28/9/2023 16:54,0,235.48,120.4,0,0,183154,28/9/2023 20:06,28/9/2023,2000,2100
2918240,27/9/2023 19:49,0,145.08,74.18,0,0,120741,28/9/2023 09:20,28/9/2023,900,1000
2922517,29/9/2023 13:46,0,63.43,32.43,0,0,144375,29/9/2023 16:41,29/9/2023,1700,1800
2922795,29/9/2023 15:13,0,177.96,90.99,0,0,98159,29/9/2023 18:43,29/9/2023,1800,1900
2920947,28/9/2023 20:43,0,218.6,111.77,0,0,165034,29/9/2023 10:52,29/9/2023,1100,1200
2921581,29/9/2023 09:25,1,85.04,43.48,0,0,195708,29/9/2023 12:07,29/9/2023,1200,1300
2916722,27/9/2023 11:07,0,578.53,295.8,0,0,189205,29/9/2023 17:05,29/9/2023,1700,1800
2923712,29/9/2023 21:42,0,52.64,26.91,0,0,22977,30/9/2023 10:21,30/9/2023,1000,1100
2924951,30/9/2023 13:04,0,74.75,38.22,0,0,178608,30/9/2023 19:50,30/9/2023,1900,2000
2926834,1/10/2023 08:22,0,110.28,56.38,0,0,147001,1/10/2023 12:35,1/10/2023,1200,1300
2928364,1/10/2023 15:19,0,148.52,75.93,0,0,90129,1/10/2023 21:37,1/10/2023,2100,2200
2926527,30/9/2023 23:13,0,218,111.47,0,0,8846,1/10/2023 10:14,1/10/2023,1000,1100
2927233,1/10/2023 10:38,0,240.52,122.97,0,0,178284,1/10/2023 14:07,1/10/2023,1400,1500
2927147,1/10/2023 10:11,0,167.99,85.89,0,0,24672,1/10/2023 13:22,1/10/2023,1400,1500
2927087,1/10/2023 09:54,0,148.94,76.15,0,0,134294,1/10/2023 19:55,1/10/2023,2000,2100
2926899,1/10/2023 08:53,0,190.44,97.37,0,0,44398,1/10/2023 12:59,1/10/2023,1200,1300
2931009,2/10/2023 14:58,0,175.34,89.65,0,0,179601,2/10/2023 19:01,2/10/2023,1900,2000
2931142,2/10/2023 15:37,0,46.26,23.66,0,0,112222,2/10/2023 19:01,2/10/2023,1900,2000
2931090,2/10/2023 15:21,0,202.87,103.73,0,0,134313,2/10/2023 19:41,2/10/2023,1900,2000
2929629,2/10/2023 08:51,0,111.38,56.95,45.56,23.29,45920,2/10/2023 12:47,2/10/2023,1200,1300
2932604,3/10/2023 09:41,0,75.17,38.43,21.47,10.97,153377,3/10/2023 13:45,3/10/2023,1300,1400
2933583,3/10/2023 14:45,0,50.71,25.93,0,0,104674,3/10/2023 18:40,3/10/2023,1800,1900
2936465,4/10/2023 16:57,0,77.09,39.42,0,0,145874,4/10/2023 19:00,4/10/2023,1900,2000
2935318,4/10/2023 10:46,0,151.75,77.59,0,0,94541,4/10/2023 13:34,4/10/2023,1300,1400
2934950,4/10/2023 08:25,0,135.89,69.48,0,0,161307,4/10/2023 17:27,4/10/2023,1700,1800
2936146,4/10/2023 15:02,0,32.56,16.65,0,0,19486,4/10/2023 17:36,4/10/2023,1700,1800
2936331,4/10/2023 16:08,0,62.39,31.89,0,0,191028,4/10/2023 18:11,4/10/2023,1800,1900
2938746,5/10/2023 14:43,0,128.93,65.92,0,0,24064,5/10/2023 17:17,5/10/2023,1700,1800
2938074,5/10/2023 11:44,0,238.92,122.16,0,0,105521,5/10/2023 13:58,5/10/2023,1400,1500
2936518,4/10/2023 17:19,0,38.75,19.81,0,0,72858,5/10/2023 13:59,5/10/2023,1400,1500
2938890,5/10/2023 15:29,0,414.02,211.68,80.83,41.32,49959,5/10/2023 18:31,5/10/2023,1800,1900
2939447,5/10/2023 19:08,0,108.28,55.36,0,0,104761,6/10/2023 08:49,6/10/2023,800,900
2940709,6/10/2023 11:28,0,44.13,22.56,0,0,165026,6/10/2023 14:23,6/10/2023,1400,1500
2942529,6/10/2023 21:52,0,106.53,54.47,0,0,133838,7/10/2023 11:10,7/10/2023,1100,1200
2937994,5/10/2023 11:21,0,238.25,121.81,0,0,20230,7/10/2023 10:55,7/10/2023,1100,1200
2944314,7/10/2023 15:01,0,134.11,68.57,0,0,117277,7/10/2023 17:55,7/10/2023,1800,1900
2944668,7/10/2023 16:42,0,131.37,67.16,0,0,80828,7/10/2023 20:45,7/10/2023,2000,2100
2944064,7/10/2023 14:02,0,94.82,48.48,0,0,33814,7/10/2023 17:10,7/10/2023,1700,1800
2946398,8/10/2023 11:33,0,103.8,53.07,0,0,50415,8/10/2023 14:38,8/10/2023,1400,1500
2946143,8/10/2023 10:28,0,128.1,65.5,0,0,81357,8/10/2023 12:48,8/10/2023,1300,1400
2947615,8/10/2023 16:01,0,123.86,63.33,0,0,121587,8/10/2023 20:22,8/10/2023,2000,2100
2948185,8/10/2023 19:38,0,75.96,38.83,0,0,61352,9/10/2023 11:13,9/10/2023,1100,1200
2949584,9/10/2023 12:20,0,136.13,69.61,0,0,49320,9/10/2023 15:05,9/10/2023,1500,1600
2953068,10/10/2023 15:54,0,53.2,27.2,0,0,77809,10/10/2023 19:05,10/10/2023,1900,2000
2951078,9/10/2023 21:14,0,56.81,29.05,0,0,77227,10/10/2023 11:18,10/10/2023,1100,1200
2952408,10/10/2023 12:54,0,278.11,142.2,0,0,44884,10/10/2023 15:45,10/10/2023,1500,1600
2953174,10/10/2023 16:22,0,148.71,76.03,0,0,172157,10/10/2023 22:00,10/10/2023,2200,2300
2956186,11/10/2023 18:49,0,209.52,107.13,0,0,40498,11/10/2023 21:37,11/10/2023,2100,2200
2955410,11/10/2023 14:23,0,40.91,20.91,0,0,118632,11/10/2023 17:20,11/10/2023,1700,1800
2953694,10/10/2023 20:12,0,60.06,30.71,0,0,16957,11/10/2023 11:15,11/10/2023,1100,1200
2958005,12/10/2023 13:32,0,40.35,20.63,0,0,92112,12/10/2023 16:14,12/10/2023,1600,1700
2957446,12/10/2023 10:53,0,83.66,42.78,0,0,142945,12/10/2023 13:54,12/10/2023,1300,1400
2957797,12/10/2023 12:34,0,147.76,75.55,0,0,156611,12/10/2023 15:05,12/10/2023,1500,1600
2956979,12/10/2023 08:31,0,88.02,45.01,0,0,36005,12/10/2023 11:51,12/10/2023,1100,1200
2960055,13/10/2023 10:46,0,225.11,115.1,0,0,98429,13/10/2023 16:20,13/10/2023,1600,1700
2960906,13/10/2023 14:52,0,113.83,58.2,0,0,57511,13/10/2023 20:22,13/10/2023,2000,2100
2961268,13/10/2023 16:51,0,104.53,53.44,0,0,171592,13/10/2023 20:48,13/10/2023,2000,2100
2959621,13/10/2023 08:11,0,102.66,52.49,34.44,17.61,153272,13/10/2023 11:19,13/10/2023,1100,1200
2959993,13/10/2023 10:31,0,162.52,83.1,0,0,9830,13/10/2023 12:58,13/10/2023,1300,1400
2959175,12/10/2023 21:20,0,138.63,70.88,0,0,123762,13/10/2023 12:02,13/10/2023,1200,1300
2961053,13/10/2023 15:38,0,103.65,52.99,0,0,71127,14/10/2023 08:24,14/10/2023,800,900
2961771,13/10/2023 20:31,0,81.24,41.54,0,0,54267,14/10/2023 09:15,14/10/2023,900,1000
2966963,15/10/2023 16:33,0,85.1,43.51,0,0,167317,15/10/2023 19:09,15/10/2023,2000,2100
2964558,14/10/2023 20:54,0,208.02,106.35,0,0,45208,15/10/2023 14:09,15/10/2023,1400,1500
2965646,15/10/2023 11:06,0,121.94,62.34,0,0,145747,15/10/2023 13:44,15/10/2023,1400,1500
2966324,15/10/2023 13:51,0,89.4,45.7,0,0,82451,15/10/2023 18:21,15/10/2023,1800,1900
2966460,15/10/2023 14:22,0,120.04,61.37,0,0,151049,15/10/2023 16:18,15/10/2023,1600,1700
2967055,15/10/2023 16:55,0,26.16,13.37,0,0,56436,15/10/2023 21:28,15/10/2023,2100,2200
2967825,15/10/2023 23:16,0,102,52.15,0,0,45030,16/10/2023 19:43,16/10/2023,1900,2000
2969422,16/10/2023 13:30,0,127.51,65.19,0,0,123028,16/10/2023 16:54,16/10/2023,1700,1800
2967840,15/10/2023 23:28,0,132.25,67.61,0,0,31603,16/10/2023 10:20,16/10/2023,1000,1100
2967815,15/10/2023 23:11,0,88.75,45.38,0,0,9414,16/10/2023 10:34,16/10/2023,1000,1100
2973062,17/10/2023 17:27,0,72.13,36.88,0,0,189205,17/10/2023 22:49,17/10/2023,2200,2300
2971966,17/10/2023 12:24,0,105.45,53.91,44.31,22.66,9396,17/10/2023 15:14,17/10/2023,1500,1600
2973678,17/10/2023 22:50,0,93.06,47.58,0,0,48298,18/10/2023 10:22,18/10/2023,1000,1100
2973191,17/10/2023 18:26,0,294.21,150.43,99,50.62,82393,18/10/2023 09:46,18/10/2023,900,1000
2974800,18/10/2023 12:06,0,55.98,28.63,0,0,62408,18/10/2023 15:18,18/10/2023,1500,1600
2977228,19/10/2023 10:18,0,90.54,46.3,0,0,142682,19/10/2023 13:45,19/10/2023,1300,1400
2978942,19/10/2023 18:43,0,148.16,75.75,0,0,139988,19/10/2023 22:34,19/10/2023,2200,2300
2978638,19/10/2023 17:05,0,124.62,63.72,0,0,41058,19/10/2023 20:10,19/10/2023,2000,2100
2977198,19/10/2023 10:12,0,98.28,50.25,0,0,192842,19/10/2023 13:28,19/10/2023,1300,1400
2978110,19/10/2023 14:20,1,40.84,20.88,0,0,197993,19/10/2023 17:48,19/10/2023,1700,1800
2977410,19/10/2023 11:09,0,137.57,70.34,0,0,57929,19/10/2023 14:30,19/10/2023,1400,1500
2979619,20/10/2023 05:42,0,51.37,26.27,11.52,5.88,99394,20/10/2023 11:03,20/10/2023,1100,1200
2979160,19/10/2023 20:45,0,60.44,30.9,0,0,144375,20/10/2023 09:34,20/10/2023,900,1000
2983166,21/10/2023 12:29,0,108.48,55.47,0,0,103046,21/10/2023 15:39,21/10/2023,1500,1600
2982946,21/10/2023 11:30,0,71.82,36.72,0,0,150633,21/10/2023 14:20,21/10/2023,1400,1500
2983432,21/10/2023 13:39,0,65.91,33.69,0,0,162869,21/10/2023 15:48,21/10/2023,1600,1700
2983302,21/10/2023 13:04,0,207.55,106.12,0,0,154783,21/10/2023 16:13,21/10/2023,1600,1700
2986640,22/10/2023 15:16,0,66.23,33.86,0,0,87270,22/10/2023 18:35,22/10/2023,1800,1900
2985546,22/10/2023 10:44,0,491.31,251.2,0,0,11836,22/10/2023 13:19,22/10/2023,1300,1400
2985089,22/10/2023 06:50,0,176.01,89.99,0,0,22373,22/10/2023 15:57,22/10/2023,1600,1700
2984753,21/10/2023 21:56,0,106.27,54.33,0,0,55437,22/10/2023 09:00,22/10/2023,900,1000
2985003,22/10/2023 00:46,0,122.61,62.68,0,0,25457,22/10/2023 11:48,22/10/2023,1100,1200
2985046,22/10/2023 02:13,0,89.86,45.94,0,0,48669,22/10/2023 11:27,22/10/2023,1100,1200
2986636,22/10/2023 15:15,0,113.45,58.01,0,0,33375,22/10/2023 18:35,22/10/2023,1800,1900
2987751,22/10/2023 23:11,0,146.96,75.14,0,0,188738,23/10/2023 11:20,23/10/2023,1100,1200
2988754,23/10/2023 12:02,0,68.32,34.93,0,0,197685,23/10/2023 18:07,23/10/2023,1800,1900
2990155,23/10/2023 18:55,0,117.94,60.3,0,0,150217,24/10/2023 09:08,24/10/2023,900,1000
2990480,23/10/2023 22:11,0,105.47,53.92,0,0,165424,24/10/2023 10:52,24/10/2023,1000,1100
2990568,23/10/2023 23:09,0,122.16,62.46,0,0,26360,24/10/2023 10:02,24/10/2023,1000,1100
2992144,24/10/2023 15:11,0,109.01,55.74,0,0,121723,24/10/2023 20:54,24/10/2023,2000,2100
2992359,24/10/2023 16:26,1,75.66,38.68,0,0,149382,24/10/2023 19:23,24/10/2023,1900,2000
2986052,22/10/2023 12:45,0,44.29,22.64,0,0,61293,25/10/2023 21:58,25/10/2023,2200,2300
2997042,26/10/2023 13:09,0,37.89,19.37,0,0,66416,26/10/2023 16:27,26/10/2023,1600,1700
2995255,25/10/2023 17:36,0,116.63,59.63,0,0,22974,26/10/2023 09:01,26/10/2023,900,1000
2997767,26/10/2023 16:51,0,78.22,40,0,0,41625,26/10/2023 20:02,26/10/2023,2000,2100
2995819,25/10/2023 22:26,0,215.1,109.98,0,0,92766,26/10/2023 10:12,26/10/2023,1000,1100
2998298,26/10/2023 20:52,0,173.74,88.83,0,0,46993,27/10/2023 08:47,27/10/2023,800,900
3000128,27/10/2023 14:14,0,137.83,70.47,0,0,188752,27/10/2023 17:08,27/10/2023,1700,1800
2998264,26/10/2023 20:29,0,188.7,96.48,0,0,10199,27/10/2023 08:31,27/10/2023,900,1000
3002608,28/10/2023 13:04,0,122.92,62.84,9.61,4.92,9396,28/10/2023 16:29,28/10/2023,1600,1700
3003024,28/10/2023 14:47,0,132.74,67.87,0,0,187325,28/10/2023 17:55,28/10/2023,1700,1800
3002886,28/10/2023 14:14,0,165.35,84.54,0,0,17806,28/10/2023 17:21,28/10/2023,1700,1800
3003363,28/10/2023 16:16,0,130.04,66.49,8.92,4.56,88101,28/10/2023 19:29,28/10/2023,1900,2000
3002929,28/10/2023 14:25,0,87.43,44.7,0,0,181660,28/10/2023 17:09,28/10/2023,1700,1800
3002615,28/10/2023 13:09,0,95.04,48.59,59.65,30.5,37606,28/10/2023 19:58,28/10/2023,1900,2000
3000926,27/10/2023 18:15,0,136.3,69.69,0,0,159081,28/10/2023 16:05,28/10/2023,1600,1700
3004911,29/10/2023 09:50,0,134.51,68.78,0,0,140399,29/10/2023 12:39,29/10/2023,1300,1400
3005058,29/10/2023 10:36,0,216.41,110.65,0,0,119014,29/10/2023 13:11,29/10/2023,1300,1400
3008504,30/10/2023 14:14,0,122.29,62.52,9.02,4.62,189727,30/10/2023 16:45,30/10/2023,1700,1800
3009292,30/10/2023 18:40,0,247.06,126.32,0,0,31928,30/10/2023 21:18,30/10/2023,2100,2200
3007507,30/10/2023 09:25,0,131.84,67.41,0,0,45279,30/10/2023 12:43,30/10/2023,1200,1300
3008773,30/10/2023 15:34,0,158.38,80.98,49.4,25.26,149842,30/10/2023 18:57,30/10/2023,1800,1900
3009990,31/10/2023 07:36,0,60.15,30.76,0,0,24060,31/10/2023 19:26,31/10/2023,1900,2000
3010631,31/10/2023 11:16,0,75.62,38.66,0,0,99560,31/10/2023 15:41,31/10/2023,1600,1700
3011616,31/10/2023 16:01,0,211.65,108.22,0,0,75820,31/10/2023 19:20,31/10/2023,1900,2000
3009888,31/10/2023 02:35,0,100.21,51.23,0,0,54267,31/10/2023 10:41,31/10/2023,1000,1100
3010497,31/10/2023 10:46,0,82.24,42.05,0,0,31363,31/10/2023 13:21,31/10/2023,1300,1400
3011395,31/10/2023 14:49,0,224.97,115.02,0,0,162579,1/11/2023 09:25,1/11/2023,1000,1100
3014749,1/11/2023 19:07,0,309.28,158.13,0,0,101883,1/11/2023 22:20,1/11/2023,2200,2300
3012614,1/11/2023 08:13,0,53.49,27.35,0,0,47281,1/11/2023 19:35,1/11/2023,1900,2000
3014853,1/11/2023 20:21,0,110.34,56.41,0,0,160747,2/11/2023 09:30,2/11/2023,900,1000
3017210,2/11/2023 15:40,0,34.49,17.63,0,0,104083,2/11/2023 19:14,2/11/2023,1900,2000
3015863,2/11/2023 10:12,0,100.13,51.2,0,0,78057,2/11/2023 12:36,2/11/2023,1300,1400
3016287,2/11/2023 11:42,0,182.82,93.47,0,0,91017,2/11/2023 19:36,2/11/2023,1900,2000
3017574,2/11/2023 17:31,0,279.72,143.01,0,0,145159,2/11/2023 21:59,2/11/2023,2100,2200
3014524,1/11/2023 17:25,0,221.47,113.24,0,0,124556,2/11/2023 11:01,2/11/2023,1100,1200
3013871,1/11/2023 14:18,0,63.93,32.69,0,0,144559,2/11/2023 09:49,2/11/2023,900,1000
3018561,3/11/2023 08:26,0,70.19,35.89,0,0,46205,3/11/2023 11:27,3/11/2023,1100,1200
3017760,2/11/2023 18:46,0,109.27,55.87,0,0,98419,3/11/2023 08:53,3/11/2023,800,900
3019577,3/11/2023 12:45,0,66.02,33.76,0,0,36126,3/11/2023 16:10,3/11/2023,1600,1700
3021242,3/11/2023 22:23,0,152.88,78.17,0,0,100587,4/11/2023 11:46,4/11/2023,1100,1200
3023439,4/11/2023 14:17,1,49.29,25.21,0,0,200114,4/11/2023 20:23,4/11/2023,2000,2100
3025877,5/11/2023 12:32,0,269.27,137.67,0,0,14607,5/11/2023 15:11,5/11/2023,1500,1600
3024013,4/11/2023 16:44,0,139.86,71.5,0,0,75820,5/11/2023 08:00,5/11/2023,800,900
3026461,5/11/2023 15:07,0,134.92,68.99,11.26,5.76,19771,5/11/2023 18:09,5/11/2023,1800,1900
3025114,5/11/2023 08:31,0,115.22,58.92,71.94,36.78,16262,5/11/2023 13:00,5/11/2023,1300,1400
3026864,5/11/2023 17:00,0,119.75,61.23,0,0,99995,5/11/2023 19:58,5/11/2023,2000,2100
3026776,5/11/2023 16:36,0,128.33,65.61,0,0,14607,5/11/2023 19:32,5/11/2023,2000,2100
3024920,5/11/2023 01:14,1,95.92,49.04,0,0,200186,6/11/2023 16:19,6/11/2023,1600,1700
3028688,6/11/2023 12:24,0,126.36,64.61,0,0,77232,6/11/2023 15:34,6/11/2023,1500,1600
3029285,6/11/2023 14:59,0,239.6,122.51,0,0,135462,6/11/2023 18:53,6/11/2023,1800,1900
3028138,6/11/2023 10:05,0,145.19,74.24,0,0,76530,6/11/2023 15:34,6/11/2023,1500,1600
3030983,7/11/2023 09:39,0,129.2,66.06,0,0,15712,7/11/2023 13:42,7/11/2023,1300,1400
3032307,7/11/2023 15:49,0,120.23,61.47,0,0,196348,7/11/2023 19:43,7/11/2023,1900,2000
3030719,7/11/2023 07:38,0,117.19,59.92,70.17,35.87,128549,7/11/2023 09:59,7/11/2023,1100,1200
3031519,7/11/2023 12:09,0,81.58,41.72,0,0,138460,7/11/2023 16:14,7/11/2023,1600,1700
3033196,7/11/2023 22:35,0,217.56,111.24,0,0,199240,8/11/2023 18:36,8/11/2023,1800,1900
3033100,7/11/2023 21:42,0,164.01,83.85,0,0,59619,8/11/2023 09:30,8/11/2023,900,1000
3032874,7/11/2023 19:16,0,54.78,28,0,0,18215,8/11/2023 08:00,8/11/2023,800,900
3033449,8/11/2023 06:42,0,155.74,79.63,0,0,30588,8/11/2023 12:10,8/11/2023,1200,1300
3034788,8/11/2023 13:14,0,273.66,139.92,9.63,4.92,148656,8/11/2023 17:22,8/11/2023,1700,1800
3036691,9/11/2023 05:26,0,44.33,22.66,0,0,37606,9/11/2023 11:32,9/11/2023,1100,1200
3037090,9/11/2023 09:47,0,137.2,70.15,0,0,188842,9/11/2023 13:04,9/11/2023,1300,1400
3037764,9/11/2023 12:40,0,101.23,51.76,0,0,69003,9/11/2023 16:31,9/11/2023,1600,1700
3040137,10/11/2023 10:20,0,155.24,79.38,0,0,129667,10/11/2023 13:22,10/11/2023,1300,1400
3042995,11/11/2023 09:16,0,330.18,168.82,0,0,48156,11/11/2023 14:27,11/11/2023,1400,1500
3043094,11/11/2023 09:43,0,117.99,60.32,0,0,103608,11/11/2023 12:58,11/11/2023,1300,1400
2978094,19/10/2023 14:14,0,37.07,18.95,0,0,38139,19/10/2023 20:24,19/10/2023,2000,2100
2978483,19/10/2023 16:12,0,224.23,114.65,0,0,69886,19/10/2023 22:02,19/10/2023,2200,2300
2982301,21/10/2023 03:45,0,97.33,49.77,0,0,94861,21/10/2023 16:00,21/10/2023,1600,1700
3012195,31/10/2023 21:02,0,54.3,27.76,0,0,195711,1/11/2023 11:38,1/11/2023,1100,1200
3021776,4/11/2023 09:01,0,184.09,94.12,29.71,15.19,21325,4/11/2023 18:31,4/11/2023,1900,2000
3026398,5/11/2023 14:47,0,56.96,29.12,0,0,74460,5/11/2023 18:57,5/11/2023,1900,2000
3030507,6/11/2023 23:23,0,49.9,25.51,0,0,38139,7/11/2023 11:57,7/11/2023,1100,1200
3031086,7/11/2023 10:06,1,39.82,20.36,0,0,197874,8/11/2023 10:53,8/11/2023,1100,1200
3042502,10/11/2023 22:33,0,106.92,54.67,0,0,115129,11/11/2023 12:29,11/11/2023,1200,1300
3045845,11/11/2023 22:19,0,124.37,63.59,0,0,92497,12/11/2023 10:59,12/11/2023,1000,1100
3048226,12/11/2023 15:30,0,102.64,52.47,0,0,131677,12/11/2023 20:04,12/11/2023,2000,2100
3046740,12/11/2023 10:39,0,154.61,79.05,0,0,21826,12/11/2023 14:57,12/11/2023,1400,1500
3047609,12/11/2023 13:23,0,54.35,27.79,0,0,158933,12/11/2023 17:37,12/11/2023,1700,1800
3048787,12/11/2023 18:38,0,71.81,36.71,0,0,149070,13/11/2023 09:48,13/11/2023,900,1000
3050421,13/11/2023 12:25,0,152.49,77.96,0,0,156892,13/11/2023 15:14,13/11/2023,1500,1600
3050040,13/11/2023 10:48,0,135.51,69.29,0,0,98798,13/11/2023 14:11,13/11/2023,1400,1500
3048809,12/11/2023 18:49,0,242.02,123.74,0,0,157980,13/11/2023 17:37,13/11/2023,1700,1800
3048990,12/11/2023 20:53,0,96.05,49.11,0,0,74499,13/11/2023 09:34,13/11/2023,1000,1100
3048712,12/11/2023 18:09,0,164.81,84.27,75.43,38.57,64856,13/11/2023 18:46,13/11/2023,1900,2000
3052545,14/11/2023 08:51,0,135.35,69.2,0,0,75213,14/11/2023 11:59,14/11/2023,1100,1200
3051049,13/11/2023 15:05,0,80.16,40.99,0,0,144559,14/11/2023 09:56,14/11/2023,900,1000
3044375,11/11/2023 14:11,0,125.64,64.24,0,0,103066,14/11/2023 19:22,14/11/2023,1900,2000
3056545,15/11/2023 14:08,0,218.78,111.86,12.14,6.2,72691,15/11/2023 17:57,15/11/2023,1800,1900
3054391,14/11/2023 18:38,1,323.38,165.35,0,0,200332,15/11/2023 14:15,15/11/2023,1400,1500
3059511,16/11/2023 14:04,0,146.45,74.87,0,0,146240,16/11/2023 16:05,16/11/2023,1600,1700
3057692,15/11/2023 20:39,0,45.26,23.14,14.11,7.22,10014,16/11/2023 09:26,16/11/2023,900,1000
3059339,16/11/2023 13:13,0,68.66,35.1,0,0,144578,16/11/2023 16:14,16/11/2023,1600,1700
3060313,16/11/2023 18:39,0,117.18,59.91,56.24,28.76,136887,16/11/2023 20:44,16/11/2023,2100,2200
3058208,16/11/2023 07:22,0,119.92,61.31,0,0,124753,16/11/2023 10:25,16/11/2023,1100,1200
3060534,16/11/2023 20:44,0,157.51,80.53,0,0,96949,17/11/2023 10:23,17/11/2023,1000,1100
3062518,17/11/2023 15:00,0,93.41,47.76,0,0,89601,17/11/2023 19:37,17/11/2023,2000,2100
3060521,16/11/2023 20:38,0,156.33,79.94,0,0,27572,17/11/2023 18:31,17/11/2023,1800,1900
3060902,17/11/2023 00:43,0,122.07,62.41,0,0,112171,17/11/2023 10:50,17/11/2023,1100,1200
3060443,16/11/2023 19:49,0,72.93,37.29,0,0,197628,17/11/2023 20:15,17/11/2023,2000,2100
3063800,17/11/2023 22:11,0,378.19,193.37,59.32,30.33,36831,18/11/2023 10:36,18/11/2023,1100,1200
3064700,18/11/2023 10:13,0,162.39,83.03,0,0,186801,18/11/2023 15:08,18/11/2023,1500,1600
3065468,18/11/2023 12:28,0,316.93,162.05,102.3,52.3,42303,18/11/2023 17:05,18/11/2023,1700,1800
3065028,18/11/2023 11:19,0,106.44,54.43,0,0,43085,18/11/2023 16:20,18/11/2023,1600,1700
3069033,19/11/2023 12:16,0,205.77,105.21,0,0,49363,19/11/2023 17:52,19/11/2023,1800,1900
3066982,18/11/2023 18:21,0,176.6,90.3,0,0,55243,19/11/2023 10:38,19/11/2023,1000,1100
3066313,18/11/2023 15:00,0,83.95,42.92,0,0,170964,19/11/2023 09:17,19/11/2023,900,1000
3065828,18/11/2023 13:30,0,97.42,49.81,0,0,165365,19/11/2023 09:03,19/11/2023,900,1000
3066866,18/11/2023 17:37,0,125.46,64.14,18.86,9.64,139988,19/11/2023 10:29,19/11/2023,1000,1100
3068282,19/11/2023 09:48,0,269.79,137.94,0,0,109137,19/11/2023 16:42,19/11/2023,1700,1800
3067562,18/11/2023 22:33,0,85.64,43.78,0,0,162195,19/11/2023 12:44,19/11/2023,1200,1300
3071026,20/11/2023 08:07,0,147.61,75.47,28.98,14.82,94541,20/11/2023 16:55,20/11/2023,1700,1800
3070678,19/11/2023 22:49,0,141.04,72.1,35.43,18.12,37626,20/11/2023 11:08,20/11/2023,1200,1300
3072489,20/11/2023 14:31,0,117.96,60.31,0,0,45333,20/11/2023 18:15,20/11/2023,1800,1900
3072374,20/11/2023 14:07,0,59.08,30.21,0,0,120121,20/11/2023 17:45,20/11/2023,1800,1900
3073057,20/11/2023 17:04,0,97.97,50.09,0,0,119162,20/11/2023 20:59,20/11/2023,2100,2200
3072024,20/11/2023 12:58,0,69.88,35.73,0,0,165076,20/11/2023 16:34,20/11/2023,1700,1800
3071685,20/11/2023 11:32,0,140.08,71.62,0,0,69012,20/11/2023 16:53,20/11/2023,1600,1700
3075124,21/11/2023 13:25,0,150.98,77.19,0,0,61587,21/11/2023 15:53,21/11/2023,1600,1700
3075584,21/11/2023 15:27,0,103.61,52.97,45.32,23.17,50080,21/11/2023 18:30,21/11/2023,1800,1900
3073728,20/11/2023 22:46,0,81.72,41.78,0,0,159857,21/11/2023 10:37,21/11/2023,1100,1200
3073730,20/11/2023 22:48,0,108.18,55.31,0,0,38139,21/11/2023 12:37,21/11/2023,1200,1300
3072546,20/11/2023 14:43,0,84.05,42.97,0,0,123809,21/11/2023 10:14,21/11/2023,1000,1100
3076116,21/11/2023 18:28,1,53.63,27.42,0,0,202562,22/11/2023 11:27,22/11/2023,1100,1200
3077277,22/11/2023 10:28,0,218.51,111.73,0,0,105289,22/11/2023 12:26,22/11/2023,1300,1400
3078102,22/11/2023 13:53,0,124.77,63.8,0,0,173105,22/11/2023 16:14,22/11/2023,1600,1700
3078135,22/11/2023 14:01,0,86.5,44.23,0,0,86171,22/11/2023 16:13,22/11/2023,1600,1700
3082075,23/11/2023 17:52,0,41.1,21.02,0,0,193927,23/11/2023 20:58,23/11/2023,2000,2100
3081136,23/11/2023 13:28,0,70.62,36.12,0,0,118322,23/11/2023 16:18,23/11/2023,1600,1700
3081697,23/11/2023 15:49,0,135.44,69.25,0,0,104903,23/11/2023 19:45,23/11/2023,1900,2000
3081744,23/11/2023 16:04,0,120.9,61.82,0,0,8437,23/11/2023 19:06,23/11/2023,1900,2000
3080603,23/11/2023 11:22,1,127.95,65.42,0,0,202401,23/11/2023 14:53,23/11/2023,1400,1500
3082501,23/11/2023 20:48,0,120.97,61.85,0,0,185659,24/11/2023 13:08,24/11/2023,1300,1400
3083143,24/11/2023 08:19,0,51.79,26.48,0,0,115597,24/11/2023 10:09,24/11/2023,1100,1200
3084234,24/11/2023 13:13,0,71.01,36.31,0,0,74186,24/11/2023 16:59,24/11/2023,1600,1700
3088813,25/11/2023 15:24,0,87.64,44.81,0,0,80828,25/11/2023 21:25,25/11/2023,2100,2200
3085540,24/11/2023 18:58,1,184.36,94.26,0,0,202964,25/11/2023 10:45,25/11/2023,1000,1100
3086349,25/11/2023 03:36,0,70.28,35.94,0,0,26629,25/11/2023 11:28,25/11/2023,1100,1200
3086895,25/11/2023 10:02,0,244.22,124.87,0,0,53183,25/11/2023 16:53,25/11/2023,1700,1800
3086816,25/11/2023 09:45,0,67.69,34.6,0,0,46205,25/11/2023 13:33,25/11/2023,1300,1400
3086671,25/11/2023 09:13,0,72.49,37.06,0,0,118469,25/11/2023 16:13,25/11/2023,1600,1700
3092062,26/11/2023 13:03,0,102.93,52.63,0,0,128852,26/11/2023 21:39,26/11/2023,2100,2200
3090810,26/11/2023 09:19,0,166.03,84.89,0,0,89025,26/11/2023 14:30,26/11/2023,1500,1600
3092495,26/11/2023 14:32,0,177.8,90.91,28.86,14.75,104510,26/11/2023 19:51,26/11/2023,2000,2100
3096107,27/11/2023 15:01,0,86.55,44.25,0,0,22977,27/11/2023 22:16,27/11/2023,2200,2300
3093540,26/11/2023 20:22,0,123.67,63.23,0,0,62038,27/11/2023 14:55,27/11/2023,1400,1500
3094653,27/11/2023 10:10,0,105.75,54.07,26.05,13.32,156392,27/11/2023 15:25,27/11/2023,1500,1600
3094924,27/11/2023 11:03,0,45.32,23.17,0,0,85565,27/11/2023 15:57,27/11/2023,1600,1700
3099495,28/11/2023 14:53,0,122.24,62.5,0,0,159591,28/11/2023 20:43,28/11/2023,2000,2100
3096324,27/11/2023 16:17,0,136.82,69.96,0,0,196166,28/11/2023 09:39,28/11/2023,900,1000
3097170,27/11/2023 21:48,0,111.5,57,0,0,62707,28/11/2023 13:19,28/11/2023,1300,1400
3102316,29/11/2023 13:18,0,110.93,56.72,0,0,57527,29/11/2023 16:59,29/11/2023,1700,1800
3099193,28/11/2023 13:50,0,73.27,37.47,0,0,183323,29/11/2023 10:06,29/11/2023,1000,1100
3100448,28/11/2023 20:45,0,223.1,114.07,0,0,73600,29/11/2023 12:56,29/11/2023,1200,1300
3102586,29/11/2023 14:12,0,76.87,39.31,0,0,191588,29/11/2023 20:16,29/11/2023,2000,2100
3102191,29/11/2023 12:51,0,104.74,53.55,0,0,90716,29/11/2023 17:21,29/11/2023,1700,1800
3101531,29/11/2023 10:19,0,48.1,24.6,0,0,42146,29/11/2023 14:05,29/11/2023,1400,1500
3101138,29/11/2023 08:33,0,29.44,15.05,0,0,97749,29/11/2023 12:42,29/11/2023,1200,1300
3098292,28/11/2023 10:39,0,118.66,60.67,0,0,84415,29/11/2023 10:26,29/11/2023,1100,1200
3100513,28/11/2023 21:09,0,176.76,90.38,0,0,92208,29/11/2023 10:42,29/11/2023,1100,1200
3018949,3/11/2023 10:27,0,142.17,72.69,0,0,46572,3/11/2023 14:55,3/11/2023,1500,1600
3021897,4/11/2023 09:37,0,86.94,44.45,0,0,24700,4/11/2023 14:15,4/11/2023,1400,1500
3037578,9/11/2023 11:50,0,107.66,55.05,0,0,179473,9/11/2023 18:13,9/11/2023,1800,1900
3047001,12/11/2023 11:33,0,180.56,92.32,40.84,20.88,105918,12/11/2023 14:07,12/11/2023,1400,1500
3071416,20/11/2023 10:29,0,73.92,37.79,0,0,171469,20/11/2023 14:16,20/11/2023,1400,1500
3072679,20/11/2023 15:18,0,129.05,65.98,0,0,25417,20/11/2023 19:40,20/11/2023,1900,2000
3089110,25/11/2023 16:33,0,134.98,69.01,0,0,30468,26/11/2023 10:23,26/11/2023,1000,1100
3093966,26/11/2023 23:43,0,256.34,131.06,0,0,25166,27/11/2023 13:18,27/11/2023,1300,1400
3094456,27/11/2023 09:31,0,144.78,74.02,0,0,161526,27/11/2023 14:14,27/11/2023,1400,1500
3098822,28/11/2023 12:32,0,37.42,19.13,0,0,8024,28/11/2023 17:53,28/11/2023,1700,1800
3100565,28/11/2023 21:29,0,215.33,110.09,0,0,76586,30/11/2023 09:30,30/11/2023,900,1000
3103567,29/11/2023 19:14,0,82.26,42.06,0,0,82892,30/11/2023 11:14,30/11/2023,1100,1200
3104592,30/11/2023 09:32,0,78.52,40.15,0,0,96602,30/11/2023 12:21,30/11/2023,1200,1300
3105449,30/11/2023 13:01,0,192.88,98.62,27.83,14.22,165848,30/11/2023 15:39,30/11/2023,1500,1600
3104819,30/11/2023 10:29,0,103.94,53.14,0,0,176432,30/11/2023 13:49,30/11/2023,1300,1400
3104108,30/11/2023 00:06,0,31.59,16.15,0,0,19475,30/11/2023 10:04,30/11/2023,1000,1100
3105142,30/11/2023 11:44,0,212.62,108.72,0,0,75945,30/11/2023 15:11,30/11/2023,1500,1600
3104516,30/11/2023 09:09,0,370.05,189.21,11.1,5.68,97435,30/11/2023 12:21,30/11/2023,1200,1300
3105464,30/11/2023 13:05,0,122.95,62.87,0,0,92497,30/11/2023 18:29,30/11/2023,1900,2000
3106281,30/11/2023 16:36,0,92.96,47.53,0,0,118232,1/12/2023 12:13,1/12/2023,1200,1300
3107167,30/11/2023 22:30,0,78.84,40.31,10.08,5.15,152295,1/12/2023 10:16,1/12/2023,1000,1100
3109275,1/12/2023 15:30,0,169.69,86.76,0,0,16037,1/12/2023 18:52,1/12/2023,1800,1900
3107484,1/12/2023 07:07,0,315.57,161.35,0,0,39165,1/12/2023 11:49,1/12/2023,1100,1200
3106762,30/11/2023 19:26,0,129.13,66.02,0,0,21315,1/12/2023 08:31,1/12/2023,800,900
3106789,30/11/2023 19:36,0,155.89,79.71,0,0,109277,1/12/2023 13:35,1/12/2023,1300,1400
3112333,2/12/2023 14:46,0,41.9,21.42,0,0,151459,2/12/2023 18:57,2/12/2023,1800,1900
3111801,2/12/2023 12:52,0,155.55,79.53,0,0,15864,2/12/2023 16:08,2/12/2023,1600,1700
3112719,2/12/2023 16:29,0,162.05,82.86,0,0,94806,2/12/2023 19:04,2/12/2023,1900,2000
3110788,2/12/2023 08:38,0,52.23,26.7,0,0,38139,2/12/2023 20:00,2/12/2023,2000,2100
3115473,3/12/2023 13:05,0,160.95,82.3,0,0,81996,3/12/2023 17:48,3/12/2023,1700,1800
3115957,3/12/2023 14:29,0,158.29,80.93,0,0,87573,3/12/2023 19:01,3/12/2023,1900,2000
3113251,2/12/2023 19:23,0,174.89,89.41,0,0,15869,3/12/2023 09:39,3/12/2023,1000,1100
3115439,3/12/2023 12:59,0,136.27,69.67,0,0,25319,3/12/2023 16:59,3/12/2023,1700,1800
3114891,3/12/2023 11:41,0,34.91,17.85,0,0,186760,3/12/2023 17:12,3/12/2023,1700,1800
3114664,3/12/2023 11:03,0,132.41,67.7,0,0,113368,3/12/2023 14:27,3/12/2023,1400,1500
3066739,18/11/2023 16:52,0,223.76,114.4,0,0,170960,19/11/2023 08:04,19/11/2023,800,900
3066818,18/11/2023 17:22,0,144.57,73.92,0,0,159081,20/11/2023 16:00,20/11/2023,1600,1700
3117972,4/12/2023 09:58,0,121.81,62.28,0,0,173257,4/12/2023 16:18,4/12/2023,1600,1700
3118084,4/12/2023 10:28,0,91.42,46.74,0,0,93795,4/12/2023 15:19,4/12/2023,1500,1600
3122240,5/12/2023 14:04,0,130.94,66.95,0,0,72691,5/12/2023 18:23,5/12/2023,1800,1900
3120653,5/12/2023 00:11,0,92.34,47.21,0,0,183261,5/12/2023 11:48,5/12/2023,1100,1200
3121753,5/12/2023 12:10,0,92.97,47.54,0,0,149173,5/12/2023 15:41,5/12/2023,1500,1600
3125972,6/12/2023 14:22,0,25.32,12.94,0,0,130444,6/12/2023 18:34,6/12/2023,1900,2000
3124336,6/12/2023 08:41,0,164.11,83.91,0,0,193482,6/12/2023 16:37,6/12/2023,1600,1700
3124065,6/12/2023 05:30,0,82.81,42.34,0,0,69793,6/12/2023 15:21,6/12/2023,1500,1600
3129996,7/12/2023 18:55,0,116.9,59.77,0,0,171629,7/12/2023 21:28,7/12/2023,2100,2200
3128665,7/12/2023 13:20,0,483.08,246.99,0,0,130286,7/12/2023 16:13,7/12/2023,1600,1700
3128044,7/12/2023 11:00,0,193.7,99.04,0,0,91491,7/12/2023 13:01,7/12/2023,1300,1400
3126839,6/12/2023 20:38,0,72.93,37.29,0,0,10868,7/12/2023 12:15,7/12/2023,1200,1300
3130538,7/12/2023 22:55,1,150.87,77.14,0,0,205133,8/12/2023 11:26,8/12/2023,1100,1200
3127606,7/12/2023 09:14,0,365.62,186.94,76.81,39.27,193128,8/12/2023 08:53,8/12/2023,800,900
3130025,7/12/2023 19:06,0,40.8,20.85,0,0,83877,8/12/2023 09:47,8/12/2023,1000,1100
3132238,8/12/2023 13:16,0,159.01,81.3,0,0,113765,8/12/2023 16:19,8/12/2023,1600,1700
3131180,8/12/2023 09:41,0,189.67,96.98,29.3,14.98,68300,8/12/2023 13:16,8/12/2023,1300,1400
3130131,7/12/2023 19:46,0,194.5,99.44,0,0,36830,8/12/2023 08:59,8/12/2023,900,1000
3131585,8/12/2023 11:06,0,79.98,40.89,0,0,95220,8/12/2023 13:10,8/12/2023,1400,1500
3135089,9/12/2023 11:15,0,200.5,102.51,0,0,144673,9/12/2023 17:33,9/12/2023,1800,1900
3134333,9/12/2023 07:02,0,151.51,77.46,0,0,12625,9/12/2023 10:34,9/12/2023,1100,1200
3133887,8/12/2023 21:48,0,222.74,113.89,0,0,103239,9/12/2023 12:17,9/12/2023,1200,1300
3134496,9/12/2023 08:47,0,98.78,50.5,0,0,157883,9/12/2023 14:41,9/12/2023,1400,1500
3133694,8/12/2023 20:12,0,136.24,69.67,0,0,193359,9/12/2023 10:12,9/12/2023,1000,1100
3134242,9/12/2023 02:00,0,132.77,67.88,6.17,3.15,80769,9/12/2023 13:58,9/12/2023,1400,1500
3133728,8/12/2023 20:31,0,151.79,77.6,0,0,82670,9/12/2023 13:00,9/12/2023,1300,1400
3133824,8/12/2023 21:13,0,76.78,39.25,0,0,113534,9/12/2023 09:56,9/12/2023,1000,1100
3137833,10/12/2023 02:17,0,144.3,73.78,0,0,32793,10/12/2023 12:04,10/12/2023,1200,1300
3139210,10/12/2023 13:11,1,127.54,65.21,0,0,197076,10/12/2023 16:19,10/12/2023,1600,1700
3138401,10/12/2023 10:39,0,302.47,154.65,10.04,5.13,106223,10/12/2023 17:40,10/12/2023,1700,1800
3138420,10/12/2023 10:44,0,221.34,113.17,27.99,14.32,7610,10/12/2023 16:18,10/12/2023,1600,1700
3139792,10/12/2023 15:29,0,111.73,57.13,0,0,91763,10/12/2023 18:25,10/12/2023,1900,2000
3138521,10/12/2023 11:03,0,39.66,20.27,0,0,69243,10/12/2023 15:41,10/12/2023,1500,1600
3072780,20/11/2023 15:42,0,113.94,58.25,0,0,134047,20/11/2023 20:33,20/11/2023,2000,2100
3073561,20/11/2023 21:19,0,221.68,113.35,0,0,148549,21/11/2023 10:14,21/11/2023,1000,1100
3080286,23/11/2023 10:18,0,211.86,108.32,78.5,40.14,80957,23/11/2023 13:58,23/11/2023,1400,1500
3087329,25/11/2023 11:11,0,262.69,134.31,0,0,168793,25/11/2023 14:38,25/11/2023,1500,1600
3113897,3/12/2023 01:38,0,337.27,172.44,0,0,43753,3/12/2023 11:24,3/12/2023,1100,1200
3121235,5/12/2023 09:59,0,165.49,84.61,21.86,11.18,48867,7/12/2023 13:03,7/12/2023,1300,1400
3141417,11/12/2023 09:15,0,136.63,69.86,0,0,21364,11/12/2023 12:10,11/12/2023,1200,1300
3141725,11/12/2023 10:33,0,90.84,46.45,0,0,102538,11/12/2023 15:38,11/12/2023,1600,1700
3140919,10/12/2023 22:50,0,287.11,146.8,0,0,51194,11/12/2023 10:53,11/12/2023,1000,1100
3143130,11/12/2023 16:43,0,98.8,50.52,0,0,187550,11/12/2023 20:25,11/12/2023,2000,2100
3144173,12/12/2023 02:08,0,94.22,48.17,0,0,175500,12/12/2023 10:57,12/12/2023,1100,1200
3144902,12/12/2023 11:13,0,30.33,15.51,0,0,112222,12/12/2023 12:42,12/12/2023,1300,1400
3145151,12/12/2023 12:22,0,128.32,65.61,0,0,88068,12/12/2023 17:52,12/12/2023,1800,1900
3144722,12/12/2023 10:28,0,103.11,52.72,10.88,5.57,46205,12/12/2023 13:29,12/12/2023,1300,1400
3146070,12/12/2023 16:32,0,124.04,63.41,0,0,53036,12/12/2023 19:06,12/12/2023,1900,2000
3142736,11/12/2023 14:59,0,50.9,26.02,0,0,195669,12/12/2023 15:27,12/12/2023,1600,1700
3144530,12/12/2023 09:33,0,100.67,51.47,0,0,11650,12/12/2023 12:23,12/12/2023,1200,1300
3145948,12/12/2023 15:56,0,237.95,121.66,36.9,18.87,28656,12/12/2023 18:21,12/12/2023,1800,1900
3147297,13/12/2023 09:08,0,121.85,62.3,0,0,10820,13/12/2023 20:16,13/12/2023,2000,2100
3137801,10/12/2023 01:23,0,76.72,39.23,0,0,158518,13/12/2023 17:26,13/12/2023,1800,1900
3148668,13/12/2023 15:04,0,177.16,90.59,0,0,172745,13/12/2023 19:41,13/12/2023,1900,2000
3146669,12/12/2023 20:48,0,140.58,71.88,0,0,134274,13/12/2023 17:57,13/12/2023,1800,1900
3148655,13/12/2023 15:00,0,36.56,18.69,0,0,36005,13/12/2023 17:20,13/12/2023,1700,1800
3146419,12/12/2023 18:36,0,79.6,40.7,0,0,10856,13/12/2023 08:37,13/12/2023,800,900
3147629,13/12/2023 10:37,0,57.78,29.54,9.8,5.01,47281,13/12/2023 19:54,13/12/2023,1900,2000
3150971,14/12/2023 11:35,0,44.47,22.73,0,0,206133,14/12/2023 14:38,14/12/2023,1400,1500
3150037,14/12/2023 05:43,0,121.65,62.2,0,0,197785,14/12/2023 11:41,14/12/2023,1100,1200
3149852,13/12/2023 23:30,0,377.83,193.18,0,0,148952,14/12/2023 13:00,14/12/2023,1300,1400
3149890,13/12/2023 23:57,0,90.04,46.04,0,0,82047,14/12/2023 19:30,14/12/2023,1900,2000
3153129,14/12/2023 22:59,0,86.71,44.33,0,0,189928,15/12/2023 13:05,15/12/2023,1300,1400
3155086,15/12/2023 13:43,0,118.82,60.75,0,0,34223,15/12/2023 18:11,15/12/2023,1800,1900
3154625,15/12/2023 12:18,0,239.46,122.44,0,0,56634,15/12/2023 15:29,15/12/2023,1500,1600
3155104,15/12/2023 13:47,0,48.16,24.62,0,0,78999,15/12/2023 18:42,15/12/2023,1800,1900
3153075,14/12/2023 22:28,0,174.06,88.99,0,0,51579,15/12/2023 10:02,15/12/2023,1000,1100
3154656,15/12/2023 12:25,0,102,52.15,0,0,40525,15/12/2023 15:10,15/12/2023,1500,1600
3151731,14/12/2023 14:29,0,57.4,29.34,0,0,120815,15/12/2023 11:42,15/12/2023,1100,1200
3155111,15/12/2023 13:48,0,277.35,141.81,0,0,87753,16/12/2023 10:08,16/12/2023,1000,1100
3157706,16/12/2023 10:22,0,123.69,63.25,0,0,134740,16/12/2023 15:02,16/12/2023,1500,1600
3158561,16/12/2023 12:34,0,71.38,36.5,0,0,44411,16/12/2023 18:38,16/12/2023,1800,1900
3157839,16/12/2023 10:45,0,173.91,88.92,0,0,148530,16/12/2023 16:39,16/12/2023,1600,1700
3157723,16/12/2023 10:26,0,115.27,58.94,0,0,162579,16/12/2023 15:32,16/12/2023,1500,1600
3157380,16/12/2023 09:15,0,122.58,62.67,0,0,125172,16/12/2023 13:46,16/12/2023,1400,1500
3156249,15/12/2023 19:03,0,128.7,65.8,0,0,81415,16/12/2023 09:21,16/12/2023,900,1000
3162852,17/12/2023 15:29,0,194.2,99.29,0,0,37626,17/12/2023 22:07,17/12/2023,2200,2300
3159914,16/12/2023 17:49,0,125.33,64.08,0,0,26629,17/12/2023 11:07,17/12/2023,1100,1200
3160965,17/12/2023 06:44,0,283.23,144.81,0,0,184913,17/12/2023 15:28,17/12/2023,1500,1600
3162492,17/12/2023 13:53,0,76.43,39.08,0,0,92905,17/12/2023 19:55,17/12/2023,2000,2100
3166141,18/12/2023 16:23,0,69.66,35.62,0,0,148774,18/12/2023 20:24,18/12/2023,2000,2100
3164198,18/12/2023 06:56,0,98.33,50.28,0,0,158518,18/12/2023 18:02,18/12/2023,1800,1900
3164604,18/12/2023 09:55,0,86.38,44.16,0,0,160596,18/12/2023 14:35,18/12/2023,1400,1500
3164588,18/12/2023 09:51,0,115.17,58.89,0,0,94427,18/12/2023 14:29,18/12/2023,1400,1500
3166072,18/12/2023 16:06,0,195.81,100.11,0,0,166115,19/12/2023 19:53,19/12/2023,2000,2100
3167171,18/12/2023 23:45,0,40.99,20.96,0,0,160747,19/12/2023 10:40,19/12/2023,1100,1200
3167394,19/12/2023 06:34,0,208.68,106.7,0,0,62275,19/12/2023 17:03,19/12/2023,1700,1800
3182855,22/12/2023 23:31,0,190.46,97.39,0,0,165348,23/12/2023 17:32,23/12/2023,1700,1800
3191581,26/12/2023 23:32,0,125.44,64.14,0,0,23627,27/12/2023 10:45,27/12/2023,1000,1100
3170795,20/12/2023 08:21,0,51.31,26.23,0,0,11282,20/12/2023 11:48,20/12/2023,1100,1200
3172152,20/12/2023 13:34,0,140.9,72.04,0,0,19570,20/12/2023 19:12,20/12/2023,1900,2000
3175008,21/12/2023 10:13,0,162.95,83.32,0,0,153851,21/12/2023 13:11,21/12/2023,1400,1500
3174692,21/12/2023 09:08,0,82.55,42.2,1.41,0.72,96602,21/12/2023 13:47,21/12/2023,1300,1400
3175158,21/12/2023 10:40,0,121.8,62.28,0,0,79049,21/12/2023 13:58,21/12/2023,1400,1500
3175838,21/12/2023 12:44,0,128.61,65.76,0,0,153670,21/12/2023 17:21,21/12/2023,1700,1800
3171674,20/12/2023 11:49,0,70.56,36.08,0,0,202212,21/12/2023 10:59,21/12/2023,1100,1200
3174880,21/12/2023 09:53,0,134.91,68.98,0,0,154783,21/12/2023 14:33,21/12/2023,1500,1600
3173863,20/12/2023 21:57,0,111.97,57.25,0,0,181798,21/12/2023 13:42,21/12/2023,1300,1400
3178390,22/12/2023 05:38,0,143.31,73.27,0,0,152272,22/12/2023 13:30,22/12/2023,1300,1400
3170296,19/12/2023 22:14,0,153.09,78.27,0,0,206395,22/12/2023 16:43,22/12/2023,1600,1700
3177662,21/12/2023 21:09,0,126.03,64.44,0,0,185659,22/12/2023 13:01,22/12/2023,1300,1400
3178404,22/12/2023 06:14,0,77,39.37,0,0,37844,22/12/2023 13:28,22/12/2023,1300,1400
3178501,22/12/2023 07:43,0,123.5,63.15,0,0,48298,22/12/2023 18:58,22/12/2023,1900,2000
3180251,22/12/2023 13:22,0,167.23,85.51,0,0,22347,22/12/2023 22:54,22/12/2023,2200,2300
3178075,21/12/2023 23:10,1,106.9,54.66,0,0,207022,23/12/2023 11:13,23/12/2023,1100,1200
3182450,22/12/2023 21:19,0,45.79,23.41,0,0,25457,23/12/2023 13:33,23/12/2023,1400,1500
3184310,23/12/2023 11:10,0,93.52,47.82,0,0,90595,23/12/2023 19:53,23/12/2023,1900,2000
3184879,23/12/2023 12:24,0,162.96,83.32,0,0,29953,23/12/2023 21:24,23/12/2023,2100,2200
3181750,22/12/2023 18:33,0,163.65,83.67,0,0,141080,23/12/2023 12:38,23/12/2023,1200,1300
3188381,24/12/2023 11:14,0,31.54,16.12,0,0,8689,24/12/2023 15:57,24/12/2023,1600,1700
3182289,22/12/2023 20:37,0,46.1,23.57,0,0,203785,24/12/2023 10:58,24/12/2023,1100,1200
3187505,23/12/2023 23:35,0,155.68,79.6,0,0,56634,24/12/2023 14:14,24/12/2023,1400,1500
3190968,26/12/2023 16:51,0,320.33,163.78,0,0,60026,26/12/2023 19:03,26/12/2023,1900,2000
3190408,26/12/2023 13:07,0,162.27,82.96,0,0,159148,26/12/2023 15:26,26/12/2023,1500,1600
3189529,25/12/2023 22:59,0,70.75,36.18,0,0,104314,26/12/2023 12:03,26/12/2023,1200,1300
3191513,26/12/2023 22:19,0,32.21,16.47,0,0,44904,27/12/2023 10:06,27/12/2023,1000,1100
3192283,27/12/2023 11:32,0,96.22,49.2,0,0,139605,27/12/2023 16:21,27/12/2023,1600,1700
3195039,28/12/2023 11:54,0,260.87,133.38,0,0,34670,28/12/2023 17:01,28/12/2023,1700,1800
3193599,27/12/2023 18:45,0,97.96,50.09,61.64,31.52,61293,28/12/2023 21:29,28/12/2023,2100,2200
3196407,28/12/2023 18:18,0,175.99,89.98,0,0,133060,28/12/2023 21:22,28/12/2023,2100,2200
3193682,27/12/2023 19:43,0,431.97,220.86,0,0,16588,28/12/2023 08:28,28/12/2023,900,1000
3196014,28/12/2023 16:10,0,91.77,46.92,0,0,166527,28/12/2023 18:53,28/12/2023,1900,2000
3194474,28/12/2023 09:26,0,82.49,42.18,0,0,46205,28/12/2023 12:29,28/12/2023,1200,1300
3198652,29/12/2023 13:10,0,120.17,61.44,0,0,12644,30/12/2023 10:49,30/12/2023,1100,1200
3200482,29/12/2023 20:12,0,35.21,18,0,0,13169,30/12/2023 11:08,30/12/2023,1100,1200
3200593,29/12/2023 20:46,0,222.5,113.76,0,0,205358,30/12/2023 09:06,30/12/2023,900,1000
3202680,30/12/2023 12:09,0,412.69,211.01,0,0,76924,30/12/2023 16:03,30/12/2023,1600,1700
3203937,30/12/2023 15:16,0,88.04,45.02,0,0,45208,30/12/2023 19:02,30/12/2023,1900,2000
3201930,30/12/2023 10:02,0,100.85,51.56,0,0,55442,30/12/2023 13:43,30/12/2023,1300,1400
3199319,29/12/2023 15:24,0,179.97,92.02,0,0,23644,30/12/2023 10:05,30/12/2023,1000,1100
3204817,30/12/2023 17:53,0,76.72,39.23,0,0,28827,31/12/2023 10:31,31/12/2023,1100,1200
3207450,31/12/2023 13:50,0,125.2,64.02,0,0,86193,31/12/2023 15:46,31/12/2023,1600,1700
3206421,31/12/2023 08:45,0,258.99,132.42,0,0,185579,31/12/2023 13:20,31/12/2023,1300,1400
3204922,30/12/2023 18:18,0,69.68,35.63,0,0,64816,31/12/2023 10:01,31/12/2023,1000,1100
3201049,29/12/2023 23:13,0,245.6,125.57,0,0,37606,31/12/2023 09:05,31/12/2023,1000,1100
3204584,30/12/2023 16:58,0,118.62,60.64,0,0,68438,31/12/2023 09:40,31/12/2023,900,1000
3182383,22/12/2023 21:02,0,367.29,187.8,0,0,21600,23/12/2023 15:56,23/12/2023,1600,1700
3205956,30/12/2023 23:36,0,331.59,169.53,0,0,40498,31/12/2023 12:57,31/12/2023,1300,1400
2367433,10/2/2023 21:46,0,214.21,109.53,0,0,149528,11/2/2023 16:01,11/2/2023,1500,1600
2407476,26/2/2023 12:58,0,78.09,39.93,0,0,96631,26/2/2023 16:01,26/2/2023,1500,1600
2496372,1/4/2023 18:44,0,88.59,45.29,0,0,109012,1/4/2023 23:01,1/4/2023,2200,2300
2944487,7/10/2023 15:49,0,147.39,75.36,0,0,44884,7/10/2023 20:01,7/10/2023,1900,2000
3092809,26/11/2023 15:56,0,211.3,108.03,0,0,28737,27/11/2023 19:01,27/11/2023,1800,1900
2359214,7/2/2023 22:22,0,126.69,64.77,0,0,72049,8/2/2023 12:02,8/2/2023,1100,1200
2509779,6/4/2023 16:21,0,47.94,24.51,0,0,106047,6/4/2023 20:02,6/4/2023,1900,2000
2517224,9/4/2023 13:43,0,38.27,19.57,0,0,94446,9/4/2023 19:02,9/4/2023,1800,1900
2560435,27/4/2023 12:21,0,65.51,33.5,3.77,1.92,171963,27/4/2023 15:02,27/4/2023,1400,1500
2869972,8/9/2023 17:26,0,70.93,36.27,0,0,88348,8/9/2023 21:02,8/9/2023,2000,2100
3025597,5/11/2023 11:12,0,56.04,28.65,0,0,62972,5/11/2023 15:02,5/11/2023,1400,1500
3046199,12/11/2023 06:52,0,348.42,178.15,0,0,28151,12/11/2023 19:02,12/11/2023,1800,1900
2537746,18/4/2023 11:37,0,166.38,85.07,0,0,88650,18/4/2023 18:03,18/4/2023,1700,1800
2868476,8/9/2023 08:12,0,70.52,36.05,0,0,108043,8/9/2023 11:03,8/9/2023,1000,1100
3113841,3/12/2023 00:39,0,154.83,79.17,0,0,165216,3/12/2023 12:03,3/12/2023,1100,1200
3202698,30/12/2023 12:11,0,463.09,236.78,26.61,13.61,21604,30/12/2023 18:03,30/12/2023,1700,1800
3202711,30/12/2023 12:12,0,200.75,102.64,0,0,140654,30/12/2023 16:03,30/12/2023,1500,1600
2337536,31/1/2023 09:01,0,122.42,62.6,0,0,40169,31/1/2023 13:04,31/1/2023,1200,1300
2414183,1/3/2023 07:19,0,75.65,38.68,0,0,24060,1/3/2023 21:28,1/3/2023,2000,2100
2560216,27/4/2023 11:19,0,249.85,127.74,0,0,34784,27/4/2023 19:04,27/4/2023,1800,1900
2636163,28/5/2023 13:03,0,194.8,99.6,0,0,110657,28/5/2023 17:04,28/5/2023,1600,1700
2593503,10/5/2023 21:47,0,245.99,125.78,0,0,36889,11/5/2023 21:05,11/5/2023,2000,2100
2914545,26/9/2023 12:36,0,102.39,52.36,0,0,18369,26/9/2023 17:06,26/9/2023,1600,1700
2994922,25/10/2023 15:55,0,214.35,109.6,0,0,97905,25/10/2023 19:06,25/10/2023,1800,1900
3202224,30/12/2023 10:53,1,101.59,51.94,0,0,188025,30/12/2023 15:06,30/12/2023,1400,1500
2342810,2/2/2023 09:41,0,85.38,43.65,0,0,133444,2/2/2023 13:07,2/2/2023,1200,1300
2362318,9/2/2023 08:24,0,80.37,41.09,0,0,101119,9/2/2023 12:07,9/2/2023,1100,1200
2370334,11/2/2023 22:31,0,237.42,121.39,0,0,124203,12/2/2023 12:07,12/2/2023,1100,1200
2611837,18/5/2023 05:10,0,249.5,127.57,0,0,104761,18/5/2023 12:07,18/5/2023,1100,1200
3136862,9/12/2023 17:40,0,150.48,76.94,0,0,33503,9/12/2023 22:07,9/12/2023,2100,2200
2291816,13/1/2023 21:22,0,193.8,99.09,0,0,148384,14/1/2023 11:08,14/1/2023,1000,1100
2310340,21/1/2023 01:17,0,82.86,42.36,0,0,19686,21/1/2023 12:08,21/1/2023,1100,1200
2511003,7/4/2023 08:58,0,106.7,54.56,0,0,47839,7/4/2023 12:08,7/4/2023,1100,1200
3168149,19/12/2023 11:11,0,96.72,49.45,30.45,15.57,67992,19/12/2023 19:08,19/12/2023,1800,1900
2513632,8/4/2023 08:59,0,90.36,46.2,0,0,91419,8/4/2023 12:10,8/4/2023,1100,1200
2522373,11/4/2023 15:15,0,46.44,23.74,0,0,49741,11/4/2023 18:10,11/4/2023,1700,1800
3107428,1/12/2023 03:38,0,130.83,66.9,0,0,53863,1/12/2023 20:09,1/12/2023,1900,2000
2595585,11/5/2023 17:13,0,45.7,23.37,7.93,4.06,9505,11/5/2023 21:11,11/5/2023,2000,2100
2631774,26/5/2023 15:17,0,37.22,19.03,0,0,41388,26/5/2023 18:10,26/5/2023,1700,1800
2868205,7/9/2023 22:48,0,109.72,56.1,30.82,15.76,146270,8/9/2023 12:10,8/9/2023,1100,1200
2981038,20/10/2023 15:02,0,251,128.33,0,0,108957,20/10/2023 19:10,20/10/2023,1800,1900
3171360,20/12/2023 10:48,0,367.02,187.65,98.02,50.12,163994,20/12/2023 14:10,20/12/2023,1300,1400
3018858,3/11/2023 10:03,0,212.35,108.58,0,0,8600,3/11/2023 14:11,3/11/2023,1300,1400
2428003,6/3/2023 12:02,0,38.5,19.68,0,0,119563,6/3/2023 16:12,6/3/2023,1500,1600
2732237,9/7/2023 15:31,0,173.41,88.66,17.83,9.12,21604,9/7/2023 19:12,9/7/2023,1800,1900
2281835,10/1/2023 08:50,0,72.94,37.29,0,0,78834,10/1/2023 13:13,10/1/2023,1200,1300
2292052,13/1/2023 23:50,0,371.63,190.01,0,0,30462,14/1/2023 11:13,14/1/2023,1000,1100
2937638,5/10/2023 09:41,0,122.08,62.42,0,0,119155,6/10/2023 12:13,6/10/2023,1100,1200
2283875,10/1/2023 19:51,0,135.3,69.17,0,0,87715,11/1/2023 19:14,11/1/2023,1800,1900
2431245,7/3/2023 15:58,0,147.22,75.28,0,0,8308,7/3/2023 19:14,7/3/2023,1800,1900
2863060,5/9/2023 17:56,0,109.02,55.74,0,0,102103,6/9/2023 11:14,6/9/2023,1000,1100
3040391,10/11/2023 11:28,0,172.08,87.98,0,0,119182,10/11/2023 18:14,10/11/2023,1700,1800
3165814,18/12/2023 15:02,0,82.87,42.37,0,0,185288,18/12/2023 21:15,18/12/2023,2000,2100
2468736,22/3/2023 03:00,0,111.32,56.92,0,0,106169,22/3/2023 11:15,22/3/2023,1000,1100
3168840,19/12/2023 13:58,0,133.48,68.25,0,0,92785,19/12/2023 17:15,19/12/2023,1600,1700
3175845,21/12/2023 12:45,0,126.44,64.65,0,0,183154,21/12/2023 17:15,21/12/2023,1600,1700
2280518,9/1/2023 15:07,0,52.32,26.75,0,0,78758,10/1/2023 10:16,10/1/2023,900,1000
2352361,5/2/2023 13:48,0,59.79,30.57,0,0,55841,5/2/2023 20:17,5/2/2023,1900,2000
2661471,8/6/2023 08:26,0,109.34,55.91,0,0,160596,8/6/2023 12:16,8/6/2023,1100,1200
2887031,15/9/2023 15:46,0,80.75,41.29,0,0,36830,15/9/2023 20:17,15/9/2023,1900,2000
3134223,9/12/2023 01:26,0,68.57,35.07,19.03,9.73,26822,9/12/2023 13:17,9/12/2023,1200,1300
2277974,8/1/2023 14:08,0,89.03,45.52,0,0,167812,8/1/2023 19:18,8/1/2023,1800,1900
2797477,8/8/2023 05:56,0,131.13,67.04,0,0,56289,8/8/2023 12:18,8/8/2023,1100,1200
2825963,20/8/2023 20:35,0,165.16,84.44,0,0,38139,21/8/2023 13:18,21/8/2023,1200,1300
2859686,4/9/2023 13:15,0,178.31,91.16,0,0,11347,4/9/2023 18:18,4/9/2023,1700,1800
2973703,17/10/2023 23:07,0,95.84,48.99,0,0,67992,18/10/2023 18:18,18/10/2023,1700,1800
2720618,4/7/2023 10:44,0,65.81,33.64,0,0,44699,4/7/2023 15:19,4/7/2023,1400,1500
2972734,17/10/2023 15:43,0,99.44,50.84,0,0,129067,17/10/2023 20:19,17/10/2023,1900,2000
2594992,11/5/2023 13:56,0,111.07,56.78,0,0,162228,12/5/2023 09:22,12/5/2023,800,900
2984206,21/10/2023 17:29,0,135.51,69.28,0,0,89954,22/10/2023 15:22,22/10/2023,1400,1500
3055583,15/11/2023 10:31,0,175.43,89.7,0,0,56289,15/11/2023 14:22,15/11/2023,1300,1400
3196382,28/12/2023 18:05,0,267.97,137.01,0,0,40498,28/12/2023 22:23,28/12/2023,2100,2200
2262415,1/1/2023 22:43,0,132.54,67.76,0,0,155569,2/1/2023 13:26,2/1/2023,1200,1300
2314108,22/1/2023 13:21,0,283.71,145.05,0,0,48153,22/1/2023 18:27,22/1/2023,1700,1800
2280749,9/1/2023 16:24,0,89.58,45.8,0,0,121467,9/1/2023 21:27,9/1/2023,2000,2100
2285155,11/1/2023 12:22,0,127.47,65.18,0,0,90823,11/1/2023 18:27,11/1/2023,1700,1800
2783037,1/8/2023 17:03,0,72.57,37.11,0,0,45748,2/8/2023 11:28,2/8/2023,1000,1100
2804016,11/8/2023 00:20,0,179.9,91.98,0,0,34820,11/8/2023 11:27,11/8/2023,1000,1100
3118557,4/12/2023 12:05,0,181.71,92.9,0,0,66444,4/12/2023 17:27,4/12/2023,1600,1700
3121630,5/12/2023 11:35,0,93.32,47.71,0,0,140255,6/12/2023 18:28,6/12/2023,1700,1800
2886378,15/9/2023 12:29,0,137.45,70.28,0,0,188932,15/9/2023 20:29,15/9/2023,1900,2000
2298964,16/1/2023 15:34,0,188.02,96.14,0,0,126108,16/1/2023 20:30,16/1/2023,1900,2000
2323948,26/1/2023 10:56,0,125.42,64.13,0,0,73922,26/1/2023 19:30,26/1/2023,1800,1900
2351120,5/2/2023 09:46,0,194.22,99.3,0,0,142682,5/2/2023 15:30,5/2/2023,1400,1500
3034047,8/11/2023 10:45,0,120.66,61.7,0,0,77753,8/11/2023 14:30,8/11/2023,1300,1400
2266478,3/1/2023 18:01,0,134.77,68.91,0,0,92783,4/1/2023 10:31,4/1/2023,900,1000
2552422,24/4/2023 08:47,0,261.29,133.59,0,0,8306,24/4/2023 12:31,24/4/2023,1100,1200
3097497,28/11/2023 01:13,0,54.03,27.62,0,0,66080,28/11/2023 14:31,28/11/2023,1300,1400
2448591,14/3/2023 10:58,0,219.76,112.36,0,0,68300,14/3/2023 15:32,14/3/2023,1400,1500
3026487,5/11/2023 15:17,0,129.93,66.43,0,0,165424,5/11/2023 19:32,5/11/2023,1800,1900
2615475,19/5/2023 14:16,0,87.81,44.89,0,0,89397,19/5/2023 17:33,19/5/2023,1600,1700
2621252,21/5/2023 21:00,0,81.59,41.72,35.63,18.22,73022,22/5/2023 12:34,22/5/2023,1100,1200
2912350,25/9/2023 15:07,0,188.12,96.19,0,0,40180,25/9/2023 20:34,25/9/2023,1900,2000
3059331,16/11/2023 13:10,0,135.95,69.51,0,0,29593,16/11/2023 20:34,16/11/2023,1900,2000
2827588,21/8/2023 14:29,0,59.83,30.59,0,0,172030,21/8/2023 18:36,21/8/2023,1700,1800
2352568,5/2/2023 14:39,0,49.82,25.47,0,0,131760,6/2/2023 10:38,6/2/2023,900,1000
2364734,9/2/2023 22:16,0,171.24,87.55,19.4,9.92,132999,10/2/2023 11:39,10/2/2023,1000,1100
2366291,10/2/2023 14:08,0,171.2,87.53,18.58,9.5,29740,10/2/2023 18:42,10/2/2023,1700,1800
3039029,9/11/2023 19:19,0,181.62,92.86,0,0,159064,10/11/2023 19:42,10/11/2023,1800,1900
3019586,3/11/2023 12:49,0,233.67,119.47,0,0,142812,3/11/2023 18:42,3/11/2023,1700,1800
2750345,17/7/2023 17:13,0,57.46,29.38,0,0,10705,17/7/2023 21:45,17/7/2023,2000,2100
3082019,23/11/2023 17:29,0,90,46.01,0,0,190212,23/11/2023 21:46,23/11/2023,2000,2100
2269321,4/1/2023 21:41,0,36.69,18.76,0,0,134693,5/1/2023 12:46,5/1/2023,1100,1200
2323471,26/1/2023 08:05,0,158.21,80.89,34.56,17.67,71881,26/1/2023 22:51,26/1/2023,2100,2200
2858073,3/9/2023 18:20,0,54.49,27.86,0,0,132612,4/9/2023 11:53,4/9/2023,1000,1100
2433578,8/3/2023 15:17,0,142.8,73.02,0,0,38258,8/3/2023 19:56,8/3/2023,1800,1900
2781558,1/8/2023 03:06,0,144.44,73.85,0,0,158995,1/8/2023 15:03,1/8/2023,1300,1400
3061224,17/11/2023 09:03,0,264.13,135.05,0,0,177821,17/11/2023 15:03,17/11/2023,1300,1400
3100210,28/11/2023 18:54,0,128.74,65.83,0,0,72385,29/11/2023 23:10,29/11/2023,1900,2000
2262518,2/1/2023 00:21,0,115.65,59.13,0,0,153697,2/1/2023 13:43,2/1/2023,1300,1400
2263001,2/1/2023 10:57,0,86.24,44.09,0,0,83487,2/1/2023 20:13,2/1/2023,2000,2100
2263380,2/1/2023 12:50,0,74.57,38.12,0,0,148940,2/1/2023 18:36,2/1/2023,1800,1900
2266340,3/1/2023 16:53,0,107.01,54.71,0,0,83537,3/1/2023 22:18,3/1/2023,2200,2300
2264955,3/1/2023 10:04,1,91.16,46.6,0,0,165645,3/1/2023 13:58,3/1/2023,1400,1500
2265836,3/1/2023 14:05,0,228.42,116.79,0,0,48957,3/1/2023 18:41,3/1/2023,1800,1900
2263904,2/1/2023 16:12,0,122.24,62.5,0,0,88372,3/1/2023 19:41,3/1/2023,1900,2000
2266832,3/1/2023 21:57,0,31.3,16.01,0,0,13769,4/1/2023 09:38,4/1/2023,1000,1100
2266589,3/1/2023 19:08,0,37.58,19.21,0,0,23877,4/1/2023 10:11,4/1/2023,1100,1200
2270829,5/1/2023 14:39,0,56.31,28.79,0,0,131051,5/1/2023 19:12,5/1/2023,1900,2000
2271354,5/1/2023 17:48,0,172.7,88.29,0,0,164822,5/1/2023 22:04,5/1/2023,2200,2300
2270110,5/1/2023 10:51,0,194.59,99.5,0,0,44595,5/1/2023 14:37,5/1/2023,1400,1500
2269161,4/1/2023 20:10,0,57.98,29.65,0,0,59155,5/1/2023 09:50,5/1/2023,1000,1100
2271287,5/1/2023 17:23,0,112.35,57.44,0,0,139962,5/1/2023 21:37,5/1/2023,2100,2200
2269032,4/1/2023 19:04,0,38.21,19.53,0,0,97027,5/1/2023 09:01,5/1/2023,900,1000
2272543,6/1/2023 11:04,0,88.87,45.43,0,0,114556,6/1/2023 14:28,6/1/2023,1400,1500
2273433,6/1/2023 15:24,0,72.46,37.04,0,0,38947,6/1/2023 18:59,6/1/2023,1800,1900
2272116,6/1/2023 08:17,0,121.3,62.02,0,0,136488,6/1/2023 12:26,6/1/2023,1200,1300
2272853,6/1/2023 12:28,0,106.24,54.32,0,0,15711,6/1/2023 15:41,6/1/2023,1500,1600
2271209,5/1/2023 16:54,0,47.38,24.23,0,0,70090,6/1/2023 10:52,6/1/2023,1000,1100
2273870,6/1/2023 17:59,0,124.15,63.48,0,0,76552,7/1/2023 09:02,7/1/2023,900,1000
2278046,8/1/2023 14:31,0,88.91,45.45,0,0,129747,8/1/2023 18:01,8/1/2023,1800,1900
2278109,8/1/2023 15:02,0,67.43,34.48,0,0,140720,8/1/2023 19:02,8/1/2023,1900,2000
2278504,8/1/2023 17:14,1,103.64,53,0,0,146207,8/1/2023 21:47,8/1/2023,2100,2200
2276505,7/1/2023 20:53,0,61.79,31.6,0,0,40816,8/1/2023 11:45,8/1/2023,1100,1200
2275409,7/1/2023 13:18,0,68.39,34.96,0,0,80971,8/1/2023 08:17,8/1/2023,800,900
2279538,9/1/2023 10:08,0,105.61,54,0,0,84608,9/1/2023 11:55,9/1/2023,1300,1400
2280388,9/1/2023 14:26,0,265.96,135.99,0,0,148804,9/1/2023 18:40,9/1/2023,1800,1900
2280545,9/1/2023 15:14,0,161.61,82.63,0,0,63282,9/1/2023 19:25,9/1/2023,1900,2000
2279166,9/1/2023 01:26,0,36.39,18.6,0,0,9966,9/1/2023 14:23,9/1/2023,1400,1500
2280815,9/1/2023 16:40,0,108.72,55.59,0,0,45231,9/1/2023 20:59,9/1/2023,2000,2100
2282804,10/1/2023 13:36,0,75.44,38.57,0,0,100930,10/1/2023 16:49,10/1/2023,1600,1700
2281094,9/1/2023 18:27,0,182.76,93.44,0,0,105501,10/1/2023 08:49,10/1/2023,800,900
2282564,10/1/2023 12:35,0,86.92,44.44,0,0,126866,10/1/2023 15:46,10/1/2023,1500,1600
2281471,9/1/2023 22:20,0,57.23,29.26,0,0,42358,10/1/2023 10:42,10/1/2023,1000,1100
2280677,9/1/2023 15:59,0,179.18,91.62,0,0,67601,11/1/2023 21:32,11/1/2023,2100,2200
2286592,11/1/2023 21:57,0,115.46,59.04,0,0,76439,12/1/2023 10:31,12/1/2023,1000,1100
2286984,12/1/2023 08:05,0,134.12,68.57,0,0,69347,12/1/2023 13:28,12/1/2023,1300,1400
2288644,12/1/2023 16:08,0,199.11,101.8,0,0,154003,12/1/2023 20:03,12/1/2023,2000,2100
2286902,12/1/2023 04:45,0,157.35,80.45,0,0,156293,12/1/2023 10:54,12/1/2023,1100,1200
2288723,12/1/2023 16:48,0,174.92,89.43,0,0,108247,12/1/2023 20:48,12/1/2023,2000,2100
2287837,12/1/2023 12:11,1,57.76,29.53,0,0,168899,12/1/2023 18:19,12/1/2023,1800,1900
2289686,13/1/2023 07:54,0,160.73,82.18,0,0,58181,13/1/2023 13:39,13/1/2023,1300,1400
2291009,13/1/2023 15:24,0,178.4,91.22,0,0,76561,13/1/2023 19:59,13/1/2023,1900,2000
2290873,13/1/2023 14:41,0,84.8,43.35,0,0,97027,13/1/2023 17:47,13/1/2023,1800,1900
2293873,14/1/2023 16:13,0,122.43,62.6,0,0,83104,14/1/2023 20:45,14/1/2023,2000,2100
2291606,13/1/2023 19:10,0,162.7,83.19,0,0,163502,14/1/2023 08:10,14/1/2023,800,900
2292677,14/1/2023 11:06,0,59.97,30.66,0,0,124246,14/1/2023 14:28,14/1/2023,1400,1500
2291900,13/1/2023 22:09,0,150.82,77.11,0,0,105433,14/1/2023 09:48,14/1/2023,900,1000
2293625,14/1/2023 15:14,0,162.06,82.86,0,0,21594,14/1/2023 19:36,14/1/2023,1900,2000
2292508,14/1/2023 10:18,0,161.05,82.35,0,0,61105,14/1/2023 13:55,14/1/2023,1300,1400
2292927,14/1/2023 12:14,0,117.81,60.24,0,0,64105,14/1/2023 16:00,14/1/2023,1600,1700
2292731,14/1/2023 11:21,0,181.32,92.7,40.08,20.5,28525,14/1/2023 15:28,14/1/2023,1500,1600
2295556,15/1/2023 11:39,0,236.49,120.92,0,0,156535,15/1/2023 18:02,15/1/2023,1800,1900
2295974,15/1/2023 13:26,1,100.28,51.28,0,0,62137,15/1/2023 18:58,15/1/2023,1800,1900
2294627,14/1/2023 21:46,0,104.73,53.55,0,0,130772,15/1/2023 09:28,15/1/2023,900,1000
2294987,15/1/2023 07:50,0,116.56,59.59,0,0,86854,15/1/2023 19:02,15/1/2023,1900,2000
2295273,15/1/2023 10:28,0,129.95,66.45,0,0,54253,15/1/2023 13:16,15/1/2023,1300,1400
2295557,15/1/2023 11:39,0,37.71,19.28,0,0,38425,15/1/2023 14:44,15/1/2023,1400,1500
2295893,15/1/2023 13:04,0,97.95,50.09,0,0,150974,15/1/2023 18:05,15/1/2023,1800,1900
2297153,15/1/2023 21:00,0,70.85,36.23,0,0,100603,16/1/2023 10:55,16/1/2023,1000,1100
2298083,16/1/2023 11:16,0,92.06,47.07,0,0,58900,16/1/2023 14:31,16/1/2023,1400,1500
2297135,15/1/2023 20:51,0,151.15,77.28,0,0,51491,16/1/2023 18:52,16/1/2023,1800,1900
2297484,16/1/2023 03:02,0,54.21,27.72,0,0,156951,16/1/2023 11:17,16/1/2023,1100,1200
2300675,17/1/2023 11:34,0,78.29,40.03,0,0,20754,17/1/2023 13:57,17/1/2023,1400,1500
2299885,16/1/2023 22:40,0,86.06,44,0,0,129637,17/1/2023 12:42,17/1/2023,1200,1300
2301526,17/1/2023 16:19,0,57.27,29.28,0,0,166483,17/1/2023 21:00,17/1/2023,2000,2100
2299060,16/1/2023 16:05,0,101.46,51.88,0,0,76007,17/1/2023 11:01,17/1/2023,1100,1200
2302763,18/1/2023 10:07,0,117.16,59.9,0,0,164389,18/1/2023 13:17,18/1/2023,1300,1400
2304353,18/1/2023 19:00,0,172.43,88.16,0,0,66992,18/1/2023 21:55,18/1/2023,2200,2300
2302266,17/1/2023 23:24,0,171.08,87.48,0,0,66028,18/1/2023 10:00,18/1/2023,1000,1100
2301921,17/1/2023 19:19,0,194.19,99.29,0,0,10405,18/1/2023 10:05,18/1/2023,1000,1100
2303834,18/1/2023 15:33,0,76.02,38.87,0,0,157103,18/1/2023 20:37,18/1/2023,2000,2100
2303682,18/1/2023 14:47,0,123.27,63.02,0,0,126469,18/1/2023 18:22,18/1/2023,1800,1900
2303186,18/1/2023 12:21,0,74.01,37.85,0,0,149273,18/1/2023 15:37,18/1/2023,1500,1600
2305147,19/1/2023 09:26,0,122.91,62.85,0,0,142492,19/1/2023 12:36,19/1/2023,1200,1300
2305277,19/1/2023 10:07,0,293.05,149.84,0,0,36968,19/1/2023 13:18,19/1/2023,1300,1400
2305990,19/1/2023 13:29,0,91.27,46.66,0,0,86586,19/1/2023 16:35,19/1/2023,1600,1700
2305226,19/1/2023 09:53,0,85.72,43.83,0,0,155036,19/1/2023 12:32,19/1/2023,1200,1300
2309052,20/1/2023 14:43,0,140.33,71.75,0,0,55403,20/1/2023 18:52,20/1/2023,1800,1900
2306884,19/1/2023 18:53,0,72.72,37.18,0,0,69193,20/1/2023 09:50,20/1/2023,900,1000
2307481,20/1/2023 01:52,0,234.35,119.83,0,0,60662,20/1/2023 11:30,20/1/2023,1100,1200
2307280,19/1/2023 22:33,0,204.07,104.34,0,0,86449,20/1/2023 09:51,20/1/2023,900,1000
2308661,20/1/2023 13:00,0,91.17,46.61,0,0,142665,20/1/2023 16:43,20/1/2023,1600,1700
2310829,21/1/2023 10:38,0,106.55,54.48,0,0,160519,21/1/2023 12:47,21/1/2023,1300,1400
2311154,21/1/2023 12:06,0,57.63,29.46,0,0,154310,21/1/2023 15:15,21/1/2023,1500,1600
2312368,21/1/2023 17:50,0,94.23,48.18,0,0,93627,21/1/2023 21:19,21/1/2023,2100,2200
2313020,22/1/2023 01:46,0,397.72,203.35,0,0,151385,22/1/2023 11:58,22/1/2023,1100,1200
2313319,22/1/2023 09:43,0,54.34,27.79,0,0,83492,22/1/2023 12:28,22/1/2023,1200,1300
2314105,22/1/2023 13:20,0,96.35,49.26,0,0,126667,22/1/2023 16:43,22/1/2023,1600,1700
2313925,22/1/2023 12:33,0,70.58,36.09,0,0,148103,22/1/2023 15:43,22/1/2023,1500,1600
2315342,22/1/2023 21:12,0,91.13,46.6,0,0,44920,23/1/2023 10:46,23/1/2023,1100,1200
2316304,23/1/2023 11:38,0,95.02,48.58,0,0,162011,23/1/2023 20:16,23/1/2023,2000,2100
2317351,23/1/2023 16:19,0,55.19,28.22,0,0,55947,23/1/2023 19:10,23/1/2023,1900,2000
2316648,23/1/2023 13:10,1,167.21,85.49,0,0,170194,23/1/2023 16:32,23/1/2023,1600,1700
2314206,22/1/2023 13:43,0,208.67,106.69,0,0,90848,23/1/2023 19:08,23/1/2023,1900,2000
2315823,23/1/2023 09:11,0,100.11,51.19,0,0,70546,23/1/2023 14:30,23/1/2023,1400,1500
2318905,24/1/2023 11:19,0,115.64,59.12,0,0,44086,24/1/2023 14:27,24/1/2023,1400,1500
2317863,23/1/2023 20:13,0,54.24,27.74,0,0,57587,24/1/2023 10:16,24/1/2023,1000,1100
2321424,25/1/2023 11:10,0,78.22,40,0,0,69193,25/1/2023 14:03,25/1/2023,1400,1500
2321644,25/1/2023 12:22,0,181.05,92.57,0,0,34635,25/1/2023 18:06,25/1/2023,1800,1900
2321302,25/1/2023 10:36,0,56.47,28.87,0,0,119195,25/1/2023 13:48,25/1/2023,1400,1500
2322329,25/1/2023 15:58,1,130.37,66.66,0,0,170428,25/1/2023 18:07,25/1/2023,1800,1900
2322614,25/1/2023 17:46,0,58.33,29.82,0,0,25130,26/1/2023 08:28,26/1/2023,900,1000
2325459,26/1/2023 18:22,0,77.82,39.79,0,0,46347,26/1/2023 22:13,26/1/2023,2200,2300
2323926,26/1/2023 10:52,0,71.44,36.53,0,0,74435,26/1/2023 13:28,26/1/2023,1300,1400
2323687,26/1/2023 09:42,0,122.5,62.64,0,0,49170,26/1/2023 12:24,26/1/2023,1200,1300
2324251,26/1/2023 12:17,0,130.67,66.81,0,0,121039,26/1/2023 18:35,26/1/2023,1800,1900
2324662,26/1/2023 14:09,0,123.28,63.03,0,0,132743,26/1/2023 17:38,26/1/2023,1700,1800
2322681,25/1/2023 18:15,0,87.49,44.73,0,0,141266,26/1/2023 16:39,26/1/2023,1600,1700
2325703,26/1/2023 20:10,0,152.67,78.06,0,0,60568,27/1/2023 08:13,27/1/2023,800,900
2326320,27/1/2023 07:55,0,50.24,25.69,0,0,151591,27/1/2023 11:59,27/1/2023,1100,1200
2326619,27/1/2023 09:55,0,192.55,98.45,0,0,63540,27/1/2023 12:44,27/1/2023,1200,1300
2328287,27/1/2023 17:38,0,139.92,71.54,0,0,81515,27/1/2023 20:52,27/1/2023,2000,2100
2330116,28/1/2023 13:12,0,54.15,27.69,0,0,54222,28/1/2023 17:28,28/1/2023,1700,1800
2329881,28/1/2023 12:12,0,119.53,61.11,0,0,75994,28/1/2023 16:42,28/1/2023,1700,1800
2329442,28/1/2023 10:20,0,292.66,149.64,0,0,125004,28/1/2023 12:14,28/1/2023,1200,1300
2331216,28/1/2023 18:12,0,187.12,95.67,0,0,40813,28/1/2023 21:30,28/1/2023,2100,2200
2328980,27/1/2023 23:45,0,46.21,23.63,0,0,95858,28/1/2023 14:26,28/1/2023,1400,1500
2327973,27/1/2023 16:11,0,500.17,255.73,18.47,9.45,166293,28/1/2023 15:02,28/1/2023,1500,1600
2332325,29/1/2023 10:14,0,90.51,46.27,0,0,163794,29/1/2023 13:42,29/1/2023,1300,1400
2333334,29/1/2023 14:05,0,92.86,47.48,0,0,141907,29/1/2023 17:30,29/1/2023,1700,1800
2333661,29/1/2023 15:25,0,41.62,21.28,0,0,170417,29/1/2023 18:56,29/1/2023,1900,2000
2333670,29/1/2023 15:30,0,43.25,22.11,0,0,165240,29/1/2023 19:31,29/1/2023,1900,2000
2330885,28/1/2023 16:29,0,219.09,112.02,0,0,112470,29/1/2023 11:02,29/1/2023,1100,1200
2334085,29/1/2023 17:46,0,68.11,34.83,0,0,144420,30/1/2023 09:54,30/1/2023,900,1000
2335383,30/1/2023 11:31,0,136.19,69.63,0,0,85563,30/1/2023 14:21,30/1/2023,1500,1600
2336257,30/1/2023 15:47,0,65.84,33.66,0,0,41518,30/1/2023 18:03,30/1/2023,1800,1900
2336897,30/1/2023 20:26,0,196.09,100.26,0,0,97572,31/1/2023 12:53,31/1/2023,1300,1400
2337458,31/1/2023 08:13,0,101.12,51.7,0,0,47220,31/1/2023 11:06,31/1/2023,1100,1200
2338548,31/1/2023 14:41,0,59.27,30.31,0,0,95633,31/1/2023 20:51,31/1/2023,2000,2100
2338958,31/1/2023 16:55,0,122.94,62.86,0,0,37682,31/1/2023 19:44,31/1/2023,1900,2000
2340435,1/2/2023 11:21,0,96.11,49.14,0,0,69580,1/2/2023 16:01,1/2/2023,1600,1700
2339985,1/2/2023 08:40,0,217.83,111.38,0,0,136765,1/2/2023 11:35,1/2/2023,1100,1200
2341075,1/2/2023 14:33,0,59.69,30.52,0,0,123050,1/2/2023 16:46,1/2/2023,1700,1800
2341167,1/2/2023 15:05,0,370.33,189.35,14.47,7.4,38618,1/2/2023 18:59,1/2/2023,1800,1900
2340081,1/2/2023 09:29,0,120.97,61.86,0,0,66557,1/2/2023 16:10,1/2/2023,1600,1700
2340653,1/2/2023 12:27,0,183.99,94.08,0,0,45157,1/2/2023 15:45,1/2/2023,1500,1600
2339996,1/2/2023 08:49,0,74.01,37.84,0,0,120533,1/2/2023 15:47,1/2/2023,1600,1700
2343904,2/2/2023 15:02,0,79.47,40.63,5.73,2.93,151772,2/2/2023 19:42,2/2/2023,1900,2000
2343883,2/2/2023 14:56,0,83.84,42.87,0,0,157702,2/2/2023 17:13,2/2/2023,1700,1800
2343315,2/2/2023 12:11,0,53.05,27.12,0,0,120131,2/2/2023 14:27,2/2/2023,1500,1600
2342312,1/2/2023 23:35,0,126.71,64.78,0,0,65429,2/2/2023 11:08,2/2/2023,1100,1200
2342045,1/2/2023 21:03,0,73.38,37.52,0,0,85596,2/2/2023 12:57,2/2/2023,1300,1400
2343341,2/2/2023 12:18,0,72.52,37.08,0,0,139920,2/2/2023 15:26,2/2/2023,1500,1600
2343741,2/2/2023 14:17,1,83.35,42.62,0,0,171427,2/2/2023 16:38,2/2/2023,1700,1800
2344818,2/2/2023 20:24,0,152.2,77.82,0,0,66648,3/2/2023 09:20,3/2/2023,900,1000
2340671,1/2/2023 12:30,0,165.32,84.53,0,0,35480,3/2/2023 12:50,3/2/2023,1200,1300
2346001,3/2/2023 11:49,0,226.08,115.59,0,0,159668,3/2/2023 16:21,3/2/2023,1600,1700
2344915,2/2/2023 21:19,0,115.09,58.84,0,0,77584,3/2/2023 11:00,3/2/2023,1100,1200
2345627,3/2/2023 10:04,0,61.47,31.43,0,0,36679,3/2/2023 13:26,3/2/2023,1300,1400
2345642,3/2/2023 10:08,0,43.21,22.09,0,0,60372,3/2/2023 15:50,3/2/2023,1600,1700
2346389,3/2/2023 13:37,0,218.5,111.72,0,0,85593,3/2/2023 16:42,3/2/2023,1600,1700
2346043,3/2/2023 12:02,0,124.89,63.85,0,0,37299,3/2/2023 14:56,3/2/2023,1500,1600
2346607,3/2/2023 14:38,0,39.96,20.44,0,0,71667,3/2/2023 17:47,3/2/2023,1700,1800
2344742,2/2/2023 19:34,0,99.27,50.75,31.23,15.97,100930,3/2/2023 08:36,3/2/2023,800,900
2345715,3/2/2023 10:29,0,136.13,69.6,0,0,119208,3/2/2023 16:36,3/2/2023,1600,1700
2347586,3/2/2023 21:16,0,69.24,35.4,0,0,76203,4/2/2023 09:19,4/2/2023,900,1000
2349450,4/2/2023 15:06,0,331.05,169.26,0,0,39016,4/2/2023 18:52,4/2/2023,1800,1900
2351379,5/2/2023 10:40,0,113.94,58.25,0,0,35301,5/2/2023 19:56,5/2/2023,1900,2000
2350161,4/2/2023 19:22,0,60.53,30.95,0,0,22311,5/2/2023 09:46,5/2/2023,900,1000
2350186,4/2/2023 19:36,0,99.81,51.03,0,0,126287,5/2/2023 09:29,5/2/2023,900,1000
2351487,5/2/2023 10:57,0,144.44,73.85,0,0,54085,5/2/2023 14:35,5/2/2023,1500,1600
2352246,5/2/2023 13:24,0,139.47,71.31,0,0,108075,5/2/2023 19:25,5/2/2023,1900,2000
2348160,4/2/2023 09:35,0,103.85,53.1,0,0,103083,5/2/2023 10:42,5/2/2023,1000,1100
2351696,5/2/2023 11:29,0,115.14,58.87,0,0,87642,5/2/2023 19:25,5/2/2023,1900,2000
2353108,5/2/2023 17:49,0,68.9,35.22,0,0,57133,6/2/2023 16:54,6/2/2023,1700,1800
2353513,5/2/2023 21:07,0,332.51,170,0,0,61887,6/2/2023 11:49,6/2/2023,1100,1200
2354305,6/2/2023 09:54,0,136.29,69.68,0,0,20482,6/2/2023 15:07,6/2/2023,1500,1600
2352089,5/2/2023 12:53,0,185.92,95.06,0,0,62793,6/2/2023 10:35,6/2/2023,1000,1100
2352933,5/2/2023 16:32,0,169.33,86.58,0,0,52555,6/2/2023 18:09,6/2/2023,1800,1900
2354799,6/2/2023 11:55,0,157.31,80.43,0,0,123682,6/2/2023 16:27,6/2/2023,1600,1700
2353937,6/2/2023 06:50,0,142.87,73.05,0,0,128017,6/2/2023 13:45,6/2/2023,1300,1400
2355903,6/2/2023 18:12,0,259.31,132.59,0,0,36247,7/2/2023 12:44,7/2/2023,1200,1300
2357791,7/2/2023 13:17,0,40.16,20.53,8.09,4.14,129870,7/2/2023 16:50,7/2/2023,1600,1700
2355948,6/2/2023 18:32,0,108.96,55.71,0,0,57008,7/2/2023 08:02,7/2/2023,800,900
2355975,6/2/2023 18:44,0,119.88,61.3,0,0,143788,7/2/2023 14:45,7/2/2023,1500,1600
2357708,7/2/2023 12:57,0,291.32,148.95,0,0,74012,7/2/2023 16:17,7/2/2023,1600,1700
2356144,6/2/2023 20:27,0,158.69,81.14,0,0,142873,7/2/2023 08:07,7/2/2023,800,900
2358706,7/2/2023 18:12,0,140.92,72.05,0,0,116945,8/2/2023 10:01,8/2/2023,1000,1100
2359850,8/2/2023 09:59,0,238.46,121.92,0,0,27722,8/2/2023 13:38,8/2/2023,1300,1400
2359854,8/2/2023 10:01,0,33.81,17.28,0,0,44214,8/2/2023 13:12,8/2/2023,1300,1400
2362003,8/2/2023 23:01,0,58.97,30.15,0,0,124896,9/2/2023 11:22,9/2/2023,1100,1200
2362876,9/2/2023 11:09,0,127.35,65.12,0,0,8148,9/2/2023 14:04,9/2/2023,1400,1500
2363762,9/2/2023 15:11,0,70.66,36.12,0,0,167808,9/2/2023 20:57,9/2/2023,2100,2200
2364822,9/2/2023 23:11,0,123.71,63.25,0,0,167419,10/2/2023 13:29,10/2/2023,1300,1400
2366467,10/2/2023 15:05,0,145.51,74.4,0,0,106385,10/2/2023 17:38,10/2/2023,1700,1800
2368243,11/2/2023 10:51,0,36.46,18.65,0,0,86416,11/2/2023 13:23,11/2/2023,1300,1400
2367725,11/2/2023 01:46,0,61.4,31.4,0,0,24470,11/2/2023 11:14,11/2/2023,1100,1200
2369458,11/2/2023 16:18,0,247.43,126.51,0,0,140471,11/2/2023 19:33,11/2/2023,1900,2000
2371556,12/2/2023 12:05,0,68.04,34.79,0,0,49314,12/2/2023 15:46,12/2/2023,1500,1600
2372651,12/2/2023 16:29,0,143.76,73.5,0,0,37171,12/2/2023 20:29,12/2/2023,2000,2100
2372516,12/2/2023 15:52,0,95.32,48.74,0,0,163104,12/2/2023 19:00,12/2/2023,1900,2000
2371101,12/2/2023 10:29,0,84.35,43.12,0,0,111818,12/2/2023 13:19,12/2/2023,1300,1400
2372628,12/2/2023 16:23,0,160.84,82.23,12.15,6.21,125761,12/2/2023 20:13,12/2/2023,2000,2100
2369492,11/2/2023 16:26,0,452.94,231.59,63.77,32.6,69240,12/2/2023 09:35,12/2/2023,1000,1100
2374059,13/2/2023 10:36,0,104.47,53.41,0,0,41568,13/2/2023 18:28,13/2/2023,1800,1900
2373802,13/2/2023 09:24,0,147.89,75.62,0,0,15708,13/2/2023 12:20,13/2/2023,1200,1300
2373504,13/2/2023 00:29,0,122.52,62.65,0,0,95532,13/2/2023 10:23,13/2/2023,1000,1100
2373027,12/2/2023 18:39,0,234.14,119.71,0,0,22431,13/2/2023 15:43,13/2/2023,1600,1700
2374590,13/2/2023 12:55,0,172.56,88.23,0,0,69485,13/2/2023 16:02,13/2/2023,1600,1700
2374478,13/2/2023 12:24,0,162.71,83.19,0,0,169948,13/2/2023 19:12,13/2/2023,1900,2000
2373190,12/2/2023 19:59,0,252.5,129.1,0,0,80898,13/2/2023 18:57,13/2/2023,1900,2000
2374987,13/2/2023 14:47,0,101.04,51.66,0,0,159535,13/2/2023 19:35,13/2/2023,1900,2000
2374768,13/2/2023 13:45,0,70.15,35.86,0,0,142041,13/2/2023 16:33,13/2/2023,1600,1700
2376145,13/2/2023 22:59,0,39.45,20.17,0,0,42084,14/2/2023 10:10,14/2/2023,1000,1100
2376518,14/2/2023 09:03,0,63.45,32.44,0,0,151772,14/2/2023 15:19,14/2/2023,1500,1600
2376121,13/2/2023 22:45,0,122.28,62.52,0,0,69013,14/2/2023 19:53,14/2/2023,1900,2000
2376693,14/2/2023 10:00,0,50.1,25.61,0,0,168665,14/2/2023 13:14,14/2/2023,1300,1400
2376519,14/2/2023 09:03,0,131.32,67.14,0,0,39368,14/2/2023 12:11,14/2/2023,1200,1300
2379486,15/2/2023 11:37,0,69.49,35.53,0,0,104298,15/2/2023 17:17,15/2/2023,1700,1800
2380355,15/2/2023 16:27,0,104.44,53.4,0,0,99382,15/2/2023 19:14,15/2/2023,1900,2000
2376186,13/2/2023 23:36,0,235.56,120.44,43.45,22.22,70885,15/2/2023 19:02,15/2/2023,1900,2000
2378679,14/2/2023 22:06,0,165.15,84.44,0,0,102243,15/2/2023 10:11,15/2/2023,1000,1100
2381971,16/2/2023 11:09,0,223.36,114.2,0,0,40141,16/2/2023 13:26,16/2/2023,1400,1500
2382865,16/2/2023 16:02,0,283.89,145.15,85.07,43.49,9316,16/2/2023 19:04,16/2/2023,1900,2000
2384810,17/2/2023 12:39,0,137.83,70.47,0,0,94853,17/2/2023 15:40,17/2/2023,1500,1600
2383624,16/2/2023 21:17,0,49.17,25.14,0,0,73496,17/2/2023 09:54,17/2/2023,900,1000
2385487,17/2/2023 16:08,0,128.06,65.48,0,0,32719,17/2/2023 19:19,17/2/2023,1900,2000
2383769,16/2/2023 22:46,0,127.57,65.23,0,0,130914,17/2/2023 10:23,17/2/2023,1000,1100
2388197,18/2/2023 16:39,0,61.09,31.23,0,0,10616,18/2/2023 19:12,18/2/2023,1900,2000
2386712,18/2/2023 09:25,0,86.32,44.14,0,0,157794,18/2/2023 10:56,18/2/2023,1100,1200
2386912,18/2/2023 10:28,0,160.91,82.27,20.44,10.46,138107,18/2/2023 13:55,18/2/2023,1300,1400
2388093,18/2/2023 16:09,0,74.35,38.02,0,0,73872,18/2/2023 18:21,18/2/2023,1900,2000
2387837,18/2/2023 14:49,0,191.2,97.76,0,0,16648,18/2/2023 17:19,18/2/2023,1700,1800
2386934,18/2/2023 10:36,0,128.33,65.61,0,0,47220,18/2/2023 12:59,18/2/2023,1300,1400
2387158,18/2/2023 11:35,0,116.99,59.82,0,0,69314,19/2/2023 11:06,19/2/2023,1100,1200
2388956,18/2/2023 22:47,0,65.67,33.58,0,0,166008,19/2/2023 10:00,19/2/2023,1000,1100
2390277,19/2/2023 13:56,0,99.97,51.11,0,0,142492,19/2/2023 16:21,19/2/2023,1600,1700
2389087,19/2/2023 00:24,0,127.94,65.42,0,0,153007,19/2/2023 11:21,19/2/2023,1100,1200
2392268,20/2/2023 11:20,0,49.42,25.26,0,0,63046,20/2/2023 14:13,20/2/2023,1400,1500
2391178,19/2/2023 19:26,0,218.74,111.84,0,0,102513,20/2/2023 12:03,20/2/2023,1200,1300
2391788,20/2/2023 08:40,0,216.27,110.58,25.31,12.94,71336,20/2/2023 10:54,20/2/2023,1100,1200
2395129,21/2/2023 13:46,0,85.5,43.71,0,0,147981,21/2/2023 16:24,21/2/2023,1600,1700
2397504,22/2/2023 15:17,0,127.88,65.38,0,0,161027,22/2/2023 19:41,22/2/2023,2000,2100
2397856,22/2/2023 17:36,0,193.63,99,0,0,144513,22/2/2023 22:59,22/2/2023,2200,2300
2394132,21/2/2023 01:10,1,67.89,34.71,0,0,173758,22/2/2023 08:42,22/2/2023,800,900
2396167,21/2/2023 22:24,0,153.34,78.4,0,0,143709,22/2/2023 09:32,22/2/2023,900,1000
2397042,22/2/2023 12:23,0,120.56,61.64,0,0,152121,22/2/2023 15:19,22/2/2023,1500,1600
2396677,22/2/2023 10:05,0,37.13,18.98,0,0,47734,22/2/2023 13:20,22/2/2023,1300,1400
2396397,22/2/2023 07:34,0,197.75,101.11,0,0,128448,22/2/2023 18:47,22/2/2023,1800,1900
2396757,22/2/2023 10:41,0,120.53,61.62,0,0,142423,22/2/2023 17:59,22/2/2023,1800,1900
2398669,23/2/2023 08:22,0,87.84,44.91,0,0,26442,23/2/2023 12:07,23/2/2023,1200,1300
2399862,23/2/2023 15:20,0,92.6,47.34,0,0,154455,23/2/2023 17:12,23/2/2023,1800,1900
2399709,23/2/2023 14:23,0,216.24,110.56,0,0,142492,23/2/2023 16:14,23/2/2023,1600,1700
2398986,23/2/2023 10:21,0,127.58,65.23,0,0,140861,23/2/2023 13:20,23/2/2023,1300,1400
2398499,23/2/2023 01:02,0,46.81,23.94,0,0,103632,23/2/2023 10:50,23/2/2023,1000,1100
2402677,24/2/2023 16:57,0,180.62,92.35,0,0,164054,24/2/2023 19:10,24/2/2023,2000,2100
2402794,24/2/2023 17:41,0,56.01,28.64,0,0,20261,24/2/2023 20:21,24/2/2023,2000,2100
2401175,24/2/2023 08:54,0,130.95,66.96,0,0,83897,24/2/2023 18:02,24/2/2023,1800,1900
2400801,23/2/2023 22:48,0,156.93,80.24,0,0,41357,24/2/2023 12:53,24/2/2023,1300,1400
2404540,25/2/2023 13:08,0,428.61,219.15,0,0,9056,25/2/2023 18:01,25/2/2023,1800,1900
2403704,25/2/2023 08:52,0,142.61,72.91,0,0,163544,25/2/2023 11:39,25/2/2023,1100,1200
2403618,25/2/2023 07:57,0,72.23,36.93,0,0,156499,25/2/2023 10:53,25/2/2023,1100,1200
2405737,25/2/2023 18:58,0,116.62,59.62,0,0,49064,25/2/2023 22:09,25/2/2023,2200,2300
2405337,25/2/2023 16:44,0,193.24,98.79,0,0,81331,25/2/2023 20:12,25/2/2023,2000,2100
2406519,26/2/2023 08:39,0,186.63,95.42,10.78,5.52,15570,26/2/2023 17:11,26/2/2023,1700,1800
2405789,25/2/2023 19:18,0,126.89,64.88,0,0,160928,26/2/2023 08:38,26/2/2023,800,900
2406654,26/2/2023 09:32,0,57.52,29.41,0,0,39091,26/2/2023 12:20,26/2/2023,1200,1300
2406431,26/2/2023 07:30,0,211.38,108.07,0,0,112973,26/2/2023 13:39,26/2/2023,1300,1400
2408621,26/2/2023 19:51,0,119.44,61.07,0,0,81585,27/2/2023 08:55,27/2/2023,900,1000
2410100,27/2/2023 13:43,0,137.45,70.28,0,0,173704,27/2/2023 16:55,27/2/2023,1600,1700
2410781,27/2/2023 17:21,0,444.35,227.19,0,0,32812,27/2/2023 21:25,27/2/2023,2100,2200
2409533,27/2/2023 10:57,0,118.01,60.33,0,0,78434,28/2/2023 12:31,28/2/2023,1200,1300
2412590,28/2/2023 13:16,0,106.84,54.63,10.28,5.25,127778,28/2/2023 16:45,28/2/2023,1600,1700
2415622,1/3/2023 16:38,0,76.03,38.88,0,0,93411,1/3/2023 19:00,1/3/2023,1900,2000
2414781,1/3/2023 11:35,0,155.68,79.6,0,0,87984,1/3/2023 14:10,1/3/2023,1400,1500
2414940,1/3/2023 12:22,0,124.08,63.45,0,0,64105,1/3/2023 15:11,1/3/2023,1500,1600
2415559,1/3/2023 16:18,0,38.28,19.58,0,0,57564,1/3/2023 19:38,1/3/2023,1900,2000
2418301,2/3/2023 15:40,0,90.18,46.11,0,0,36534,2/3/2023 19:13,2/3/2023,1900,2000
2416228,1/3/2023 21:44,0,63.41,32.42,0,0,28036,2/3/2023 09:32,2/3/2023,900,1000
2416316,1/3/2023 22:39,0,88.49,45.25,0,0,29762,2/3/2023 10:53,2/3/2023,1000,1100
2417175,2/3/2023 10:52,0,53.98,27.6,0,0,143624,2/3/2023 13:17,2/3/2023,1300,1400
2416002,1/3/2023 19:30,0,188.6,96.43,0,0,128538,2/3/2023 11:23,2/3/2023,1100,1200
2416226,1/3/2023 21:43,0,227.28,116.21,0,0,70385,2/3/2023 18:09,2/3/2023,1800,1900
2420531,3/3/2023 12:59,0,130.84,66.9,0,0,147446,3/3/2023 16:14,3/3/2023,1600,1700
2423226,4/3/2023 13:58,0,97.84,50.03,0,0,130962,4/3/2023 20:32,4/3/2023,2100,2200
2423886,4/3/2023 17:48,0,194.54,99.47,19.77,10.11,43424,4/3/2023 20:35,4/3/2023,2000,2100
2423691,4/3/2023 16:35,0,62.88,32.15,0,0,164108,4/3/2023 18:13,4/3/2023,2000,2100
2423576,4/3/2023 15:55,0,127.64,65.26,0,0,19401,4/3/2023 18:47,4/3/2023,1800,1900
2422660,4/3/2023 11:20,0,145.55,74.42,0,0,99850,4/3/2023 14:37,4/3/2023,1400,1500
2421149,3/3/2023 15:53,0,120.69,61.71,0,0,63187,4/3/2023 13:16,4/3/2023,1300,1400
2424216,4/3/2023 20:43,0,122.48,62.62,0,0,130772,5/3/2023 09:00,5/3/2023,900,1000
2427442,6/3/2023 08:52,0,133.21,68.11,0,0,11520,6/3/2023 17:25,6/3/2023,1700,1800
2426398,5/3/2023 16:57,0,332.79,170.15,0,0,162955,6/3/2023 11:37,6/3/2023,1100,1200
2430871,7/3/2023 13:45,0,155.36,79.44,0,0,89718,7/3/2023 16:52,7/3/2023,1700,1800
2430045,7/3/2023 09:17,0,73.52,37.59,0,0,97544,7/3/2023 11:25,7/3/2023,1100,1200
2430188,7/3/2023 10:04,0,178.2,91.11,0,0,89607,7/3/2023 13:55,7/3/2023,1300,1400
2430863,7/3/2023 13:42,0,60.55,30.96,0,0,45411,7/3/2023 16:07,7/3/2023,1600,1700
2429224,6/3/2023 18:41,0,82.85,42.37,0,0,45756,7/3/2023 08:21,7/3/2023,900,1000
2431697,7/3/2023 18:44,0,117.53,60.1,0,0,139980,7/3/2023 21:11,7/3/2023,2100,2200
2429464,6/3/2023 21:07,0,331.86,169.68,15.4,7.88,108837,7/3/2023 09:45,7/3/2023,1000,1100
2434037,8/3/2023 18:17,0,107.46,54.94,0,0,102390,8/3/2023 22:05,8/3/2023,2200,2300
2434089,8/3/2023 18:34,0,110.34,56.42,0,0,17964,8/3/2023 21:14,8/3/2023,2100,2200
2432377,8/3/2023 07:58,0,90.74,46.39,0,0,138329,8/3/2023 11:29,8/3/2023,1100,1200
2434298,8/3/2023 21:01,0,76.14,38.93,21.32,10.9,45411,9/3/2023 09:07,9/3/2023,900,1000
2435642,9/3/2023 12:45,0,97.57,49.89,0,0,149971,9/3/2023 15:35,9/3/2023,1500,1600
2435067,9/3/2023 09:57,0,103.19,52.76,17.46,8.92,107761,9/3/2023 12:01,9/3/2023,1200,1300
2435653,9/3/2023 12:49,0,288.41,147.46,0,0,43779,9/3/2023 15:44,9/3/2023,1500,1600
2434738,9/3/2023 08:00,0,43.83,22.41,0,0,33446,9/3/2023 12:49,9/3/2023,1200,1300
2435185,9/3/2023 10:31,0,109.23,55.85,0,0,172750,9/3/2023 19:42,9/3/2023,1900,2000
2438753,10/3/2023 15:05,0,58.91,30.12,0,0,67196,10/3/2023 18:29,10/3/2023,1800,1900
2437281,10/3/2023 03:50,0,332.46,169.99,0,0,145504,10/3/2023 11:04,10/3/2023,1100,1200
2437387,10/3/2023 08:03,0,166.15,84.95,19.9,10.17,172330,10/3/2023 17:02,10/3/2023,1700,1800
2440882,11/3/2023 12:45,1,401.82,205.44,0,0,143901,11/3/2023 15:23,11/3/2023,1500,1600
2440255,11/3/2023 09:40,0,124.79,63.8,0,0,164375,11/3/2023 12:16,11/3/2023,1200,1300
2441474,11/3/2023 15:17,0,69.5,35.54,0,0,173441,11/3/2023 18:49,11/3/2023,1800,1900
2443334,12/3/2023 10:07,0,37.91,19.38,0,0,72901,12/3/2023 13:27,12/3/2023,1300,1400
2442622,11/3/2023 21:57,1,60.9,31.14,0,0,109576,12/3/2023 14:25,12/3/2023,1400,1500
2443024,12/3/2023 07:57,0,124.76,63.79,0,0,170021,12/3/2023 14:14,12/3/2023,1400,1500
2446048,13/3/2023 10:31,0,147.2,75.26,48.3,24.69,27447,13/3/2023 12:27,13/3/2023,1300,1400
2446208,13/3/2023 11:18,0,74.91,38.3,0,0,83936,13/3/2023 16:35,13/3/2023,1600,1700
2445658,13/3/2023 06:25,0,93.7,47.91,0,0,174077,13/3/2023 20:05,13/3/2023,2000,2100
2445660,13/3/2023 06:27,0,110.48,56.49,0,0,119876,13/3/2023 13:25,13/3/2023,1300,1400
2448031,13/3/2023 23:49,0,123.07,62.92,0,0,120931,14/3/2023 11:03,14/3/2023,1100,1200
2448202,14/3/2023 08:08,0,38.51,19.69,0,0,110578,14/3/2023 14:30,14/3/2023,1400,1500
2449817,14/3/2023 18:35,0,44.81,22.91,0,0,27831,14/3/2023 21:37,14/3/2023,2100,2200
2449654,14/3/2023 17:30,0,130.01,66.47,60.75,31.06,45756,14/3/2023 20:23,14/3/2023,2000,2100
2448612,14/3/2023 11:03,0,340.51,174.1,0,0,104001,14/3/2023 15:02,14/3/2023,1500,1600
2449341,14/3/2023 15:16,0,46.55,23.8,0,0,27776,14/3/2023 18:02,14/3/2023,1800,1900
2448552,14/3/2023 10:42,0,123.93,63.37,0,0,96456,14/3/2023 14:22,14/3/2023,1500,1600
2449650,14/3/2023 17:28,0,46.75,23.91,0,0,159653,14/3/2023 21:00,14/3/2023,2000,2100
2450207,14/3/2023 23:09,0,147.31,75.32,0,0,170272,15/3/2023 10:08,15/3/2023,1000,1100
2451075,15/3/2023 12:23,0,127.07,64.97,0,0,165396,15/3/2023 18:09,15/3/2023,1800,1900
2453599,16/3/2023 10:49,0,107.59,55.01,0,0,39970,16/3/2023 15:01,16/3/2023,1500,1600
2453448,16/3/2023 10:12,0,186.98,95.6,0,0,125956,16/3/2023 18:02,16/3/2023,1800,1900
2454418,16/3/2023 14:12,0,135.62,69.34,0,0,62601,16/3/2023 17:46,16/3/2023,1700,1800
2454791,16/3/2023 15:50,0,37.35,19.1,0,0,64835,16/3/2023 19:36,16/3/2023,1900,2000
2453875,16/3/2023 11:50,0,194.85,99.63,0,0,129863,16/3/2023 19:59,16/3/2023,1900,2000
2457353,17/3/2023 14:30,0,144.25,73.75,0,0,87699,17/3/2023 19:37,17/3/2023,1900,2000
2456733,17/3/2023 11:38,0,58.7,30.01,25.33,12.95,43704,17/3/2023 14:12,17/3/2023,1400,1500
2456629,17/3/2023 11:10,0,135.53,69.29,0,0,120119,17/3/2023 21:47,17/3/2023,2100,2200
2456152,17/3/2023 08:54,0,51.16,26.16,0,0,52603,17/3/2023 12:33,17/3/2023,1200,1300
2455591,16/3/2023 21:04,0,125.11,63.96,0,0,115310,17/3/2023 09:33,17/3/2023,1000,1100
2455826,16/3/2023 23:41,0,97.59,49.9,0,0,47220,17/3/2023 10:57,17/3/2023,1000,1100
2457687,17/3/2023 16:17,0,93.13,47.62,0,0,62602,17/3/2023 19:31,17/3/2023,1900,2000
2457760,17/3/2023 16:43,0,85.51,43.72,0,0,17964,17/3/2023 19:36,17/3/2023,1900,2000
2453412,16/3/2023 10:03,0,60.1,30.73,0,0,94811,17/3/2023 09:26,17/3/2023,900,1000
2456112,17/3/2023 08:40,0,64.48,32.96,0,0,109416,17/3/2023 12:53,17/3/2023,1200,1300
2456623,17/3/2023 11:09,0,46.19,23.61,0,0,64105,17/3/2023 17:12,17/3/2023,1700,1800
2457040,17/3/2023 12:57,0,271.8,138.97,15.67,8.01,54595,17/3/2023 15:52,17/3/2023,1500,1600
2459775,18/3/2023 13:42,0,86.84,44.41,0,0,160784,18/3/2023 16:23,18/3/2023,1700,1800
2460525,18/3/2023 17:26,0,165.11,84.42,38.96,19.92,99850,18/3/2023 20:23,18/3/2023,2000,2100
2458677,18/3/2023 02:00,0,53.37,27.29,0,0,147949,18/3/2023 09:55,18/3/2023,1000,1100
2459655,18/3/2023 13:05,0,87.67,44.82,0,0,11688,18/3/2023 16:32,18/3/2023,1600,1700
2462002,19/3/2023 11:47,0,65.1,33.28,0,0,42331,19/3/2023 14:38,19/3/2023,1400,1500
2461529,19/3/2023 09:13,0,92.22,47.15,0,0,48377,19/3/2023 11:45,19/3/2023,1100,1200
2455933,17/3/2023 03:18,0,74.25,37.96,0,0,90456,19/3/2023 08:43,19/3/2023,800,900
2462774,19/3/2023 15:40,0,50.81,25.98,0,0,40394,19/3/2023 17:52,19/3/2023,1800,1900
2462507,19/3/2023 14:17,0,145.77,74.53,0,0,163510,19/3/2023 17:25,19/3/2023,1700,1800
2461304,19/3/2023 02:09,0,69.71,35.64,0,0,58618,19/3/2023 11:19,19/3/2023,1200,1300
2463256,19/3/2023 18:42,0,83.94,42.91,0,0,11333,19/3/2023 21:56,19/3/2023,2200,2300
2461262,19/3/2023 00:34,0,150.55,76.97,0,0,99338,19/3/2023 10:26,19/3/2023,1000,1100
2462764,19/3/2023 15:37,0,70.15,35.87,0,0,136394,19/3/2023 18:48,19/3/2023,1800,1900
2460676,18/3/2023 18:22,0,103.51,52.93,0,0,68876,19/3/2023 16:16,19/3/2023,1600,1700
2461925,19/3/2023 11:27,0,164.23,83.97,0,0,132620,19/3/2023 17:28,19/3/2023,1800,1900
2464668,20/3/2023 12:12,0,105.12,53.74,0,0,87984,20/3/2023 15:17,20/3/2023,1500,1600
2463769,20/3/2023 01:34,0,216.76,110.83,0,0,90439,20/3/2023 10:13,20/3/2023,1000,1100
2467311,21/3/2023 13:16,0,126.62,64.74,0,0,38261,21/3/2023 15:21,21/3/2023,1500,1600
2467502,21/3/2023 14:35,0,52.23,26.71,10.9,5.57,59930,21/3/2023 17:59,21/3/2023,1700,1800
2467441,21/3/2023 14:13,0,92.18,47.13,0,0,161217,21/3/2023 16:56,21/3/2023,1600,1700
2466185,20/3/2023 22:07,0,124.13,63.46,0,0,10287,21/3/2023 11:56,21/3/2023,1200,1300
2469733,22/3/2023 12:58,0,95.88,49.02,0,0,106954,22/3/2023 17:32,22/3/2023,1700,1800
2469862,22/3/2023 13:35,0,155.38,79.45,0,0,103262,22/3/2023 19:01,22/3/2023,1900,2000
2466067,20/3/2023 21:00,0,181.25,92.67,50.96,26.05,110694,22/3/2023 21:16,22/3/2023,2100,2200
2468298,21/3/2023 19:58,0,91.5,46.78,0,0,37601,22/3/2023 07:59,22/3/2023,800,900
2468918,22/3/2023 08:52,1,96.88,49.53,0,0,177018,22/3/2023 12:43,22/3/2023,1200,1300
2472345,23/3/2023 13:57,0,57.47,29.38,0,0,106744,23/3/2023 22:03,23/3/2023,2200,2300
2471694,23/3/2023 10:16,0,96.43,49.3,0,0,144206,23/3/2023 13:10,23/3/2023,1300,1400
2471998,23/3/2023 12:01,0,105.73,54.06,0,0,158855,23/3/2023 16:32,23/3/2023,1600,1700
2474440,24/3/2023 12:44,1,57.52,29.41,0,0,176499,24/3/2023 17:36,24/3/2023,1800,1900
2474787,24/3/2023 14:41,0,358.01,183.05,0,0,69673,24/3/2023 19:51,24/3/2023,2000,2100
2476015,25/3/2023 01:50,0,93.88,48,0,0,176246,25/3/2023 09:51,25/3/2023,1000,1100
2476954,25/3/2023 13:20,0,51.55,26.36,0,0,155165,25/3/2023 14:48,25/3/2023,1500,1600
2478004,25/3/2023 18:50,0,51.89,26.53,0,0,77547,25/3/2023 22:36,25/3/2023,2200,2300
2476255,25/3/2023 09:15,1,76.85,39.29,0,0,177268,26/3/2023 10:43,26/3/2023,1000,1100
2478136,25/3/2023 20:00,0,198.04,101.26,0,0,10982,26/3/2023 09:50,26/3/2023,900,1000
2480080,26/3/2023 16:28,0,87.19,44.58,0,0,65271,26/3/2023 19:55,26/3/2023,1900,2000
2478405,25/3/2023 22:39,0,96.41,49.29,0,0,33699,26/3/2023 10:00,26/3/2023,1000,1100
2478524,26/3/2023 00:26,0,78.51,40.14,0,0,138175,26/3/2023 13:17,26/3/2023,1300,1400
2480710,26/3/2023 21:14,0,74.54,38.1,0,0,119643,27/3/2023 10:23,27/3/2023,1000,1100
2480460,26/3/2023 18:44,0,174.83,89.39,0,0,13944,27/3/2023 13:17,27/3/2023,1400,1500
2482948,27/3/2023 17:05,0,146.26,74.78,0,0,143142,27/3/2023 20:28,27/3/2023,2000,2100
2480632,26/3/2023 20:27,0,148.28,75.81,0,0,74115,27/3/2023 08:49,27/3/2023,800,900
2480835,26/3/2023 22:46,0,90.19,46.11,0,0,143400,27/3/2023 14:15,27/3/2023,1400,1500
2483634,27/3/2023 22:16,1,83.96,42.93,0,0,172164,28/3/2023 10:27,28/3/2023,1100,1200
2484514,28/3/2023 11:15,0,84.45,43.18,0,0,58907,28/3/2023 21:25,28/3/2023,2100,2200
2485976,28/3/2023 18:34,0,104.86,53.62,0,0,108923,28/3/2023 22:22,28/3/2023,2200,2300
2483679,27/3/2023 22:36,0,185.84,95.01,0,0,50511,28/3/2023 09:28,28/3/2023,1000,1100
2484870,28/3/2023 12:56,0,372.1,190.25,0,0,31545,28/3/2023 15:19,28/3/2023,1500,1600
2483708,27/3/2023 22:52,0,167.4,85.59,0,0,48957,28/3/2023 12:12,28/3/2023,1200,1300
2484606,28/3/2023 11:45,0,114.33,58.45,0,0,151028,28/3/2023 14:21,28/3/2023,1400,1500
2483977,28/3/2023 08:13,0,182.36,93.23,0,0,81435,28/3/2023 10:41,28/3/2023,1100,1200
2486238,28/3/2023 20:57,0,125.15,64,0,0,124896,29/3/2023 09:56,29/3/2023,900,1000
2486558,29/3/2023 00:25,0,191.84,98.08,0,0,60760,29/3/2023 10:21,29/3/2023,1000,1100
2487575,29/3/2023 13:28,0,87.76,44.86,0,0,146173,29/3/2023 16:18,29/3/2023,1600,1700
2488464,29/3/2023 18:36,0,96.06,49.12,0,0,49697,29/3/2023 21:54,29/3/2023,2100,2200
2486694,29/3/2023 08:00,0,87.2,44.58,0,0,45203,29/3/2023 11:29,29/3/2023,1100,1200
2487316,29/3/2023 12:04,0,74.62,38.15,0,0,162810,29/3/2023 15:33,29/3/2023,1500,1600
2486690,29/3/2023 07:58,0,133.23,68.12,0,0,168487,29/3/2023 17:13,29/3/2023,1700,1800
2489577,30/3/2023 10:50,0,157.87,80.71,0,0,129531,30/3/2023 13:02,30/3/2023,1300,1400
2491011,30/3/2023 18:51,0,122.15,62.46,0,0,84866,30/3/2023 21:15,30/3/2023,2100,2200
2488514,29/3/2023 18:56,0,73.18,37.42,34.64,17.71,99850,30/3/2023 11:00,30/3/2023,1100,1200
2489475,30/3/2023 10:18,0,125,63.92,0,0,79982,30/3/2023 13:13,30/3/2023,1300,1400
2490918,30/3/2023 18:04,0,241.45,123.45,0,0,146218,30/3/2023 21:12,30/3/2023,2100,2200
2489455,30/3/2023 10:14,0,298.13,152.43,30.47,15.58,49895,30/3/2023 13:15,30/3/2023,1300,1400
2490379,30/3/2023 14:54,0,88.3,45.15,11.43,5.84,7589,30/3/2023 17:45,30/3/2023,1700,1800
2492087,31/3/2023 10:41,0,48.53,24.81,0,0,18908,31/3/2023 15:46,31/3/2023,1600,1700
2492771,31/3/2023 13:59,0,96.71,49.45,0,0,13986,31/3/2023 16:36,31/3/2023,1600,1700
2491840,31/3/2023 09:29,0,99.5,50.88,11.97,6.12,83229,31/3/2023 12:55,31/3/2023,1200,1300
2495660,1/4/2023 15:12,0,92.13,47.1,0,0,19730,1/4/2023 18:47,1/4/2023,1900,2000
2494408,1/4/2023 09:12,0,121.88,62.32,0,0,148940,1/4/2023 18:54,1/4/2023,1900,2000
2495308,1/4/2023 13:41,0,96.96,49.58,0,0,154467,1/4/2023 16:22,1/4/2023,1600,1700
2494576,1/4/2023 10:11,0,65.77,33.63,0,0,83936,1/4/2023 19:24,1/4/2023,1900,2000
2496954,2/4/2023 00:33,0,184.6,94.38,0,0,22644,2/4/2023 11:50,2/4/2023,1100,1200
2496723,1/4/2023 21:47,0,35.06,17.93,0,0,83700,2/4/2023 10:11,2/4/2023,1000,1100
2496712,1/4/2023 21:43,0,89.54,45.78,0,0,15708,2/4/2023 10:34,2/4/2023,1000,1100
2498280,2/4/2023 15:36,0,135.93,69.51,0,0,58653,2/4/2023 19:47,2/4/2023,1900,2000
2497467,2/4/2023 11:25,0,644.65,329.6,0,0,64946,2/4/2023 14:58,2/4/2023,1400,1500
2497253,2/4/2023 09:56,0,234.67,119.99,0,0,100231,2/4/2023 17:10,2/4/2023,1700,1800
2499251,2/4/2023 23:01,0,88.73,45.36,0,0,69853,3/4/2023 09:47,3/4/2023,1000,1100
2500860,3/4/2023 15:16,0,164.59,84.15,0,0,149569,3/4/2023 20:59,3/4/2023,2000,2100
2500230,3/4/2023 12:26,0,289.61,148.07,0,0,89958,3/4/2023 17:41,3/4/2023,1800,1900
2501289,3/4/2023 17:07,0,96.47,49.32,0,0,131101,3/4/2023 20:28,3/4/2023,2000,2100
2499131,2/4/2023 21:46,0,60.85,31.11,0,0,59484,3/4/2023 18:47,3/4/2023,1900,2000
2500172,3/4/2023 12:07,1,120.86,61.8,0,0,163661,3/4/2023 17:07,3/4/2023,1700,1800
2499630,3/4/2023 09:26,0,139.99,71.58,0,0,162524,3/4/2023 12:22,3/4/2023,1200,1300
2502727,4/4/2023 10:10,0,93.62,47.87,0,0,125410,4/4/2023 14:47,4/4/2023,1500,1600
2503937,4/4/2023 15:08,0,87.17,44.57,0,0,175197,4/4/2023 18:33,4/4/2023,1800,1900
2501932,3/4/2023 21:21,0,102.36,52.34,0,0,110326,4/4/2023 11:03,4/4/2023,1100,1200
2507364,5/4/2023 18:27,0,72.58,37.11,0,0,88555,5/4/2023 21:33,5/4/2023,2100,2200
2506164,5/4/2023 12:30,0,118.73,60.7,0,0,108923,5/4/2023 14:53,5/4/2023,1500,1600
2506674,5/4/2023 14:37,0,212.02,108.41,0,0,164054,5/4/2023 17:10,5/4/2023,1700,1800
2505007,4/4/2023 22:50,0,51.94,26.56,0,0,52390,5/4/2023 09:43,5/4/2023,1000,1100
2505986,5/4/2023 11:41,0,138.52,70.82,64.38,32.92,29762,5/4/2023 14:18,5/4/2023,1400,1500
2509664,6/4/2023 15:46,0,56.21,28.74,0,0,156253,6/4/2023 18:14,6/4/2023,1800,1900
2509725,6/4/2023 16:05,0,382.99,195.82,0,0,159729,6/4/2023 19:44,6/4/2023,1900,2000
2508733,6/4/2023 11:17,0,159.69,81.64,0,0,147029,6/4/2023 18:42,6/4/2023,1800,1900
2508270,6/4/2023 08:59,0,85,43.46,0,0,169277,6/4/2023 12:42,6/4/2023,1200,1300
2510397,6/4/2023 20:32,1,106.05,54.22,0,0,176990,7/4/2023 16:03,7/4/2023,1600,1700
2512616,7/4/2023 17:13,0,166.18,84.97,0,0,43424,7/4/2023 20:46,7/4/2023,2000,2100
2510870,7/4/2023 07:28,0,123.16,62.97,0,0,96559,7/4/2023 10:00,7/4/2023,1000,1100
2510871,7/4/2023 07:32,0,134.1,68.57,0,0,9103,7/4/2023 17:05,7/4/2023,1700,1800
2515101,8/4/2023 15:50,0,160.63,82.13,0,0,72175,8/4/2023 18:35,8/4/2023,1900,2000
2513815,8/4/2023 10:11,0,181.17,92.63,0,0,40063,8/4/2023 12:56,8/4/2023,1300,1400
2514376,8/4/2023 12:51,0,39.76,20.32,0,0,103172,8/4/2023 16:29,8/4/2023,1600,1700
2514610,8/4/2023 13:53,0,122.96,62.87,0,0,81585,8/4/2023 16:23,8/4/2023,1600,1700
2515351,8/4/2023 17:13,0,168.03,85.91,0,0,166008,8/4/2023 20:20,8/4/2023,2000,2100
2515540,8/4/2023 18:22,0,96.68,49.43,0,0,21283,8/4/2023 21:23,8/4/2023,2100,2200
2512557,7/4/2023 16:49,0,196.58,100.51,0,0,55312,8/4/2023 12:46,8/4/2023,1200,1300
2513431,8/4/2023 00:54,0,47.96,24.52,0,0,53064,8/4/2023 10:52,8/4/2023,1000,1100
2514450,8/4/2023 13:08,0,162.44,83.06,0,0,19068,8/4/2023 16:13,8/4/2023,1600,1700
2514958,8/4/2023 15:15,0,154.62,79.05,0,0,65527,8/4/2023 17:41,8/4/2023,1800,1900
2517090,9/4/2023 13:06,0,61.65,31.53,0,0,47387,9/4/2023 16:34,9/4/2023,1600,1700
2516656,9/4/2023 10:48,0,187.07,95.65,0,0,40962,9/4/2023 14:45,9/4/2023,1600,1700
2517981,9/4/2023 17:54,0,117.33,59.98,0,0,148200,9/4/2023 20:32,9/4/2023,2000,2100
2518635,10/4/2023 07:54,0,72.83,37.23,1.17,0.6,49123,10/4/2023 10:06,10/4/2023,1000,1100
2518730,10/4/2023 09:03,0,100.4,51.33,0,0,97544,10/4/2023 11:36,10/4/2023,1100,1200
2518349,9/4/2023 21:46,0,212.69,108.75,0,0,67369,10/4/2023 19:06,10/4/2023,1900,2000
2518315,9/4/2023 21:25,0,135.6,69.33,0,0,111600,10/4/2023 18:59,10/4/2023,1800,1900
2521056,11/4/2023 01:49,0,85.35,43.64,0,0,16159,11/4/2023 01:50,11/4/2023,1000,1100
2522636,11/4/2023 16:44,0,42.54,21.75,0,0,57541,11/4/2023 19:26,11/4/2023,1900,2000
2522547,11/4/2023 16:14,0,93.6,47.85,0,0,55131,11/4/2023 19:12,11/4/2023,1900,2000
2523126,11/4/2023 20:10,1,39.97,20.44,0,0,179232,12/4/2023 09:03,12/4/2023,900,1000
2525584,12/4/2023 18:51,0,83.94,42.92,0,0,136949,12/4/2023 21:21,12/4/2023,2100,2200
2525156,12/4/2023 16:09,0,150.34,76.87,0,0,119467,12/4/2023 18:15,12/4/2023,1900,2000
2523763,12/4/2023 08:30,0,74.02,37.84,0,0,9610,12/4/2023 11:42,12/4/2023,1100,1200
2523028,11/4/2023 19:12,0,64.39,32.93,0,0,80482,12/4/2023 09:30,12/4/2023,900,1000
2524525,12/4/2023 12:48,0,79.68,40.74,0,0,136488,12/4/2023 15:11,12/4/2023,1500,1600
2525117,12/4/2023 15:58,0,94.99,48.57,0,0,39420,12/4/2023 20:10,12/4/2023,2000,2100
2525748,12/4/2023 20:11,0,299.73,153.25,0,0,67601,13/4/2023 07:40,13/4/2023,800,900
2526509,13/4/2023 09:07,0,124.39,63.6,0,0,150207,13/4/2023 14:04,13/4/2023,1400,1500
2526371,13/4/2023 08:14,0,72.61,37.13,0,0,134675,13/4/2023 20:17,13/4/2023,2000,2100
2526440,13/4/2023 08:43,0,105.02,53.7,59.22,30.28,83795,13/4/2023 13:02,13/4/2023,1300,1400
2527688,13/4/2023 15:13,0,123.13,62.96,53.12,27.16,38797,13/4/2023 17:41,13/4/2023,1700,1800
2529200,14/4/2023 09:23,0,106.84,54.63,0,0,99486,14/4/2023 14:10,14/4/2023,1400,1500
2530250,14/4/2023 14:14,0,123.67,63.23,0,0,54166,14/4/2023 17:45,14/4/2023,1800,1900
2528105,13/4/2023 17:27,0,384.31,196.49,0,0,138478,14/4/2023 09:30,14/4/2023,1100,1200
2529118,14/4/2023 08:44,0,73.57,37.61,28.05,14.33,69013,14/4/2023 11:25,14/4/2023,1100,1200
2532412,15/4/2023 12:08,0,199.79,102.15,0,0,130170,15/4/2023 14:00,15/4/2023,1400,1500
2532217,15/4/2023 10:53,0,45.4,23.21,0,0,149107,15/4/2023 13:26,15/4/2023,1300,1400
2532590,15/4/2023 13:14,0,76.6,39.17,0,0,156958,15/4/2023 17:25,15/4/2023,1700,1800
2531579,14/4/2023 22:01,0,122.45,62.61,0,0,149591,15/4/2023 11:03,15/4/2023,1100,1200
2532327,15/4/2023 11:33,0,154.03,78.76,0,0,143827,15/4/2023 15:13,15/4/2023,1500,1600
2530868,14/4/2023 16:49,0,110.32,56.41,0,0,165396,15/4/2023 13:09,15/4/2023,1300,1400
2531700,14/4/2023 23:36,0,276.03,141.13,54.45,27.84,98197,15/4/2023 12:32,15/4/2023,1200,1300
2534172,17/4/2023 02:03,0,55.59,28.42,0,0,94623,17/4/2023 12:05,17/4/2023,1200,1300
2534573,17/4/2023 10:14,0,67.46,34.49,0,0,22072,17/4/2023 14:41,17/4/2023,1400,1500
2534359,17/4/2023 09:03,0,126.18,64.51,0,0,38052,17/4/2023 18:10,17/4/2023,1800,1900
2534863,17/4/2023 11:29,0,167.6,85.69,0,0,71336,17/4/2023 19:17,17/4/2023,1900,2000
2533526,16/4/2023 14:15,0,103.15,52.73,0,0,108696,17/4/2023 10:37,17/4/2023,1100,1200
2535570,17/4/2023 14:05,0,49.29,25.2,0,0,142692,17/4/2023 19:50,17/4/2023,1900,2000
2535772,17/4/2023 14:59,0,114.39,58.48,0,0,30245,17/4/2023 20:23,17/4/2023,2000,2100
2535088,17/4/2023 12:18,0,49.47,25.29,0,0,143019,17/4/2023 17:00,17/4/2023,1700,1800
2533381,16/4/2023 07:44,0,151.5,77.47,0,0,12206,17/4/2023 11:23,17/4/2023,1100,1200
2533977,16/4/2023 22:19,0,75.17,38.43,30.35,15.52,158014,17/4/2023 12:37,17/4/2023,1200,1300
2537705,18/4/2023 11:28,0,204.13,104.37,0,0,114916,18/4/2023 16:27,18/4/2023,1600,1700
2535832,17/4/2023 15:15,0,89.09,45.55,0,0,170346,18/4/2023 08:54,18/4/2023,800,900
2536363,17/4/2023 18:44,0,108.82,55.64,20.93,10.7,107532,18/4/2023 10:01,18/4/2023,1000,1100
2537856,18/4/2023 11:59,0,233.66,119.47,0,0,160104,18/4/2023 15:15,18/4/2023,1500,1600
2538177,18/4/2023 13:24,0,78.12,39.95,0,0,15924,18/4/2023 16:36,18/4/2023,1600,1700
2536809,17/4/2023 23:08,0,48.74,24.93,0,0,179913,18/4/2023 17:25,18/4/2023,1700,1800
2537206,18/4/2023 09:12,0,0,0,0,0,170320,18/4/2023 11:27,18/4/2023,1200,1300
2538259,18/4/2023 13:41,0,282.09,144.23,0,0,71702,18/4/2023 18:16,18/4/2023,1800,1900
2538606,18/4/2023 15:23,0,62.39,31.9,0,0,23215,18/4/2023 18:56,18/4/2023,1800,1900
2537754,18/4/2023 11:38,0,103.48,52.91,35.32,18.05,162911,18/4/2023 16:47,18/4/2023,1600,1700
2539289,18/4/2023 19:35,0,53.41,27.31,0,0,171338,19/4/2023 10:56,19/4/2023,1100,1200
2541237,19/4/2023 16:09,0,161.56,82.61,0,0,54957,19/4/2023 20:59,19/4/2023,2100,2200
2541627,19/4/2023 18:27,0,172.48,88.19,0,0,161322,19/4/2023 21:33,19/4/2023,2100,2200
2541383,19/4/2023 16:55,0,89.58,45.79,0,0,88964,19/4/2023 20:33,19/4/2023,2000,2100
2540011,19/4/2023 09:35,0,175.36,89.66,0,0,68720,19/4/2023 12:40,19/4/2023,1400,1500
2543287,20/4/2023 13:05,0,128.37,65.64,0,0,168976,20/4/2023 16:26,20/4/2023,1600,1700
2542039,19/4/2023 22:35,0,57.89,29.6,0,0,147384,20/4/2023 09:27,20/4/2023,900,1000
2544195,20/4/2023 18:04,0,279.82,143.06,0,0,36968,20/4/2023 21:23,20/4/2023,2100,2200
2544605,20/4/2023 22:30,0,113.82,58.19,0,0,60751,21/4/2023 08:57,21/4/2023,900,1000
2544641,20/4/2023 22:54,0,75.52,38.62,0,0,151957,21/4/2023 09:56,21/4/2023,900,1000
2545106,21/4/2023 09:54,0,229.81,117.5,0,0,166598,21/4/2023 12:10,21/4/2023,1200,1300
2545437,21/4/2023 11:39,0,96.09,49.13,0,0,8924,21/4/2023 13:42,21/4/2023,1400,1500
2544819,21/4/2023 05:48,0,239.68,122.55,0,0,59649,21/4/2023 19:07,21/4/2023,1900,2000
2547604,22/4/2023 10:24,0,251.07,128.37,0,0,58474,22/4/2023 13:19,22/4/2023,1300,1400
2546980,21/4/2023 21:40,0,162.84,83.26,0,0,43704,22/4/2023 10:51,22/4/2023,1000,1100
2546763,21/4/2023 19:14,0,71.9,36.77,0,0,28472,22/4/2023 08:20,22/4/2023,900,1000
2546999,21/4/2023 21:49,0,75.54,38.63,0,0,71675,22/4/2023 12:04,22/4/2023,1200,1300
2547937,22/4/2023 12:21,0,156.37,79.95,0,0,77384,22/4/2023 15:18,22/4/2023,1500,1600
2546507,21/4/2023 17:28,0,48.28,24.69,0,0,121165,22/4/2023 11:04,22/4/2023,1100,1200
2550103,23/4/2023 10:41,0,237.14,121.25,0,0,95833,23/4/2023 18:02,23/4/2023,1800,1900
2550220,23/4/2023 11:16,0,123.17,62.97,0,0,175232,23/4/2023 15:30,23/4/2023,1500,1600
2550359,23/4/2023 11:56,0,54.27,27.74,0,0,157964,23/4/2023 14:13,23/4/2023,1400,1500
2550447,23/4/2023 12:21,0,52.13,26.66,0,0,105099,23/4/2023 21:54,23/4/2023,2100,2200
2550717,23/4/2023 13:45,0,85.52,43.73,0,0,48256,23/4/2023 17:29,23/4/2023,1700,1800
2550773,23/4/2023 13:59,0,195.77,100.1,0,0,131895,24/4/2023 18:09,24/4/2023,1800,1900
2552040,23/4/2023 22:25,0,219.99,112.48,0,0,35813,24/4/2023 11:07,24/4/2023,1100,1200
2553168,24/4/2023 12:56,0,282.66,144.53,56.11,28.69,153556,24/4/2023 19:35,24/4/2023,1900,2000
2552225,24/4/2023 01:22,0,172.82,88.36,0,0,21339,24/4/2023 10:34,24/4/2023,1000,1100
2552118,23/4/2023 23:20,0,73.82,37.74,0,0,118125,24/4/2023 18:00,24/4/2023,1900,2000
2554500,24/4/2023 22:15,1,51.54,26.35,0,0,180531,25/4/2023 12:05,25/4/2023,1200,1300
2557555,26/4/2023 09:34,0,226.78,115.95,0,0,126965,26/4/2023 12:44,26/4/2023,1200,1300
2558658,26/4/2023 15:56,0,247.53,126.56,33.7,17.23,9316,26/4/2023 18:59,26/4/2023,1800,1900
2557492,26/4/2023 09:09,0,138.2,70.66,0,0,45890,26/4/2023 11:08,26/4/2023,1100,1200
2508590,6/4/2023 10:44,0,194.24,99.32,0,0,94328,6/4/2023 20:36,6/4/2023,2000,2100
2511710,7/4/2023 12:40,0,94.36,48.24,0,0,159497,7/4/2023 16:36,7/4/2023,1600,1700
2560347,27/4/2023 11:54,0,68.76,35.16,0,0,141901,27/4/2023 14:31,27/4/2023,1400,1500
2559843,27/4/2023 09:15,0,158.25,80.91,0,0,174140,27/4/2023 12:07,27/4/2023,1200,1300
2559925,27/4/2023 09:45,0,123.84,63.32,0,0,36718,27/4/2023 12:24,27/4/2023,1200,1300
2560740,27/4/2023 14:04,0,95.45,48.8,0,0,136394,27/4/2023 15:59,27/4/2023,1600,1700
2559955,27/4/2023 09:54,0,102.91,52.61,0,0,34595,27/4/2023 12:17,27/4/2023,1200,1300
2562133,28/4/2023 08:21,0,117.39,60.02,0,0,98338,28/4/2023 11:15,28/4/2023,1100,1200
2561828,27/4/2023 22:44,0,33.22,16.99,0,0,178744,28/4/2023 10:16,28/4/2023,1000,1100
2562697,28/4/2023 11:57,0,179.77,91.91,0,0,57273,28/4/2023 14:56,28/4/2023,1400,1500
2563776,28/4/2023 19:02,0,131.85,67.41,0,0,53833,28/4/2023 21:56,28/4/2023,2100,2200
2562357,28/4/2023 09:57,0,106.83,54.62,0,0,59070,28/4/2023 12:34,28/4/2023,1200,1300
2562882,28/4/2023 12:59,0,46.78,23.92,0,0,127734,28/4/2023 15:59,28/4/2023,1500,1600
2561621,27/4/2023 20:37,0,171.06,87.46,0,0,159536,28/4/2023 15:24,28/4/2023,1700,1800
2564787,29/4/2023 10:50,0,152.62,78.04,47.07,24.06,58067,29/4/2023 13:11,29/4/2023,1300,1400
2565134,29/4/2023 12:45,0,89.33,45.67,0,0,80887,29/4/2023 15:11,29/4/2023,1500,1600
2566049,29/4/2023 17:44,0,61.9,31.65,9.65,4.93,175565,29/4/2023 21:00,29/4/2023,2000,2100
2565234,29/4/2023 13:19,0,48.33,24.71,0,0,73488,29/4/2023 16:09,29/4/2023,1600,1700
2565441,29/4/2023 14:22,0,122.74,62.75,0,0,124852,29/4/2023 17:45,29/4/2023,1700,1800
2568337,30/4/2023 16:54,0,36.18,18.5,0,0,162165,30/4/2023 20:22,30/4/2023,2000,2100
2566211,29/4/2023 19:01,0,336.06,171.82,0,0,169295,30/4/2023 10:20,30/4/2023,1100,1200
2566626,29/4/2023 23:58,0,90.69,46.37,0,0,147553,30/4/2023 10:00,30/4/2023,1000,1100
2566579,29/4/2023 23:08,0,145.42,74.35,0,0,33200,30/4/2023 15:11,30/4/2023,1500,1600
2568120,30/4/2023 15:45,0,159.51,81.56,0,0,41711,30/4/2023 18:31,30/4/2023,1800,1900
2566307,29/4/2023 20:04,0,203.74,104.17,0,0,97670,30/4/2023 08:27,30/4/2023,800,900
2566175,29/4/2023 18:43,0,120.72,61.72,0,0,71193,30/4/2023 13:41,30/4/2023,1300,1400
2566676,30/4/2023 01:29,0,54.71,27.97,0,0,46259,30/4/2023 09:24,30/4/2023,1000,1100
2570486,1/5/2023 15:34,0,288.5,147.51,0,0,44637,1/5/2023 17:55,1/5/2023,1800,1900
2569142,1/5/2023 01:17,0,91.5,46.78,0,0,118854,1/5/2023 11:21,1/5/2023,1100,1200
2569702,1/5/2023 11:07,1,53.93,27.58,2.92,1.49,181150,1/5/2023 13:58,1/5/2023,1400,1500
2570338,1/5/2023 14:44,0,171.42,87.65,0,0,161027,1/5/2023 21:07,1/5/2023,2100,2200
2570502,1/5/2023 15:37,0,114.44,58.51,0,0,173139,1/5/2023 21:01,1/5/2023,2100,2200
2569651,1/5/2023 10:52,0,291.34,148.96,0,0,73580,1/5/2023 18:11,1/5/2023,1800,1900
2571047,1/5/2023 18:34,0,181.33,92.72,0,0,152992,2/5/2023 09:58,2/5/2023,900,1000
2572776,2/5/2023 14:46,0,141.23,72.21,0,0,54166,2/5/2023 18:43,2/5/2023,1800,1900
2571169,1/5/2023 19:37,0,243.91,124.71,0,0,105070,2/5/2023 10:40,2/5/2023,1000,1100
2571166,1/5/2023 19:33,0,47.18,24.13,0,0,23933,2/5/2023 08:23,2/5/2023,800,900
2571539,2/5/2023 00:12,0,360.66,184.4,0,0,43167,2/5/2023 15:30,2/5/2023,1500,1600
2573696,2/5/2023 21:15,0,116.18,59.4,0,0,108269,3/5/2023 08:53,3/5/2023,900,1000
2573552,2/5/2023 19:46,0,121.32,62.03,0,0,92369,3/5/2023 08:38,3/5/2023,800,900
2578040,4/5/2023 15:04,0,75.21,38.45,0,0,78758,4/5/2023 17:40,4/5/2023,1800,1900
2578161,4/5/2023 15:40,0,91.18,46.62,0,0,170379,4/5/2023 19:21,4/5/2023,1900,2000
2578651,4/5/2023 18:46,0,162.53,83.1,0,0,110079,4/5/2023 21:07,4/5/2023,2100,2200
2576303,3/5/2023 21:49,0,244.26,124.89,0,0,71545,4/5/2023 13:55,4/5/2023,1400,1500
2578925,4/5/2023 21:47,0,301.76,154.29,0,0,9103,5/5/2023 19:22,5/5/2023,1900,2000
2581139,5/5/2023 19:00,0,66.9,34.21,0,0,62517,5/5/2023 21:23,5/5/2023,2200,2300
2579259,5/5/2023 07:07,0,168.61,86.21,0,0,147585,5/5/2023 11:54,5/5/2023,1100,1200
2582508,6/5/2023 13:59,0,220.11,112.55,0,0,44338,6/5/2023 16:16,6/5/2023,1600,1700
2582514,6/5/2023 14:02,0,444.59,227.32,53.7,27.45,58271,7/5/2023 12:40,7/5/2023,1200,1300
2585183,7/5/2023 18:38,0,128.03,65.46,53.59,27.4,69013,7/5/2023 21:20,7/5/2023,2100,2200
2584010,7/5/2023 10:46,0,146.53,74.92,0,0,108613,7/5/2023 15:05,7/5/2023,1500,1600
2585736,8/5/2023 01:56,0,42.9,21.94,0,0,171827,8/5/2023 13:00,8/5/2023,1300,1400
2585565,7/5/2023 22:28,0,69.62,35.6,0,0,44923,8/5/2023 09:23,8/5/2023,900,1000
2585837,8/5/2023 08:07,0,60.47,30.91,0,0,158940,8/5/2023 14:00,8/5/2023,1300,1400
2587781,8/5/2023 17:59,0,260.8,133.35,0,0,89958,9/5/2023 08:18,9/5/2023,900,1000
2589696,9/5/2023 14:08,0,210.45,107.6,0,0,30217,9/5/2023 17:56,9/5/2023,1700,1800
2590097,9/5/2023 16:06,0,80.93,41.38,0,0,113511,9/5/2023 19:27,9/5/2023,1900,2000
2589497,9/5/2023 13:13,0,136.45,69.77,15.03,7.69,70854,9/5/2023 16:36,9/5/2023,1600,1700
2588245,8/5/2023 22:38,0,196,100.21,29.07,14.86,179583,9/5/2023 10:09,9/5/2023,1000,1100
2593117,10/5/2023 18:03,0,130.74,66.84,0,0,96074,10/5/2023 21:10,10/5/2023,2100,2200
2590427,9/5/2023 17:42,0,63.06,32.24,0,0,175214,10/5/2023 10:15,10/5/2023,1000,1100
2595019,11/5/2023 14:04,0,60.85,31.11,0,0,151946,11/5/2023 17:53,11/5/2023,1700,1800
2593739,11/5/2023 01:36,0,98.51,50.37,0,0,63109,11/5/2023 09:17,11/5/2023,900,1000
2593383,10/5/2023 20:22,0,143.27,73.25,0,0,133383,11/5/2023 09:07,11/5/2023,900,1000
2597958,12/5/2023 15:32,0,66.36,33.93,0,0,115088,12/5/2023 18:35,12/5/2023,1800,1900
2596830,12/5/2023 09:47,0,162.45,83.06,0,0,181140,12/5/2023 15:36,12/5/2023,1500,1600
2598653,12/5/2023 20:54,0,64.77,33.12,0,0,137036,13/5/2023 09:06,13/5/2023,900,1000
2598759,12/5/2023 22:16,0,139.46,71.31,0,0,75392,13/5/2023 12:59,13/5/2023,1200,1300
2599743,13/5/2023 12:29,0,51.47,26.31,0,0,78042,14/5/2023 13:37,14/5/2023,1300,1400
2601388,14/5/2023 04:17,0,124.09,63.44,0,0,174506,14/5/2023 10:53,14/5/2023,1100,1200
2601941,14/5/2023 10:41,0,140.78,71.98,5.25,2.68,39859,14/5/2023 13:59,14/5/2023,1300,1400
2602244,14/5/2023 11:36,0,78.77,40.27,0,0,83437,14/5/2023 15:26,14/5/2023,1500,1600
2600975,13/5/2023 20:46,0,149.05,76.2,0,0,72297,14/5/2023 12:18,14/5/2023,1200,1300
2604315,14/5/2023 22:38,0,205.79,105.22,0,0,17964,15/5/2023 17:42,15/5/2023,1800,1900
2605086,15/5/2023 11:21,0,33.95,17.36,0,0,149791,15/5/2023 14:12,15/5/2023,1400,1500
2604360,14/5/2023 23:05,0,119.93,61.31,0,0,66247,15/5/2023 13:08,15/5/2023,1300,1400
2605368,15/5/2023 12:39,0,235.63,120.48,13.82,7.07,69240,15/5/2023 19:00,15/5/2023,1800,1900
2607014,16/5/2023 07:14,0,154.15,78.82,0,0,119027,16/5/2023 10:46,16/5/2023,1100,1200
2609735,17/5/2023 10:17,0,121.72,62.24,0,0,47387,17/5/2023 13:24,17/5/2023,1300,1400
2610518,17/5/2023 14:44,0,97.08,49.64,0,0,129392,17/5/2023 21:21,17/5/2023,2100,2200
2612428,18/5/2023 10:53,0,52.67,26.93,0,0,30015,18/5/2023 15:17,18/5/2023,1500,1600
2612824,18/5/2023 12:39,0,169.28,86.54,0,0,11809,18/5/2023 15:18,18/5/2023,1500,1600
2612145,18/5/2023 09:46,0,131.1,67.03,0,0,59586,18/5/2023 12:07,18/5/2023,1200,1300
2612016,18/5/2023 09:01,0,147.06,75.19,0,0,75524,18/5/2023 12:45,18/5/2023,1200,1300
2612084,18/5/2023 09:23,0,196.51,100.47,0,0,19966,18/5/2023 12:37,18/5/2023,1200,1300
2612626,18/5/2023 11:42,0,80.99,41.4,0,0,51883,18/5/2023 17:19,18/5/2023,1700,1800
2611394,17/5/2023 20:35,0,145.41,74.34,0,0,71664,18/5/2023 12:42,18/5/2023,1200,1300
2612653,18/5/2023 11:49,0,471.18,240.92,0,0,94342,18/5/2023 17:35,18/5/2023,1700,1800
2612858,18/5/2023 12:50,0,140.41,71.79,0,0,42008,18/5/2023 17:08,18/5/2023,1700,1800
2615320,19/5/2023 13:22,0,80.34,41.07,0,0,48584,19/5/2023 19:07,19/5/2023,1900,2000
2611384,17/5/2023 20:28,0,96.77,49.47,0,0,56030,19/5/2023 10:06,19/5/2023,1000,1100
2615107,19/5/2023 12:03,0,44.98,23,0,0,102864,19/5/2023 19:22,19/5/2023,1900,2000
2618453,20/5/2023 18:20,0,95.55,48.85,0,0,171299,20/5/2023 22:00,20/5/2023,2100,2200
2619654,21/5/2023 11:01,0,138.75,70.94,0,0,67167,21/5/2023 17:00,21/5/2023,1700,1800
2617570,20/5/2023 13:34,0,162.52,83.1,0,0,41715,21/5/2023 09:38,21/5/2023,1000,1100
2620968,21/5/2023 18:13,0,165.87,84.81,0,0,56557,21/5/2023 21:11,21/5/2023,2100,2200
2619251,21/5/2023 08:41,0,217.05,110.97,0,0,158067,21/5/2023 16:20,21/5/2023,1600,1700
2619717,21/5/2023 11:23,0,75.54,38.62,0,0,32778,21/5/2023 20:08,21/5/2023,2000,2100
2619211,21/5/2023 08:15,0,94.07,48.1,0,0,46125,21/5/2023 11:06,21/5/2023,1100,1200
2620497,21/5/2023 15:22,0,175.89,89.93,0,0,89601,21/5/2023 18:13,21/5/2023,1800,1900
2620733,21/5/2023 16:26,0,196.67,100.56,0,0,60058,21/5/2023 19:47,21/5/2023,2000,2100
2621043,21/5/2023 18:43,0,102.35,52.32,0,0,146218,22/5/2023 08:43,22/5/2023,800,900
2622255,22/5/2023 11:44,0,252.68,129.2,16.6,8.49,11418,22/5/2023 14:51,22/5/2023,1400,1500
2624610,23/5/2023 11:41,0,98.23,50.23,0,0,171984,23/5/2023 14:56,23/5/2023,1400,1500
2625846,23/5/2023 21:25,0,95.28,48.71,0,0,89106,24/5/2023 09:17,24/5/2023,900,1000
2625918,23/5/2023 22:17,0,120.84,61.78,0,0,149178,24/5/2023 10:56,24/5/2023,1000,1100
2627144,24/5/2023 15:33,0,122.98,62.88,0,0,34170,24/5/2023 17:41,24/5/2023,1700,1800
2625786,23/5/2023 20:36,0,162.5,83.08,27.32,13.97,70202,24/5/2023 08:27,24/5/2023,900,1000
2627231,24/5/2023 15:59,0,167.81,85.8,0,0,179935,24/5/2023 20:24,24/5/2023,2000,2100
2628979,25/5/2023 12:30,0,145.96,74.63,0,0,80747,25/5/2023 19:01,25/5/2023,1900,2000
2629406,25/5/2023 14:47,0,125.04,63.93,0,0,51552,25/5/2023 17:39,25/5/2023,1700,1800
2632227,26/5/2023 18:10,0,146.56,74.93,0,0,129962,26/5/2023 21:09,26/5/2023,2100,2200
2630110,25/5/2023 20:05,0,44.04,22.52,0,0,111739,26/5/2023 09:38,26/5/2023,900,1000
2631746,26/5/2023 15:09,0,145.07,74.17,26.04,13.31,66356,26/5/2023 20:10,26/5/2023,2000,2100
2632763,26/5/2023 23:43,0,207.04,105.86,0,0,131627,27/5/2023 11:00,27/5/2023,1100,1200
2631916,26/5/2023 16:00,0,263.78,134.87,0,0,68720,27/5/2023 08:53,27/5/2023,900,1000
2636825,28/5/2023 15:45,0,59.19,30.26,0,0,86129,28/5/2023 21:38,28/5/2023,2100,2200
2636941,28/5/2023 16:15,0,244.99,125.26,0,0,26814,28/5/2023 20:29,28/5/2023,2000,2100
2636562,28/5/2023 14:34,0,59.57,30.45,0,0,147384,28/5/2023 18:15,28/5/2023,1800,1900
2634897,27/5/2023 22:08,0,125.95,64.4,0,0,178373,28/5/2023 16:07,28/5/2023,1600,1700
2636046,28/5/2023 12:37,0,98.48,50.35,0,0,109591,28/5/2023 15:30,28/5/2023,1500,1600
2635234,28/5/2023 07:51,0,75.64,38.67,0,0,93872,28/5/2023 10:30,28/5/2023,1100,1200
2636493,28/5/2023 14:17,0,53.05,27.13,0,0,45756,28/5/2023 17:13,28/5/2023,1700,1800
2637528,28/5/2023 21:48,0,144.05,73.64,16.97,8.68,149171,29/5/2023 16:04,29/5/2023,1600,1700
2638014,29/5/2023 09:28,0,394.13,201.51,0,0,153255,29/5/2023 19:38,29/5/2023,1900,2000
2637402,28/5/2023 20:07,0,65.92,33.71,0,0,168114,29/5/2023 09:00,29/5/2023,900,1000
2637469,28/5/2023 20:58,0,292.49,149.55,0,0,48439,29/5/2023 12:02,29/5/2023,1200,1300
2640037,29/5/2023 22:18,0,88.73,45.37,0,0,156032,30/5/2023 10:10,30/5/2023,1000,1100
2641401,30/5/2023 15:06,0,50.41,25.78,0,0,65877,30/5/2023 19:12,30/5/2023,1900,2000
2641683,30/5/2023 16:46,0,214.32,109.58,12.88,6.59,37584,30/5/2023 18:45,30/5/2023,1900,2000
2641220,30/5/2023 14:01,0,152.06,77.75,14.27,7.3,130852,30/5/2023 18:28,30/5/2023,1800,1900
2640093,29/5/2023 23:00,0,66.03,33.76,0,0,96455,30/5/2023 19:07,30/5/2023,1900,2000
2642029,30/5/2023 20:34,0,130.01,66.47,0,0,91645,31/5/2023 10:03,31/5/2023,1000,1100
2642233,30/5/2023 23:05,0,84.43,43.17,0,0,118920,31/5/2023 17:52,31/5/2023,1800,1900
2642877,31/5/2023 11:14,0,102.59,52.45,0,0,40813,31/5/2023 17:39,31/5/2023,1800,1900
2642563,31/5/2023 09:18,0,51.61,26.38,0,0,70879,31/5/2023 11:59,31/5/2023,1100,1200
2643599,31/5/2023 15:53,0,313.69,160.39,55.51,28.38,159164,31/5/2023 20:33,31/5/2023,2000,2100
2644399,31/5/2023 22:26,0,121.43,62.09,0,0,55126,31/5/2023 22:27,1/6/2023,1000,1100
2646499,1/6/2023 19:07,0,69.21,35.38,0,0,182021,1/6/2023 22:00,1/6/2023,2200,2300
2646001,1/6/2023 15:45,0,123.21,63,0,0,111203,1/6/2023 18:54,1/6/2023,1800,1900
2646043,1/6/2023 15:58,0,153.04,78.25,0,0,67950,1/6/2023 19:17,1/6/2023,1900,2000
2643600,31/5/2023 15:53,0,79.33,40.56,0,0,150615,1/6/2023 17:49,1/6/2023,1800,1900
2648304,2/6/2023 14:54,0,202.56,103.57,0,0,71649,2/6/2023 20:11,2/6/2023,2000,2100
2648544,2/6/2023 16:15,0,149.68,76.53,0,0,54166,2/6/2023 19:00,2/6/2023,1900,2000
2648466,2/6/2023 15:45,0,39.53,20.21,0,0,47734,2/6/2023 18:00,2/6/2023,1800,1900
2647674,2/6/2023 11:20,0,75.6,38.65,0,0,113309,2/6/2023 16:27,2/6/2023,1600,1700
2642537,31/5/2023 09:08,0,110.89,56.7,0,0,93050,2/6/2023 13:20,2/6/2023,1300,1400
2650570,3/6/2023 13:44,0,128.08,65.48,0,0,68792,3/6/2023 16:46,3/6/2023,1600,1700
2649799,3/6/2023 09:35,0,125.52,64.18,0,0,11558,3/6/2023 12:17,3/6/2023,1200,1300
2649059,2/6/2023 19:54,0,62.68,32.05,0,0,168114,3/6/2023 09:40,3/6/2023,900,1000
2651482,3/6/2023 18:52,0,248.05,126.83,0,0,44805,3/6/2023 22:29,3/6/2023,2200,2300
2650773,3/6/2023 14:57,0,105.7,54.05,0,0,33960,3/6/2023 17:47,3/6/2023,1700,1800
2650769,3/6/2023 14:55,0,275.07,140.64,0,0,118975,3/6/2023 19:59,3/6/2023,2000,2100
2649143,2/6/2023 20:39,0,118.14,60.41,0,0,141285,3/6/2023 10:40,3/6/2023,1000,1100
2652368,4/6/2023 10:10,0,191.71,98.02,2.93,1.5,90350,4/6/2023 13:08,4/6/2023,1300,1400
2655672,5/6/2023 13:35,0,327.83,167.62,0,0,126540,5/6/2023 18:27,5/6/2023,1800,1900
2654404,4/6/2023 22:18,0,507.01,259.23,131.84,67.4,77961,5/6/2023 10:06,5/6/2023,1000,1100
2654897,5/6/2023 09:50,0,158.63,81.11,0,0,98081,5/6/2023 12:20,5/6/2023,1200,1300
2654648,5/6/2023 07:54,0,69.32,35.44,0,0,86417,5/6/2023 12:06,5/6/2023,1200,1300
2654870,5/6/2023 09:44,0,92.41,47.25,0,0,163236,5/6/2023 12:49,5/6/2023,1200,1300
2653997,4/6/2023 18:14,0,85.76,43.85,0,0,170346,5/6/2023 08:14,5/6/2023,800,900
2654605,5/6/2023 06:23,0,38.81,19.85,0,0,143726,5/6/2023 10:41,5/6/2023,1000,1100
2657057,6/6/2023 08:08,0,129.36,66.13,0,0,44467,6/6/2023 12:02,6/6/2023,1200,1300
2657076,6/6/2023 08:20,0,79.36,40.58,0,0,54741,6/6/2023 10:58,6/6/2023,1100,1200
2657344,6/6/2023 10:30,0,49.55,25.33,0,0,166916,6/6/2023 12:10,6/6/2023,1200,1300
2657914,6/6/2023 14:13,0,121.98,62.37,0,0,177149,6/6/2023 18:47,6/6/2023,1900,2000
2659029,6/6/2023 23:44,0,90.25,46.14,0,0,59930,7/6/2023 10:34,7/6/2023,1000,1100
2658173,6/6/2023 15:42,0,127.27,65.08,11.9,6.08,110055,7/6/2023 10:01,7/6/2023,1000,1100
2659015,6/6/2023 23:31,0,131.51,67.23,0,0,32873,7/6/2023 10:16,7/6/2023,1000,1100
2659159,7/6/2023 06:02,0,50.02,25.57,18.7,9.56,10616,7/6/2023 19:08,7/6/2023,1900,2000
2658877,6/6/2023 22:08,0,125.92,64.38,0,0,66028,7/6/2023 19:01,7/6/2023,1900,2000
2659546,7/6/2023 10:32,0,51.44,26.3,0,0,42331,7/6/2023 12:34,7/6/2023,1300,1400
2662064,8/6/2023 11:42,0,72.23,36.93,0,0,181267,8/6/2023 14:20,8/6/2023,1400,1500
2661918,8/6/2023 10:58,0,115.29,58.95,0,0,142693,8/6/2023 13:02,8/6/2023,1300,1400
2660784,7/6/2023 18:53,0,133.16,68.08,0,0,155611,8/6/2023 18:40,8/6/2023,1800,1900
2661783,8/6/2023 10:23,1,53.48,27.34,0,0,184847,9/6/2023 11:14,9/6/2023,1100,1200
2664628,9/6/2023 13:26,0,83.42,42.65,0,0,33446,9/6/2023 16:01,9/6/2023,1600,1700
2664397,9/6/2023 11:59,0,147.99,75.66,0,0,78915,9/6/2023 14:35,9/6/2023,1400,1500
2664929,9/6/2023 15:16,0,202.95,103.77,0,0,176169,9/6/2023 20:00,9/6/2023,2000,2100
2664529,9/6/2023 12:50,0,60.1,30.72,0,0,15431,10/6/2023 12:29,10/6/2023,1200,1300
2667352,10/6/2023 15:34,0,134.31,68.67,0,0,132885,10/6/2023 17:49,10/6/2023,1800,1900
2667766,10/6/2023 17:51,0,101.1,51.69,0,0,105827,10/6/2023 21:52,10/6/2023,2100,2200
2666179,10/6/2023 08:25,0,102.98,52.65,0,0,132043,10/6/2023 11:05,10/6/2023,1100,1200
2665930,9/6/2023 22:55,0,106.25,54.32,0,0,172571,10/6/2023 09:53,10/6/2023,1000,1100
2665684,9/6/2023 20:16,0,84.47,43.19,0,0,20482,10/6/2023 09:38,10/6/2023,900,1000
2666926,10/6/2023 13:00,0,219.9,112.43,0,0,74192,10/6/2023 19:05,10/6/2023,1900,2000
2667228,10/6/2023 14:49,0,122,62.38,0,0,119580,10/6/2023 17:03,10/6/2023,1700,1800
2665974,9/6/2023 23:46,0,77.69,39.72,0,0,107640,10/6/2023 12:02,10/6/2023,1200,1300
2669449,11/6/2023 13:23,0,115.4,59,0,0,96456,11/6/2023 16:52,11/6/2023,1600,1700
2670318,11/6/2023 17:49,0,265.9,135.96,61.93,31.66,77384,11/6/2023 20:42,11/6/2023,2000,2100
2667948,10/6/2023 19:39,0,371.72,190.05,0,0,91512,11/6/2023 11:01,11/6/2023,1100,1200
2669486,11/6/2023 13:35,0,140.58,71.87,0,0,96611,11/6/2023 17:19,11/6/2023,1700,1800
2669642,11/6/2023 14:18,0,56.82,29.05,0,0,173693,11/6/2023 16:08,11/6/2023,1600,1700
2668541,11/6/2023 08:13,0,259.66,132.76,0,0,12355,11/6/2023 12:12,11/6/2023,1200,1300
2670997,12/6/2023 08:06,0,104.66,53.51,0,0,89607,12/6/2023 11:46,12/6/2023,1100,1200
2671006,12/6/2023 08:12,0,243.1,124.3,0,0,66019,12/6/2023 12:13,12/6/2023,1200,1300
2671251,12/6/2023 09:59,0,68.8,35.17,0,0,165126,12/6/2023 15:39,12/6/2023,1500,1600
2671886,12/6/2023 13:17,0,66.58,34.04,0,0,97002,12/6/2023 15:53,12/6/2023,1600,1700
2670825,12/6/2023 00:03,0,42.81,21.89,0,0,149327,12/6/2023 10:23,12/6/2023,1000,1100
2671778,12/6/2023 12:43,0,100.73,51.51,0,0,99938,12/6/2023 15:27,12/6/2023,1500,1600
2673001,12/6/2023 20:03,0,39.3,20.09,0,0,177138,13/6/2023 09:58,13/6/2023,900,1000
2673919,13/6/2023 11:09,0,75.47,38.59,0,0,28036,13/6/2023 13:16,13/6/2023,1300,1400
2672967,12/6/2023 19:32,0,72.28,36.96,0,0,19730,13/6/2023 09:02,13/6/2023,900,1000
2675258,13/6/2023 18:24,0,98.18,50.2,0,0,160743,13/6/2023 21:59,13/6/2023,2200,2300
2674175,13/6/2023 12:35,0,84.93,43.43,0,0,98323,13/6/2023 18:17,13/6/2023,1800,1900
2674283,13/6/2023 13:08,0,112.33,57.43,0,0,96663,13/6/2023 16:28,13/6/2023,1600,1700
2674556,13/6/2023 14:33,0,93.53,47.82,0,0,77180,13/6/2023 16:47,13/6/2023,1700,1800
2677451,14/6/2023 17:30,0,177.93,90.97,0,0,44146,14/6/2023 20:49,14/6/2023,2100,2200
2677562,14/6/2023 18:24,0,54.43,27.83,0,0,183967,14/6/2023 21:25,14/6/2023,2100,2200
2675566,13/6/2023 21:41,0,247,126.29,0,0,97782,14/6/2023 09:45,14/6/2023,900,1000
2678317,15/6/2023 08:45,0,152.19,77.82,0,0,87984,15/6/2023 11:10,15/6/2023,1100,1200
2679221,15/6/2023 13:40,0,96.94,49.56,0,0,170288,15/6/2023 16:40,15/6/2023,1600,1700
2678407,15/6/2023 09:23,0,42.58,21.77,0,0,157261,15/6/2023 11:41,15/6/2023,1200,1300
2679295,15/6/2023 13:53,0,121.09,61.91,0,0,173752,15/6/2023 17:18,15/6/2023,1700,1800
2681069,16/6/2023 10:01,0,72.63,37.13,0,0,143102,16/6/2023 12:08,16/6/2023,1200,1300
2680275,15/6/2023 21:11,0,172.97,88.44,0,0,139820,16/6/2023 13:35,16/6/2023,1300,1400
2681992,16/6/2023 15:16,0,126.86,64.86,0,0,119467,16/6/2023 19:29,16/6/2023,1900,2000
2685280,17/6/2023 18:28,0,144.42,73.84,0,0,108556,17/6/2023 22:11,17/6/2023,2200,2300
2684545,17/6/2023 14:36,0,126.12,64.48,0,0,11329,17/6/2023 19:08,17/6/2023,1900,2000
2683410,17/6/2023 09:54,0,197.19,100.83,0,0,73712,17/6/2023 17:02,17/6/2023,1700,1800
2684213,17/6/2023 13:06,0,149.97,76.68,0,0,179136,17/6/2023 15:47,17/6/2023,1600,1700
2684523,17/6/2023 14:30,0,198.7,101.59,0,0,43424,17/6/2023 18:32,17/6/2023,1800,1900
2686505,18/6/2023 11:32,0,104.25,53.3,0,0,167783,18/6/2023 13:42,18/6/2023,1400,1500
2687002,18/6/2023 13:48,0,184.29,94.23,0,0,89404,18/6/2023 16:30,18/6/2023,1600,1700
2686354,18/6/2023 10:42,0,59.91,30.63,0,0,59070,18/6/2023 13:03,18/6/2023,1300,1400
2686165,18/6/2023 09:33,0,107.78,55.11,0,0,182741,18/6/2023 12:22,18/6/2023,1200,1300
2686473,18/6/2023 11:22,0,91.22,46.63,0,0,75862,18/6/2023 16:32,18/6/2023,1600,1700
2686186,18/6/2023 09:43,0,208.79,106.75,11.91,6.09,8817,18/6/2023 12:25,18/6/2023,1200,1300
2683360,17/6/2023 09:40,0,194.19,99.29,0,0,129179,18/6/2023 10:47,18/6/2023,1000,1100
2688691,19/6/2023 11:01,0,121.4,62.07,0,0,181389,19/6/2023 13:31,19/6/2023,1300,1400
2689781,19/6/2023 18:29,0,209.6,107.16,0,0,174561,19/6/2023 21:20,19/6/2023,2100,2200
2691122,20/6/2023 14:08,0,137.79,70.45,0,0,39175,20/6/2023 17:43,20/6/2023,1800,1900
2690376,20/6/2023 08:29,0,66.69,34.1,0,0,53841,20/6/2023 11:06,20/6/2023,1100,1200
2690314,20/6/2023 07:30,0,166.11,84.93,0,0,122743,20/6/2023 12:15,20/6/2023,1200,1300
2691419,20/6/2023 16:03,0,240.13,122.78,0,0,100173,20/6/2023 18:44,20/6/2023,1800,1900
2690154,19/6/2023 23:19,0,149.97,76.68,0,0,181469,20/6/2023 09:33,20/6/2023,1000,1100
2690079,19/6/2023 22:17,0,114.92,58.76,0,0,66693,20/6/2023 12:01,20/6/2023,1200,1300
2691584,20/6/2023 17:15,0,66.99,34.26,26.39,13.49,51216,20/6/2023 20:25,20/6/2023,2000,2100
2690101,19/6/2023 22:34,0,130.32,66.64,0,0,109375,20/6/2023 09:49,20/6/2023,900,1000
2692765,21/6/2023 11:58,0,38.17,19.52,0,0,10616,21/6/2023 15:32,21/6/2023,1500,1600
2691899,20/6/2023 20:44,0,170.82,87.34,5.75,2.94,64574,21/6/2023 14:15,21/6/2023,1400,1500
2695123,22/6/2023 13:50,0,66.64,34.08,0,0,102777,22/6/2023 16:09,22/6/2023,1600,1700
2695158,22/6/2023 14:08,0,108.19,55.32,0,0,164692,22/6/2023 18:05,22/6/2023,1800,1900
2696607,23/6/2023 09:17,0,44.39,22.69,0,0,10625,23/6/2023 11:28,23/6/2023,1100,1200
2696108,22/6/2023 21:39,0,273.84,140.01,0,0,126085,23/6/2023 09:43,23/6/2023,1000,1100
2697102,23/6/2023 11:59,0,72.78,37.21,0,0,103928,23/6/2023 15:36,23/6/2023,1500,1600
2697788,23/6/2023 16:28,0,73.79,37.72,0,0,69704,23/6/2023 19:35,23/6/2023,1900,2000
2696107,22/6/2023 21:39,0,213.78,109.3,34.5,17.64,78012,23/6/2023 12:31,23/6/2023,1200,1300
2696165,22/6/2023 22:31,0,149.67,76.52,0,0,66028,23/6/2023 10:56,23/6/2023,1000,1100
2698004,23/6/2023 18:07,0,97.96,50.09,35.4,18.1,83936,24/6/2023 09:45,24/6/2023,900,1000
2699827,24/6/2023 16:42,0,50.21,25.68,0,0,56435,24/6/2023 18:57,24/6/2023,1900,2000
2698193,23/6/2023 20:10,0,224.79,114.93,20.24,10.35,62260,24/6/2023 10:04,24/6/2023,1000,1100
2698148,23/6/2023 19:36,0,208.81,106.76,0,0,63077,24/6/2023 17:21,24/6/2023,1900,2000
2701313,25/6/2023 11:54,0,100.88,51.58,0,0,57335,25/6/2023 15:09,25/6/2023,1500,1600
2700890,25/6/2023 09:35,0,93.61,47.86,0,0,81655,25/6/2023 12:33,25/6/2023,1200,1300
2700572,25/6/2023 00:39,0,272.84,139.5,0,0,31218,25/6/2023 12:00,25/6/2023,1200,1300
2700317,24/6/2023 21:00,0,102.83,52.58,52,26.59,43839,25/6/2023 09:19,25/6/2023,900,1000
2699872,24/6/2023 17:04,0,115.01,58.81,0,0,109321,25/6/2023 09:59,25/6/2023,1000,1100
2704540,26/6/2023 17:08,0,60.76,31.07,0,0,87699,26/6/2023 21:13,26/6/2023,2100,2200
2704397,26/6/2023 16:07,0,42.81,21.89,0,0,92717,26/6/2023 22:20,26/6/2023,2200,2300
2702141,25/6/2023 16:08,0,186.15,95.17,0,0,44849,26/6/2023 09:56,26/6/2023,900,1000
2702671,25/6/2023 20:19,0,207.5,106.09,0,0,44920,26/6/2023 09:28,26/6/2023,900,1000
2703240,26/6/2023 09:27,0,101.25,51.76,0,0,44253,26/6/2023 14:30,26/6/2023,1500,1600
2703098,26/6/2023 08:10,0,123.71,63.25,0,0,109375,26/6/2023 19:03,26/6/2023,1900,2000
2703526,26/6/2023 11:12,0,267,136.52,0,0,24446,26/6/2023 14:56,26/6/2023,1400,1500
2702868,25/6/2023 23:05,0,128.91,65.91,0,0,14224,26/6/2023 18:20,26/6/2023,1800,1900
2705420,27/6/2023 08:54,0,75.3,38.5,0,0,160524,27/6/2023 11:40,27/6/2023,1100,1200
2705627,27/6/2023 10:32,0,185.67,94.93,0,0,66136,27/6/2023 13:42,27/6/2023,1300,1400
2705193,27/6/2023 00:13,0,105.59,53.99,0,0,80482,27/6/2023 10:35,27/6/2023,1000,1100
2706407,27/6/2023 15:42,0,74.76,38.22,0,0,165802,27/6/2023 18:29,27/6/2023,1800,1900
2708643,28/6/2023 17:22,0,221.33,113.17,0,0,74012,28/6/2023 20:14,28/6/2023,2000,2100
2706918,27/6/2023 20:01,0,101.89,52.09,15.54,7.95,89173,28/6/2023 10:31,28/6/2023,1000,1100
2707277,28/6/2023 02:22,0,82.78,42.32,0,0,11364,28/6/2023 09:30,28/6/2023,1000,1100
2705412,27/6/2023 08:49,0,98.39,50.31,0,0,119208,28/6/2023 14:26,28/6/2023,1400,1500
2707884,28/6/2023 12:04,0,184.63,94.4,0,0,111283,28/6/2023 19:27,28/6/2023,1900,2000
2710260,29/6/2023 13:33,0,185.42,94.8,0,0,161945,29/6/2023 16:18,29/6/2023,1600,1700
2711471,30/6/2023 06:36,0,189.72,97,0,0,69314,30/6/2023 18:29,30/6/2023,1800,1900
2712333,30/6/2023 13:40,0,109.94,56.21,0,0,41836,30/6/2023 16:05,30/6/2023,1600,1700
2713294,30/6/2023 22:30,0,247.72,126.66,0,0,9286,1/7/2023 09:40,1/7/2023,1000,1100
2714871,1/7/2023 17:04,0,143.13,73.18,0,0,47352,1/7/2023 21:00,1/7/2023,2100,2200
2713583,1/7/2023 08:23,0,131.75,67.36,0,0,9277,1/7/2023 11:47,1/7/2023,1100,1200
2714072,1/7/2023 11:59,0,142.02,72.62,0,0,125938,1/7/2023 14:12,1/7/2023,1400,1500
2714497,1/7/2023 14:33,0,271.01,138.57,55.94,28.61,145777,1/7/2023 16:53,1/7/2023,1700,1800
2714006,1/7/2023 11:40,0,82.63,42.25,0,0,174737,1/7/2023 16:45,1/7/2023,1700,1800
2713296,30/6/2023 22:30,0,212.81,108.81,0,0,96844,1/7/2023 09:09,1/7/2023,900,1000
2715258,1/7/2023 20:29,0,171.86,87.88,0,0,32183,2/7/2023 08:04,2/7/2023,800,900
2713173,30/6/2023 20:55,0,127.93,65.4,0,0,73273,2/7/2023 09:30,2/7/2023,900,1000
2717849,2/7/2023 22:35,0,129.08,66,0,0,183216,3/7/2023 11:14,3/7/2023,1100,1200
2718527,3/7/2023 11:33,0,85.73,43.83,0,0,156253,3/7/2023 14:01,3/7/2023,1400,1500
2719526,3/7/2023 17:32,0,42.05,21.5,0,0,120826,3/7/2023 20:44,3/7/2023,2000,2100
2718718,3/7/2023 12:37,0,98.52,50.37,0,0,183183,3/7/2023 15:43,3/7/2023,1600,1700
2717966,3/7/2023 00:51,0,133.29,68.15,0,0,119580,3/7/2023 14:02,3/7/2023,1400,1500
2721513,4/7/2023 16:19,0,170.49,87.17,0,0,17828,4/7/2023 20:50,4/7/2023,2000,2100
2720563,4/7/2023 10:27,0,131.48,67.23,0,0,145393,4/7/2023 13:56,4/7/2023,1300,1400
2721511,4/7/2023 16:18,0,67.54,34.53,0,0,71667,4/7/2023 18:52,4/7/2023,1900,2000
2719712,3/7/2023 19:03,0,132.65,67.82,0,0,73531,4/7/2023 08:17,4/7/2023,800,900
2722736,5/7/2023 10:23,0,100.28,51.27,0,0,25476,5/7/2023 13:57,5/7/2023,1300,1400
2721860,4/7/2023 18:37,0,230.73,117.97,0,0,181469,5/7/2023 09:14,5/7/2023,900,1000
2722091,4/7/2023 21:11,0,132.31,67.64,0,0,87184,5/7/2023 09:35,5/7/2023,900,1000
2722196,4/7/2023 22:35,0,156.81,80.18,0,0,14207,5/7/2023 09:51,5/7/2023,1000,1100
2724001,5/7/2023 17:51,0,42.73,21.85,0,0,177953,5/7/2023 21:13,5/7/2023,2100,2200
2724850,6/7/2023 10:04,0,127.69,65.29,70.6,36.1,29696,6/7/2023 13:00,6/7/2023,1200,1300
2724707,6/7/2023 08:51,0,52.55,26.87,0,0,73323,6/7/2023 10:33,6/7/2023,1000,1100
2724352,5/7/2023 21:53,0,86.42,44.19,0,0,103273,6/7/2023 12:13,6/7/2023,1200,1300
2725778,6/7/2023 15:48,0,73.31,37.48,2.44,1.24,101316,6/7/2023 18:20,6/7/2023,1800,1900
2725308,6/7/2023 12:54,0,102.48,52.39,0,0,103421,6/7/2023 21:16,6/7/2023,2100,2200
2727161,7/7/2023 10:56,0,566.26,289.53,0,0,14391,7/7/2023 13:31,7/7/2023,1300,1400
2728185,7/7/2023 17:10,0,170.09,86.96,0,0,48202,7/7/2023 20:39,7/7/2023,2000,2100
2727164,7/7/2023 10:57,0,60.36,30.86,0,0,43267,7/7/2023 16:35,7/7/2023,1600,1700
2727346,7/7/2023 12:00,0,109.78,56.14,0,0,109023,7/7/2023 17:32,7/7/2023,1700,1800
2727108,7/7/2023 10:36,0,42.26,21.6,0,0,131902,7/7/2023 11:52,7/7/2023,1300,1400
2728338,7/7/2023 18:14,0,71.82,36.73,0,0,180166,7/7/2023 21:05,7/7/2023,2100,2200
2730139,8/7/2023 16:01,0,98.19,50.2,0,0,103860,8/7/2023 18:12,8/7/2023,1800,1900
2728691,7/7/2023 22:20,0,96.69,49.43,4.78,2.44,57468,8/7/2023 10:24,8/7/2023,1000,1100
2729903,8/7/2023 14:31,1,116.22,59.42,0,0,187438,8/7/2023 17:26,8/7/2023,1700,1800
2730227,8/7/2023 16:42,0,94.04,48.08,0,0,136949,8/7/2023 19:19,8/7/2023,1900,2000
2728164,7/7/2023 17:04,0,194.04,99.22,0,0,85346,8/7/2023 08:01,8/7/2023,800,900
2731450,9/7/2023 11:09,0,68.2,34.87,0,0,37171,9/7/2023 15:00,9/7/2023,1500,1600
2732480,9/7/2023 16:56,0,103.84,53.09,0,0,180407,9/7/2023 19:05,9/7/2023,1900,2000
2732526,9/7/2023 17:16,0,35.23,18.02,0,0,55947,9/7/2023 20:35,9/7/2023,2000,2100
2730786,8/7/2023 22:34,0,46.74,23.9,0,0,92299,9/7/2023 16:05,9/7/2023,1600,1700
2732248,9/7/2023 15:35,0,45.46,23.25,0,0,10625,9/7/2023 18:40,9/7/2023,1800,1900
2732721,9/7/2023 18:31,0,65.21,33.34,0,0,168624,10/7/2023 09:40,10/7/2023,900,1000
2733501,10/7/2023 09:57,0,168.67,86.23,0,0,100186,10/7/2023 17:24,10/7/2023,1700,1800
2733194,10/7/2023 02:25,0,61.91,31.66,0,0,14348,10/7/2023 12:48,10/7/2023,1200,1300
2733347,10/7/2023 08:48,0,123.34,63.06,8.94,4.57,32183,10/7/2023 11:28,10/7/2023,1100,1200
2734923,10/7/2023 18:24,0,37.4,19.12,0,0,69704,10/7/2023 21:28,10/7/2023,2100,2200
2733350,10/7/2023 08:51,0,116.4,59.52,14.06,7.19,21545,10/7/2023 18:28,10/7/2023,1800,1900
2732836,9/7/2023 20:10,0,88.25,45.12,0,0,128538,10/7/2023 11:05,10/7/2023,1100,1200
2735750,11/7/2023 10:16,0,187.47,95.85,0,0,112266,11/7/2023 14:21,11/7/2023,1400,1500
2736893,11/7/2023 17:59,0,95.27,48.71,0,0,31768,11/7/2023 20:58,11/7/2023,2000,2100
2734668,10/7/2023 16:24,0,55.8,28.53,0,0,91182,11/7/2023 08:19,11/7/2023,800,900
2735303,10/7/2023 23:14,0,109.03,55.75,0,0,8206,11/7/2023 20:11,11/7/2023,2000,2100
2738803,12/7/2023 16:59,0,54.06,27.64,0,0,69193,12/7/2023 18:56,12/7/2023,1900,2000
2737071,11/7/2023 20:07,0,112.06,57.3,0,0,31229,12/7/2023 08:26,12/7/2023,800,900
2738057,12/7/2023 12:14,0,90.96,46.5,0,0,88073,12/7/2023 14:45,12/7/2023,1400,1500
2739242,12/7/2023 21:43,0,161.47,82.56,0,0,97262,13/7/2023 09:45,13/7/2023,900,1000
2739331,12/7/2023 22:47,0,121.72,62.23,0,0,87187,13/7/2023 10:09,13/7/2023,1000,1100
2739601,13/7/2023 08:06,1,33.81,17.28,0,0,187863,13/7/2023 11:06,13/7/2023,1100,1200
2740618,13/7/2023 14:02,0,264.38,135.18,0,0,59371,13/7/2023 16:28,13/7/2023,1600,1700
2739431,13/7/2023 00:20,0,274.31,140.25,0,0,65284,13/7/2023 11:00,13/7/2023,1000,1100
2741269,13/7/2023 18:13,0,147.75,75.55,0,0,176014,13/7/2023 21:27,13/7/2023,2100,2200
2740582,13/7/2023 13:52,0,141.57,72.38,0,0,26284,13/7/2023 16:03,13/7/2023,1600,1700
2741226,13/7/2023 17:56,0,37.79,19.33,0,0,187686,14/7/2023 09:28,14/7/2023,900,1000
2742129,14/7/2023 09:44,0,81.58,41.71,0,0,151454,14/7/2023 12:31,14/7/2023,1200,1300
2743353,14/7/2023 16:31,0,291.74,149.16,23.81,12.17,144517,14/7/2023 20:52,14/7/2023,2000,2100
2741207,13/7/2023 17:46,0,85.64,43.79,0,0,53841,14/7/2023 09:26,14/7/2023,900,1000
2741529,13/7/2023 21:36,0,245.36,125.46,0,0,129582,14/7/2023 09:54,14/7/2023,1000,1100
2743154,14/7/2023 15:16,0,146.78,75.04,0,0,85164,14/7/2023 19:01,14/7/2023,1900,2000
2744996,15/7/2023 13:24,0,73.93,37.8,0,0,134451,15/7/2023 18:36,15/7/2023,1800,1900
2747679,16/7/2023 15:57,0,154.4,78.94,0,0,34635,16/7/2023 18:16,16/7/2023,1800,1900
2747118,16/7/2023 12:41,0,260.52,133.2,0,0,81145,16/7/2023 15:14,16/7/2023,1500,1600
2745582,15/7/2023 16:49,0,164.28,83.99,0,0,186101,16/7/2023 14:09,16/7/2023,1400,1500
2746138,15/7/2023 22:41,0,225.93,115.52,0,0,29762,16/7/2023 12:03,16/7/2023,1200,1300
2747865,16/7/2023 17:03,0,316.64,161.9,42.6,21.78,167631,16/7/2023 20:38,16/7/2023,2000,2100
2750250,17/7/2023 16:36,0,66.57,34.03,0,0,162688,17/7/2023 19:33,17/7/2023,1900,2000
2750012,17/7/2023 15:27,0,107.87,55.16,0,0,31922,17/7/2023 21:26,17/7/2023,2200,2300
2750261,17/7/2023 16:42,0,218.44,111.69,0,0,56666,17/7/2023 19:19,17/7/2023,1900,2000
2748665,17/7/2023 08:20,0,221.58,113.3,0,0,83633,17/7/2023 11:16,17/7/2023,1100,1200
2748776,17/7/2023 09:17,0,162.3,82.99,0,0,66019,17/7/2023 12:28,17/7/2023,1200,1300
2748832,17/7/2023 09:38,0,265.35,135.67,0,0,52235,17/7/2023 12:15,17/7/2023,1200,1300
2735624,11/7/2023 09:23,0,151.79,77.62,0,0,108991,11/7/2023 16:45,11/7/2023,1600,1700
2744910,15/7/2023 12:56,0,62.55,31.98,3.69,1.89,74951,15/7/2023 17:05,15/7/2023,1700,1800
2753087,19/7/2023 00:20,0,105.89,54.14,19.74,10.09,70418,19/7/2023 09:58,19/7/2023,1000,1100
2763906,23/7/2023 22:32,0,135.11,69.08,0,0,146542,24/7/2023 16:18,24/7/2023,1600,1700
2767880,25/7/2023 17:04,0,510.35,260.93,31.93,16.33,68974,26/7/2023 13:46,26/7/2023,1300,1400
2770888,27/7/2023 08:08,0,155.76,79.65,0,0,147347,27/7/2023 18:21,27/7/2023,1800,1900
2781375,31/7/2023 22:48,0,45.61,23.32,0,0,121165,1/8/2023 18:52,1/8/2023,1800,1900
2792969,6/8/2023 09:41,1,102.77,52.55,0,0,189995,6/8/2023 17:11,6/8/2023,1700,1800
2799749,9/8/2023 09:32,0,103.35,52.84,0,0,19052,9/8/2023 14:09,9/8/2023,1500,1600
2806328,12/8/2023 09:01,0,156.76,80.14,0,0,169883,12/8/2023 12:26,12/8/2023,1200,1300
2750810,17/7/2023 21:52,0,162.1,82.88,0,0,179583,18/7/2023 10:00,18/7/2023,1000,1100
2749469,17/7/2023 12:52,0,173.04,88.48,0,0,116219,18/7/2023 17:02,18/7/2023,1700,1800
2750684,17/7/2023 20:19,0,222.01,113.52,0,0,39413,18/7/2023 12:41,18/7/2023,1200,1300
2752192,18/7/2023 15:14,0,93.78,47.95,0,0,7634,18/7/2023 18:07,18/7/2023,1800,1900
2751532,18/7/2023 11:21,0,56.31,28.79,0,0,152422,18/7/2023 15:04,18/7/2023,1500,1600
2754874,19/7/2023 19:02,0,50.33,25.74,0,0,186586,19/7/2023 21:46,19/7/2023,2100,2200
2753264,19/7/2023 08:23,0,122.02,62.38,0,0,32604,19/7/2023 11:01,19/7/2023,1100,1200
2754193,19/7/2023 14:10,0,175.05,89.5,6.49,3.32,89718,19/7/2023 17:45,19/7/2023,1800,1900
2754522,19/7/2023 16:19,0,95.72,48.94,4.52,2.31,166536,19/7/2023 18:13,19/7/2023,1900,2000
2754377,19/7/2023 15:18,0,71.51,36.56,0,0,179136,19/7/2023 18:48,19/7/2023,1800,1900
2756657,20/7/2023 15:42,0,174.1,89.02,0,0,134098,20/7/2023 18:51,20/7/2023,1800,1900
2756835,20/7/2023 16:56,0,62.88,32.15,0,0,152957,20/7/2023 19:20,20/7/2023,1900,2000
2755297,20/7/2023 00:30,0,92.97,47.54,0,0,187126,20/7/2023 10:07,20/7/2023,1000,1100
2755647,20/7/2023 09:49,0,59.65,30.49,0,0,44347,20/7/2023 12:08,20/7/2023,1200,1300
2755702,20/7/2023 10:07,0,64.61,33.03,35.85,18.33,181563,20/7/2023 12:13,20/7/2023,1200,1300
2756103,20/7/2023 12:20,0,150.16,76.78,0,0,47756,20/7/2023 14:47,20/7/2023,1400,1500
2759671,22/7/2023 00:28,0,443.44,226.73,0,0,138478,22/7/2023 11:41,22/7/2023,1100,1200
2760303,22/7/2023 11:54,0,627.02,320.59,97.4,49.8,19510,22/7/2023 14:52,22/7/2023,1400,1500
2760567,22/7/2023 13:34,0,76.13,38.93,0,0,34635,22/7/2023 16:53,22/7/2023,1600,1700
2760863,22/7/2023 14:58,0,252.23,128.96,0,0,57957,22/7/2023 19:05,22/7/2023,1900,2000
2761389,22/7/2023 18:44,0,97.55,49.88,22.55,11.53,9357,22/7/2023 21:30,22/7/2023,2200,2300
2760696,22/7/2023 14:09,0,36.34,18.58,0,0,118818,23/7/2023 14:00,23/7/2023,1400,1500
2763007,23/7/2023 15:02,0,123.08,62.93,0,0,46347,23/7/2023 17:17,23/7/2023,1700,1800
2763251,23/7/2023 16:31,0,319.4,163.3,0,0,88750,23/7/2023 19:16,23/7/2023,1900,2000
2763480,23/7/2023 17:49,0,241.28,123.37,0,0,111203,23/7/2023 20:46,23/7/2023,2100,2200
2763055,23/7/2023 15:19,0,146.2,74.75,0,0,182463,23/7/2023 18:06,23/7/2023,1800,1900
2762695,23/7/2023 13:20,0,74.15,37.91,0,0,84798,23/7/2023 16:01,23/7/2023,1600,1700
2761225,22/7/2023 17:30,0,207.35,106.02,4.43,2.27,61493,23/7/2023 15:18,23/7/2023,1500,1600
2763734,23/7/2023 20:17,0,179.82,91.94,0,0,167808,24/7/2023 13:08,24/7/2023,1300,1400
2765680,24/7/2023 17:11,0,169.84,86.84,0,0,74525,24/7/2023 20:55,24/7/2023,2000,2100
2764731,24/7/2023 11:50,0,73.38,37.52,0,0,159627,24/7/2023 14:29,24/7/2023,1400,1500
2766671,25/7/2023 10:00,0,134.82,68.94,0,0,70147,25/7/2023 12:45,25/7/2023,1200,1300
2766125,24/7/2023 21:59,1,111.17,56.84,0,0,188973,25/7/2023 11:38,25/7/2023,1100,1200
2768200,25/7/2023 19:19,0,37.32,19.08,0,0,64835,25/7/2023 21:39,25/7/2023,2200,2300
2765944,24/7/2023 19:25,0,181.01,92.55,0,0,173207,25/7/2023 09:07,25/7/2023,900,1000
2766079,24/7/2023 21:19,0,43.42,22.2,0,0,97027,25/7/2023 08:49,25/7/2023,900,1000
2769895,26/7/2023 15:46,0,252.96,129.34,0,0,43964,26/7/2023 18:48,26/7/2023,1800,1900
2768931,26/7/2023 10:12,0,204.65,104.63,23.12,11.83,16923,26/7/2023 16:06,26/7/2023,1600,1700
2769023,26/7/2023 10:44,0,52.76,26.97,0,0,67885,26/7/2023 17:15,26/7/2023,1700,1800
2770570,26/7/2023 21:44,0,126.52,64.69,0,0,120515,27/7/2023 17:01,27/7/2023,1700,1800
2771137,27/7/2023 10:09,0,71.18,36.4,0,0,44571,27/7/2023 12:28,27/7/2023,1200,1300
2771596,27/7/2023 13:03,0,154.15,78.81,8.14,4.16,63046,27/7/2023 17:25,27/7/2023,1700,1800
2772430,27/7/2023 19:11,0,122.06,62.41,0,0,187928,28/7/2023 08:09,28/7/2023,800,900
2773835,28/7/2023 14:33,0,144.85,74.06,0,0,107329,28/7/2023 16:54,28/7/2023,1700,1800
2773693,28/7/2023 13:45,0,35.94,18.38,0,0,148411,28/7/2023 16:28,28/7/2023,1600,1700
2775506,29/7/2023 12:45,0,132.64,67.82,0,0,133008,29/7/2023 14:38,29/7/2023,1500,1600
2774878,29/7/2023 07:31,0,247.97,126.79,0,0,49720,29/7/2023 13:12,29/7/2023,1400,1500
2775618,29/7/2023 13:19,0,127.68,65.28,0,0,21284,29/7/2023 15:54,29/7/2023,1600,1700
2776230,29/7/2023 16:52,0,105.25,53.82,0,0,36766,29/7/2023 19:32,29/7/2023,1900,2000
2775611,29/7/2023 13:17,0,124.86,63.83,0,0,130566,29/7/2023 21:06,29/7/2023,2100,2200
2775477,29/7/2023 12:31,0,79.27,40.53,0,0,90764,29/7/2023 15:10,29/7/2023,1500,1600
2778311,30/7/2023 16:02,0,76.83,39.29,0,0,167887,30/7/2023 19:44,30/7/2023,1900,2000
2778364,30/7/2023 16:21,0,165.13,84.43,0,0,38106,30/7/2023 20:39,30/7/2023,2000,2100
2777773,30/7/2023 12:53,0,79.04,40.41,0,0,41008,30/7/2023 18:00,30/7/2023,1800,1900
2778593,30/7/2023 17:47,0,40.62,20.77,0,0,19203,30/7/2023 20:25,30/7/2023,2000,2100
2776319,29/7/2023 17:30,0,67.79,34.65,0,0,151022,30/7/2023 07:40,30/7/2023,800,900
2777208,30/7/2023 09:26,0,100.83,51.55,62.76,32.09,166191,30/7/2023 11:51,30/7/2023,1100,1200
2779416,31/7/2023 09:17,0,99.45,50.84,0,0,79339,31/7/2023 11:39,31/7/2023,1100,1200
2779587,31/7/2023 10:18,0,105.23,53.8,0,0,89561,31/7/2023 13:21,31/7/2023,1300,1400
2780033,31/7/2023 12:35,0,109.61,56.04,0,0,15076,31/7/2023 15:26,31/7/2023,1500,1600
2778766,30/7/2023 19:06,0,103.64,52.99,0,0,53841,31/7/2023 12:47,31/7/2023,1300,1400
2779177,31/7/2023 00:43,1,182.44,93.28,0,0,49297,31/7/2023 10:39,31/7/2023,1000,1100
2781104,31/7/2023 19:38,0,74.28,37.98,0,0,145777,1/8/2023 09:58,1/8/2023,1000,1100
2782370,1/8/2023 13:03,0,63.72,32.58,0,0,91645,1/8/2023 20:06,1/8/2023,2000,2100
2781822,1/8/2023 09:45,0,161.49,82.57,0,0,44347,1/8/2023 11:51,1/8/2023,1200,1300
2782304,1/8/2023 12:30,0,210.38,107.56,0,0,22708,1/8/2023 18:32,1/8/2023,1800,1900
2784451,2/8/2023 12:25,0,309.53,158.26,0,0,173652,2/8/2023 15:58,2/8/2023,1500,1600
2784320,2/8/2023 11:40,0,96.31,49.24,0,0,150805,2/8/2023 14:53,2/8/2023,1400,1500
2785219,2/8/2023 16:57,0,192.52,98.43,0,0,132364,2/8/2023 18:50,2/8/2023,1900,2000
2783802,2/8/2023 07:23,0,111.69,57.1,0,0,40471,2/8/2023 10:44,2/8/2023,1000,1100
2783788,2/8/2023 06:33,0,103.84,53.09,20.91,10.69,7801,2/8/2023 20:34,2/8/2023,2000,2100
2784478,2/8/2023 12:37,0,94.87,48.5,0,0,104298,2/8/2023 15:41,2/8/2023,1600,1700
2783380,1/8/2023 19:34,0,116.14,59.38,0,0,86417,2/8/2023 09:24,2/8/2023,900,1000
2785322,2/8/2023 17:44,0,130.72,66.83,0,0,81655,2/8/2023 20:24,2/8/2023,2000,2100
2785382,2/8/2023 18:17,0,93.26,47.68,0,0,61746,3/8/2023 09:58,3/8/2023,900,1000
2786182,3/8/2023 09:23,0,111.65,57.09,0,0,69255,3/8/2023 12:16,3/8/2023,1200,1300
2787006,3/8/2023 14:01,0,85.55,43.74,0,0,57964,3/8/2023 16:40,3/8/2023,1600,1700
2786348,3/8/2023 10:21,0,63.01,32.22,12.36,6.32,185256,3/8/2023 18:28,3/8/2023,1800,1900
2788577,4/8/2023 10:00,0,122.4,62.58,0,0,77826,4/8/2023 16:51,4/8/2023,1600,1700
2788164,3/8/2023 23:27,0,148.22,75.79,0,0,123682,4/8/2023 10:53,4/8/2023,1000,1100
2788182,3/8/2023 23:43,0,31.83,16.28,0,0,97027,4/8/2023 09:52,4/8/2023,1000,1100
2789875,4/8/2023 17:10,0,51.57,26.37,5.17,2.64,78644,4/8/2023 20:20,4/8/2023,2000,2100
2790623,5/8/2023 08:26,0,110.34,56.42,0,0,12206,5/8/2023 10:19,5/8/2023,1100,1200
2791348,5/8/2023 13:10,0,358.28,183.19,0,0,66751,5/8/2023 16:27,5/8/2023,1600,1700
2791445,5/8/2023 13:39,1,566.74,289.76,0,0,188882,5/8/2023 16:26,5/8/2023,1600,1700
2791632,5/8/2023 14:49,0,139.3,71.22,0,0,126035,5/8/2023 16:44,5/8/2023,1700,1800
2791071,5/8/2023 11:38,0,97.65,49.93,0,0,149197,5/8/2023 14:19,5/8/2023,1400,1500
2791070,5/8/2023 11:38,0,139.27,71.21,9.17,4.69,104350,5/8/2023 19:09,5/8/2023,1900,2000
2792580,5/8/2023 22:44,0,120.04,61.38,0,0,29762,6/8/2023 10:38,6/8/2023,1000,1100
2793789,6/8/2023 13:48,0,160.63,82.13,0,0,25883,6/8/2023 19:43,6/8/2023,2000,2100
2792265,5/8/2023 18:56,0,43.69,22.34,0,0,97027,6/8/2023 09:16,6/8/2023,900,1000
2792605,5/8/2023 23:02,0,127.67,65.27,0,0,77961,6/8/2023 15:05,6/8/2023,1500,1600
2792910,6/8/2023 09:16,0,39.47,20.18,0,0,34883,7/8/2023 10:32,7/8/2023,1000,1100
2793078,6/8/2023 10:31,0,71.66,36.64,0,0,176510,7/8/2023 08:26,7/8/2023,800,900
2794750,6/8/2023 20:18,0,47.12,24.09,0,0,90419,7/8/2023 08:54,7/8/2023,800,900
2794822,6/8/2023 21:28,0,117.31,59.98,10.01,5.12,19966,7/8/2023 09:49,7/8/2023,900,1000
2795907,7/8/2023 12:46,0,92.35,47.21,0,0,189468,7/8/2023 15:56,7/8/2023,1500,1600
2798969,8/8/2023 18:20,0,108.59,55.53,0,0,166035,8/8/2023 21:41,8/8/2023,2100,2200
2796341,7/8/2023 14:59,0,104.13,53.24,0,0,59010,8/8/2023 09:48,8/8/2023,900,1000
2797099,7/8/2023 20:23,0,67.27,34.39,0,0,133010,8/8/2023 10:23,8/8/2023,1000,1100
2800106,9/8/2023 11:42,0,56.07,28.67,0,0,97027,9/8/2023 13:17,9/8/2023,1400,1500
2800998,9/8/2023 17:26,0,120.9,61.81,0,0,92874,9/8/2023 19:54,9/8/2023,1900,2000
2800508,9/8/2023 14:09,0,94.57,48.35,0,0,175197,9/8/2023 16:19,9/8/2023,1600,1700
2799468,9/8/2023 01:09,0,474.01,242.36,62.62,32.02,64746,9/8/2023 13:05,9/8/2023,1300,1400
2800330,9/8/2023 13:12,0,101.2,51.74,0,0,124070,9/8/2023 15:50,9/8/2023,1500,1600
2800583,9/8/2023 14:36,0,54.87,28.05,0,0,115736,9/8/2023 17:05,9/8/2023,1700,1800
2803319,10/8/2023 17:06,0,44.32,22.66,0,0,68620,10/8/2023 19:57,10/8/2023,2000,2100
2803618,10/8/2023 19:36,0,53.16,27.17,0,0,12702,10/8/2023 22:13,10/8/2023,2200,2300
2803029,10/8/2023 15:09,0,151.37,77.4,0,0,126977,10/8/2023 18:33,10/8/2023,1800,1900
2803351,10/8/2023 17:14,0,83.39,42.63,0,0,129531,10/8/2023 20:02,10/8/2023,2000,2100
2805129,11/8/2023 14:46,0,109.89,56.19,0,0,70854,11/8/2023 18:34,11/8/2023,1800,1900
2805102,11/8/2023 14:34,0,48.59,24.85,0,0,152957,11/8/2023 15:49,11/8/2023,1600,1700
2804489,11/8/2023 10:49,1,44.95,22.99,0,0,190050,11/8/2023 13:18,11/8/2023,1300,1400
2804795,11/8/2023 12:37,0,112.17,57.35,0,0,176101,11/8/2023 14:56,11/8/2023,1500,1600
2805838,11/8/2023 20:17,0,97.92,50.06,0,0,20216,12/8/2023 11:24,12/8/2023,1100,1200
2806301,12/8/2023 08:43,0,82.11,41.98,0,0,153588,12/8/2023 10:55,12/8/2023,1000,1100
2806088,12/8/2023 00:15,0,89.52,45.77,0,0,147504,12/8/2023 17:34,12/8/2023,1700,1800
2807126,12/8/2023 14:27,0,185.8,95,0,0,81411,12/8/2023 16:45,12/8/2023,1700,1800
2807731,12/8/2023 18:18,0,157.77,80.67,0,0,33699,12/8/2023 21:18,12/8/2023,2100,2200
2805833,11/8/2023 20:14,0,46.91,23.99,0,0,97027,12/8/2023 08:01,12/8/2023,800,900
2807811,12/8/2023 18:59,0,261.86,133.88,0,0,173602,13/8/2023 08:32,13/8/2023,800,900
2809027,13/8/2023 12:36,0,148.48,75.91,0,0,82337,13/8/2023 14:59,13/8/2023,1500,1600
2807893,12/8/2023 20:00,0,101.01,51.65,0,0,117491,13/8/2023 09:00,13/8/2023,900,1000
2809641,13/8/2023 16:01,0,125.87,64.35,0,0,170288,13/8/2023 18:11,13/8/2023,1800,1900
2809704,13/8/2023 16:23,0,63.6,32.52,0,0,187871,13/8/2023 18:39,13/8/2023,1900,2000
2806674,12/8/2023 11:38,0,138.74,70.93,0,0,86417,13/8/2023 07:49,13/8/2023,800,900
2807806,12/8/2023 18:57,0,80.95,41.39,0,0,72069,13/8/2023 08:39,13/8/2023,900,1000
2809157,13/8/2023 13:17,0,49.37,25.25,0,0,124246,13/8/2023 19:10,13/8/2023,1900,2000
2809837,13/8/2023 17:18,0,77.47,39.61,0,0,64488,13/8/2023 19:43,13/8/2023,1900,2000
2810829,14/8/2023 10:05,0,162.98,83.33,0,0,112853,14/8/2023 14:08,14/8/2023,1400,1500
2810209,13/8/2023 20:57,0,85.5,43.72,0,0,154214,14/8/2023 09:27,14/8/2023,900,1000
2811027,14/8/2023 11:06,0,338.21,172.92,41.61,21.27,143006,14/8/2023 17:11,14/8/2023,1700,1800
2811419,14/8/2023 13:06,0,180.78,92.43,0,0,176824,14/8/2023 16:19,14/8/2023,1700,1800
2812652,14/8/2023 23:00,0,173.81,88.87,0,0,170215,15/8/2023 09:31,15/8/2023,1000,1100
2812422,14/8/2023 20:29,0,100.56,51.42,0,0,7589,15/8/2023 09:15,15/8/2023,900,1000
2812921,15/8/2023 08:47,0,35.98,18.39,0,0,64052,15/8/2023 10:50,15/8/2023,1100,1200
2813457,15/8/2023 12:03,0,214.06,109.44,0,0,66019,15/8/2023 18:07,15/8/2023,1800,1900
2815695,16/8/2023 12:26,0,70.41,36,0,0,160524,16/8/2023 15:25,16/8/2023,1500,1600
2814921,16/8/2023 00:08,0,251.12,128.4,88.38,45.19,128538,16/8/2023 10:47,16/8/2023,1000,1100
2816316,16/8/2023 16:38,0,124.64,63.73,0,0,152033,16/8/2023 19:36,16/8/2023,1900,2000
2814580,15/8/2023 19:15,0,78.55,40.16,0,0,54054,16/8/2023 10:37,16/8/2023,1100,1200
2817320,17/8/2023 09:24,0,119.23,60.96,0,0,149175,17/8/2023 11:56,17/8/2023,1200,1300
2817282,17/8/2023 09:04,0,156.72,80.13,0,0,47756,17/8/2023 11:50,17/8/2023,1100,1200
2821002,18/8/2023 17:29,0,187.43,95.83,0,0,26887,18/8/2023 19:48,18/8/2023,1900,2000
2820184,18/8/2023 12:23,0,51.32,26.23,0,0,71589,18/8/2023 15:25,18/8/2023,1500,1600
2821869,19/8/2023 09:09,0,392.23,200.55,0,0,60806,19/8/2023 11:02,19/8/2023,1100,1200
2822076,19/8/2023 10:42,0,95.48,48.82,0,0,73817,19/8/2023 13:27,19/8/2023,1300,1400
2821432,18/8/2023 21:31,0,95.95,49.06,0,0,109447,19/8/2023 09:47,19/8/2023,900,1000
2823047,19/8/2023 16:42,0,127.98,65.44,24.28,12.42,14329,19/8/2023 19:12,19/8/2023,1900,2000
2825213,20/8/2023 15:15,0,203.07,103.83,0,0,84011,20/8/2023 18:35,20/8/2023,1800,1900
2825681,20/8/2023 17:57,0,322.42,164.85,0,0,80261,20/8/2023 21:27,20/8/2023,2100,2200
2823797,19/8/2023 23:35,0,219.63,112.29,0,0,69942,20/8/2023 15:51,20/8/2023,1500,1600
2825762,20/8/2023 18:31,0,56.54,28.91,0,0,176225,20/8/2023 21:49,20/8/2023,2100,2200
2824766,20/8/2023 13:07,0,157.39,80.48,0,0,95532,20/8/2023 15:14,20/8/2023,1500,1600
2824900,20/8/2023 13:45,0,125.95,64.39,0,0,179919,20/8/2023 16:31,20/8/2023,1600,1700
2825058,20/8/2023 14:32,1,205.86,105.26,0,0,191518,20/8/2023 17:31,20/8/2023,1700,1800
2827997,21/8/2023 16:29,0,66.07,33.78,0,0,87699,21/8/2023 19:03,21/8/2023,1900,2000
2827847,21/8/2023 15:42,0,173.07,88.49,0,0,144674,21/8/2023 18:37,21/8/2023,1800,1900
2826041,20/8/2023 21:48,0,132.09,67.54,31.23,15.96,19325,21/8/2023 10:17,21/8/2023,1000,1100
2828086,21/8/2023 16:58,0,209.93,107.33,0,0,156112,21/8/2023 19:19,21/8/2023,1900,2000
2828411,21/8/2023 19:11,0,116.14,59.38,0,0,63046,21/8/2023 22:26,21/8/2023,2200,2300
2826525,21/8/2023 09:22,0,110.52,56.51,0,0,42468,21/8/2023 12:44,21/8/2023,1200,1300
2828782,21/8/2023 23:55,0,83.84,42.86,0,0,185621,22/8/2023 10:14,22/8/2023,1000,1100
2829054,22/8/2023 09:18,0,44.42,22.71,0,0,46104,22/8/2023 11:40,22/8/2023,1100,1200
2830663,22/8/2023 18:32,0,113.29,57.93,0,0,133008,22/8/2023 21:58,22/8/2023,2100,2200
2829759,22/8/2023 13:16,0,57.95,29.63,0,0,57468,22/8/2023 16:37,22/8/2023,1600,1700
2830733,22/8/2023 19:18,0,94.86,48.5,0,0,160092,22/8/2023 22:02,22/8/2023,2200,2300
2830760,22/8/2023 19:31,0,123.11,62.95,0,0,132999,22/8/2023 21:06,22/8/2023,2100,2200
2829370,22/8/2023 11:12,0,212.76,108.79,0,0,41197,22/8/2023 17:14,22/8/2023,1800,1900
2828800,22/8/2023 00:11,0,52.91,27.06,0,0,163997,22/8/2023 10:16,22/8/2023,1000,1100
2831546,23/8/2023 10:06,0,128.66,65.78,0,0,140582,23/8/2023 12:29,23/8/2023,1200,1300
2830103,22/8/2023 15:12,0,34.64,17.71,0,0,100519,23/8/2023 09:07,23/8/2023,900,1000
2830325,22/8/2023 16:28,0,63.08,32.25,0,0,163889,23/8/2023 10:30,23/8/2023,1000,1100
2830966,22/8/2023 22:10,0,139.92,71.54,0,0,69918,23/8/2023 09:27,23/8/2023,900,1000
2834021,24/8/2023 11:24,0,129.84,66.39,0,0,43032,24/8/2023 14:34,24/8/2023,1400,1500
2834944,24/8/2023 16:14,0,192.7,98.52,0,0,181051,24/8/2023 18:38,24/8/2023,1900,2000
2836874,25/8/2023 14:23,0,201.98,103.27,0,0,59820,25/8/2023 16:17,25/8/2023,1600,1700
2836953,25/8/2023 14:56,0,127.97,65.43,12.46,6.37,146605,25/8/2023 18:01,25/8/2023,1800,1900
2835957,25/8/2023 08:40,0,133.25,68.13,0,0,122933,25/8/2023 10:51,25/8/2023,1100,1200
2838377,26/8/2023 10:10,0,138.24,70.68,0,0,131135,26/8/2023 12:33,26/8/2023,1200,1300
2839666,26/8/2023 18:02,0,66.08,33.79,21.82,11.15,66487,26/8/2023 20:21,26/8/2023,2100,2200
2837208,25/8/2023 16:27,0,142.1,72.66,0,0,98851,26/8/2023 09:58,26/8/2023,1100,1200
2838075,26/8/2023 07:01,0,255.97,130.88,0,0,63733,26/8/2023 17:30,26/8/2023,1700,1800
2839691,26/8/2023 18:12,0,116.55,59.59,0,0,99902,27/8/2023 10:10,27/8/2023,1000,1100
2845019,29/8/2023 08:31,0,260.11,133,0,0,174445,29/8/2023 19:05,29/8/2023,1900,2000
2848478,30/8/2023 16:17,0,151.9,77.67,0,0,145997,31/8/2023 11:28,31/8/2023,1100,1200
2852378,1/9/2023 11:31,1,151.94,77.69,0,0,192729,1/9/2023 19:50,1/9/2023,1900,2000
2858028,3/9/2023 17:56,0,326.41,166.89,0,0,189805,4/9/2023 07:51,4/9/2023,700,800
2880438,12/9/2023 22:22,0,115.6,59.1,0,0,81294,13/9/2023 10:42,13/9/2023,1100,1200
2890578,16/9/2023 21:14,0,78.69,40.23,0,0,157281,17/9/2023 12:34,17/9/2023,1300,1400
2897407,19/9/2023 15:09,0,225.31,115.2,0,0,68616,19/9/2023 21:15,19/9/2023,2100,2200
2896164,19/9/2023 01:26,0,55.36,28.3,0,0,148925,19/9/2023 13:04,19/9/2023,1300,1400
2899244,20/9/2023 12:38,0,64.14,32.79,0,0,177149,20/9/2023 17:55,20/9/2023,1700,1800
2840389,27/8/2023 09:15,0,183.94,94.05,0,0,72532,27/8/2023 11:06,27/8/2023,1100,1200
2840627,27/8/2023 10:44,0,174.91,89.43,0,0,183124,27/8/2023 19:18,27/8/2023,1900,2000
2840460,27/8/2023 09:42,1,159.07,81.33,107.13,54.77,192238,27/8/2023 12:38,27/8/2023,1200,1300
2841839,27/8/2023 17:02,0,77.86,39.81,0,0,184621,27/8/2023 20:09,27/8/2023,2000,2100
2842233,27/8/2023 20:16,0,110.96,56.73,0,0,9647,28/8/2023 10:33,28/8/2023,1000,1100
2844186,28/8/2023 16:46,1,100.33,51.3,0,0,140102,28/8/2023 19:18,28/8/2023,1900,2000
2844424,28/8/2023 18:22,0,112.8,57.68,0,0,183477,28/8/2023 20:20,28/8/2023,2100,2200
2844385,28/8/2023 18:05,0,249.09,127.36,35.81,18.3,32812,28/8/2023 20:32,28/8/2023,2000,2100
2842826,28/8/2023 09:35,0,75.29,38.49,24.2,12.37,106203,28/8/2023 12:41,28/8/2023,1200,1300
2842553,28/8/2023 00:49,1,77.57,39.66,0,0,192344,28/8/2023 10:33,28/8/2023,1100,1200
2843811,28/8/2023 14:46,0,151.19,77.31,0,0,145500,28/8/2023 16:24,28/8/2023,1700,1800
2843801,28/8/2023 14:43,0,64.07,32.76,0,0,68846,28/8/2023 17:07,28/8/2023,1700,1800
2844397,28/8/2023 18:09,0,55.56,28.4,0,0,92717,28/8/2023 22:16,28/8/2023,2200,2300
2847263,30/8/2023 08:44,0,82.78,42.32,0,0,140456,30/8/2023 10:56,30/8/2023,1100,1200
2847659,30/8/2023 11:17,0,93.31,47.71,0,0,75929,30/8/2023 14:02,30/8/2023,1400,1500
2847221,30/8/2023 08:25,0,93.44,47.77,0,0,43997,30/8/2023 11:37,30/8/2023,1200,1300
2846714,29/8/2023 19:48,0,197.9,101.19,0,0,45259,30/8/2023 09:47,30/8/2023,900,1000
2849863,31/8/2023 10:54,0,126.95,64.9,0,0,150103,31/8/2023 13:41,31/8/2023,1300,1400
2849767,31/8/2023 10:21,0,157.89,80.73,41.89,21.42,43839,31/8/2023 14:03,31/8/2023,1400,1500
2849306,31/8/2023 02:13,0,100.21,51.24,0,0,90720,31/8/2023 10:46,31/8/2023,1000,1100
2849047,30/8/2023 21:39,0,77.15,39.45,0,0,60624,31/8/2023 10:53,31/8/2023,1000,1100
2852502,1/9/2023 12:10,0,130.93,66.95,0,0,21451,1/9/2023 14:44,1/9/2023,1400,1500
2852199,1/9/2023 10:39,0,245.25,125.39,0,0,105501,1/9/2023 12:31,1/9/2023,1300,1400
2852797,1/9/2023 13:47,0,40.79,20.86,0,0,36972,1/9/2023 16:44,1/9/2023,1600,1700
2853488,1/9/2023 18:09,0,133.85,68.43,0,0,77562,1/9/2023 21:58,1/9/2023,2100,2200
2851507,31/8/2023 21:36,0,154.63,79.06,0,0,143956,1/9/2023 17:55,1/9/2023,1800,1900
2853199,1/9/2023 16:07,0,118.99,60.84,0,0,47526,1/9/2023 18:37,1/9/2023,1800,1900
2855652,2/9/2023 17:48,0,186.82,95.52,0,0,110107,2/9/2023 20:31,2/9/2023,2000,2100
2855806,2/9/2023 19:04,0,203.32,103.96,0,0,74944,2/9/2023 21:59,2/9/2023,2100,2200
2855528,2/9/2023 16:58,0,102.68,52.5,0,0,188730,2/9/2023 20:18,2/9/2023,2000,2100
2855079,2/9/2023 14:13,0,136.72,69.9,0,0,83897,2/9/2023 18:58,2/9/2023,1900,2000
2854708,2/9/2023 11:52,0,70.35,35.97,0,0,179771,2/9/2023 13:56,2/9/2023,1400,1500
2855879,2/9/2023 19:48,0,104.59,53.47,0,0,67601,3/9/2023 10:18,3/9/2023,1000,1100
2855022,2/9/2023 13:53,0,213.59,109.2,42.02,21.49,45340,3/9/2023 08:18,3/9/2023,800,900
2855330,2/9/2023 15:40,0,180.22,92.15,0,0,12206,3/9/2023 10:24,3/9/2023,1000,1100
2858610,4/9/2023 04:24,0,218.01,111.47,0,0,38106,4/9/2023 12:28,4/9/2023,1300,1400
2858970,4/9/2023 10:15,0,246.08,125.82,0,0,180852,4/9/2023 13:15,4/9/2023,1300,1400
2858310,3/9/2023 20:46,0,153.04,78.25,0,0,43760,4/9/2023 11:48,4/9/2023,1200,1300
2859679,4/9/2023 13:14,0,105.29,53.84,17.98,9.19,19108,4/9/2023 15:20,4/9/2023,1600,1700
2859475,4/9/2023 12:25,0,217.29,111.1,0,0,77506,4/9/2023 14:32,4/9/2023,1500,1600
2859956,4/9/2023 14:32,0,321.69,164.48,0,0,156060,4/9/2023 17:34,4/9/2023,1700,1800
2862342,5/9/2023 13:33,0,50.37,25.75,0,0,169942,5/9/2023 18:28,5/9/2023,1900,2000
2862548,5/9/2023 14:41,0,38.32,19.59,0,0,7539,5/9/2023 17:53,5/9/2023,1700,1800
2864088,6/9/2023 11:05,0,136.7,69.9,0,0,69347,6/9/2023 15:32,6/9/2023,1500,1600
2864653,6/9/2023 13:52,0,225.43,115.26,0,0,84611,6/9/2023 15:54,6/9/2023,1600,1700
2864957,6/9/2023 15:23,0,136.74,69.91,0,0,148940,6/9/2023 20:37,6/9/2023,2000,2100
2867212,7/9/2023 15:11,0,126.96,64.91,0,0,10616,7/9/2023 18:36,7/9/2023,1800,1900
2865769,6/9/2023 22:21,0,116.33,59.47,0,0,40935,7/9/2023 09:49,7/9/2023,900,1000
2867234,7/9/2023 15:19,0,221.75,113.38,0,0,89521,7/9/2023 17:36,7/9/2023,1700,1800
2905964,23/9/2023 10:00,0,131.06,67.01,0,0,67877,23/9/2023 17:35,23/9/2023,1700,1800
2907661,23/9/2023 21:01,0,115.85,59.23,0,0,97266,24/9/2023 12:44,24/9/2023,1200,1300
2907526,23/9/2023 19:17,0,97.06,49.63,0,0,68876,24/9/2023 17:01,24/9/2023,1600,1700
2917217,27/9/2023 13:40,0,168.94,86.38,0,0,172061,27/9/2023 20:02,27/9/2023,2000,2100
2924291,30/9/2023 09:49,0,232.81,119.04,0,0,149262,30/9/2023 15:21,30/9/2023,1500,1600
2925454,30/9/2023 15:35,0,140.64,71.91,0,0,190064,30/9/2023 18:40,30/9/2023,1800,1900
2925283,30/9/2023 14:40,0,81.69,41.76,0,0,191772,1/10/2023 09:13,1/10/2023,1000,1100
2927020,1/10/2023 09:30,0,97.96,50.09,0,0,117712,1/10/2023 12:41,1/10/2023,1200,1300
2927657,1/10/2023 12:12,0,151.25,77.33,0,0,105337,1/10/2023 16:14,1/10/2023,1600,1700
2934831,4/10/2023 04:02,0,287.73,147.11,0,0,167735,4/10/2023 19:16,4/10/2023,1900,2000
2870451,8/9/2023 21:45,0,147.28,75.3,0,0,49462,9/9/2023 08:46,9/9/2023,900,1000
2871944,9/9/2023 15:20,0,172.29,88.09,21.45,10.96,140582,9/9/2023 17:42,9/9/2023,1800,1900
2870948,9/9/2023 09:34,0,192.92,98.64,0,0,164789,9/9/2023 11:18,9/9/2023,1200,1300
2871896,9/9/2023 15:08,0,143.54,73.39,0,0,7589,9/9/2023 17:26,9/9/2023,1700,1800
2870665,9/9/2023 01:08,0,234.84,120.08,0,0,90720,9/9/2023 12:02,9/9/2023,1200,1300
2872062,9/9/2023 15:59,0,134.89,68.97,0,0,132736,10/9/2023 09:00,10/9/2023,900,1000
2874208,10/9/2023 14:18,0,133.36,68.19,0,0,38106,10/9/2023 17:12,10/9/2023,1700,1800
2874347,10/9/2023 14:56,0,225.84,115.47,0,0,99595,10/9/2023 17:23,10/9/2023,1700,1800
2874958,10/9/2023 18:08,0,104.64,53.5,0,0,51491,10/9/2023 21:14,10/9/2023,2100,2200
2872515,9/9/2023 18:55,0,97.73,49.97,0,0,73531,10/9/2023 08:58,10/9/2023,900,1000
2873457,10/9/2023 10:42,0,119.56,61.13,9.21,4.71,177420,10/9/2023 15:51,10/9/2023,1600,1700
2875587,11/9/2023 01:21,0,102.43,52.37,0,0,30088,11/9/2023 12:00,11/9/2023,1200,1300
2877438,11/9/2023 17:14,0,83.13,42.51,0,0,192235,11/9/2023 20:24,11/9/2023,2000,2100
2873470,10/9/2023 10:46,0,170.5,87.18,0,0,45603,11/9/2023 09:22,11/9/2023,900,1000
2875307,10/9/2023 21:31,0,101.91,52.11,0,0,65064,11/9/2023 10:47,11/9/2023,1000,1100
2875880,11/9/2023 09:43,0,88.12,45.06,2.79,1.43,19401,11/9/2023 12:34,11/9/2023,1200,1300
2876184,11/9/2023 11:14,0,168.44,86.12,0,0,21451,11/9/2023 16:08,11/9/2023,1600,1700
2877061,11/9/2023 15:21,0,162.44,83.05,0,0,184043,11/9/2023 18:25,11/9/2023,1800,1900
2875375,10/9/2023 22:06,0,344.01,175.89,0,0,71794,11/9/2023 09:31,11/9/2023,1000,1100
2879658,12/9/2023 16:03,0,216.49,110.69,0,0,149245,12/9/2023 18:44,12/9/2023,1900,2000
2879575,12/9/2023 15:38,0,197.79,101.12,0,0,55312,12/9/2023 18:40,12/9/2023,1800,1900
2880337,12/9/2023 21:21,0,191.54,97.93,0,0,32234,13/9/2023 11:22,13/9/2023,1100,1200
2883094,14/9/2023 08:21,0,89.06,45.53,0,0,39550,14/9/2023 11:35,14/9/2023,1100,1200
2883269,14/9/2023 09:38,0,223.38,114.22,0,0,180316,14/9/2023 13:50,14/9/2023,1300,1400
2885041,14/9/2023 19:22,0,95.48,48.82,0,0,102052,14/9/2023 22:02,14/9/2023,2200,2300
2882724,13/9/2023 21:50,0,411.86,210.58,0,0,38096,14/9/2023 09:33,14/9/2023,900,1000
2883683,14/9/2023 11:42,0,48.87,24.99,0,0,36160,14/9/2023 14:21,14/9/2023,1400,1500
2886590,15/9/2023 13:33,0,86.77,44.36,28.94,14.79,41397,15/9/2023 15:51,15/9/2023,1600,1700
2887278,15/9/2023 17:11,0,94.38,48.26,0,0,192388,15/9/2023 19:35,15/9/2023,2000,2100
2884990,14/9/2023 18:58,0,90.32,46.18,0,0,182744,15/9/2023 09:39,15/9/2023,1000,1100
2885522,15/9/2023 01:58,0,380.42,194.51,0,0,130170,15/9/2023 13:27,15/9/2023,1300,1400
2886882,15/9/2023 14:57,0,131.14,67.05,0,0,48957,15/9/2023 18:44,15/9/2023,1800,1900
2886504,15/9/2023 13:02,0,131.01,66.98,0,0,106954,15/9/2023 16:52,15/9/2023,1600,1700
2887798,15/9/2023 21:36,0,99.33,50.79,0,0,82314,16/9/2023 09:25,16/9/2023,900,1000
2886956,15/9/2023 15:20,0,151.17,77.29,0,0,103054,16/9/2023 12:56,16/9/2023,1200,1300
2888717,16/9/2023 11:05,1,308.47,157.73,22.12,11.31,176892,16/9/2023 14:28,16/9/2023,1400,1500
2890237,16/9/2023 17:56,0,169.51,86.67,0,0,73712,17/9/2023 10:10,17/9/2023,1000,1100
2892551,17/9/2023 15:32,0,100.85,51.56,0,0,193639,17/9/2023 21:18,17/9/2023,2100,2200
2890936,17/9/2023 02:31,0,29.83,15.25,0,0,97027,17/9/2023 13:11,17/9/2023,1300,1400
2891292,17/9/2023 09:59,0,255.59,130.68,0,0,185644,17/9/2023 14:11,17/9/2023,1400,1500
2891793,17/9/2023 12:05,0,164.28,83.99,0,0,175938,17/9/2023 16:25,17/9/2023,1600,1700
2893883,18/9/2023 09:54,0,105.25,53.82,6.83,3.5,161377,18/9/2023 13:11,18/9/2023,1300,1400
2892619,17/9/2023 15:52,0,65.49,33.48,0,0,82249,18/9/2023 10:14,18/9/2023,1000,1100
2895878,18/9/2023 21:30,0,142.57,72.9,0,0,55232,19/9/2023 09:19,19/9/2023,900,1000
2896822,19/9/2023 11:48,0,78.34,40.06,0,0,189468,19/9/2023 14:49,19/9/2023,1400,1500
2897302,19/9/2023 14:31,0,98.77,50.5,0,0,73219,19/9/2023 18:49,19/9/2023,1800,1900
2897811,19/9/2023 17:35,0,155.43,79.48,0,0,130816,19/9/2023 20:55,19/9/2023,2000,2100
2896920,19/9/2023 12:19,0,218.87,111.91,0,0,79009,19/9/2023 16:59,19/9/2023,1600,1700
2896897,19/9/2023 12:10,0,140.28,71.73,0,0,141275,19/9/2023 15:37,19/9/2023,1500,1600
2899889,20/9/2023 16:39,0,450.77,230.48,0,0,80228,20/9/2023 19:03,20/9/2023,1900,2000
2899235,20/9/2023 12:36,0,29.25,14.95,0,0,165240,20/9/2023 14:38,20/9/2023,1500,1600
2898618,20/9/2023 08:18,0,140.14,71.65,0,0,62793,20/9/2023 17:59,20/9/2023,1800,1900
2898343,19/9/2023 23:03,0,243.77,124.64,0,0,94518,20/9/2023 09:55,20/9/2023,900,1000
2900359,20/9/2023 20:44,0,73.49,37.57,0,0,107653,21/9/2023 08:31,21/9/2023,900,1000
2900867,21/9/2023 08:23,0,124.61,63.71,66.29,33.89,170524,21/9/2023 11:41,21/9/2023,1100,1200
2901839,21/9/2023 13:37,0,129.61,66.27,5.32,2.72,88964,21/9/2023 16:56,21/9/2023,1600,1700
2901860,21/9/2023 13:44,0,113.85,58.22,0,0,47387,21/9/2023 18:48,21/9/2023,1900,2000
2902877,21/9/2023 21:00,0,114.52,58.55,0,0,106954,22/9/2023 10:07,22/9/2023,1000,1100
2904379,22/9/2023 14:17,0,199.08,101.79,0,0,66038,22/9/2023 16:20,22/9/2023,1700,1800
2903363,22/9/2023 08:50,0,133.37,68.18,0,0,110142,22/9/2023 11:47,22/9/2023,1200,1300
2903262,22/9/2023 07:35,0,124.06,63.44,0,0,79986,22/9/2023 11:29,22/9/2023,1100,1200
2902573,21/9/2023 18:21,0,120.74,61.74,0,0,88598,22/9/2023 10:42,22/9/2023,1000,1100
2906998,23/9/2023 15:56,0,223.09,114.06,0,0,55839,23/9/2023 18:15,23/9/2023,1800,1900
2905629,23/9/2023 01:02,0,50.35,25.75,0,0,16159,23/9/2023 11:30,23/9/2023,1200,1300
2908962,24/9/2023 12:49,0,197.15,100.8,0,0,92250,24/9/2023 15:42,24/9/2023,1600,1700
2909091,24/9/2023 13:22,1,81.13,41.48,0,0,147860,24/9/2023 19:13,24/9/2023,1900,2000
2907348,23/9/2023 17:59,0,95.42,48.79,0,0,193861,24/9/2023 17:35,24/9/2023,1800,1900
2910090,24/9/2023 17:33,0,123.82,63.31,0,0,74033,24/9/2023 21:01,24/9/2023,2100,2200
2908882,24/9/2023 12:26,0,57.26,29.27,0,0,59993,24/9/2023 15:56,24/9/2023,1500,1600
2907048,23/9/2023 16:13,0,95.74,48.95,0,0,43187,25/9/2023 18:27,25/9/2023,1800,1900
2912300,25/9/2023 14:55,0,49.67,25.4,0,0,19203,25/9/2023 18:02,25/9/2023,1800,1900
2912303,25/9/2023 14:55,0,127.77,65.33,0,0,12038,25/9/2023 18:59,25/9/2023,1800,1900
2910120,24/9/2023 17:53,0,56.1,28.68,0,0,112096,25/9/2023 08:12,25/9/2023,800,900
2912213,25/9/2023 14:26,0,100.62,51.44,0,0,153020,25/9/2023 18:11,25/9/2023,1800,1900
2914977,26/9/2023 14:48,0,188.03,96.14,0,0,116019,26/9/2023 18:38,26/9/2023,1800,1900
2914064,26/9/2023 10:23,0,60.23,30.8,0,0,8109,26/9/2023 20:17,26/9/2023,2000,2100
2914012,26/9/2023 10:09,0,70.61,36.11,0,0,66671,26/9/2023 13:57,26/9/2023,1300,1400
2915179,26/9/2023 15:56,0,50.47,25.8,0,0,18263,26/9/2023 19:10,26/9/2023,1900,2000
2916152,27/9/2023 02:43,0,158,80.79,0,0,21339,27/9/2023 11:21,27/9/2023,1100,1200
2916854,27/9/2023 11:42,0,125.67,64.26,0,0,134928,27/9/2023 13:28,27/9/2023,1400,1500
2917507,27/9/2023 15:07,0,55.44,28.34,0,0,74502,27/9/2023 17:33,27/9/2023,1800,1900
2918203,27/9/2023 19:23,0,37.36,19.1,0,0,99678,27/9/2023 21:55,27/9/2023,2200,2300
2916448,27/9/2023 09:40,0,69.41,35.48,0,0,44571,27/9/2023 11:11,27/9/2023,1200,1300
2916462,27/9/2023 09:45,0,103.18,52.76,0,0,172557,27/9/2023 11:44,27/9/2023,1200,1300
2917322,27/9/2023 14:12,1,56.5,28.89,0,0,194585,27/9/2023 17:59,27/9/2023,1800,1900
2920302,28/9/2023 15:46,0,126.6,64.73,0,0,77837,28/9/2023 19:22,28/9/2023,1900,2000
2919011,28/9/2023 09:30,0,51.46,26.31,0,0,184478,28/9/2023 18:19,28/9/2023,1800,1900
2920350,28/9/2023 16:00,0,72.17,36.9,0,0,51366,28/9/2023 20:01,28/9/2023,1900,2000
2918799,28/9/2023 07:58,0,129.72,66.32,0,0,82253,28/9/2023 13:16,28/9/2023,1300,1400
2920932,28/9/2023 20:36,0,107.99,55.21,0,0,20482,29/9/2023 09:41,29/9/2023,900,1000
2921456,29/9/2023 08:25,0,99.45,50.85,0,0,116473,29/9/2023 11:15,29/9/2023,1100,1200
2923123,29/9/2023 16:55,0,346.92,177.37,0,0,17068,29/9/2023 20:49,29/9/2023,2000,2100
2921438,29/9/2023 08:10,0,105.74,54.06,0,0,186731,29/9/2023 11:01,29/9/2023,1100,1200
2923762,29/9/2023 22:12,0,201.39,102.97,0,0,37010,30/9/2023 10:23,30/9/2023,1000,1100
2922256,29/9/2023 12:32,0,204.51,104.57,0,0,39406,30/9/2023 09:25,30/9/2023,900,1000
2924528,30/9/2023 11:06,0,317.93,162.55,29.63,15.15,49342,30/9/2023 13:35,30/9/2023,1400,1500
2923676,29/9/2023 21:22,0,176.07,90.02,0,0,25609,30/9/2023 10:00,30/9/2023,1000,1100
2927418,1/10/2023 11:19,0,127.72,65.3,0,0,194260,1/10/2023 17:57,1/10/2023,1800,1900
2926245,30/9/2023 20:37,0,90.16,46.1,9.26,4.74,126730,1/10/2023 09:25,1/10/2023,900,1000
2928348,1/10/2023 15:15,0,160.19,81.9,0,0,123682,1/10/2023 21:00,1/10/2023,2100,2200
2931289,2/10/2023 16:19,0,82.96,42.42,0,0,161006,2/10/2023 20:15,2/10/2023,2000,2100
2928560,1/10/2023 16:16,0,91.73,46.9,0,0,34414,2/10/2023 09:23,2/10/2023,900,1000
2928843,1/10/2023 18:17,0,82.09,41.97,0,0,120901,2/10/2023 10:37,2/10/2023,1000,1100
2929853,2/10/2023 09:53,0,287.14,146.82,0,0,164054,2/10/2023 13:01,2/10/2023,1300,1400
2933786,3/10/2023 15:44,0,234.15,119.72,0,0,145777,3/10/2023 18:42,3/10/2023,1900,2000
2930676,2/10/2023 13:23,0,278.11,142.2,0,0,181336,3/10/2023 09:32,3/10/2023,900,1000
2933773,3/10/2023 15:41,0,116.28,59.45,0,0,25966,3/10/2023 20:20,3/10/2023,2000,2100
2933278,3/10/2023 13:02,0,179.75,91.9,0,0,114028,3/10/2023 17:24,3/10/2023,1700,1800
2932691,3/10/2023 10:10,0,277.62,141.95,0,0,80898,3/10/2023 18:15,3/10/2023,1800,1900
2934314,3/10/2023 18:50,0,86.53,44.24,0,0,102777,3/10/2023 22:46,3/10/2023,2200,2300
2934340,3/10/2023 19:07,0,82.45,42.16,0,0,104286,3/10/2023 22:34,3/10/2023,2200,2300
2935558,4/10/2023 11:55,0,222.52,113.78,0,0,47526,4/10/2023 14:30,4/10/2023,1400,1500
2935183,4/10/2023 09:56,0,59.77,30.56,0,0,174067,4/10/2023 12:55,4/10/2023,1200,1300
2936680,4/10/2023 18:22,0,115.14,58.87,0,0,88081,4/10/2023 20:08,4/10/2023,2100,2200
2934701,3/10/2023 23:13,0,170.61,87.24,0,0,130170,4/10/2023 13:17,4/10/2023,1300,1400
2936263,4/10/2023 15:42,0,161.88,82.77,0,0,93680,4/10/2023 18:22,4/10/2023,1800,1900
2938508,5/10/2023 13:47,0,111.74,57.13,0,0,84423,5/10/2023 15:53,5/10/2023,1600,1700
2936719,4/10/2023 18:45,0,157.23,80.39,18.8,9.61,126745,5/10/2023 08:18,5/10/2023,800,900
2938471,5/10/2023 13:38,0,229.92,117.56,0,0,192261,5/10/2023 16:17,5/10/2023,1600,1700
2937301,5/10/2023 02:08,0,189.25,96.76,0,0,69990,5/10/2023 13:56,5/10/2023,1400,1500
2938390,5/10/2023 13:13,0,151.79,77.6,0,0,89404,5/10/2023 16:43,5/10/2023,1600,1700
2937117,4/10/2023 22:35,0,133.8,68.41,0,0,188972,5/10/2023 09:42,5/10/2023,1000,1100
2937225,5/10/2023 00:03,0,54.89,28.07,0,0,147802,5/10/2023 10:49,5/10/2023,1000,1100
2941681,6/10/2023 15:44,0,95.81,48.98,0,0,148420,6/10/2023 19:47,6/10/2023,2000,2100
2941698,6/10/2023 15:49,0,83.86,42.87,0,0,183583,6/10/2023 19:35,6/10/2023,2000,2100
2939932,6/10/2023 00:35,0,79,40.4,0,0,173811,6/10/2023 10:06,6/10/2023,1000,1100
2942011,6/10/2023 17:29,0,80.21,41.01,0,0,112717,6/10/2023 20:57,6/10/2023,2100,2200
2943441,7/10/2023 11:17,0,52.71,26.94,0,0,126469,7/10/2023 16:46,7/10/2023,1700,1800
2944271,7/10/2023 14:49,0,195.39,99.9,0,0,195981,7/10/2023 17:30,7/10/2023,1800,1900
2944811,7/10/2023 17:30,0,156,79.76,0,0,175790,7/10/2023 20:55,7/10/2023,2100,2200
2942449,6/10/2023 21:08,0,180.18,92.12,0,0,165920,7/10/2023 09:07,7/10/2023,1000,1100
2943825,7/10/2023 13:00,0,292.44,149.53,45.62,23.32,14668,7/10/2023 15:46,7/10/2023,1600,1700
2943519,7/10/2023 11:38,0,177.99,91.01,6.35,3.24,190459,7/10/2023 19:54,7/10/2023,2000,2100
2942130,6/10/2023 18:18,0,104.02,53.19,0,0,148124,7/10/2023 09:08,7/10/2023,900,1000
2943045,7/10/2023 09:21,0,288.7,147.61,38,19.43,168224,7/10/2023 16:07,7/10/2023,1600,1700
2947157,8/10/2023 14:18,0,101.75,52.03,0,0,56495,8/10/2023 17:43,8/10/2023,1800,1900
2946372,8/10/2023 11:26,0,62.61,32.01,0,0,180332,8/10/2023 14:58,8/10/2023,1500,1600
2947830,8/10/2023 16:54,0,77.91,39.84,0,0,140861,8/10/2023 21:11,8/10/2023,2100,2200
2945170,7/10/2023 20:10,0,140.3,71.73,0,0,193639,8/10/2023 10:04,8/10/2023,1000,1100
2945620,8/10/2023 02:13,0,176.49,90.23,0,0,45702,8/10/2023 12:39,8/10/2023,1200,1300
2946019,8/10/2023 09:57,0,83.33,42.6,18.26,9.34,48964,8/10/2023 12:34,8/10/2023,1200,1300
2944478,7/10/2023 15:47,0,79.74,40.77,0,0,58092,8/10/2023 10:13,8/10/2023,1000,1100
2948292,8/10/2023 20:43,0,57.95,29.63,0,0,20006,9/10/2023 10:36,9/10/2023,1000,1100
2948435,8/10/2023 22:22,0,152.06,77.74,0,0,182984,9/10/2023 10:37,9/10/2023,1000,1100
2950818,9/10/2023 18:18,0,67.53,34.53,0,0,90715,9/10/2023 21:39,9/10/2023,2100,2200
2949768,9/10/2023 13:08,0,144.37,73.81,0,0,84423,9/10/2023 18:04,9/10/2023,1800,1900
2949554,9/10/2023 12:08,0,126.58,64.71,0,0,101688,9/10/2023 15:09,9/10/2023,1500,1600
2950676,9/10/2023 17:28,0,170.95,87.4,0,0,175197,9/10/2023 20:42,9/10/2023,2000,2100
2948583,9/10/2023 00:34,0,155.56,79.54,0,0,28282,9/10/2023 11:18,9/10/2023,1100,1200
2950111,9/10/2023 14:42,0,298.13,152.43,0,0,64747,9/10/2023 17:52,9/10/2023,1700,1800
2950340,9/10/2023 15:50,0,98.93,50.59,0,0,26328,9/10/2023 20:07,9/10/2023,2000,2100
2948739,9/10/2023 08:12,0,124.29,63.54,0,0,43090,9/10/2023 12:33,9/10/2023,1200,1300
2948105,8/10/2023 18:47,0,161.11,82.38,0,0,185862,9/10/2023 11:14,9/10/2023,1100,1200
2948248,8/10/2023 20:15,0,98.55,50.38,0,0,162786,9/10/2023 08:59,9/10/2023,900,1000
2952623,10/10/2023 13:50,0,134.1,68.57,15.09,7.71,59331,10/10/2023 19:23,10/10/2023,1900,2000
2953270,10/10/2023 16:51,0,199.31,101.9,0,0,144742,10/10/2023 20:30,10/10/2023,2000,2100
2950972,9/10/2023 19:55,0,279.9,143.11,0,0,133010,10/10/2023 10:51,10/10/2023,1100,1200
2951798,10/10/2023 10:04,0,143.4,73.31,0,0,86684,10/10/2023 13:22,10/10/2023,1300,1400
2950952,9/10/2023 19:39,0,70.24,35.92,0,0,177138,10/10/2023 09:17,10/10/2023,900,1000
2951795,10/10/2023 10:04,0,52.23,26.71,0,0,80887,10/10/2023 15:20,10/10/2023,1500,1600
2951968,10/10/2023 10:54,0,182.56,93.34,0,0,170168,10/10/2023 13:30,10/10/2023,1300,1400
2953754,10/10/2023 20:41,0,136.84,69.97,0,0,102057,11/10/2023 10:24,11/10/2023,1000,1100
2953934,10/10/2023 22:27,0,139.04,71.08,0,0,53325,11/10/2023 18:54,11/10/2023,1800,1900
2953284,10/10/2023 16:56,0,372.64,190.53,0,0,130170,11/10/2023 12:07,11/10/2023,1200,1300
2955484,11/10/2023 14:43,0,60.53,30.95,0,0,79067,11/10/2023 17:00,11/10/2023,1700,1800
2954019,10/10/2023 23:08,0,145.08,74.18,0,0,96205,11/10/2023 10:20,11/10/2023,1000,1100
2956058,11/10/2023 17:49,0,51.33,26.24,0,0,188229,11/10/2023 20:18,11/10/2023,2000,2100
2955622,11/10/2023 15:24,0,142.36,72.79,0,0,163498,12/10/2023 09:47,12/10/2023,900,1000
2958254,12/10/2023 14:56,0,103.12,52.72,6.6,3.37,71675,12/10/2023 17:21,12/10/2023,1700,1800
2955328,11/10/2023 13:49,0,60.64,31.01,0,0,182660,12/10/2023 09:04,12/10/2023,900,1000
2957684,12/10/2023 12:01,0,74.32,38,0,0,165240,12/10/2023 14:19,12/10/2023,1400,1500
2958436,12/10/2023 15:55,0,78.55,40.17,0,0,112584,12/10/2023 18:57,12/10/2023,1900,2000
2956653,11/10/2023 23:04,0,168.24,86.01,0,0,40908,12/10/2023 19:40,12/10/2023,1900,2000
2956227,11/10/2023 19:05,0,150.89,77.14,0,0,70147,12/10/2023 08:12,12/10/2023,800,900
2957211,12/10/2023 09:46,0,51.98,26.58,0,0,90087,12/10/2023 12:24,12/10/2023,1200,1300
2958803,12/10/2023 18:08,0,125.49,64.16,0,0,140861,12/10/2023 21:34,12/10/2023,2100,2200
2957727,12/10/2023 12:16,0,53.35,27.28,13.98,7.14,40471,12/10/2023 14:52,12/10/2023,1500,1600
2958681,12/10/2023 17:18,0,87.59,44.79,0,0,172943,12/10/2023 19:53,12/10/2023,2000,2100
2956306,11/10/2023 19:52,0,152.58,78.01,0,0,169385,12/10/2023 10:21,12/10/2023,1000,1100
2956581,11/10/2023 22:21,0,137.06,70.08,0,0,154749,12/10/2023 19:34,12/10/2023,1900,2000
2961444,13/10/2023 17:47,0,275.66,140.94,0,0,22442,13/10/2023 21:28,13/10/2023,2100,2200
2959563,13/10/2023 07:14,0,42.67,21.82,0,0,77354,13/10/2023 10:40,13/10/2023,1100,1200
2960198,13/10/2023 11:26,0,33.05,16.9,0,0,57564,13/10/2023 16:23,13/10/2023,1600,1700
2960284,13/10/2023 11:55,0,40.04,20.48,0,0,26964,13/10/2023 17:20,13/10/2023,1700,1800
2961079,13/10/2023 15:45,0,132.92,67.97,0,0,34827,13/10/2023 21:18,13/10/2023,2100,2200
2962629,14/10/2023 10:26,0,110.43,56.46,0,0,107911,14/10/2023 13:05,14/10/2023,1300,1400
2963414,14/10/2023 14:14,0,147.61,75.46,0,0,67614,14/10/2023 17:12,14/10/2023,1700,1800
2963402,14/10/2023 14:10,0,78.64,40.2,0,0,170852,14/10/2023 19:28,14/10/2023,1900,2000
2962409,14/10/2023 09:21,0,99.22,50.73,0,0,16617,14/10/2023 10:57,14/10/2023,1100,1200
2962000,13/10/2023 22:47,0,310.39,158.7,2.06,1.05,125004,14/10/2023 09:58,14/10/2023,1000,1100
2961801,13/10/2023 20:45,0,191.33,97.82,0,0,81331,14/10/2023 10:42,14/10/2023,1000,1100
2965404,15/10/2023 10:04,0,322.41,164.84,0,0,125004,15/10/2023 13:24,15/10/2023,1300,1400
2965932,15/10/2023 12:11,0,137.77,70.44,0,0,158067,15/10/2023 15:17,15/10/2023,1500,1600
2967068,15/10/2023 16:57,0,91.94,47.01,0,0,55333,15/10/2023 20:31,15/10/2023,2000,2100
2964758,14/10/2023 22:23,0,45.69,23.36,1.21,0.62,185874,15/10/2023 10:03,15/10/2023,1000,1100
2966235,15/10/2023 13:25,0,30.65,15.67,0,0,28076,15/10/2023 18:05,15/10/2023,1800,1900
2965928,15/10/2023 12:10,0,634.24,324.29,29.73,15.2,36328,15/10/2023 18:52,15/10/2023,1800,1900
2966692,15/10/2023 15:17,0,115.09,58.84,0,0,86586,15/10/2023 18:56,15/10/2023,1800,1900
2964789,14/10/2023 22:37,0,133.02,68.02,47.81,24.45,138175,15/10/2023 15:34,15/10/2023,1500,1600
2965027,15/10/2023 02:32,0,70.1,35.84,0,0,63199,15/10/2023 11:54,15/10/2023,1100,1200
2969065,16/10/2023 12:04,0,107.26,54.84,0,0,193639,16/10/2023 17:41,16/10/2023,1700,1800
2969456,16/10/2023 13:38,0,57.41,29.36,0,0,113309,16/10/2023 17:45,16/10/2023,1700,1800
2969234,16/10/2023 12:45,0,247.55,126.57,0,0,110477,16/10/2023 18:04,16/10/2023,1800,1900
2965266,15/10/2023 09:24,0,87.61,44.79,0,0,70861,16/10/2023 11:43,16/10/2023,1100,1200
2966797,15/10/2023 15:43,0,68.25,34.9,0,0,96266,16/10/2023 15:03,16/10/2023,1500,1600
2968459,16/10/2023 09:53,0,95.96,49.06,0,0,70418,16/10/2023 17:43,16/10/2023,1700,1800
2971384,17/10/2023 10:04,0,98.96,50.6,0,0,165502,17/10/2023 13:48,17/10/2023,1300,1400
2971630,17/10/2023 11:02,0,79.32,40.56,0,0,140036,17/10/2023 14:36,17/10/2023,1400,1500
2974709,18/10/2023 11:43,0,228.58,116.87,0,0,66534,18/10/2023 15:46,18/10/2023,1500,1600
2974588,18/10/2023 11:16,0,213.21,109.01,0,0,92615,18/10/2023 16:58,18/10/2023,1700,1800
2974963,18/10/2023 12:49,0,184.12,94.13,55.84,28.55,9056,18/10/2023 17:57,18/10/2023,1800,1900
2975134,18/10/2023 13:38,0,248.75,127.19,0,0,45428,18/10/2023 20:04,18/10/2023,2000,2100
2975121,18/10/2023 13:35,0,56.88,29.08,0,0,188363,18/10/2023 17:20,18/10/2023,1700,1800
2977263,19/10/2023 10:26,0,77.84,39.8,21.74,11.12,188730,19/10/2023 13:54,19/10/2023,1300,1400
2976723,19/10/2023 02:27,0,339.39,173.53,0,0,32812,19/10/2023 13:52,19/10/2023,1300,1400
2978725,19/10/2023 17:33,0,180.87,92.48,0,0,159729,19/10/2023 20:58,19/10/2023,2000,2100
2978311,19/10/2023 15:13,0,97.87,50.04,0,0,63044,19/10/2023 18:40,19/10/2023,1800,1900
2977305,19/10/2023 10:36,0,141.82,72.52,0,0,15076,19/10/2023 14:24,19/10/2023,1400,1500
2978563,19/10/2023 16:40,0,171.77,87.82,0,0,35626,19/10/2023 20:43,19/10/2023,2000,2100
2976696,19/10/2023 01:20,0,117.27,59.96,0,0,190591,19/10/2023 11:22,19/10/2023,1100,1200
2979088,19/10/2023 20:04,0,238.65,122.02,0,0,18490,20/10/2023 10:15,20/10/2023,1000,1100
2980173,20/10/2023 10:56,0,250.11,127.87,0,0,68947,20/10/2023 13:36,20/10/2023,1300,1400
2979230,19/10/2023 21:19,0,76.8,39.27,0,0,35472,20/10/2023 17:59,20/10/2023,1800,1900
2980916,20/10/2023 14:29,0,107.59,55.01,37.94,19.4,119467,20/10/2023 17:56,20/10/2023,1800,1900
2981202,20/10/2023 15:51,0,76.62,39.18,0,0,99049,20/10/2023 19:07,20/10/2023,1900,2000
2979385,19/10/2023 22:36,1,98.15,50.18,0,0,193645,20/10/2023 09:55,20/10/2023,1000,1100
2983216,21/10/2023 12:42,0,123.43,63.11,0,0,39686,21/10/2023 16:40,21/10/2023,1600,1700
2984129,21/10/2023 17:01,0,67.1,34.31,0,0,11670,21/10/2023 19:16,21/10/2023,1900,2000
2982056,20/10/2023 22:20,0,347.25,177.54,0,0,21721,21/10/2023 18:10,21/10/2023,1800,1900
2983728,21/10/2023 15:04,1,174.47,89.2,0,0,49403,21/10/2023 17:59,21/10/2023,1800,1900
2982689,21/10/2023 10:24,0,91.56,46.81,0,0,100201,21/10/2023 13:02,21/10/2023,1300,1400
2985133,22/10/2023 08:07,0,68.93,35.24,0,0,109534,22/10/2023 22:34,22/10/2023,2200,2300
2987030,22/10/2023 16:57,0,134.77,68.91,0,0,172135,22/10/2023 20:45,22/10/2023,2000,2100
2984692,21/10/2023 21:20,0,228.22,116.68,0,0,82779,22/10/2023 09:09,22/10/2023,900,1000
2984469,21/10/2023 19:23,0,321.3,164.28,0,0,106974,22/10/2023 09:47,22/10/2023,1000,1100
2984447,21/10/2023 19:07,0,268.1,137.09,0,0,91802,22/10/2023 10:15,22/10/2023,1000,1100
2983812,21/10/2023 15:27,0,137.39,70.24,0,0,75325,22/10/2023 13:31,22/10/2023,1300,1400
2985295,22/10/2023 09:40,0,75.09,38.39,0,0,177344,22/10/2023 12:09,22/10/2023,1200,1300
2989163,23/10/2023 13:50,0,130.58,66.76,0,0,155918,23/10/2023 16:12,23/10/2023,1600,1700
2990140,23/10/2023 18:47,0,55.46,28.35,0,0,185621,23/10/2023 21:03,23/10/2023,2100,2200
2989853,23/10/2023 17:10,0,154.51,79,0,0,146218,23/10/2023 19:21,23/10/2023,1900,2000
2989489,23/10/2023 15:17,0,85.59,43.77,0,0,47734,24/10/2023 08:47,24/10/2023,800,900
2991902,24/10/2023 14:03,0,95.76,48.96,0,0,143142,24/10/2023 17:56,24/10/2023,1700,1800
2992671,24/10/2023 18:27,0,50.87,26.02,0,0,184520,24/10/2023 19:48,24/10/2023,2100,2200
2990668,24/10/2023 00:08,0,137.53,70.32,0,0,55403,24/10/2023 11:20,24/10/2023,1100,1200
2990736,24/10/2023 01:46,0,138.54,70.84,0,0,159590,24/10/2023 11:41,24/10/2023,1100,1200
2992156,24/10/2023 15:16,0,179.27,91.66,0,0,55516,24/10/2023 21:27,24/10/2023,2100,2200
2992347,24/10/2023 16:21,0,255.38,130.57,0,0,58307,24/10/2023 19:18,24/10/2023,1900,2000
2993699,25/10/2023 09:39,0,59.42,30.38,0,0,169559,25/10/2023 12:34,25/10/2023,1200,1300
2992373,24/10/2023 16:30,0,157.93,80.75,0,0,107532,25/10/2023 08:29,25/10/2023,800,900
2992931,24/10/2023 20:38,0,80.56,41.19,0,0,35813,25/10/2023 08:30,25/10/2023,800,900
2994434,25/10/2023 13:14,0,48.3,24.7,0,0,65350,25/10/2023 15:48,25/10/2023,1600,1700
2997554,26/10/2023 15:42,0,74.43,38.06,0,0,114291,26/10/2023 18:08,26/10/2023,1800,1900
2997224,26/10/2023 14:03,0,352.8,180.38,0,0,174105,26/10/2023 17:43,26/10/2023,1700,1800
2997769,26/10/2023 16:51,0,71.89,36.75,0,0,62659,26/10/2023 21:13,26/10/2023,2100,2200
2998556,26/10/2023 23:23,0,128.06,65.48,0,0,168938,27/10/2023 10:57,27/10/2023,1000,1100
3000195,27/10/2023 14:33,0,304.9,155.89,0,0,165950,27/10/2023 17:51,27/10/2023,1700,1800
2993327,25/10/2023 00:46,0,118.09,60.38,0,0,153422,27/10/2023 12:10,27/10/2023,1200,1300
3002804,28/10/2023 13:53,0,109.65,56.06,0,0,187372,28/10/2023 15:53,28/10/2023,1600,1700
3002812,28/10/2023 13:55,0,175.28,89.63,0,0,141202,28/10/2023 16:32,28/10/2023,1600,1700
3003756,28/10/2023 18:09,0,180.77,92.43,7.9,4.04,178987,28/10/2023 21:09,28/10/2023,2100,2200
3001145,27/10/2023 20:15,0,48.41,24.75,9.59,4.91,21369,28/10/2023 09:56,28/10/2023,1000,1100
3001217,27/10/2023 20:51,0,151.06,77.24,0,0,113525,28/10/2023 10:24,28/10/2023,1000,1100
3001784,28/10/2023 08:50,1,173.63,88.78,0,0,199158,28/10/2023 12:38,28/10/2023,1200,1300
3002030,28/10/2023 10:18,0,185.93,95.06,58.78,30.05,94170,28/10/2023 11:58,28/10/2023,1200,1300
3002426,28/10/2023 12:11,0,148.34,75.85,20.49,10.47,76757,28/10/2023 18:34,28/10/2023,1800,1900
3001583,28/10/2023 01:21,0,235.37,120.35,32.84,16.79,20496,28/10/2023 12:05,28/10/2023,1200,1300
3005343,29/10/2023 11:59,0,122.77,62.77,0,0,171247,29/10/2023 18:51,29/10/2023,1800,1900
3002783,28/10/2023 13:48,0,275.71,140.97,0,0,82834,29/10/2023 21:08,29/10/2023,2100,2200
3006262,29/10/2023 16:10,0,91.86,46.96,0,0,143686,29/10/2023 19:07,29/10/2023,1900,2000
3005731,29/10/2023 13:46,0,122.63,62.7,0,0,54957,29/10/2023 17:44,29/10/2023,1800,1900
3004063,28/10/2023 20:48,0,59.57,30.46,0,0,176181,29/10/2023 10:38,29/10/2023,1100,1200
3004812,29/10/2023 09:22,0,146.27,74.79,0,0,138107,29/10/2023 12:45,29/10/2023,1300,1400
3004534,29/10/2023 07:02,0,56.15,28.71,0,0,33148,29/10/2023 21:35,29/10/2023,2100,2200
3006413,29/10/2023 17:05,0,80.06,40.93,0,0,102577,29/10/2023 20:08,29/10/2023,2000,2100
3007752,30/10/2023 10:36,0,101.03,51.65,0,0,40705,30/10/2023 12:37,30/10/2023,1300,1400
3007207,30/10/2023 06:54,0,38.92,19.91,0,0,7539,30/10/2023 11:48,30/10/2023,1100,1200
3008625,30/10/2023 14:53,0,144.88,74.08,4.51,2.31,172477,30/10/2023 17:07,30/10/2023,1700,1800
3008721,30/10/2023 15:19,0,142.31,72.76,0,0,66907,30/10/2023 17:29,30/10/2023,1700,1800
3009301,30/10/2023 18:42,0,98.85,50.54,0,0,25883,30/10/2023 21:00,30/10/2023,2100,2200
3011544,31/10/2023 15:34,0,198.77,101.63,0,0,64746,31/10/2023 18:41,31/10/2023,1800,1900
3010915,31/10/2023 12:32,0,311.84,159.44,0,0,80004,31/10/2023 15:57,31/10/2023,1500,1600
3009603,30/10/2023 21:37,0,102.68,52.5,0,0,99654,31/10/2023 09:21,31/10/2023,900,1000
3011325,31/10/2023 14:29,0,157.47,80.51,0,0,49342,31/10/2023 17:24,31/10/2023,1700,1800
3009166,30/10/2023 18:00,0,38.37,19.62,0,0,100519,31/10/2023 09:43,31/10/2023,900,1000
3013948,1/11/2023 14:38,0,79.98,40.9,0,0,100603,1/11/2023 17:33,1/11/2023,1700,1800
3013903,1/11/2023 14:27,0,81.38,41.61,0,0,36685,1/11/2023 20:53,1/11/2023,2000,2100
3014109,1/11/2023 15:22,0,134.65,68.84,0,0,192433,1/11/2023 18:47,1/11/2023,1800,1900
3014610,1/11/2023 17:55,0,102.37,52.34,0,0,27976,1/11/2023 21:20,1/11/2023,2100,2200
3016600,2/11/2023 12:59,0,152.3,77.87,0,0,43267,2/11/2023 18:48,2/11/2023,1800,1900
3015946,2/11/2023 10:31,0,104.37,53.37,0,0,77826,2/11/2023 14:58,2/11/2023,1500,1600
3013181,1/11/2023 11:08,0,130.03,66.48,0,0,10803,2/11/2023 13:11,2/11/2023,1300,1400
3017343,2/11/2023 16:19,0,139.3,71.22,0,0,92625,2/11/2023 20:10,2/11/2023,2000,2100
3020059,3/11/2023 14:57,0,90.76,46.41,0,0,177420,3/11/2023 18:15,3/11/2023,1800,1900
3020130,3/11/2023 15:16,1,47.06,24.06,0,0,141981,3/11/2023 18:47,3/11/2023,1800,1900
3023661,4/11/2023 14:59,0,78.25,40,17.7,9.05,64105,4/11/2023 21:50,4/11/2023,2100,2200
3021979,4/11/2023 09:54,0,179.87,91.96,0,0,37519,4/11/2023 14:51,4/11/2023,1500,1600
3021327,3/11/2023 23:11,0,179.16,91.6,0,0,39889,4/11/2023 13:13,4/11/2023,1300,1400
3023090,4/11/2023 13:05,0,47.64,24.36,0,0,117587,4/11/2023 18:39,4/11/2023,1900,2000
3025990,5/11/2023 13:04,0,300.41,153.59,0,0,138118,5/11/2023 18:45,5/11/2023,1800,1900
3025830,5/11/2023 12:20,0,151.56,77.5,0,0,149086,5/11/2023 15:04,5/11/2023,1500,1600
3025171,5/11/2023 08:57,0,172.48,88.19,1.58,0.81,56349,5/11/2023 12:27,5/11/2023,1300,1400
3025532,5/11/2023 10:59,0,159.68,81.65,0,0,166008,5/11/2023 14:27,5/11/2023,1500,1600
3015630,2/11/2023 09:17,0,56.87,29.08,0,0,53932,6/11/2023 19:58,6/11/2023,2000,2100
3029820,6/11/2023 17:24,0,60.11,30.73,0,0,46289,6/11/2023 20:43,6/11/2023,2000,2100
3023163,4/11/2023 13:17,0,71.5,36.56,0,0,172949,6/11/2023 08:15,6/11/2023,800,900
3029107,6/11/2023 14:09,0,74.68,38.18,0,0,87699,6/11/2023 17:02,6/11/2023,1700,1800
3029726,6/11/2023 16:55,0,68.28,34.92,0,0,94477,6/11/2023 19:32,6/11/2023,1900,2000
3029540,6/11/2023 16:06,0,97.55,49.88,60.84,31.11,180942,6/11/2023 18:43,6/11/2023,1900,2000
3031832,7/11/2023 13:37,0,140.8,71.99,28.6,14.63,136488,7/11/2023 17:18,7/11/2023,1700,1800
3030230,6/11/2023 20:43,0,139.47,71.31,0,0,194380,7/11/2023 08:44,7/11/2023,800,900
3032245,7/11/2023 15:33,0,67.04,34.27,0,0,73527,7/11/2023 18:35,7/11/2023,1800,1900
3031586,7/11/2023 12:28,0,70.83,36.22,0,0,45928,7/11/2023 20:33,7/11/2023,2000,2100
3032266,7/11/2023 15:39,0,45.22,23.12,0,0,173673,7/11/2023 18:26,7/11/2023,1800,1900
3032164,7/11/2023 15:11,0,142.62,72.92,0,0,45570,7/11/2023 19:09,7/11/2023,1900,2000
3031527,7/11/2023 12:11,0,55.31,28.28,0,0,188761,7/11/2023 19:05,7/11/2023,1900,2000
3035747,8/11/2023 17:22,1,77.46,39.61,0,0,200651,8/11/2023 21:12,8/11/2023,2100,2200
3034814,8/11/2023 13:19,0,119.95,61.34,0,0,38314,8/11/2023 17:46,8/11/2023,1700,1800
3033658,8/11/2023 09:03,0,61.84,31.62,13.65,6.98,28123,8/11/2023 12:27,8/11/2023,1200,1300
3033541,8/11/2023 08:09,0,83.15,42.51,0,0,89607,8/11/2023 13:39,8/11/2023,1300,1400
3035904,8/11/2023 18:12,0,187.96,96.1,0,0,61887,9/11/2023 08:07,9/11/2023,800,900
3038035,9/11/2023 13:54,0,67.07,34.3,0,0,29762,9/11/2023 18:59,9/11/2023,1900,2000
3038638,9/11/2023 16:50,0,90.53,46.29,0,0,76518,9/11/2023 20:05,9/11/2023,2000,2100
3038563,9/11/2023 16:29,0,87.32,44.65,0,0,154204,9/11/2023 19:05,9/11/2023,1900,2000
3037658,9/11/2023 12:11,0,126.69,64.77,0,0,26195,9/11/2023 15:17,9/11/2023,1500,1600
3037595,9/11/2023 11:55,0,200.23,102.38,0,0,163990,9/11/2023 15:32,9/11/2023,1500,1600
3041946,10/11/2023 18:08,0,78.67,40.23,0,0,87984,10/11/2023 21:50,10/11/2023,2100,2200
3042056,10/11/2023 18:55,0,244.58,125.05,0,0,180847,10/11/2023 21:41,10/11/2023,2100,2200
3041522,10/11/2023 15:51,0,112.12,57.32,0,0,29762,10/11/2023 20:14,10/11/2023,2000,2100
3040042,10/11/2023 09:54,0,233.39,119.33,85.38,43.65,130181,10/11/2023 14:22,10/11/2023,1400,1500
3044017,11/11/2023 12:52,1,102.57,52.45,0,0,201020,11/11/2023 16:57,11/11/2023,1700,1800
3042939,11/11/2023 08:53,0,141.81,72.51,0,0,185562,11/11/2023 18:42,11/11/2023,1900,2000
3043649,11/11/2023 11:38,0,97.51,49.86,26.23,13.41,115310,11/11/2023 19:31,11/11/2023,2000,2100
3043097,11/11/2023 09:43,0,96.36,49.27,0,0,63046,11/11/2023 12:52,11/11/2023,1300,1400
3041872,10/11/2023 17:39,0,65.59,33.53,0,0,38797,11/11/2023 09:30,11/11/2023,1000,1100
3043518,11/11/2023 11:11,0,249.45,127.55,0,0,12206,11/11/2023 14:33,11/11/2023,1400,1500
3042378,10/11/2023 21:25,0,248.05,126.83,0,0,191387,11/11/2023 11:28,11/11/2023,1200,1300
2972407,17/10/2023 14:14,0,146.83,75.07,0,0,189472,17/10/2023 21:20,17/10/2023,2100,2200
2974245,18/10/2023 09:45,0,126.25,64.55,0,0,70418,18/10/2023 18:42,18/10/2023,1900,2000
2967745,15/10/2023 22:20,1,85.46,43.69,0,0,197636,18/10/2023 08:45,18/10/2023,800,900
2979949,20/10/2023 09:44,0,133.02,68.01,0,0,123459,20/10/2023 18:59,20/10/2023,1900,2000
2984847,21/10/2023 22:47,0,102.38,52.35,0,0,97266,22/10/2023 15:27,22/10/2023,1500,1600
2996436,26/10/2023 10:02,0,85.08,43.51,0,0,190980,26/10/2023 15:22,26/10/2023,1500,1600
2994838,25/10/2023 15:27,0,61.53,31.46,0,0,185105,26/10/2023 19:14,26/10/2023,1900,2000
3000016,27/10/2023 13:44,0,90.72,46.38,0,0,197179,27/10/2023 20:44,27/10/2023,2000,2100
3010867,31/10/2023 12:18,0,375.06,191.76,14.16,7.23,69322,31/10/2023 17:33,31/10/2023,1700,1800
3014753,1/11/2023 19:08,0,62.7,32.05,0,0,126343,2/11/2023 19:59,2/11/2023,2000,2100
3020676,3/11/2023 17:55,0,155.92,79.72,0,0,186252,4/11/2023 10:43,4/11/2023,1000,1100
3021583,4/11/2023 07:41,0,295.66,151.17,0,0,149262,4/11/2023 17:34,4/11/2023,1700,1800
3024639,4/11/2023 21:47,0,306.23,156.58,0,0,156970,5/11/2023 10:53,5/11/2023,1100,1200
3031103,7/11/2023 10:11,0,123.33,63.06,0,0,98873,7/11/2023 16:36,7/11/2023,1600,1700
3031144,7/11/2023 10:21,0,103.92,53.14,24.22,12.38,144636,7/11/2023 14:36,7/11/2023,1500,1600
3032319,7/11/2023 15:55,0,118.45,60.56,0,0,197179,7/11/2023 21:21,7/11/2023,2100,2200
3047121,12/11/2023 11:54,0,259.87,132.86,0,0,80004,12/11/2023 15:01,12/11/2023,1500,1600
3048402,12/11/2023 16:12,0,55.25,28.25,0,0,79205,12/11/2023 20:14,12/11/2023,2100,2200
3047039,12/11/2023 11:40,0,126.93,64.9,0,0,20216,12/11/2023 15:16,12/11/2023,1500,1600
3046016,11/11/2023 23:57,0,103.8,53.08,0,0,39649,12/11/2023 10:11,12/11/2023,1100,1200
3046579,12/11/2023 10:05,0,166.26,85,0,0,83316,12/11/2023 13:57,12/11/2023,1400,1500
3046258,12/11/2023 08:11,0,340.85,174.27,0,0,56002,12/11/2023 16:27,12/11/2023,1700,1800
3048016,12/11/2023 14:50,0,149.15,76.26,19.69,10.06,156293,12/11/2023 18:31,12/11/2023,1900,2000
3046505,12/11/2023 09:44,0,177.14,90.57,0,0,133906,12/11/2023 16:32,12/11/2023,1600,1700
3049381,13/11/2023 05:20,0,45.56,23.3,0,0,184259,13/11/2023 11:59,13/11/2023,1200,1300
3049055,12/11/2023 21:31,0,107.83,55.13,0,0,28950,13/11/2023 10:51,13/11/2023,1000,1100
3049084,12/11/2023 21:50,0,74.03,37.85,0,0,181419,13/11/2023 16:21,13/11/2023,1600,1700
3050124,13/11/2023 11:05,0,202.88,103.74,0,0,137268,13/11/2023 17:36,13/11/2023,1700,1800
3051518,13/11/2023 17:28,0,45.59,23.32,0,0,77840,13/11/2023 20:33,13/11/2023,2000,2100
3051594,13/11/2023 17:58,0,201,102.77,0,0,79712,14/11/2023 08:12,14/11/2023,800,900
3051982,13/11/2023 21:39,0,39.86,20.38,0,0,59635,14/11/2023 09:40,14/11/2023,900,1000
3052690,14/11/2023 09:48,0,154.53,79.01,0,0,113197,14/11/2023 12:30,14/11/2023,1200,1300
3053259,14/11/2023 12:29,0,139.71,71.43,0,0,25725,14/11/2023 18:49,14/11/2023,1800,1900
3053305,14/11/2023 12:40,0,57.95,29.62,0,0,123784,14/11/2023 15:28,14/11/2023,1500,1600
3055849,15/11/2023 11:39,0,131.51,67.24,0,0,127700,15/11/2023 13:45,15/11/2023,1400,1500
3055130,15/11/2023 07:51,0,198.55,101.52,0,0,54526,15/11/2023 11:52,15/11/2023,1100,1200
3057276,15/11/2023 17:14,0,46.5,23.77,0,0,160756,15/11/2023 21:07,15/11/2023,2100,2200
3058726,16/11/2023 10:28,0,94.61,48.38,0,0,120149,16/11/2023 13:20,16/11/2023,1300,1400
3060072,16/11/2023 17:04,0,109.11,55.78,0,0,166536,16/11/2023 19:07,16/11/2023,1900,2000
3059990,16/11/2023 16:29,0,173.99,88.96,0,0,195186,16/11/2023 19:46,16/11/2023,1900,2000
3060298,16/11/2023 18:32,0,81.96,41.9,0,0,20261,16/11/2023 21:43,16/11/2023,2100,2200
3059970,16/11/2023 16:23,0,216.54,110.71,0,0,169385,16/11/2023 20:57,16/11/2023,2100,2200
3057020,15/11/2023 16:05,0,202.15,103.36,0,0,75606,16/11/2023 08:39,16/11/2023,900,1000
3061194,17/11/2023 08:52,0,73.48,37.57,0,0,140830,17/11/2023 15:25,17/11/2023,1500,1600
3060750,16/11/2023 22:47,0,112.68,57.61,0,0,39115,17/11/2023 09:55,17/11/2023,900,1000
3061607,17/11/2023 10:48,0,139.03,71.09,10.51,5.38,125410,17/11/2023 13:28,17/11/2023,1300,1400
3060822,16/11/2023 23:31,0,199.21,101.86,0,0,123595,17/11/2023 11:38,17/11/2023,1200,1300
3062255,17/11/2023 13:54,0,169.76,86.8,0,0,194907,17/11/2023 16:15,17/11/2023,1600,1700
3060643,16/11/2023 21:50,0,98.59,50.41,0,0,33446,17/11/2023 10:20,17/11/2023,1000,1100
3062466,17/11/2023 14:50,0,103.05,52.69,0,0,7576,17/11/2023 19:25,17/11/2023,1900,2000
3060886,17/11/2023 00:18,0,125.66,64.25,0,0,83104,17/11/2023 11:30,17/11/2023,1100,1200
3060279,16/11/2023 18:23,0,60.5,30.94,0,0,44954,17/11/2023 07:54,17/11/2023,800,900
3062188,17/11/2023 13:38,0,110.63,56.56,0,0,188761,17/11/2023 18:19,17/11/2023,1800,1900
3063564,17/11/2023 20:35,0,128.04,65.46,0,0,50928,18/11/2023 10:37,18/11/2023,1000,1100
3063161,17/11/2023 18:02,0,170.83,87.34,0,0,115247,18/11/2023 09:56,18/11/2023,1000,1100
3065118,18/11/2023 11:35,0,141.05,72.12,21.45,10.97,64121,18/11/2023 15:15,18/11/2023,1500,1600
3065053,18/11/2023 11:24,0,75.62,38.66,0,0,47387,18/11/2023 16:44,18/11/2023,1600,1700
3065190,18/11/2023 11:44,0,70.72,36.16,0,0,122840,18/11/2023 16:38,18/11/2023,1600,1700
3065541,18/11/2023 12:38,0,47.35,24.21,0,0,162810,18/11/2023 18:06,18/11/2023,1800,1900
3064393,18/11/2023 08:56,0,431.39,220.57,0,0,96519,18/11/2023 13:36,18/11/2023,1300,1400
3063455,17/11/2023 19:58,0,240.96,123.2,0,0,20910,18/11/2023 09:43,18/11/2023,900,1000
3064568,18/11/2023 09:49,0,71.25,36.43,0,0,139511,18/11/2023 14:01,18/11/2023,1400,1500
3063046,17/11/2023 17:23,0,176.12,90.05,0,0,121859,18/11/2023 11:37,18/11/2023,1100,1200
3066925,18/11/2023 17:55,0,102.78,52.55,0,0,7819,19/11/2023 09:37,19/11/2023,1000,1100
3066961,18/11/2023 18:14,0,65.84,33.66,0,0,43267,19/11/2023 10:29,19/11/2023,1000,1100
3067475,18/11/2023 21:55,0,79.23,40.51,0,0,55126,19/11/2023 14:20,19/11/2023,1400,1500
3070532,19/11/2023 21:25,0,158.6,81.09,0,0,157964,20/11/2023 11:43,20/11/2023,1100,1200
3069689,19/11/2023 14:46,0,128.36,65.63,0,0,66019,20/11/2023 08:11,20/11/2023,800,900
3071879,20/11/2023 12:21,0,119.41,61.06,0,0,7619,20/11/2023 16:38,20/11/2023,1600,1700
3072483,20/11/2023 14:31,0,107.15,54.79,0,0,66858,20/11/2023 18:59,20/11/2023,1800,1900
3069960,19/11/2023 16:25,0,128.39,65.64,0,0,8399,20/11/2023 10:17,20/11/2023,1000,1100
3061068,17/11/2023 07:57,0,86.36,44.16,0,0,105754,20/11/2023 08:42,20/11/2023,900,1000
3074240,21/11/2023 09:18,0,87.91,44.95,0,0,146809,21/11/2023 11:51,21/11/2023,1200,1300
3074865,21/11/2023 12:14,0,70.73,36.16,0,0,140599,21/11/2023 15:13,21/11/2023,1500,1600
3073434,20/11/2023 20:08,0,106.65,54.53,0,0,35813,21/11/2023 14:28,21/11/2023,1400,1500
3073262,20/11/2023 18:16,1,126.75,64.81,0,0,202096,21/11/2023 11:31,21/11/2023,1100,1200
3074202,21/11/2023 09:12,0,75.24,38.47,0,0,175563,21/11/2023 19:25,21/11/2023,1900,2000
3076652,21/11/2023 23:47,0,278.8,142.55,0,0,145504,22/11/2023 16:29,22/11/2023,1600,1700
3077360,22/11/2023 10:49,0,69.12,35.34,13.36,6.83,16159,22/11/2023 15:31,22/11/2023,1600,1700
3076034,21/11/2023 17:50,0,98.99,50.61,0,0,77099,22/11/2023 09:33,22/11/2023,1000,1100
3077638,22/11/2023 11:51,0,109.7,56.09,0,0,114321,22/11/2023 13:40,22/11/2023,1400,1500
3076821,22/11/2023 07:19,0,141.97,72.58,0,0,125004,22/11/2023 16:12,22/11/2023,1600,1700
3078040,22/11/2023 13:39,0,183.8,93.98,0,0,21410,22/11/2023 16:12,22/11/2023,1700,1800
3079180,22/11/2023 19:50,0,77.02,39.38,0,0,71983,23/11/2023 18:41,23/11/2023,1800,1900
3079250,22/11/2023 20:32,0,125.05,63.94,0,0,179071,23/11/2023 11:42,23/11/2023,1100,1200
3080826,23/11/2023 12:09,0,170.1,86.97,47.23,24.14,154475,23/11/2023 16:26,23/11/2023,1600,1700
3079607,23/11/2023 00:13,0,103.6,52.97,0,0,151994,23/11/2023 11:14,23/11/2023,1100,1200
3082349,23/11/2023 19:36,0,147.44,75.38,0,0,200999,24/11/2023 09:16,24/11/2023,900,1000
3082980,24/11/2023 02:24,0,101.23,51.76,0,0,9277,24/11/2023 10:16,24/11/2023,1000,1100
3085272,24/11/2023 17:23,0,190.56,97.43,0,0,28933,24/11/2023 20:33,24/11/2023,2000,2100
3082458,23/11/2023 20:20,0,185.17,94.68,0,0,193253,24/11/2023 11:20,24/11/2023,1100,1200
3085376,24/11/2023 17:58,0,68.55,35.05,0,0,47513,24/11/2023 21:52,24/11/2023,2100,2200
3085103,24/11/2023 16:30,0,46.1,23.57,0,0,131468,24/11/2023 19:02,24/11/2023,1900,2000
3083180,24/11/2023 08:38,0,191.75,98.03,71.77,36.7,172114,24/11/2023 11:41,24/11/2023,1100,1200
3081491,23/11/2023 14:57,0,173.19,88.55,37,18.92,70885,24/11/2023 09:58,24/11/2023,900,1000
3083633,24/11/2023 10:50,0,166.52,85.14,0,0,43597,24/11/2023 13:03,24/11/2023,1300,1400
3083111,24/11/2023 07:58,0,79.72,40.76,0,0,107109,24/11/2023 15:56,24/11/2023,1600,1700
3085807,24/11/2023 20:50,0,132.83,67.91,0,0,119580,25/11/2023 19:43,25/11/2023,1900,2000
3086274,25/11/2023 00:50,0,60.01,30.68,0,0,142871,25/11/2023 11:28,25/11/2023,1100,1200
3088704,25/11/2023 15:03,0,236.67,121.01,0,0,116219,25/11/2023 20:16,25/11/2023,2000,2100
3088821,25/11/2023 15:25,0,42.02,21.49,0,0,61365,25/11/2023 21:10,25/11/2023,2100,2200
3085845,24/11/2023 21:01,0,100.78,51.53,0,0,32535,25/11/2023 13:56,25/11/2023,1400,1500
3086316,25/11/2023 02:01,0,209.52,107.13,0,0,149923,25/11/2023 11:41,25/11/2023,1100,1200
3087168,25/11/2023 10:49,0,127.63,65.26,9.18,4.69,26169,25/11/2023 14:29,25/11/2023,1400,1500
3087503,25/11/2023 11:38,0,95.83,49,0,0,104027,25/11/2023 15:10,25/11/2023,1500,1600
3085461,24/11/2023 18:26,0,126.98,64.92,0,0,17845,25/11/2023 09:31,25/11/2023,900,1000
3086150,24/11/2023 23:17,0,110.79,56.64,0,0,157964,25/11/2023 10:28,25/11/2023,1100,1200
3088267,25/11/2023 13:40,0,153.58,78.52,0,0,73121,25/11/2023 19:49,25/11/2023,2000,2100
3089520,25/11/2023 18:54,0,155,79.25,36.79,18.81,154749,26/11/2023 13:58,26/11/2023,1300,1400
3091249,26/11/2023 10:40,0,90.96,46.51,0,0,62260,26/11/2023 19:05,26/11/2023,1900,2000
3091013,26/11/2023 10:04,0,256.45,131.12,32.75,16.75,141205,26/11/2023 16:38,26/11/2023,1700,1800
3084906,24/11/2023 15:45,0,367.35,187.83,0,0,197735,26/11/2023 08:03,26/11/2023,800,900
3090434,26/11/2023 03:31,0,155.62,79.56,0,0,64105,26/11/2023 13:50,26/11/2023,1300,1400
3091045,26/11/2023 10:09,0,203.73,104.16,0,0,95532,26/11/2023 16:03,26/11/2023,1600,1700
3090068,25/11/2023 22:39,0,157.54,80.54,33.6,17.18,40329,26/11/2023 12:37,26/11/2023,1200,1300
3090269,26/11/2023 00:16,0,70.95,36.28,0,0,73504,26/11/2023 18:41,26/11/2023,1800,1900
3096125,27/11/2023 15:04,0,195.19,99.8,0,0,148504,27/11/2023 22:33,27/11/2023,2200,2300
3094257,27/11/2023 08:27,0,99.93,51.09,0,0,38797,27/11/2023 13:29,27/11/2023,1400,1500
3094958,27/11/2023 11:08,0,285.96,146.21,78.96,40.37,90105,27/11/2023 16:28,27/11/2023,1600,1700
3098315,28/11/2023 10:43,0,174.99,89.47,0,0,21545,28/11/2023 15:18,28/11/2023,1500,1600
3098529,28/11/2023 11:26,0,211.22,107.99,0,0,87343,28/11/2023 16:19,28/11/2023,1600,1700
3098189,28/11/2023 10:16,0,101.68,51.99,0,0,198606,28/11/2023 15:24,28/11/2023,1500,1600
3099670,28/11/2023 15:46,0,103.27,52.8,0,0,16784,28/11/2023 20:17,28/11/2023,2000,2100
3100579,28/11/2023 21:35,0,450.27,230.22,0,0,31136,29/11/2023 12:14,29/11/2023,1200,1300
3102621,29/11/2023 14:19,0,189.17,96.72,0,0,172330,29/11/2023 18:36,29/11/2023,1800,1900
3103201,29/11/2023 16:48,0,61.56,31.48,0,0,79067,29/11/2023 20:46,29/11/2023,2000,2100
3100252,28/11/2023 19:14,0,100.98,51.63,0,0,61515,29/11/2023 10:25,29/11/2023,1000,1100
3102725,29/11/2023 14:42,0,153.13,78.29,0,0,79989,29/11/2023 19:39,29/11/2023,1900,2000
3101514,29/11/2023 10:14,0,131.59,67.28,0,0,29762,29/11/2023 14:16,29/11/2023,1400,1500
3102985,29/11/2023 15:45,0,167.18,85.48,0,0,104350,29/11/2023 19:51,29/11/2023,1900,2000
3101088,29/11/2023 08:10,0,111.76,57.14,0,0,96273,29/11/2023 12:03,29/11/2023,1200,1300
3101092,29/11/2023 08:14,0,135.18,69.11,27.03,13.82,44190,29/11/2023 12:05,29/11/2023,1200,1300
3101820,29/11/2023 11:30,0,125.79,64.32,0,0,35977,29/11/2023 15:33,29/11/2023,1500,1600
3102487,29/11/2023 13:51,0,131.62,67.3,53.76,27.48,140441,29/11/2023 17:47,29/11/2023,1700,1800
3017887,2/11/2023 19:54,0,434.57,222.2,346.53,177.18,42913,3/11/2023 09:28,3/11/2023,1000,1100
3022843,4/11/2023 12:22,0,121.02,61.88,0,0,191105,4/11/2023 18:29,4/11/2023,1800,1900
3024103,4/11/2023 17:16,0,97.85,50.03,0,0,66678,5/11/2023 08:34,5/11/2023,800,900
3025225,5/11/2023 09:21,0,95.45,48.81,0,0,77764,5/11/2023 12:55,5/11/2023,1300,1400
3026340,5/11/2023 14:33,0,397.82,203.41,0,0,23639,5/11/2023 17:46,5/11/2023,1700,1800
3039103,9/11/2023 20:05,0,193.87,99.12,0,0,58067,10/11/2023 08:48,10/11/2023,900,1000
3041033,10/11/2023 13:48,0,118.16,60.41,46.85,23.95,92250,10/11/2023 16:30,10/11/2023,1600,1700
3039756,10/11/2023 08:10,0,97.77,49.98,0,0,180332,11/11/2023 10:09,11/11/2023,1000,1100
3063862,17/11/2023 22:43,0,134.28,68.65,0,0,55403,18/11/2023 11:14,18/11/2023,1100,1200
3071063,20/11/2023 08:29,0,275.39,140.81,0,0,69172,20/11/2023 19:50,20/11/2023,1900,2000
3073964,21/11/2023 07:03,0,188.85,96.56,0,0,164145,21/11/2023 13:54,21/11/2023,1300,1400
3085797,24/11/2023 20:44,0,86.1,44.02,0,0,124007,25/11/2023 09:21,25/11/2023,900,1000
3087816,25/11/2023 12:25,0,210.74,107.75,0,0,69496,25/11/2023 16:31,25/11/2023,1600,1700
3090844,26/11/2023 09:27,0,122.4,62.58,0,0,30585,26/11/2023 14:40,26/11/2023,1500,1600
3102060,29/11/2023 12:20,0,316.3,161.72,0,0,47893,29/11/2023 15:38,29/11/2023,1500,1600
3104450,30/11/2023 08:45,0,67.13,34.32,0,0,86416,30/11/2023 12:53,30/11/2023,1200,1300
3106021,30/11/2023 15:21,0,150.07,76.73,0,0,150906,30/11/2023 22:25,30/11/2023,2200,2300
3108918,1/12/2023 13:59,0,85.24,43.58,0,0,49314,1/12/2023 20:07,1/12/2023,2000,2100
3108094,1/12/2023 10:53,0,51.58,26.38,0,0,147802,1/12/2023 15:08,1/12/2023,1500,1600
3108739,1/12/2023 13:17,0,106.06,54.23,0,0,47734,1/12/2023 15:57,1/12/2023,1600,1700
3108328,1/12/2023 11:41,0,186.5,95.35,0,0,152375,1/12/2023 13:53,1/12/2023,1400,1500
3108504,1/12/2023 12:27,0,260.55,133.22,15.85,8.11,70854,1/12/2023 15:07,1/12/2023,1500,1600
3108897,1/12/2023 13:56,0,346.9,177.37,131.97,67.47,73361,1/12/2023 16:24,1/12/2023,1700,1800
3107318,1/12/2023 00:14,0,39.3,20.09,0,0,142871,1/12/2023 10:36,1/12/2023,1100,1200
3106675,30/11/2023 18:41,0,195.16,99.78,0,0,14243,1/12/2023 10:00,1/12/2023,1000,1100
3111156,2/12/2023 10:34,0,126.63,64.75,65.25,33.36,183230,2/12/2023 13:26,2/12/2023,1300,1400
3109624,1/12/2023 17:13,0,137.14,70.12,0,0,104849,2/12/2023 10:19,2/12/2023,1000,1100
3110025,1/12/2023 19:34,0,201.2,102.87,0,0,126085,2/12/2023 08:28,2/12/2023,800,900
3110568,2/12/2023 01:56,0,206.56,105.62,0,0,132012,2/12/2023 11:13,2/12/2023,1100,1200
3112143,2/12/2023 14:03,0,182.01,93.06,0,0,30755,2/12/2023 17:38,2/12/2023,1700,1800
3110030,1/12/2023 19:36,0,52.45,26.81,9.87,5.04,80022,2/12/2023 07:49,2/12/2023,800,900
3111152,2/12/2023 10:33,0,165.18,84.45,0,0,193517,2/12/2023 14:18,2/12/2023,1400,1500
3115909,3/12/2023 14:18,0,126.39,64.62,0,0,22779,3/12/2023 19:07,3/12/2023,1900,2000
3114534,3/12/2023 10:42,0,80.24,41.03,0,0,164030,3/12/2023 13:21,3/12/2023,1400,1500
3114877,3/12/2023 11:39,0,205.75,105.19,0,0,63672,3/12/2023 14:54,3/12/2023,1500,1600
3115981,3/12/2023 14:33,0,71.47,36.54,0,0,172625,3/12/2023 19:39,3/12/2023,1900,2000
3114070,3/12/2023 08:27,0,135.5,69.28,0,0,174268,3/12/2023 19:37,3/12/2023,1900,2000
3112985,2/12/2023 17:49,0,60.98,31.17,0,0,195773,3/12/2023 10:16,3/12/2023,1000,1100
3118811,4/12/2023 13:06,0,235.95,120.64,19.73,10.09,168217,4/12/2023 15:53,4/12/2023,1600,1700
3119247,4/12/2023 14:48,0,177.25,90.63,55.75,28.5,197851,4/12/2023 18:37,4/12/2023,1900,2000
3115333,3/12/2023 12:43,0,75.15,38.43,0,0,105754,4/12/2023 09:57,4/12/2023,1000,1100
3122449,5/12/2023 14:53,0,62.48,31.94,0,0,131585,5/12/2023 19:43,5/12/2023,1900,2000
3120243,4/12/2023 20:37,0,130.28,66.61,0,0,60372,5/12/2023 09:56,5/12/2023,1000,1100
3122239,5/12/2023 14:04,0,151.03,77.23,0,0,76538,5/12/2023 16:58,5/12/2023,1700,1800
3122723,5/12/2023 16:04,0,77.36,39.55,0,0,42331,5/12/2023 20:16,5/12/2023,2000,2100
3121075,5/12/2023 09:17,0,96.98,49.58,0,0,71589,5/12/2023 13:08,5/12/2023,1300,1400
3120997,5/12/2023 08:48,0,228.53,116.85,0,0,164145,5/12/2023 13:12,5/12/2023,1300,1400
3120522,4/12/2023 22:43,0,118.29,60.49,0,0,34942,5/12/2023 11:45,5/12/2023,1200,1300
3125398,6/12/2023 12:15,0,216.2,110.54,0,0,57007,6/12/2023 16:23,6/12/2023,1600,1700
3123516,5/12/2023 21:15,0,161.77,82.71,0,0,170391,6/12/2023 10:54,6/12/2023,1000,1100
3125090,6/12/2023 11:24,0,224.81,114.95,0,0,180579,6/12/2023 14:57,6/12/2023,1500,1600
3125162,6/12/2023 11:36,0,143.4,73.32,0,0,48964,6/12/2023 15:35,6/12/2023,1500,1600
3125706,6/12/2023 13:19,0,57.81,29.56,0,0,204887,6/12/2023 21:00,6/12/2023,2100,2200
3128297,7/12/2023 11:57,0,140.88,72.03,0,0,125761,7/12/2023 17:05,7/12/2023,1800,1900
3129432,7/12/2023 16:16,0,150.93,77.16,0,0,21207,7/12/2023 19:38,7/12/2023,1900,2000
3128886,7/12/2023 14:11,0,128.25,65.57,0,0,108696,7/12/2023 17:17,7/12/2023,1700,1800
3127072,6/12/2023 22:52,0,95.87,49.01,0,0,194665,7/12/2023 09:57,7/12/2023,1000,1100
3127829,7/12/2023 10:12,0,226.97,116.05,0,0,42524,7/12/2023 13:26,7/12/2023,1300,1400
3126190,6/12/2023 15:28,0,148.02,75.68,0,0,28494,7/12/2023 08:14,7/12/2023,800,900
3129966,7/12/2023 18:44,0,44.69,22.85,0,0,190718,8/12/2023 10:58,8/12/2023,1100,1200
3132082,8/12/2023 12:48,0,133.79,68.41,2.45,1.25,82031,8/12/2023 16:03,8/12/2023,1600,1700
3129999,7/12/2023 18:57,0,108.03,55.24,0,0,198921,8/12/2023 10:16,8/12/2023,1000,1100
3134183,9/12/2023 00:32,0,167.65,85.71,0,0,52516,9/12/2023 12:16,9/12/2023,1200,1300
3136900,9/12/2023 17:51,0,144.17,73.72,0,0,98882,9/12/2023 21:44,9/12/2023,2100,2200
3134772,9/12/2023 10:10,0,317.59,162.38,0,0,13581,9/12/2023 13:29,9/12/2023,1400,1500
3135237,9/12/2023 11:42,0,175.11,89.54,0,0,11616,9/12/2023 14:47,9/12/2023,1500,1600
3135911,9/12/2023 13:56,0,222.19,113.6,0,0,192282,9/12/2023 19:05,9/12/2023,1900,2000
3135506,9/12/2023 12:35,0,135.96,69.51,0,0,51612,9/12/2023 16:24,9/12/2023,1600,1700
3135191,9/12/2023 11:34,0,386.72,197.73,0,0,87259,9/12/2023 17:20,9/12/2023,1700,1800
3140151,10/12/2023 16:49,0,94.43,48.29,0,0,175222,10/12/2023 19:50,10/12/2023,2000,2100
3139572,10/12/2023 14:37,0,151.75,77.59,0,0,63282,10/12/2023 18:18,10/12/2023,1800,1900
3134207,9/12/2023 01:00,0,356.32,182.18,150.57,76.99,58049,10/12/2023 07:56,10/12/2023,800,900
3139408,10/12/2023 13:57,0,132.92,67.96,0,0,19526,10/12/2023 17:32,10/12/2023,1700,1800
3139177,10/12/2023 13:05,0,118.66,60.67,0,0,134855,10/12/2023 15:42,10/12/2023,1600,1700
3046782,12/11/2023 10:48,0,72.25,36.94,0,0,140949,12/11/2023 13:57,12/11/2023,1400,1500
3050649,13/11/2023 13:19,0,75.63,38.67,0,0,178368,13/11/2023 16:17,13/11/2023,1600,1700
3052011,13/11/2023 22:01,0,127.22,65.05,0,0,58117,14/11/2023 09:36,14/11/2023,900,1000
3052509,14/11/2023 08:41,0,39.02,19.95,0,0,11333,14/11/2023 16:37,14/11/2023,1700,1800
3053866,14/11/2023 15:19,0,72.8,37.22,11.21,5.74,47734,14/11/2023 17:59,14/11/2023,1800,1900
3058874,16/11/2023 11:07,0,86.66,44.31,0,0,192989,16/11/2023 13:48,16/11/2023,1300,1400
3067613,18/11/2023 23:01,0,208.33,106.53,70.52,36.05,64764,19/11/2023 12:47,19/11/2023,1300,1400
3068420,19/11/2023 10:15,1,47.84,24.45,0,0,202185,19/11/2023 16:53,19/11/2023,1600,1700
3075653,21/11/2023 15:44,0,53.11,27.16,14.5,7.41,43839,21/11/2023 18:19,21/11/2023,1800,1900
3103623,29/11/2023 19:46,0,78.08,39.92,0,0,88555,30/11/2023 11:27,30/11/2023,1200,1300
3106588,30/11/2023 18:08,0,148.94,76.15,14.26,7.29,186699,30/11/2023 21:18,30/11/2023,2100,2200
3107408,1/12/2023 02:17,0,176.37,90.18,0,0,193253,1/12/2023 11:17,1/12/2023,1100,1200
3111252,2/12/2023 10:57,0,407.78,208.49,0,0,98081,2/12/2023 15:28,2/12/2023,1500,1600
3115842,3/12/2023 14:07,0,86.43,44.19,0,0,194949,3/12/2023 19:20,3/12/2023,1900,2000
3120874,5/12/2023 07:36,0,128.02,65.45,0,0,20482,5/12/2023 12:29,5/12/2023,1200,1300
3138189,10/12/2023 09:48,0,89.52,45.77,0,0,46259,10/12/2023 13:08,10/12/2023,1300,1400
3142149,11/12/2023 12:25,0,36,18.41,0,0,50457,11/12/2023 16:07,11/12/2023,1600,1700
3143350,11/12/2023 18:02,0,105.18,53.78,0,0,157922,11/12/2023 20:36,11/12/2023,2000,2100
3142955,11/12/2023 15:55,0,149.05,76.21,0,0,161871,11/12/2023 18:01,11/12/2023,1800,1900
3143003,11/12/2023 16:09,0,42.14,21.55,0,0,177252,11/12/2023 18:30,11/12/2023,1800,1900
3146494,12/12/2023 18:59,0,92.3,47.19,0,0,168581,12/12/2023 21:47,12/12/2023,2100,2200
3146052,12/12/2023 16:28,0,78.13,39.95,0,0,195172,12/12/2023 19:55,12/12/2023,1900,2000
3145364,12/12/2023 13:09,0,172.77,88.34,0,0,61445,12/12/2023 18:18,12/12/2023,1800,1900
3144022,11/12/2023 23:18,0,53.06,27.13,0,0,20910,12/12/2023 10:23,12/12/2023,1000,1100
3147862,13/12/2023 11:42,0,247.15,126.37,0,0,7906,13/12/2023 13:54,13/12/2023,1400,1500
3146861,12/12/2023 22:51,0,396.92,202.95,0,0,192724,13/12/2023 10:27,13/12/2023,1100,1200
3147377,13/12/2023 09:31,0,135.15,69.1,30.91,15.8,38261,13/12/2023 11:37,13/12/2023,1200,1300
3147469,13/12/2023 09:57,0,302.97,154.91,30.92,15.81,30836,13/12/2023 19:25,13/12/2023,1900,2000
3148736,13/12/2023 15:22,0,338.92,173.29,0,0,139855,13/12/2023 18:13,13/12/2023,1800,1900
3146312,12/12/2023 17:54,0,244.31,124.91,0,0,72150,13/12/2023 09:17,13/12/2023,900,1000
3148308,13/12/2023 13:27,0,48.7,24.9,0,0,206122,13/12/2023 16:48,13/12/2023,1600,1700
3149045,13/12/2023 16:54,0,106.78,54.59,0,0,70675,13/12/2023 19:40,13/12/2023,1900,2000
3147172,13/12/2023 08:07,0,76.95,39.35,0,0,146769,13/12/2023 10:49,13/12/2023,1000,1100
3148512,13/12/2023 14:27,0,405.26,207.2,55.21,28.23,8877,13/12/2023 17:24,13/12/2023,1700,1800
3148117,13/12/2023 12:38,0,56.43,28.85,0,0,96146,13/12/2023 17:18,13/12/2023,1700,1800
3150935,14/12/2023 11:27,0,69.74,35.66,0,0,95343,14/12/2023 14:31,14/12/2023,1400,1500
3149483,13/12/2023 20:20,0,174.66,89.31,0,0,61912,14/12/2023 10:23,14/12/2023,1000,1100
3150715,14/12/2023 10:38,0,175.94,89.96,0,0,38733,14/12/2023 12:44,14/12/2023,1300,1400
3152100,14/12/2023 16:06,0,135.16,69.1,0,0,126755,14/12/2023 19:54,14/12/2023,1900,2000
3150783,14/12/2023 10:50,0,173.56,88.74,0,0,73141,14/12/2023 15:38,14/12/2023,1700,1800
3153445,15/12/2023 06:49,0,404.45,206.79,0,0,83350,15/12/2023 10:57,15/12/2023,1100,1200
3155312,15/12/2023 14:29,0,334.13,170.83,0,0,32878,15/12/2023 19:16,15/12/2023,1900,2000
3153995,15/12/2023 10:14,0,161.06,82.35,0,0,85752,15/12/2023 12:36,15/12/2023,1300,1400
3153759,15/12/2023 09:24,0,62.8,32.12,0,0,71674,15/12/2023 12:34,15/12/2023,1200,1300
3153196,14/12/2023 23:38,0,49.81,25.47,0,0,148925,15/12/2023 12:31,15/12/2023,1200,1300
3153302,15/12/2023 00:45,0,98.45,50.33,0,0,123868,15/12/2023 14:48,15/12/2023,1400,1500
3154997,15/12/2023 13:25,0,130.02,66.47,4.85,2.48,132742,15/12/2023 19:11,15/12/2023,1900,2000
3156188,15/12/2023 18:44,0,154.73,79.11,38.44,19.66,45716,16/12/2023 09:58,16/12/2023,1000,1100
3157085,16/12/2023 06:15,0,100.65,51.46,0,0,101876,16/12/2023 13:01,16/12/2023,1300,1400
3158225,16/12/2023 11:43,0,154.53,79.01,0,0,41711,16/12/2023 16:27,16/12/2023,1600,1700
3159216,16/12/2023 14:38,0,47.78,24.43,0,0,47734,16/12/2023 21:22,16/12/2023,2100,2200
3158068,16/12/2023 11:22,0,70.8,36.2,0,0,36451,16/12/2023 15:40,16/12/2023,1600,1700
3156163,15/12/2023 18:39,0,172.13,88.01,0,0,20908,16/12/2023 09:34,16/12/2023,900,1000
3157145,16/12/2023 07:48,0,135.61,69.34,0,0,9644,16/12/2023 12:52,16/12/2023,1300,1400
3156403,15/12/2023 20:15,0,102.38,52.35,0,0,21545,16/12/2023 09:58,16/12/2023,1000,1100
3157362,16/12/2023 09:10,0,300.15,153.47,28.51,14.57,195981,16/12/2023 13:43,16/12/2023,1300,1400
3155564,15/12/2023 15:34,0,133.24,68.12,0,0,99281,16/12/2023 08:06,16/12/2023,800,900
3160658,16/12/2023 22:58,0,141.41,72.31,95.75,48.95,54547,17/12/2023 14:43,17/12/2023,1400,1500
3162827,17/12/2023 15:24,0,208.24,106.47,0,0,20620,17/12/2023 21:19,17/12/2023,2100,2200
3160821,17/12/2023 00:49,0,173.38,88.65,0,0,104286,17/12/2023 14:28,17/12/2023,1400,1500
3161325,17/12/2023 09:51,0,190.7,97.51,28.01,14.32,69239,17/12/2023 15:21,17/12/2023,1500,1600
3159610,16/12/2023 16:17,0,153.34,78.41,0,0,49840,17/12/2023 16:57,17/12/2023,1700,1800
3161691,17/12/2023 11:12,0,140.3,71.74,0,0,168976,17/12/2023 19:24,17/12/2023,1900,2000
3159994,16/12/2023 18:14,0,104.1,53.23,0,0,162995,17/12/2023 12:10,17/12/2023,1200,1300
3162671,17/12/2023 14:44,0,172.58,88.24,0,0,22158,17/12/2023 20:50,17/12/2023,2100,2200
3162836,17/12/2023 15:26,0,93.52,47.82,0,0,162834,17/12/2023 22:22,17/12/2023,2200,2300
3161626,17/12/2023 11:01,0,191.97,98.16,0,0,139996,17/12/2023 16:55,17/12/2023,1700,1800
3161517,17/12/2023 10:36,0,178.12,91.08,0,0,100945,18/12/2023 10:06,18/12/2023,1000,1100
3165037,18/12/2023 11:44,0,310.94,158.98,0,0,63672,18/12/2023 17:15,18/12/2023,1700,1800
3164263,18/12/2023 08:02,0,135.04,69.04,0,0,45388,18/12/2023 13:15,18/12/2023,1300,1400
3163897,17/12/2023 22:52,0,84.02,42.97,6,3.07,178986,18/12/2023 13:16,18/12/2023,1300,1400
3164464,18/12/2023 09:18,0,138.39,70.75,0,0,37434,18/12/2023 17:25,18/12/2023,1700,1800
3163226,17/12/2023 17:51,0,341.23,174.47,0,0,138478,18/12/2023 10:49,18/12/2023,1000,1100
3163898,17/12/2023 22:52,0,75.32,38.51,0,0,28950,18/12/2023 12:21,18/12/2023,1200,1300
3165246,18/12/2023 12:40,0,169.62,86.72,0,0,93956,18/12/2023 17:17,18/12/2023,1700,1800
3165970,18/12/2023 15:40,0,179.32,91.68,0,0,185097,18/12/2023 20:25,18/12/2023,2000,2100
3165781,18/12/2023 14:52,0,131.69,67.33,0,0,45347,18/12/2023 19:22,18/12/2023,1900,2000
3169122,19/12/2023 15:09,0,153.98,78.72,0,0,96674,19/12/2023 17:46,19/12/2023,1800,1900
3169620,19/12/2023 17:29,0,193.61,99,0,0,59814,19/12/2023 20:46,19/12/2023,2000,2100
3169588,19/12/2023 17:16,0,138.79,70.96,0,0,94138,19/12/2023 20:51,19/12/2023,2000,2100
3166635,18/12/2023 19:23,0,227.18,116.16,0,0,179705,19/12/2023 10:59,19/12/2023,1100,1200
3167151,18/12/2023 23:29,0,189.96,97.12,0,0,64852,19/12/2023 11:31,19/12/2023,1100,1200
3169137,19/12/2023 15:13,0,90.07,46.05,0,0,30088,19/12/2023 17:49,19/12/2023,1800,1900
3169382,19/12/2023 16:15,0,149.68,76.54,0,0,155439,19/12/2023 19:38,19/12/2023,1900,2000
3169579,19/12/2023 17:14,0,56.1,28.69,0,0,143726,19/12/2023 20:59,19/12/2023,2000,2100
3166082,18/12/2023 16:08,0,143.2,73.21,0,0,123139,19/12/2023 17:53,19/12/2023,1700,1800
3171972,20/12/2023 12:56,0,167.71,85.75,0,0,71734,21/12/2023 12:57,21/12/2023,1200,1300
3177607,21/12/2023 20:55,0,111.4,56.96,0,0,75036,22/12/2023 17:03,22/12/2023,1700,1800
3180645,22/12/2023 14:44,0,115.21,58.9,0,0,73504,24/12/2023 17:21,24/12/2023,1700,1800
3188979,25/12/2023 11:17,0,155.61,79.56,0,0,70418,26/12/2023 11:20,26/12/2023,1100,1200
3189789,26/12/2023 08:48,0,68.58,35.06,0,0,176367,26/12/2023 14:02,26/12/2023,1400,1500
3195771,28/12/2023 15:00,0,73.56,37.62,0,0,145997,29/12/2023 09:26,29/12/2023,900,1000
3198705,29/12/2023 13:16,0,154.14,78.82,0,0,68028,29/12/2023 16:56,29/12/2023,1700,1800
3198827,29/12/2023 13:44,0,103.6,52.98,0,0,120533,29/12/2023 18:21,29/12/2023,1800,1900
3203951,30/12/2023 15:19,0,93.97,48.05,0,0,117712,31/12/2023 10:48,31/12/2023,1100,1200
3170125,19/12/2023 21:01,0,237.01,121.18,0,0,194530,20/12/2023 10:27,20/12/2023,1100,1200
3171813,20/12/2023 12:21,0,275.83,141.02,0,0,10500,20/12/2023 18:23,20/12/2023,1800,1900
3170702,20/12/2023 07:24,0,133.64,68.33,0,0,175314,20/12/2023 19:09,20/12/2023,1900,2000
3171513,20/12/2023 11:17,0,96.13,49.15,0,0,45411,20/12/2023 14:03,20/12/2023,1400,1500
3172896,20/12/2023 16:17,0,60.18,30.77,0,0,34813,20/12/2023 19:28,20/12/2023,1900,2000
3176505,21/12/2023 15:16,0,136.48,69.78,0,0,105838,21/12/2023 20:43,21/12/2023,2000,2100
3174675,21/12/2023 09:02,0,293.45,150.04,12.21,6.25,161945,21/12/2023 13:55,21/12/2023,1300,1400
3178196,22/12/2023 00:08,0,385,196.85,0,0,87008,22/12/2023 13:34,22/12/2023,1300,1400
3176885,21/12/2023 16:56,1,373.93,191.19,0,0,207473,22/12/2023 14:25,22/12/2023,1400,1500
3178330,22/12/2023 02:24,0,170.37,87.11,0,0,74012,22/12/2023 13:57,22/12/2023,1300,1400
3178099,21/12/2023 23:19,0,108.51,55.48,0,0,149342,22/12/2023 21:09,22/12/2023,2100,2200
3182232,22/12/2023 20:24,0,133.36,68.19,0,0,35472,23/12/2023 15:09,23/12/2023,1500,1600
3180721,22/12/2023 15:02,0,159.9,81.76,0,0,123401,23/12/2023 09:48,23/12/2023,900,1000
3181308,22/12/2023 17:06,0,140.63,71.9,0,0,126399,23/12/2023 11:57,23/12/2023,1200,1300
3171752,20/12/2023 12:09,0,325.39,166.37,0,0,8180,23/12/2023 10:17,23/12/2023,1000,1100
3180993,22/12/2023 15:54,0,232.13,118.68,23.94,12.23,167631,23/12/2023 11:05,23/12/2023,1100,1200
3183893,23/12/2023 10:06,0,133.84,68.44,0,0,48103,23/12/2023 18:43,23/12/2023,1800,1900
3184479,23/12/2023 11:31,0,41.27,21.1,0,0,65841,23/12/2023 20:25,23/12/2023,2000,2100
3182612,22/12/2023 22:01,0,107.23,54.83,0,0,69803,23/12/2023 14:07,23/12/2023,1400,1500
3184210,23/12/2023 10:55,0,196.71,100.58,0,0,8562,23/12/2023 18:54,23/12/2023,1900,2000
3185151,23/12/2023 13:06,0,180.52,92.31,32.62,16.68,193410,24/12/2023 09:34,24/12/2023,900,1000
3187158,23/12/2023 21:00,0,185.01,94.6,0,0,63688,24/12/2023 14:11,24/12/2023,1400,1500
3191019,26/12/2023 17:08,0,77.26,39.5,0,0,100945,26/12/2023 19:20,26/12/2023,2000,2100
3191096,26/12/2023 17:50,0,94.13,48.13,0,0,86586,26/12/2023 20:33,26/12/2023,2000,2100
3190573,26/12/2023 14:06,0,66.65,34.07,0,0,76823,26/12/2023 18:39,26/12/2023,1800,1900
3189427,25/12/2023 21:01,0,252.75,129.23,0,0,85203,26/12/2023 17:51,26/12/2023,1800,1900
3190780,26/12/2023 15:32,0,375.22,191.85,50.8,25.97,23525,26/12/2023 18:17,26/12/2023,1800,1900
3190214,26/12/2023 11:52,0,132.39,67.69,8.13,4.15,69937,26/12/2023 14:51,26/12/2023,1500,1600
3191090,26/12/2023 17:43,0,49.89,25.51,14.22,7.27,16173,26/12/2023 20:58,26/12/2023,2000,2100
3190225,26/12/2023 11:57,0,78.86,40.32,0,0,58080,26/12/2023 16:57,26/12/2023,1700,1800
3192951,27/12/2023 14:42,0,134.06,68.55,0,0,165502,27/12/2023 17:21,27/12/2023,1700,1800
3193148,27/12/2023 15:43,0,62.39,31.91,0,0,179011,27/12/2023 18:39,27/12/2023,1800,1900
3192646,27/12/2023 13:15,0,73.86,37.77,0,0,181021,27/12/2023 16:32,27/12/2023,1600,1700
3192474,27/12/2023 12:18,0,104.23,53.29,0,0,164010,27/12/2023 19:21,27/12/2023,1900,2000
3193021,27/12/2023 15:03,0,181.43,92.76,0,0,191073,27/12/2023 18:09,27/12/2023,1800,1900
3193219,27/12/2023 16:11,0,150.57,76.99,0,0,150086,27/12/2023 21:09,27/12/2023,2100,2200
3196271,28/12/2023 17:25,0,47.94,24.51,0,0,203468,28/12/2023 21:12,28/12/2023,2100,2200
3194626,28/12/2023 10:15,0,133.86,68.44,0,0,122407,28/12/2023 14:57,28/12/2023,1500,1600
3195378,28/12/2023 13:22,0,216.09,110.48,0,0,193293,28/12/2023 15:28,28/12/2023,1600,1700
3195577,28/12/2023 14:12,0,217.07,110.99,0,0,76873,28/12/2023 17:19,28/12/2023,1700,1800
3197990,29/12/2023 10:49,0,349.68,178.78,0,0,7951,29/12/2023 13:25,29/12/2023,1300,1400
3198119,29/12/2023 11:20,0,125.53,64.18,0,0,99523,29/12/2023 19:37,29/12/2023,1900,2000
3199481,29/12/2023 16:00,0,74.95,38.31,0,0,82841,29/12/2023 20:34,29/12/2023,2000,2100
3197483,29/12/2023 08:00,0,292.36,149.48,0,0,66994,29/12/2023 11:44,29/12/2023,1200,1300
3199647,29/12/2023 16:29,1,275.26,140.73,0,0,208398,30/12/2023 09:19,30/12/2023,900,1000
3203590,30/12/2023 14:22,0,57.13,29.21,0,0,181703,30/12/2023 18:01,30/12/2023,1800,1900
3201204,30/12/2023 00:30,0,154.29,78.88,0,0,160092,30/12/2023 12:10,30/12/2023,1200,1300
3203839,30/12/2023 14:59,0,125.68,64.26,0,0,168118,30/12/2023 20:10,30/12/2023,2000,2100
3202921,30/12/2023 12:43,0,45.71,23.37,0,0,10616,30/12/2023 19:19,30/12/2023,1900,2000
3200704,29/12/2023 21:24,0,74.4,38.03,0,0,182473,30/12/2023 10:16,30/12/2023,1000,1100
3201626,30/12/2023 08:58,0,97.57,49.89,0,0,104298,30/12/2023 12:13,30/12/2023,1200,1300
3200921,29/12/2023 22:30,0,128.18,65.53,0,0,71675,30/12/2023 12:18,30/12/2023,1200,1300
3206254,31/12/2023 04:52,0,28.52,14.59,0,0,136521,31/12/2023 09:15,31/12/2023,900,1000
3206812,31/12/2023 10:48,0,132.85,67.93,0,0,69239,31/12/2023 15:05,31/12/2023,1500,1600
3207271,31/12/2023 12:46,1,46.21,23.63,0,0,198658,31/12/2023 15:45,31/12/2023,1500,1600
3205964,30/12/2023 23:39,0,133.2,68.11,0,0,69437,31/12/2023 12:18,31/12/2023,1200,1300
3206972,31/12/2023 11:29,0,40.41,20.66,0,0,49033,31/12/2023 15:20,31/12/2023,1500,1600
3205760,30/12/2023 22:20,0,341.49,174.6,0,0,62183,31/12/2023 10:32,31/12/2023,1200,1300
3207452,31/12/2023 13:51,0,70.19,35.89,0,0,41189,31/12/2023 17:15,31/12/2023,1700,1800
3207379,31/12/2023 13:23,0,71.87,36.74,0,0,103273,31/12/2023 16:10,31/12/2023,1600,1700
3206583,31/12/2023 09:46,0,78.57,40.17,0,0,165240,31/12/2023 13:52,31/12/2023,1400,1500
3184388,23/12/2023 11:20,0,136,69.53,0,0,87348,23/12/2023 20:33,23/12/2023,2000,2100
3200924,29/12/2023 22:31,0,143.42,73.33,0,0,17964,30/12/2023 08:23,30/12/2023,800,900
3016391,2/11/2023 12:05,0,56.8,29.04,0,0,9647,2/11/2023 17:00,2/11/2023,1600,1700
3140120,10/12/2023 16:40,0,64.79,33.13,0,0,71923,10/12/2023 21:00,10/12/2023,2000,2100
2319763,24/1/2023 15:15,0,59.38,30.36,0,0,103979,24/1/2023 20:01,24/1/2023,1900,2000
2358556,7/2/2023 17:08,0,251.71,128.7,0,0,76678,7/2/2023 22:01,7/2/2023,2100,2200
2417456,2/3/2023 12:01,0,100.27,51.26,0,0,112393,2/3/2023 16:01,2/3/2023,1500,1600
2750602,17/7/2023 19:17,0,58.91,30.13,0,0,63295,18/7/2023 09:01,18/7/2023,800,900
2348194,4/2/2023 09:46,0,83.54,42.72,0,0,62899,4/2/2023 19:02,4/2/2023,1800,1900
2359922,8/2/2023 10:17,0,92.6,47.34,0,0,71585,8/2/2023 14:02,8/2/2023,1300,1400
2466816,21/3/2023 10:19,0,27.97,14.3,0,0,7539,21/3/2023 19:02,21/3/2023,1800,1900
3182475,22/12/2023 21:26,0,315.72,161.43,0,0,70338,23/12/2023 18:02,23/12/2023,1700,1800
2429077,6/3/2023 17:44,0,117.75,60.2,0,0,83437,6/3/2023 21:03,6/3/2023,2000,2100
2613614,18/5/2023 16:35,0,128.98,65.94,0,0,172535,18/5/2023 21:03,18/5/2023,2000,2100
2718518,3/7/2023 11:31,0,241.26,123.35,0,0,177317,3/7/2023 15:03,3/7/2023,1400,1500
2725680,6/7/2023 15:05,0,220.06,112.52,107.67,55.05,73361,6/7/2023 18:03,6/7/2023,1700,1800
2727474,7/7/2023 12:48,0,56.89,29.08,0,0,28472,7/7/2023 18:03,7/7/2023,1700,1800
2978073,19/10/2023 14:08,0,226.54,115.83,0,0,104621,19/10/2023 18:03,19/10/2023,1700,1800
3091532,26/11/2023 11:23,0,156.92,80.23,0,0,142341,26/11/2023 15:03,26/11/2023,1400,1500
2372419,12/2/2023 15:27,0,263.77,134.86,0,0,24825,12/2/2023 20:05,12/2/2023,1900,2000
2410701,27/2/2023 16:54,0,78.47,40.12,0,0,31768,27/2/2023 20:04,27/2/2023,1900,2000
3030536,6/11/2023 23:46,0,99.06,50.64,0,0,182984,7/11/2023 12:05,7/11/2023,1100,1200
2487226,29/3/2023 11:33,0,156.66,80.1,0,0,9406,29/3/2023 15:05,29/3/2023,1400,1500
2490482,30/3/2023 15:29,0,95.67,48.92,0,0,139081,30/3/2023 18:06,30/3/2023,1700,1800
3022578,4/11/2023 11:34,0,90.77,46.41,0,0,147802,4/11/2023 18:05,4/11/2023,1700,1800
3089994,25/11/2023 22:15,0,127.33,65.1,0,0,194380,26/11/2023 13:05,26/11/2023,1200,1300
3101678,29/11/2023 10:54,0,112.05,57.29,0,0,159679,29/11/2023 15:05,29/11/2023,1400,1500
2306458,19/1/2023 15:59,0,51.84,26.51,0,0,151986,19/1/2023 20:06,19/1/2023,1900,2000
2612312,18/5/2023 10:25,0,101.61,51.95,0,0,100945,18/5/2023 18:06,18/5/2023,1700,1800
2882262,13/9/2023 17:23,0,231.44,118.33,0,0,146045,13/9/2023 21:06,13/9/2023,2000,2100
2985472,22/10/2023 10:25,0,281.23,143.79,0,0,10969,22/10/2023 14:07,22/10/2023,1300,1400
2407696,26/2/2023 14:02,0,351.42,179.68,0,0,70277,26/2/2023 18:07,26/2/2023,1700,1800
2470215,22/3/2023 15:28,0,79.79,40.79,0,0,102777,22/3/2023 19:07,22/3/2023,1800,1900
2850543,31/8/2023 14:30,0,145.87,74.59,0,0,20162,31/8/2023 18:07,31/8/2023,1700,1800
3126635,6/12/2023 18:27,0,46.91,23.98,0,0,170325,7/12/2023 09:07,7/12/2023,800,900
2351332,5/2/2023 10:32,0,92.9,47.5,0,0,148380,5/2/2023 15:08,5/2/2023,1400,1500
2589295,9/5/2023 12:18,0,130.38,66.66,0,0,161078,9/5/2023 16:08,9/5/2023,1500,1600
2597973,12/5/2023 15:38,0,132.13,67.55,0,0,29762,12/5/2023 19:08,12/5/2023,1800,1900
2627648,24/5/2023 18:48,0,74.81,38.25,0,0,81342,24/5/2023 22:08,24/5/2023,2100,2200
2846526,29/8/2023 17:59,0,58.74,30.03,0,0,29549,29/8/2023 22:09,29/8/2023,2100,2200
2275697,7/1/2023 14:52,0,70.71,36.16,0,0,157964,7/1/2023 19:09,7/1/2023,1800,1900
2892708,17/9/2023 16:23,0,57.42,29.35,0,0,91081,17/9/2023 22:09,17/9/2023,2100,2200
2264541,2/1/2023 23:40,0,47.78,24.44,0,0,7801,3/1/2023 18:10,3/1/2023,1700,1800
2317201,23/1/2023 15:34,0,122.5,62.63,0,0,86586,23/1/2023 19:10,23/1/2023,1800,1900
2520204,10/4/2023 16:40,0,74.78,38.23,0,0,29549,10/4/2023 20:10,10/4/2023,1900,2000
2540491,19/4/2023 12:03,0,96.7,49.44,0,0,56865,19/4/2023 16:10,19/4/2023,1500,1600
2766641,25/7/2023 09:52,0,96.53,49.35,0,0,100891,25/7/2023 13:11,25/7/2023,1200,1300
2901361,21/9/2023 11:21,0,49.43,25.27,0,0,164010,21/9/2023 18:10,21/9/2023,1700,1800
2924514,30/9/2023 11:02,0,205.16,104.9,0,0,184442,30/9/2023 15:11,30/9/2023,1400,1500
3027024,5/11/2023 17:53,0,243.58,124.54,0,0,142129,5/11/2023 22:10,5/11/2023,2100,2200
2483140,27/3/2023 18:10,0,81.25,41.54,0,0,123632,28/3/2023 10:11,28/3/2023,900,1000
2702444,25/6/2023 17:52,1,105.56,53.97,0,0,53289,25/6/2023 22:11,25/6/2023,2100,2200
2723706,5/7/2023 16:06,0,241.36,123.41,7.26,3.72,28732,5/7/2023 20:11,5/7/2023,1900,2000
2986397,22/10/2023 14:12,0,70.07,35.82,0,0,50457,22/10/2023 18:11,22/10/2023,1700,1800
2264774,3/1/2023 08:57,0,127.92,65.4,0,0,18490,3/1/2023 13:12,3/1/2023,1200,1300
2302288,17/1/2023 23:38,0,204.26,104.43,0,0,21684,18/1/2023 11:12,18/1/2023,1000,1100
2621525,22/5/2023 00:52,0,62.32,31.87,16.82,8.6,41397,22/5/2023 11:12,22/5/2023,1000,1100
2886317,15/9/2023 12:12,0,81.24,41.54,0,0,88962,15/9/2023 18:12,15/9/2023,1700,1800
2274597,7/1/2023 06:07,0,188.21,96.23,0,0,92599,7/1/2023 13:13,7/1/2023,1200,1300
2460579,18/3/2023 17:48,0,152.57,78.01,0,0,102416,19/3/2023 19:13,19/3/2023,1800,1900
2481203,27/3/2023 09:15,0,136.11,69.59,0,0,31229,27/3/2023 13:13,27/3/2023,1200,1300
2554198,24/4/2023 18:56,0,85.45,43.69,0,0,126832,24/4/2023 22:13,24/4/2023,2100,2200
2823605,19/8/2023 21:01,0,129.48,66.21,0,0,167632,20/8/2023 09:13,20/8/2023,800,900
2900275,20/9/2023 19:46,0,96.9,49.55,0,0,10395,21/9/2023 09:13,21/9/2023,800,900
2939767,5/10/2023 22:20,0,140.33,71.75,0,0,154448,6/10/2023 14:13,6/10/2023,1300,1400
3098891,28/11/2023 12:48,0,89.22,45.62,0,0,81220,28/11/2023 19:13,28/11/2023,1800,1900
2361388,8/2/2023 17:45,0,128.31,65.61,0,0,92874,8/2/2023 22:14,8/2/2023,2100,2200
2575097,3/5/2023 13:42,0,170.43,87.14,0,0,73121,3/5/2023 20:14,3/5/2023,1900,2000
2749641,17/7/2023 13:38,0,136.24,69.66,0,0,66678,17/7/2023 17:14,17/7/2023,1600,1700
2825911,20/8/2023 19:51,0,211.56,108.17,0,0,19268,21/8/2023 10:14,21/8/2023,900,1000
3020304,3/11/2023 16:02,0,34.44,17.61,0,0,59930,3/11/2023 20:14,3/11/2023,1900,2000
2395745,21/2/2023 17:55,0,56.55,28.92,0,0,36972,21/2/2023 22:15,21/2/2023,2100,2200
2446475,13/3/2023 12:31,0,129.45,66.19,0,0,84866,13/3/2023 16:15,13/3/2023,1500,1600
2500191,3/4/2023 12:13,0,165.59,84.67,0,0,76872,4/4/2023 11:15,4/4/2023,1000,1100
2814050,15/8/2023 15:20,0,142.4,72.8,69.21,35.39,120641,15/8/2023 19:15,15/8/2023,1800,1900
2860457,4/9/2023 16:37,0,180.67,92.37,0,0,95208,4/9/2023 20:16,4/9/2023,1900,2000
2789840,4/8/2023 16:55,0,318.57,162.88,0,0,26101,4/8/2023 21:16,4/8/2023,2000,2100
2949914,9/10/2023 13:42,0,159.04,81.31,0,0,29549,9/10/2023 19:17,9/10/2023,1800,1900
2447050,13/3/2023 15:47,0,168.22,86.01,0,0,137584,13/3/2023 19:18,13/3/2023,1800,1900
2475010,24/3/2023 15:57,0,210.02,107.38,0,0,11187,25/3/2023 11:18,25/3/2023,1000,1100
2953065,10/10/2023 15:53,0,177.74,90.88,0,0,15570,10/10/2023 20:18,10/10/2023,1900,2000
3175732,21/12/2023 12:21,0,73.27,37.46,0,0,180267,21/12/2023 17:18,21/12/2023,1600,1700
3173111,20/12/2023 17:15,0,185.58,94.88,0,0,49895,20/12/2023 21:20,20/12/2023,2000,2100
2311219,21/1/2023 12:28,0,63.23,32.34,0,0,56515,21/1/2023 16:20,21/1/2023,1500,1600
2328659,27/1/2023 20:30,0,106.78,54.6,0,0,110901,28/1/2023 09:20,28/1/2023,800,900
2915101,26/9/2023 15:29,0,260.35,133.12,0,0,66320,26/9/2023 19:20,26/9/2023,1800,1900
2412629,28/2/2023 13:28,0,113.83,58.2,0,0,105653,28/2/2023 17:21,28/2/2023,1600,1700
2782556,1/8/2023 14:16,0,170.83,87.35,0,0,134098,1/8/2023 17:22,1/8/2023,1600,1700
2927756,1/10/2023 12:37,0,91.09,46.57,0,0,193888,1/10/2023 19:21,1/10/2023,1800,1900
2876762,11/9/2023 14:04,0,187.07,95.65,0,0,149171,11/9/2023 17:22,11/9/2023,1600,1700
2960528,13/10/2023 12:53,0,149.04,76.21,0,0,57130,13/10/2023 17:22,13/10/2023,1600,1700
2262477,1/1/2023 23:33,0,78.46,40.12,0,0,85871,2/1/2023 13:23,2/1/2023,1200,1300
2676646,14/6/2023 12:49,0,95.44,48.8,0,0,20482,14/6/2023 16:23,14/6/2023,1500,1600
2934838,4/10/2023 05:34,0,209.3,107.01,0,0,121855,4/10/2023 20:23,4/10/2023,1900,2000
2321933,25/1/2023 13:49,0,97.63,49.91,0,0,99382,25/1/2023 19:24,25/1/2023,1800,1900
2630570,26/5/2023 07:02,0,265.2,135.59,0,0,83487,26/5/2023 12:24,26/5/2023,1100,1200
2815503,16/8/2023 11:16,0,47.14,24.1,0,0,150954,16/8/2023 14:24,16/8/2023,1300,1400
2952899,10/10/2023 15:08,0,67.32,34.41,0,0,117587,10/10/2023 19:24,10/10/2023,1800,1900
2956280,11/10/2023 19:33,0,93.07,47.58,0,0,123966,13/10/2023 19:25,13/10/2023,1800,1900
2361222,8/2/2023 16:35,0,51.6,26.38,0,0,159065,8/2/2023 21:26,8/2/2023,2000,2100
2762312,23/7/2023 11:19,0,201.34,102.94,0,0,141334,23/7/2023 14:27,23/7/2023,1300,1400
3098959,28/11/2023 13:06,0,148.13,75.73,0,0,47734,28/11/2023 19:26,28/11/2023,1800,1900
2279105,8/1/2023 23:50,0,201.28,102.92,0,0,157216,9/1/2023 13:27,9/1/2023,1200,1300
2598440,12/5/2023 18:31,0,141.69,72.44,0,0,79501,12/5/2023 22:27,12/5/2023,2100,2200
2687390,18/6/2023 15:52,0,104,53.18,0,0,19325,18/6/2023 23:28,18/6/2023,2200,2300
2731732,9/7/2023 12:40,0,124.56,63.69,0,0,70854,9/7/2023 21:28,9/7/2023,2000,2100
2771308,27/7/2023 11:16,0,97.88,50.05,0,0,182230,27/7/2023 15:28,27/7/2023,1400,1500
2780106,31/7/2023 13:01,0,174.13,89.04,0,0,149342,31/7/2023 16:28,31/7/2023,1500,1600
2677495,14/6/2023 17:51,0,49.68,25.41,0,0,30217,15/6/2023 09:29,15/6/2023,800,900
2865366,6/9/2023 17:58,0,64.95,33.21,0,0,83229,6/9/2023 22:29,6/9/2023,2100,2200
2946331,8/10/2023 11:16,0,62,31.7,0,0,191502,8/10/2023 15:29,8/10/2023,1400,1500
2760363,22/7/2023 12:19,0,206.44,105.55,0,0,153988,22/7/2023 16:30,22/7/2023,1500,1600
2271082,5/1/2023 16:10,0,139.27,71.21,0,0,27829,5/1/2023 21:32,5/1/2023,2000,2100
2827958,21/8/2023 16:17,0,316.87,162.02,137.46,70.28,89409,21/8/2023 20:32,21/8/2023,1900,2000
2958694,12/10/2023 17:22,0,260.57,133.23,0,0,132688,13/10/2023 10:32,13/10/2023,900,1000
3070026,19/11/2023 16:48,0,112.04,57.29,0,0,187365,20/11/2023 11:32,20/11/2023,1000,1100
2618405,20/5/2023 18:02,0,158.26,80.92,0,0,69220,20/5/2023 22:34,20/5/2023,2100,2200
3129818,7/12/2023 17:56,0,57.59,29.44,0,0,64956,7/12/2023 22:34,7/12/2023,2100,2200
2938095,5/10/2023 11:50,0,339.42,173.55,0,0,154475,5/10/2023 17:36,5/10/2023,1600,1700
2801537,9/8/2023 23:23,0,521.14,266.46,0,0,138478,10/8/2023 11:36,10/8/2023,1000,1100
2375366,13/2/2023 16:45,0,132.31,67.65,0,0,37682,13/2/2023 20:37,13/2/2023,1900,2000
2797497,8/8/2023 07:16,0,120.53,61.63,0,0,189410,8/8/2023 12:37,8/8/2023,1100,1200
3098693,28/11/2023 12:04,0,126.74,64.8,0,0,66858,28/11/2023 22:37,28/11/2023,2100,2200
2466767,21/3/2023 10:00,0,157.25,80.4,0,0,57468,21/3/2023 20:40,21/3/2023,1900,2000
2978092,19/10/2023 14:13,0,43.66,22.32,0,0,29549,19/10/2023 18:40,19/10/2023,1700,1800
3037626,9/11/2023 12:01,0,161.4,82.52,0,0,198049,9/11/2023 17:40,9/11/2023,1600,1700
3154700,15/12/2023 12:35,0,322.3,164.78,0,0,105457,15/12/2023 16:40,15/12/2023,1500,1600
2886235,15/9/2023 11:48,0,402.11,205.59,0,0,31535,15/9/2023 15:42,15/9/2023,1400,1500
3098270,28/11/2023 10:36,0,83.78,42.83,39.28,20.08,79205,28/11/2023 16:42,28/11/2023,1500,1600
2319679,24/1/2023 14:50,0,90.17,46.11,0,0,33446,24/1/2023 18:43,24/1/2023,1700,1800
3003608,28/10/2023 17:27,0,126.91,64.89,0,0,159729,28/10/2023 21:43,28/10/2023,2000,2100
3167086,18/12/2023 22:55,0,328.03,167.72,79.99,40.9,25609,19/12/2023 11:43,19/12/2023,1000,1100
2814220,15/8/2023 16:23,0,201.01,102.77,29.84,15.26,139509,15/8/2023 21:44,15/8/2023,2000,2100
2502145,3/4/2023 23:01,0,57.05,29.17,0,0,140498,4/4/2023 11:46,4/4/2023,1000,1100
2574077,3/5/2023 08:31,0,62.97,32.19,0,0,175359,3/5/2023 12:46,3/5/2023,1100,1200
2264254,2/1/2023 19:54,0,38.54,19.7,0,0,91897,3/1/2023 12:47,3/1/2023,1100,1200
2274854,7/1/2023 10:18,0,98.89,50.56,0,0,111365,7/1/2023 14:47,7/1/2023,1300,1400
2814868,15/8/2023 23:03,0,209.91,107.33,0,0,26887,16/8/2023 11:47,16/8/2023,1000,1100
2850291,31/8/2023 13:09,0,62.72,32.07,0,0,73504,31/8/2023 20:47,31/8/2023,1900,2000
2855608,2/9/2023 17:27,0,83.25,42.56,0,0,106118,2/9/2023 21:48,2/9/2023,2000,2100
2635941,28/5/2023 12:11,0,207.66,106.18,0,0,172557,28/5/2023 16:53,28/5/2023,1500,1600
2357185,7/2/2023 10:49,0,70.63,36.12,0,0,127633,7/2/2023 21:54,7/2/2023,2000,2100
2493181,31/3/2023 16:12,0,189.42,96.85,21.9,11.19,9316,31/3/2023 23:03,31/3/2023,2100,2200
2269402,4/1/2023 22:32,0,133.55,68.29,0,0,87883,5/1/2023 15:06,5/1/2023,1300,1400
3039314,9/11/2023 22:13,0,86.92,44.44,0,0,71479,10/11/2023 12:07,10/11/2023,1000,1100
2263062,2/1/2023 11:14,0,141.48,72.33,0,0,42423,2/1/2023 18:10,2/1/2023,1600,1700
3068422,19/11/2023 10:16,0,241.03,123.23,8.55,4.37,200261,19/11/2023 18:16,19/11/2023,1600,1700
2853548,1/9/2023 18:34,0,33.94,17.36,0,0,97027,2/9/2023 10:17,2/9/2023,800,900
2364076,9/2/2023 17:09,0,148.01,75.68,0,0,142492,9/2/2023 23:22,9/2/2023,2000,2100
2261901,1/1/2023 14:44,0,7.06,3.61,0,0,9312,2/1/2023 09:02,2/1/2023,900,1000
2262656,2/1/2023 08:19,0,27.42,14.02,0,0,144964,2/1/2023 14:47,2/1/2023,1300,1400
2263211,2/1/2023 11:56,0,3.17,1.61,0,0,63077,2/1/2023 16:17,2/1/2023,1600,1700
2265432,3/1/2023 12:16,0,24.81,12.69,0,0,35806,3/1/2023 16:37,3/1/2023,1600,1700
2265590,3/1/2023 12:56,0,2.2,1.12,0,0,10199,3/1/2023 16:05,3/1/2023,1600,1700
2265877,3/1/2023 14:19,0,15.83,8.09,0,0,89206,3/1/2023 17:07,3/1/2023,1700,1800
2266427,3/1/2023 17:28,0,16.34,8.35,0,0,11418,3/1/2023 21:23,3/1/2023,2100,2200
2266218,3/1/2023 16:10,0,4.44,2.26,0,0,8309,3/1/2023 21:04,3/1/2023,2000,2100
2268313,4/1/2023 14:20,0,233.56,119.41,0,0,36460,4/1/2023 16:21,4/1/2023,1600,1700
2269042,4/1/2023 19:08,0,18.61,9.51,0,0,46126,5/1/2023 10:31,5/1/2023,1000,1100
2269459,4/1/2023 23:06,0,3.06,1.57,0,0,144700,5/1/2023 15:57,5/1/2023,1600,1700
2269677,5/1/2023 07:31,0,5.28,2.7,0,0,31958,5/1/2023 12:13,5/1/2023,1200,1300
2269920,5/1/2023 09:46,0,12.03,6.15,0,0,9637,5/1/2023 13:22,5/1/2023,1300,1400
2272769,6/1/2023 12:04,0,65.95,33.72,0,0,71112,6/1/2023 19:00,6/1/2023,1800,1900
2272043,6/1/2023 06:44,0,26.53,13.57,0,0,7756,6/1/2023 17:12,6/1/2023,1700,1800
2271587,5/1/2023 20:07,0,14.03,7.18,0,0,10014,6/1/2023 09:03,6/1/2023,900,1000
2272735,6/1/2023 11:54,0,4.8,2.45,0,0,53448,6/1/2023 15:06,6/1/2023,1400,1500
2273475,6/1/2023 15:35,0,8.25,4.22,0,0,49639,6/1/2023 18:56,6/1/2023,1900,2000
2273400,6/1/2023 15:15,0,8.9,4.56,0,0,164566,6/1/2023 19:21,6/1/2023,1800,1900
2275418,7/1/2023 13:23,0,10.16,5.2,0,0,110059,7/1/2023 17:58,7/1/2023,1700,1800
2276514,7/1/2023 20:56,0,23.13,11.83,0,0,53325,8/1/2023 09:25,8/1/2023,900,1000
2275999,7/1/2023 16:39,0,1.97,1.01,0,0,52236,7/1/2023 20:24,7/1/2023,2000,2100
2276215,7/1/2023 17:52,0,27.32,13.97,0,0,133787,7/1/2023 20:23,7/1/2023,2000,2100
2276503,7/1/2023 20:52,0,23.06,11.79,0,0,97027,8/1/2023 09:00,8/1/2023,900,1000
2277214,8/1/2023 10:29,0,4.17,2.14,0,0,40403,8/1/2023 13:39,8/1/2023,1300,1400
2277975,8/1/2023 14:09,0,34.53,17.65,0,0,53605,8/1/2023 17:12,8/1/2023,1700,1800
2277774,8/1/2023 13:10,0,5.3,2.71,0,0,92625,8/1/2023 17:05,8/1/2023,1700,1800
2278999,8/1/2023 22:19,0,63.11,32.27,0,0,153879,9/1/2023 21:04,9/1/2023,2100,2200
2281115,9/1/2023 18:40,0,6.04,3.09,0,0,102730,10/1/2023 11:50,10/1/2023,1100,1200
2281718,10/1/2023 07:30,0,10.76,5.5,0,0,45686,10/1/2023 10:21,10/1/2023,1000,1100
2282175,10/1/2023 10:49,0,4.45,2.27,0,0,92754,10/1/2023 13:47,10/1/2023,1300,1400
2282733,10/1/2023 13:18,0,11.02,5.64,0,0,141341,10/1/2023 16:50,10/1/2023,1500,1600
2282714,10/1/2023 13:13,0,10.94,5.6,0,0,117935,10/1/2023 19:30,10/1/2023,1800,1900
2283568,10/1/2023 17:06,0,45.25,23.14,0,0,16776,10/1/2023 21:11,10/1/2023,2000,2100
2284457,11/1/2023 07:53,0,27.37,14,0,0,57925,11/1/2023 17:18,11/1/2023,1700,1800
2285195,11/1/2023 12:37,0,16.43,8.4,0,0,50893,11/1/2023 18:47,11/1/2023,1800,1900
2285679,11/1/2023 15:09,0,2.89,1.48,0,0,8846,11/1/2023 19:02,11/1/2023,1800,1900
2285874,11/1/2023 16:13,0,6.73,3.44,0,0,62508,11/1/2023 19:39,11/1/2023,1900,2000
2286832,12/1/2023 00:35,0,2.53,1.3,0,0,82166,12/1/2023 13:11,12/1/2023,1300,1400
2288851,12/1/2023 17:39,0,33.52,17.13,0,0,26614,12/1/2023 20:09,12/1/2023,2000,2100
2289055,12/1/2023 19:38,0,8.55,4.37,0,0,14870,13/1/2023 10:06,13/1/2023,1000,1100
2290908,13/1/2023 14:52,0,21.9,11.19,0,0,26972,13/1/2023 18:55,13/1/2023,1900,2000
2290965,13/1/2023 15:11,0,49.4,25.26,0,0,143327,14/1/2023 14:16,14/1/2023,1400,1500
2293624,14/1/2023 15:13,0,8.89,4.54,0,0,110055,14/1/2023 18:50,14/1/2023,1900,2000
2294335,14/1/2023 18:55,0,48.04,24.56,0,0,48256,14/1/2023 21:38,14/1/2023,2100,2200
2294999,15/1/2023 08:07,0,56.86,29.08,0,0,37682,15/1/2023 10:36,15/1/2023,1000,1100
2295106,15/1/2023 09:24,0,48.56,24.83,0,0,69108,15/1/2023 14:16,15/1/2023,1400,1500
2295059,15/1/2023 08:57,0,27.9,14.27,0,0,102801,15/1/2023 17:07,15/1/2023,1700,1800
2295654,15/1/2023 12:04,0,8.43,4.31,0,0,101768,15/1/2023 18:51,15/1/2023,1800,1900
2295725,15/1/2023 12:22,0,2.91,1.49,0,0,104973,15/1/2023 15:47,15/1/2023,1500,1600
2296800,15/1/2023 17:33,0,15.64,7.99,0,0,124031,15/1/2023 20:02,15/1/2023,2000,2100
2297377,15/1/2023 23:41,0,38.65,19.76,0,0,156782,16/1/2023 11:08,16/1/2023,1100,1200
2297709,16/1/2023 09:24,0,5.17,2.65,0,0,166502,16/1/2023 13:55,16/1/2023,1400,1500
2297911,16/1/2023 10:31,0,8.65,4.42,0,0,18256,16/1/2023 14:15,16/1/2023,1300,1400
2298055,16/1/2023 11:08,0,14.41,7.37,0,0,8257,16/1/2023 17:54,16/1/2023,1700,1800
2298441,16/1/2023 13:00,0,21.61,11.05,0,0,167149,16/1/2023 15:07,16/1/2023,1500,1600
2299142,16/1/2023 16:27,0,11.44,5.86,0,0,11505,16/1/2023 19:02,16/1/2023,1800,1900
2300161,17/1/2023 08:14,0,5.07,2.6,0,0,123784,17/1/2023 11:31,17/1/2023,1100,1200
2302534,18/1/2023 08:46,0,13.75,7.03,0,0,123899,18/1/2023 11:48,18/1/2023,1200,1300
2302299,17/1/2023 23:43,0,0,0,0,0,92770,18/1/2023 11:01,18/1/2023,1000,1100
2302511,18/1/2023 08:33,0,4.79,2.45,0,0,141486,18/1/2023 14:18,18/1/2023,1500,1600
2302591,18/1/2023 09:09,0,5.05,2.58,0,0,22506,18/1/2023 10:52,18/1/2023,1100,1200
2302745,18/1/2023 10:02,0,6.48,3.31,0,0,88277,18/1/2023 15:20,18/1/2023,1500,1600
2302887,18/1/2023 10:48,0,6.65,3.41,0,0,71540,18/1/2023 16:04,18/1/2023,1600,1700
2303808,18/1/2023 15:25,0,3.46,1.77,0,0,169006,18/1/2023 19:20,18/1/2023,1900,2000
2304019,18/1/2023 16:38,0,11.55,5.91,0,0,161459,18/1/2023 19:32,18/1/2023,1900,2000
2304899,19/1/2023 05:49,0,65.94,33.72,0,0,25390,19/1/2023 14:42,19/1/2023,1500,1600
2306735,19/1/2023 17:50,0,27.35,13.98,0,0,54634,19/1/2023 20:32,19/1/2023,2000,2100
2307651,20/1/2023 08:38,0,4.57,2.34,0,0,51707,20/1/2023 12:39,20/1/2023,1200,1300
2309840,20/1/2023 19:21,0,6.2,3.17,0,0,85509,21/1/2023 09:16,21/1/2023,1000,1100
2310878,21/1/2023 10:53,0,24.56,12.55,0,0,43310,21/1/2023 21:14,21/1/2023,2100,2200
2310316,21/1/2023 00:52,0,1.63,0.83,0,0,115211,21/1/2023 11:40,21/1/2023,1100,1200
2310411,21/1/2023 05:24,0,17.61,9,0,0,40910,21/1/2023 12:13,21/1/2023,1100,1200
2312685,21/1/2023 20:53,0,39.1,19.99,0,0,122938,22/1/2023 10:56,22/1/2023,1000,1100
2311700,21/1/2023 14:36,0,13.72,7.02,0,0,61928,21/1/2023 16:21,21/1/2023,1600,1700
2313152,22/1/2023 08:28,0,0,0,0,0,72175,22/1/2023 12:19,22/1/2023,1100,1200
2312572,21/1/2023 19:21,0,24.73,12.64,0,0,20216,22/1/2023 09:41,22/1/2023,900,1000
2317998,23/1/2023 21:48,0,16.95,8.66,0,0,123401,24/1/2023 10:38,24/1/2023,1000,1100
2319326,24/1/2023 13:08,0,1.48,0.76,0,0,137461,24/1/2023 16:02,24/1/2023,1600,1700
2319457,24/1/2023 13:46,0,5.46,2.79,0,0,73363,24/1/2023 16:36,24/1/2023,1600,1700
2319966,24/1/2023 16:36,0,7.49,3.83,0,0,161523,24/1/2023 19:38,24/1/2023,1900,2000
2320552,24/1/2023 21:34,0,6.46,3.3,0,0,59601,25/1/2023 10:37,25/1/2023,1100,1200
2320901,25/1/2023 07:37,0,14.61,7.47,0,0,28787,25/1/2023 11:12,25/1/2023,1100,1200
2321694,25/1/2023 12:37,0,6.03,3.08,0,0,7831,25/1/2023 14:40,25/1/2023,1400,1500
2325282,26/1/2023 17:23,0,51,26.07,0,0,26023,27/1/2023 09:29,27/1/2023,900,1000
2326227,27/1/2023 04:04,0,31.83,16.28,0,0,72858,27/1/2023 08:44,27/1/2023,800,900
2325817,26/1/2023 21:12,0,14,7.16,0,0,59291,27/1/2023 14:09,27/1/2023,1400,1500
2326681,27/1/2023 10:13,0,10.67,5.46,0,0,134468,27/1/2023 13:40,27/1/2023,1300,1400
2327408,27/1/2023 13:27,0,23.27,11.9,0,0,37026,27/1/2023 17:16,27/1/2023,1700,1800
2329627,28/1/2023 11:07,0,4.04,2.06,0,0,101498,28/1/2023 13:33,28/1/2023,1300,1400
2329737,28/1/2023 11:34,0,20.63,10.55,0,0,47622,28/1/2023 17:01,28/1/2023,1700,1800
2330424,28/1/2023 14:34,0,24.17,12.36,0,0,92303,28/1/2023 16:55,28/1/2023,1700,1800
2331873,29/1/2023 00:19,0,7.12,3.64,0,0,8193,29/1/2023 12:14,29/1/2023,1200,1300
2334787,30/1/2023 05:46,0,10.05,5.14,0,0,24392,30/1/2023 10:06,30/1/2023,1000,1100
2333229,29/1/2023 13:36,0,15.28,7.81,0,0,40130,29/1/2023 16:26,29/1/2023,1600,1700
2333362,29/1/2023 14:12,0,36.69,18.76,0,0,142748,29/1/2023 19:04,29/1/2023,1900,2000
2334180,29/1/2023 18:31,0,28.91,14.78,0,0,165424,30/1/2023 09:52,30/1/2023,900,1000
2334080,29/1/2023 17:44,0,9.9,5.06,0,0,57302,29/1/2023 21:26,29/1/2023,2100,2200
2337038,30/1/2023 21:52,0,18.7,9.56,0,0,34813,31/1/2023 08:57,31/1/2023,800,900
2339176,31/1/2023 18:16,0,18.62,9.52,0,0,98419,31/1/2023 21:35,31/1/2023,2100,2200
2339417,31/1/2023 20:28,0,23.09,11.8,0,0,90585,1/2/2023 09:05,1/2/2023,900,1000
2340947,1/2/2023 13:54,0,3.99,2.04,0,0,37049,1/2/2023 16:29,1/2/2023,1700,1800
2344845,2/2/2023 20:45,0,33.54,17.15,0,0,166254,3/2/2023 21:08,3/2/2023,2100,2200
2341926,1/2/2023 19:56,0,5.09,2.6,0,0,60138,4/2/2023 15:04,4/2/2023,1500,1600
2342733,2/2/2023 09:21,0,88.27,45.13,0,0,23598,2/2/2023 18:37,2/2/2023,1800,1900
2342915,2/2/2023 10:14,0,6.55,3.35,0,0,80004,2/2/2023 13:13,2/2/2023,1300,1400
2343479,2/2/2023 12:55,0,4.71,2.41,0,0,154227,2/2/2023 15:14,2/2/2023,1500,1600
2344035,2/2/2023 15:37,0,6.74,3.44,0,0,8846,2/2/2023 17:29,2/2/2023,1700,1800
2343811,2/2/2023 14:36,0,4.95,2.53,0,0,102849,3/2/2023 12:06,3/2/2023,1200,1300
2344458,2/2/2023 17:39,0,76.62,39.17,0,0,35272,2/2/2023 21:07,2/2/2023,2100,2200
2345179,3/2/2023 00:09,0,66,33.74,0,0,58790,3/2/2023 08:04,3/2/2023,800,900
2346038,3/2/2023 12:00,0,16.85,8.61,0,0,122616,3/2/2023 16:06,3/2/2023,1600,1700
2346765,3/2/2023 15:30,0,46.33,23.69,0,0,87374,3/2/2023 17:19,3/2/2023,1700,1800
2347520,3/2/2023 20:39,0,37.23,19.04,0,0,26078,4/2/2023 16:13,4/2/2023,1600,1700
2347594,3/2/2023 21:18,0,10.67,5.45,0,0,24643,4/2/2023 08:31,4/2/2023,800,900
2347621,3/2/2023 21:33,0,9.41,4.81,0,0,46005,4/2/2023 10:37,4/2/2023,1000,1100
2348795,4/2/2023 12:31,0,15.26,7.8,0,0,115214,4/2/2023 14:29,4/2/2023,1400,1500
2352302,5/2/2023 13:34,0,0,0,0,0,55158,5/2/2023 19:05,5/2/2023,1900,2000
2349262,4/2/2023 14:21,0,15.63,7.99,0,0,118836,4/2/2023 16:50,4/2/2023,1700,1800
2350129,4/2/2023 19:05,0,3.85,1.97,0,0,75223,5/2/2023 10:43,5/2/2023,1100,1200
2351893,5/2/2023 12:10,0,22.59,11.54,0,0,104989,5/2/2023 16:54,5/2/2023,1700,1800
2358956,7/2/2023 20:17,0,0,0,0,0,18102,7/2/2023 20:51,7/2/2023,2000,2100
2353736,5/2/2023 22:59,0,59.63,30.49,0,0,44228,6/2/2023 08:07,6/2/2023,800,900
2353877,6/2/2023 02:11,0,7.23,3.7,0,0,81854,6/2/2023 11:47,6/2/2023,1100,1200
2353706,5/2/2023 22:44,0,45.71,23.37,0,0,74450,6/2/2023 13:27,6/2/2023,1300,1400
2354010,6/2/2023 08:14,0,33.76,17.26,0,0,69488,6/2/2023 16:42,6/2/2023,1600,1700
2355946,6/2/2023 18:31,0,0,0,0,0,98197,6/2/2023 20:44,6/2/2023,2000,2100
2355627,6/2/2023 15:47,0,34.06,17.42,0,0,166008,6/2/2023 21:53,6/2/2023,2100,2200
2356262,6/2/2023 21:42,0,26.77,13.69,0,0,8461,7/2/2023 15:29,7/2/2023,1400,1500
2362086,9/2/2023 00:07,0,105.98,54.19,0,0,50579,9/2/2023 11:28,9/2/2023,1100,1200
2362124,9/2/2023 00:50,0,74.75,38.22,0,0,130902,9/2/2023 10:36,9/2/2023,1000,1100
2362799,9/2/2023 10:49,0,42.43,21.69,0,0,14912,9/2/2023 13:56,9/2/2023,1300,1400
2362829,9/2/2023 10:56,0,19.92,10.19,0,0,36057,9/2/2023 14:47,9/2/2023,1400,1500
2364115,9/2/2023 17:24,0,13.37,6.84,0,0,94253,9/2/2023 20:54,9/2/2023,2100,2200
2364996,10/2/2023 05:14,0,14.98,7.65,0,0,16144,10/2/2023 11:19,10/2/2023,1200,1300
2365514,10/2/2023 10:34,0,7.34,3.75,0,0,149279,10/2/2023 13:40,10/2/2023,1300,1400
2365830,10/2/2023 12:03,0,4.34,2.22,0,0,172500,10/2/2023 14:10,10/2/2023,1400,1500
2366198,10/2/2023 13:37,0,16.49,8.43,0,0,40130,10/2/2023 17:06,10/2/2023,1700,1800
2367798,11/2/2023 07:23,0,10.92,5.58,0,0,136666,11/2/2023 18:22,11/2/2023,1800,1900
2369124,11/2/2023 14:49,0,14.11,7.21,0,0,14260,11/2/2023 17:02,11/2/2023,1700,1800
2370606,12/2/2023 03:03,0,45.65,23.33,42.6,21.78,167942,12/2/2023 12:02,12/2/2023,1200,1300
2370581,12/2/2023 01:54,0,4.72,2.42,0,0,155569,12/2/2023 10:40,12/2/2023,1100,1200
2372378,12/2/2023 15:15,0,0,0,0,0,103440,12/2/2023 19:33,12/2/2023,1900,2000
2372387,12/2/2023 15:17,0,7.71,3.94,0,0,59859,12/2/2023 19:15,12/2/2023,1900,2000
2375802,13/2/2023 19:57,0,45.4,23.21,0,0,110787,14/2/2023 11:28,14/2/2023,1100,1200
2377197,14/2/2023 12:18,0,73.4,37.52,33.9,17.34,42214,14/2/2023 19:30,14/2/2023,2000,2100
2376391,14/2/2023 07:50,0,72.77,37.21,0,0,60759,14/2/2023 19:32,14/2/2023,1900,2000
2376175,13/2/2023 23:27,0,12.92,6.6,0,0,165774,14/2/2023 13:00,14/2/2023,1300,1400
2376337,14/2/2023 06:11,0,21.43,10.95,0,0,9176,14/2/2023 09:12,14/2/2023,900,1000
2376398,14/2/2023 08:00,0,17.38,8.89,0,0,90118,14/2/2023 10:48,14/2/2023,1000,1100
2376285,14/2/2023 01:48,0,42.97,21.97,0,0,33699,14/2/2023 12:39,14/2/2023,1100,1200
2377162,14/2/2023 12:10,0,0,0,0,0,126897,14/2/2023 15:06,14/2/2023,1500,1600
2378984,15/2/2023 08:19,0,19.5,9.97,0,0,152343,15/2/2023 13:26,15/2/2023,1300,1400
2380725,15/2/2023 19:23,0,44.63,22.82,0,0,70546,16/2/2023 09:07,16/2/2023,900,1000
2380901,15/2/2023 20:57,0,2.69,1.37,0,0,38602,16/2/2023 09:42,16/2/2023,900,1000
2381436,16/2/2023 08:28,0,21.7,11.09,0,0,172398,16/2/2023 14:21,16/2/2023,1400,1500
2383186,16/2/2023 17:44,0,6.22,3.18,0,0,117277,16/2/2023 20:49,16/2/2023,2000,2100
2384695,17/2/2023 12:02,0,65.16,33.31,0,0,162168,17/2/2023 14:48,17/2/2023,1400,1500
2385524,17/2/2023 16:18,0,2.92,1.49,0,0,8407,17/2/2023 19:14,17/2/2023,1900,2000
2385660,17/2/2023 17:13,0,53.51,27.36,0,0,64764,17/2/2023 19:02,17/2/2023,1900,2000
2387260,18/2/2023 12:01,0,5.79,2.96,0,0,69314,19/2/2023 11:06,19/2/2023,1100,1200
2388518,18/2/2023 18:38,0,9.27,4.74,0,0,154111,18/2/2023 23:18,18/2/2023,2100,2200
2388782,18/2/2023 21:10,0,19.06,9.75,0,0,87664,19/2/2023 10:13,19/2/2023,1000,1100
2388858,18/2/2023 21:56,0,3.56,1.83,0,0,19203,19/2/2023 10:04,19/2/2023,1000,1100
2391135,19/2/2023 19:03,0,34.3,17.54,0,0,57117,20/2/2023 08:39,20/2/2023,800,900
2391554,19/2/2023 23:30,0,2.84,1.46,0,0,8794,20/2/2023 09:51,20/2/2023,900,1000
2394054,20/2/2023 23:33,0,24.84,12.7,0,0,49081,21/2/2023 08:41,21/2/2023,800,900
2394154,21/2/2023 02:00,0,5.16,2.64,0,0,59342,21/2/2023 09:07,21/2/2023,900,1000
2395136,21/2/2023 13:52,0,6.96,3.55,0,0,126481,21/2/2023 19:01,21/2/2023,1900,2000
2395305,21/2/2023 15:04,0,2.03,1.03,0,0,78802,21/2/2023 17:25,21/2/2023,1700,1800
2395876,21/2/2023 18:59,0,5.16,2.64,0,0,127941,21/2/2023 20:38,21/2/2023,2000,2100
2396799,22/2/2023 10:58,0,45.33,23.18,0,0,151067,23/2/2023 09:48,23/2/2023,900,1000
2397783,22/2/2023 17:08,0,18.26,9.34,0,0,99684,22/2/2023 19:24,22/2/2023,1900,2000
2398556,23/2/2023 05:16,0,22.86,11.69,0,0,118673,23/2/2023 13:05,23/2/2023,1300,1400
2401032,24/2/2023 06:59,0,11.93,6.1,0,0,32442,24/2/2023 10:37,24/2/2023,1000,1100
2401728,24/2/2023 11:55,0,2.41,1.24,0,0,133879,24/2/2023 15:32,24/2/2023,1500,1600
2403063,24/2/2023 19:50,0,0,0,0,0,166365,25/2/2023 09:29,25/2/2023,900,1000
2402499,24/2/2023 16:03,0,9.19,4.7,0,0,126035,24/2/2023 19:00,24/2/2023,1900,2000
2402559,24/2/2023 16:21,0,1.83,0.94,0,0,162765,25/2/2023 11:01,25/2/2023,1100,1200
2402702,24/2/2023 17:07,0,41.18,21.05,41.18,21.05,9316,24/2/2023 20:10,24/2/2023,2000,2100
2403795,25/2/2023 09:30,0,33.33,17.05,0,0,35912,25/2/2023 13:28,25/2/2023,1300,1400
2404132,25/2/2023 11:12,0,0,0,0,0,82884,26/2/2023 09:27,26/2/2023,900,1000
2403823,25/2/2023 09:39,0,2.54,1.3,0,0,164764,25/2/2023 15:01,25/2/2023,1500,1600
2407602,26/2/2023 13:35,0,38.36,19.62,0,0,25444,26/2/2023 18:12,26/2/2023,1800,1900
2407612,26/2/2023 13:37,0,60.59,30.98,0,0,89196,26/2/2023 16:36,26/2/2023,1600,1700
2408136,26/2/2023 16:01,0,14.52,7.42,0,0,24797,26/2/2023 19:33,26/2/2023,1900,2000
2409753,27/2/2023 11:56,0,5.81,2.97,0,0,133934,27/2/2023 16:49,27/2/2023,1600,1700
2453849,16/3/2023 11:42,0,0,0,0,0,8794,16/3/2023 14:33,16/3/2023,1500,1600
2411876,28/2/2023 09:25,0,6.86,3.51,0,0,111371,28/2/2023 16:11,28/2/2023,1500,1600
2413803,28/2/2023 21:05,0,127.66,65.28,0,0,32083,1/3/2023 09:09,1/3/2023,800,900
2414978,1/3/2023 12:37,0,5.79,2.96,0,0,169236,1/3/2023 14:23,1/3/2023,1400,1500
2415201,1/3/2023 13:49,0,15.46,7.9,0,0,171279,1/3/2023 16:30,1/3/2023,1600,1700
2416663,2/3/2023 08:09,0,27.83,14.23,0,0,96730,2/3/2023 13:02,2/3/2023,1300,1400
2417774,2/3/2023 13:23,0,2.54,1.3,0,0,153878,2/3/2023 20:54,2/3/2023,2000,2100
2419574,3/3/2023 08:35,0,13.77,7.04,0,0,36392,3/3/2023 11:27,3/3/2023,1100,1200
2420247,3/3/2023 11:52,0,16.68,8.53,0,0,79509,3/3/2023 18:37,3/3/2023,1700,1800
2420857,3/3/2023 14:28,0,30.54,15.62,0,0,24087,3/3/2023 16:39,3/3/2023,1600,1700
2421218,3/3/2023 16:15,0,9.07,4.64,0,0,58172,3/3/2023 19:05,3/3/2023,1900,2000
2421966,3/3/2023 22:50,0,23.28,11.9,0,0,63187,4/3/2023 13:16,4/3/2023,1300,1400
2423016,4/3/2023 13:05,0,160.65,82.13,0,0,130170,4/3/2023 15:23,4/3/2023,1500,1600
2423074,4/3/2023 13:18,0,6.38,3.26,0,0,96663,4/3/2023 15:50,4/3/2023,1600,1700
2423281,4/3/2023 14:12,0,9.83,5.03,0,0,64185,4/3/2023 16:36,4/3/2023,1600,1700
2423314,4/3/2023 14:23,0,11.6,5.93,0,0,30748,4/3/2023 17:01,4/3/2023,1700,1800
2424273,4/3/2023 21:19,0,14.49,7.4,0,0,14224,5/3/2023 09:08,5/3/2023,900,1000
2425308,5/3/2023 12:11,0,2.98,1.52,0,0,140827,5/3/2023 18:12,5/3/2023,1700,1800
2427295,6/3/2023 05:52,0,6.76,3.45,0,0,72858,6/3/2023 08:11,6/3/2023,800,900
2426880,5/3/2023 20:20,0,31.17,15.94,0,0,41739,6/3/2023 08:10,6/3/2023,800,900
2426459,5/3/2023 17:18,0,10.85,5.54,0,0,26233,5/3/2023 20:51,5/3/2023,2100,2200
2427282,6/3/2023 04:01,0,45.38,23.2,0,0,53767,6/3/2023 10:47,6/3/2023,1200,1300
2428285,6/3/2023 13:27,0,5.31,2.72,0,0,154176,6/3/2023 19:40,6/3/2023,1900,2000
2429151,6/3/2023 18:14,0,55.84,28.56,0,0,7589,6/3/2023 20:32,6/3/2023,2000,2100
2431029,7/3/2023 14:45,0,101.57,51.93,0,0,104001,8/3/2023 09:23,8/3/2023,900,1000
2431508,7/3/2023 17:28,0,14.81,7.58,0,0,22286,7/3/2023 21:02,7/3/2023,2000,2100
2432474,8/3/2023 08:51,0,8.05,4.12,0,0,69766,8/3/2023 11:44,8/3/2023,1100,1200
2432721,8/3/2023 10:31,0,13.55,6.92,0,0,156715,8/3/2023 13:11,8/3/2023,1400,1500
2433240,8/3/2023 13:23,0,10.54,5.38,10.54,5.38,10625,8/3/2023 15:50,8/3/2023,1500,1600
2434582,9/3/2023 01:15,0,36.23,18.52,0,0,66910,9/3/2023 10:26,9/3/2023,1000,1100
2435888,9/3/2023 14:11,0,17.22,8.81,0,0,57312,9/3/2023 17:00,9/3/2023,1600,1700
2436695,9/3/2023 19:05,0,13.1,6.7,0,0,167080,9/3/2023 22:15,9/3/2023,2200,2300
2436832,9/3/2023 20:16,0,11.22,5.74,0,0,140293,10/3/2023 15:01,10/3/2023,1500,1600
2437202,9/3/2023 23:56,0,28.55,14.59,0,0,9067,10/3/2023 11:00,10/3/2023,1100,1200
2437278,10/3/2023 03:08,0,9.99,5.11,0,0,33817,10/3/2023 10:37,10/3/2023,1000,1100
2437253,10/3/2023 01:23,0,125.47,64.15,0,0,60043,10/3/2023 10:19,10/3/2023,1000,1100
2438031,10/3/2023 11:33,0,3.31,1.69,0,0,169509,10/3/2023 13:56,10/3/2023,1400,1500
2438781,10/3/2023 15:12,0,0,0,0,0,33490,10/3/2023 17:29,10/3/2023,1700,1800
2440090,11/3/2023 08:32,0,43.35,22.16,0,0,19730,11/3/2023 11:00,11/3/2023,1100,1200
2442005,11/3/2023 17:30,0,0,0,0,0,68825,12/3/2023 08:23,12/3/2023,800,900
2441031,11/3/2023 13:24,0,3.87,1.98,0,0,173501,11/3/2023 19:19,11/3/2023,1900,2000
2442667,11/3/2023 22:28,0,24.96,12.76,0,0,86116,12/3/2023 09:36,12/3/2023,1000,1100
2443147,12/3/2023 09:11,0,5.1,2.61,0,0,18657,12/3/2023 12:00,12/3/2023,1200,1300
2443510,12/3/2023 10:50,0,8.29,4.23,0,0,58833,12/3/2023 17:08,12/3/2023,1700,1800
2444156,12/3/2023 13:39,0,16.93,8.65,0,0,10583,12/3/2023 15:41,12/3/2023,1600,1700
2444138,12/3/2023 13:35,0,20.34,10.4,0,0,14260,12/3/2023 16:16,12/3/2023,1600,1700
2445389,12/3/2023 21:44,0,11.31,5.78,0,0,117825,13/3/2023 11:14,13/3/2023,1100,1200
2445462,12/3/2023 22:34,0,37.05,18.95,0,0,40146,13/3/2023 17:57,13/3/2023,1700,1800
2447792,13/3/2023 21:10,0,29.88,15.27,0,0,107215,14/3/2023 09:17,14/3/2023,900,1000
2448865,14/3/2023 12:31,0,51.44,26.3,0,0,123302,14/3/2023 15:56,14/3/2023,1500,1600
2449194,14/3/2023 14:18,0,8.23,4.21,0,0,121885,14/3/2023 15:58,14/3/2023,1600,1700
2449485,14/3/2023 16:11,0,4.54,2.33,0,0,66680,14/3/2023 18:23,14/3/2023,1800,1900
2449640,14/3/2023 17:23,0,15.41,7.88,0,0,69261,14/3/2023 19:42,14/3/2023,1900,2000
2450619,15/3/2023 09:41,0,9.22,4.71,0,0,69922,15/3/2023 15:15,15/3/2023,1500,1600
2451826,15/3/2023 16:09,0,7.92,4.04,0,0,130402,15/3/2023 19:07,15/3/2023,1900,2000
2453036,16/3/2023 08:13,0,8.67,4.44,0,0,84608,16/3/2023 12:22,16/3/2023,1200,1300
2454244,16/3/2023 13:34,0,0,0,0,0,176391,16/3/2023 15:00,16/3/2023,1500,1600
2454413,16/3/2023 14:11,0,6.39,3.27,0,0,94541,16/3/2023 19:17,16/3/2023,1900,2000
2456486,17/3/2023 10:33,0,24.39,12.47,0,0,55481,18/3/2023 12:11,18/3/2023,1200,1300
2456493,17/3/2023 10:34,0,94.05,48.09,0,0,84398,17/3/2023 12:29,17/3/2023,1200,1300
2456357,17/3/2023 10:00,0,2.75,1.41,0,0,38878,17/3/2023 12:56,17/3/2023,1300,1400
2457376,17/3/2023 14:37,0,10.32,5.28,0,0,49088,17/3/2023 16:51,17/3/2023,1700,1800
2457802,17/3/2023 16:54,0,32.36,16.54,0,0,43294,17/3/2023 19:58,17/3/2023,1900,2000
2458153,17/3/2023 19:04,0,5.8,2.97,0,0,27082,17/3/2023 21:32,17/3/2023,2200,2300
2458297,17/3/2023 20:27,0,7.07,3.62,0,0,164338,18/3/2023 09:16,18/3/2023,900,1000
2458802,18/3/2023 08:13,0,27.83,14.23,0,0,26300,18/3/2023 12:02,18/3/2023,1200,1300
2458840,18/3/2023 08:37,0,23.01,11.76,0,0,149839,18/3/2023 11:42,18/3/2023,1100,1200
2459104,18/3/2023 10:22,0,1.73,0.88,0,0,84562,18/3/2023 13:01,18/3/2023,1300,1400
2459538,18/3/2023 12:31,0,20.01,10.23,0,0,133934,18/3/2023 15:24,18/3/2023,1500,1600
2459663,18/3/2023 13:07,0,14.14,7.22,0,0,8275,18/3/2023 14:52,18/3/2023,1500,1600
2460230,18/3/2023 15:57,0,5.81,2.97,0,0,110151,18/3/2023 18:50,18/3/2023,1900,2000
2461990,19/3/2023 11:44,0,46.51,23.78,0,0,26292,19/3/2023 22:02,19/3/2023,2200,2300
2462728,19/3/2023 15:23,0,3.81,1.95,0,0,82315,19/3/2023 17:59,19/3/2023,1700,1800
2463284,19/3/2023 18:53,0,40.89,20.91,0,0,17160,19/3/2023 22:43,19/3/2023,2200,2300
2464899,20/3/2023 13:26,0,48.47,24.78,0,0,70773,20/3/2023 16:57,20/3/2023,1600,1700
2464107,20/3/2023 09:39,0,45.15,23.09,0,0,28021,20/3/2023 12:35,20/3/2023,1200,1300
2464578,20/3/2023 11:45,0,3.17,1.62,0,0,39016,20/3/2023 14:05,20/3/2023,1400,1500
2465157,20/3/2023 14:45,0,70.87,36.23,0,0,76440,21/3/2023 08:16,21/3/2023,800,900
2465738,20/3/2023 18:02,0,63.74,32.59,0,0,65511,20/3/2023 20:39,20/3/2023,2000,2100
2467269,21/3/2023 13:03,0,17.63,9.01,0,0,110694,22/3/2023 21:16,22/3/2023,2100,2200
2466399,21/3/2023 02:05,0,15.36,7.85,0,0,173290,21/3/2023 10:18,21/3/2023,1000,1100
2469527,22/3/2023 11:52,0,136.18,69.63,0,0,61602,24/3/2023 08:38,24/3/2023,900,1000
2468633,21/3/2023 23:28,0,18.23,9.32,0,0,176580,22/3/2023 11:34,22/3/2023,1100,1200
2469577,22/3/2023 12:07,0,22.49,11.5,0,0,163138,22/3/2023 14:34,22/3/2023,1400,1500
2470434,22/3/2023 16:37,0,37.95,19.41,0,0,78843,22/3/2023 19:19,22/3/2023,1900,2000
2471232,23/3/2023 05:55,0,12.65,6.47,0,0,55151,23/3/2023 08:16,23/3/2023,800,900
2471376,23/3/2023 08:22,0,83.21,42.54,0,0,30529,23/3/2023 10:06,23/3/2023,1000,1100
2472431,23/3/2023 14:25,0,0,0,0,0,166428,23/3/2023 17:20,23/3/2023,1700,1800
2475485,24/3/2023 19:12,0,5.81,2.97,0,0,136492,25/3/2023 08:56,25/3/2023,800,900
2475715,24/3/2023 21:19,0,107.69,55.06,0,0,147029,25/3/2023 09:34,25/3/2023,900,1000
2478300,25/3/2023 21:30,0,20.43,10.45,0,0,30982,26/3/2023 11:01,26/3/2023,1100,1200
2477574,25/3/2023 16:34,0,9.68,4.96,0,0,96373,25/3/2023 19:34,25/3/2023,2000,2100
2480996,27/3/2023 01:43,0,30.61,15.66,0,0,21622,27/3/2023 11:06,27/3/2023,1100,1200
2480878,26/3/2023 23:18,0,5.23,2.68,0,0,161401,27/3/2023 10:53,27/3/2023,1100,1200
2482329,27/3/2023 14:27,0,49.34,25.22,0,0,48656,27/3/2023 19:25,27/3/2023,1900,2000
2482597,27/3/2023 15:24,0,7.48,3.83,0,0,71667,27/3/2023 18:31,27/3/2023,1800,1900
2482704,27/3/2023 15:49,0,15.6,7.98,0,0,37517,27/3/2023 19:01,27/3/2023,1900,2000
2485763,28/3/2023 17:20,0,14.7,7.52,0,0,50117,28/3/2023 20:17,28/3/2023,1900,2000
2486739,29/3/2023 08:37,0,65.24,33.35,0,0,124577,29/3/2023 18:15,29/3/2023,1700,1800
2486386,28/3/2023 22:31,0,8.35,4.27,0,0,79237,29/3/2023 09:18,29/3/2023,900,1000
2486718,29/3/2023 08:23,0,21.5,11,0,0,30529,29/3/2023 11:37,29/3/2023,1100,1200
2487416,29/3/2023 12:35,0,10.99,5.62,0,0,16557,29/3/2023 14:56,29/3/2023,1500,1600
2488903,29/3/2023 22:52,0,5.34,2.73,0,0,99850,30/3/2023 11:00,30/3/2023,1100,1200
2490119,30/3/2023 13:32,0,33.36,17.06,0,0,37066,30/3/2023 16:06,30/3/2023,1600,1700
2494974,1/4/2023 12:08,0,38.99,19.94,0,0,61543,2/4/2023 13:40,2/4/2023,1300,1400
2491054,30/3/2023 19:08,0,85.04,43.48,0,0,34570,30/3/2023 21:04,30/3/2023,2100,2200
2491573,31/3/2023 06:49,0,48.75,24.92,0,0,46059,31/3/2023 14:05,31/3/2023,1400,1500
2493537,31/3/2023 18:23,0,14.61,7.47,0,0,56227,31/3/2023 20:15,31/3/2023,2000,2100
2494824,1/4/2023 11:20,0,9.34,4.78,0,0,177718,1/4/2023 14:19,1/4/2023,1400,1500
2495449,1/4/2023 14:21,0,17.32,8.85,0,0,104590,1/4/2023 17:37,1/4/2023,1700,1800
2495825,1/4/2023 15:44,0,11.6,5.93,0,0,125670,1/4/2023 19:37,1/4/2023,1900,2000
2496359,1/4/2023 18:38,0,60.81,31.09,0,0,13005,1/4/2023 21:58,1/4/2023,2200,2300
2497108,2/4/2023 08:39,0,9.01,4.6,7.37,3.77,45582,2/4/2023 12:48,2/4/2023,1200,1300
2497080,2/4/2023 08:09,0,9.6,4.9,0,0,98598,2/4/2023 17:47,2/4/2023,1800,1900
2497351,2/4/2023 10:37,0,11,5.62,0,0,175801,2/4/2023 12:33,2/4/2023,1300,1400
2497982,2/4/2023 14:16,0,0.01,0.01,0,0,53916,2/4/2023 17:03,2/4/2023,1700,1800
2497563,2/4/2023 11:57,0,25.49,13.04,0,0,126686,2/4/2023 14:58,2/4/2023,1400,1500
2497822,2/4/2023 13:28,0,1.64,0.84,0,0,108419,2/4/2023 16:00,2/4/2023,1600,1700
2497857,2/4/2023 13:36,0,10.91,5.58,0,0,145791,2/4/2023 16:16,2/4/2023,1700,1800
2498068,2/4/2023 14:39,0,22.96,11.74,0,0,57230,2/4/2023 17:06,2/4/2023,1700,1800
2499465,3/4/2023 07:48,0,8.17,4.18,0,0,38139,3/4/2023 13:10,3/4/2023,1400,1500
2499258,2/4/2023 23:05,0,5.73,2.93,0,0,177951,3/4/2023 10:28,3/4/2023,1000,1100
2499720,3/4/2023 09:58,0,85.67,43.8,0,0,42190,3/4/2023 14:39,3/4/2023,1500,1600
2500662,3/4/2023 14:26,0,8.82,4.51,0,0,42031,3/4/2023 17:09,3/4/2023,1700,1800
2500403,3/4/2023 13:13,0,21.14,10.81,0,0,94795,3/4/2023 16:50,3/4/2023,1600,1700
2500639,3/4/2023 14:21,0,4.97,2.54,0,0,92625,3/4/2023 17:31,3/4/2023,1700,1800
2501749,3/4/2023 19:47,0,39.33,20.11,0,0,47917,4/4/2023 08:05,4/4/2023,800,900
2502193,3/4/2023 23:37,0,6.25,3.2,0,0,65910,4/4/2023 08:50,4/4/2023,1000,1100
2504630,4/4/2023 19:04,0,4.62,2.37,0,0,32213,4/4/2023 22:13,4/4/2023,2200,2300
2505489,5/4/2023 09:19,0,4.07,2.08,4.07,2.08,34949,5/4/2023 11:40,5/4/2023,1200,1300
2507694,5/4/2023 21:31,0,0,0,0,0,81207,6/4/2023 08:52,6/4/2023,800,900
2509156,6/4/2023 13:15,0,54.9,28.08,0,0,158419,7/4/2023 19:17,7/4/2023,1900,2000
2507558,5/4/2023 20:10,0,2.55,1.31,0,0,69434,6/4/2023 11:16,6/4/2023,1100,1200
2509775,6/4/2023 16:20,0,0,0,0,0,53634,6/4/2023 20:25,6/4/2023,2000,2100
2508068,6/4/2023 05:58,0,4.73,2.42,0,0,141499,6/4/2023 12:03,6/4/2023,1400,1500
2508100,6/4/2023 07:09,0,17.83,9.12,0,0,60198,6/4/2023 10:51,6/4/2023,1100,1200
2508804,6/4/2023 11:35,0,11.24,5.74,0,0,178738,6/4/2023 13:37,6/4/2023,1300,1400
2509382,6/4/2023 14:24,0,158.9,81.25,0,0,110434,7/4/2023 15:13,7/4/2023,1400,1500
2509830,6/4/2023 16:39,0,54.44,27.83,0,0,46102,6/4/2023 18:31,6/4/2023,1800,1900
2510113,6/4/2023 18:20,0,0,0,0,0,175052,6/4/2023 19:31,6/4/2023,1900,2000
2510017,6/4/2023 17:43,0,5.61,2.87,0,0,108696,6/4/2023 20:09,6/4/2023,2000,2100
2510000,6/4/2023 17:38,0,10.19,5.21,0,0,178516,6/4/2023 21:26,6/4/2023,2100,2200
2510708,7/4/2023 00:00,0,98.24,50.23,0,0,60542,7/4/2023 12:47,7/4/2023,1300,1400
2510318,6/4/2023 19:46,0,12.01,6.14,0,0,41397,7/4/2023 10:08,7/4/2023,1000,1100
2518314,9/4/2023 21:25,0,0,0,0,0,27274,10/4/2023 13:14,10/4/2023,1300,1400
2510968,7/4/2023 08:40,0,40.66,20.78,0,0,16260,7/4/2023 12:36,7/4/2023,1300,1400
2512051,7/4/2023 14:12,0,6.25,3.19,0,0,178085,7/4/2023 21:23,7/4/2023,2100,2200
2514914,8/4/2023 15:06,0,25.42,13,0,0,119918,8/4/2023 17:54,8/4/2023,1700,1800
2515358,8/4/2023 17:15,0,24.76,12.66,0,0,173441,8/4/2023 19:11,8/4/2023,1900,2000
2515240,8/4/2023 16:31,0,16,8.18,0,0,60663,8/4/2023 18:49,8/4/2023,1900,2000
2517219,9/4/2023 13:42,0,28.15,14.39,0,0,169056,9/4/2023 19:06,9/4/2023,1900,2000
2517581,9/4/2023 15:24,0,8.18,4.18,0,0,89242,9/4/2023 17:50,9/4/2023,1800,1900
2517573,9/4/2023 15:22,0,64.55,33,0,0,64121,9/4/2023 17:10,9/4/2023,1800,1900
2518128,9/4/2023 19:08,0,25.75,13.17,0,0,169648,9/4/2023 21:34,9/4/2023,2100,2200
2521289,11/4/2023 09:17,0,0,0,0,0,90153,11/4/2023 12:03,11/4/2023,1200,1300
2525447,12/4/2023 18:02,0,15.77,8.07,15.77,8.07,21988,13/4/2023 20:37,13/4/2023,2000,2100
2520719,10/4/2023 20:53,0,6.98,3.57,0,0,61293,11/4/2023 12:41,11/4/2023,1200,1300
2520765,10/4/2023 21:17,0,3.32,1.69,0,0,167201,11/4/2023 21:17,11/4/2023,2100,2200
2523924,12/4/2023 09:43,0,16.26,8.32,0,0,173816,13/4/2023 09:57,13/4/2023,1000,1100
2521487,11/4/2023 10:27,0,6.65,3.4,0,0,140748,11/4/2023 13:02,11/4/2023,1300,1400
2523589,12/4/2023 01:33,0,11.05,5.65,0,0,142636,12/4/2023 10:38,12/4/2023,1000,1100
2523389,11/4/2023 22:43,0,4.63,2.37,0,0,8146,12/4/2023 20:29,12/4/2023,2000,2100
2523639,12/4/2023 06:04,0,6.13,3.13,0,0,168760,12/4/2023 10:48,12/4/2023,1100,1200
2524016,12/4/2023 10:11,0,27.68,14.15,0,0,143453,12/4/2023 18:47,12/4/2023,1800,1900
2525005,12/4/2023 15:22,0,25.28,12.93,0,0,42009,12/4/2023 20:02,12/4/2023,2000,2100
2525135,12/4/2023 16:01,0,18.08,9.24,0,0,126073,12/4/2023 18:09,12/4/2023,1800,1900
2526204,13/4/2023 01:00,0,1.64,0.84,0,0,21339,13/4/2023 11:13,13/4/2023,1200,1300
2526088,12/4/2023 23:32,0,33.45,17.1,0,0,43666,13/4/2023 10:51,13/4/2023,1000,1100
2528325,13/4/2023 19:00,0,153.63,78.55,0,0,35513,14/4/2023 09:24,14/4/2023,900,1000
2528848,14/4/2023 00:05,0,30.74,15.72,0,0,112516,14/4/2023 08:55,14/4/2023,800,900
2528974,14/4/2023 06:21,0,22.14,11.31,0,0,24273,14/4/2023 10:45,14/4/2023,1100,1200
2529234,14/4/2023 09:39,0,17.5,8.95,0,0,72566,14/4/2023 15:08,14/4/2023,1500,1600
2529822,14/4/2023 12:26,0,6.83,3.49,0,0,88372,14/4/2023 18:22,14/4/2023,1800,1900
2530750,14/4/2023 16:14,0,4.25,2.17,0,0,10069,14/4/2023 20:04,14/4/2023,2000,2100
2530813,14/4/2023 16:33,0,3.46,1.77,0,0,155060,14/4/2023 19:11,14/4/2023,1900,2000
2530881,14/4/2023 16:53,0,57.94,29.62,0,0,84767,14/4/2023 20:35,14/4/2023,2000,2100
2531480,14/4/2023 20:56,0,43.1,22.03,0,0,89404,15/4/2023 09:33,15/4/2023,900,1000
2531705,14/4/2023 23:40,0,4.27,2.18,0,0,170639,15/4/2023 09:55,15/4/2023,1000,1100
2531659,14/4/2023 22:55,0,7.58,3.87,0,0,121389,15/4/2023 11:10,15/4/2023,1100,1200
2531937,15/4/2023 08:45,0,29.4,15.03,0,0,31136,15/4/2023 12:14,15/4/2023,1100,1200
2534009,16/4/2023 22:34,0,5.11,2.61,0,0,143709,17/4/2023 12:00,17/4/2023,1200,1300
2533998,16/4/2023 22:30,0,17.43,8.91,0,0,49804,17/4/2023 15:02,17/4/2023,1500,1600
2534123,17/4/2023 00:12,0,25.58,13.09,0,0,22668,17/4/2023 12:20,17/4/2023,1200,1300
2535694,17/4/2023 14:37,0,13.62,6.96,0,0,39978,17/4/2023 19:37,17/4/2023,1900,2000
2535954,17/4/2023 15:55,0,10.12,5.18,0,0,33332,18/4/2023 10:18,18/4/2023,1000,1100
2538531,18/4/2023 14:58,0,31.29,15.99,0,0,146027,18/4/2023 19:04,18/4/2023,1800,1900
2539749,19/4/2023 03:16,0,240.53,122.98,67.92,34.73,41412,19/4/2023 10:30,19/4/2023,1000,1100
2542566,20/4/2023 09:37,0,1.66,0.85,0,0,14440,20/4/2023 12:32,20/4/2023,1200,1300
2543651,20/4/2023 14:50,0,9.26,4.74,0,0,71734,21/4/2023 13:25,21/4/2023,1300,1400
2544371,20/4/2023 19:40,0,15.07,7.7,0,0,143034,22/4/2023 12:25,22/4/2023,1200,1300
2544492,20/4/2023 21:22,0,2.09,1.07,0,0,98417,21/4/2023 09:26,21/4/2023,1000,1100
2544753,21/4/2023 00:40,0,20.01,10.23,0,0,130170,21/4/2023 13:08,21/4/2023,1300,1400
2544801,21/4/2023 03:22,0,15.88,8.11,0,0,73781,21/4/2023 12:16,21/4/2023,1200,1300
2547170,21/4/2023 23:43,0,16.41,8.38,0,0,176866,22/4/2023 09:53,22/4/2023,1000,1100
2552105,23/4/2023 23:07,0,47.07,24.06,0,0,89982,24/4/2023 09:13,24/4/2023,900,1000
2552286,24/4/2023 07:01,0,0,0,0,0,101219,24/4/2023 11:06,24/4/2023,1100,1200
2552382,24/4/2023 08:31,0,5.83,2.98,0,0,180463,24/4/2023 12:00,24/4/2023,1200,1300
2553427,24/4/2023 14:23,0,0,0,0,0,15116,24/4/2023 17:00,24/4/2023,1700,1800
2553652,24/4/2023 15:34,0,7.31,3.74,0,0,31229,24/4/2023 18:38,24/4/2023,1800,1900
2554351,24/4/2023 20:37,0,2.56,1.31,0,0,40691,25/4/2023 09:04,25/4/2023,900,1000
2555435,25/4/2023 11:35,0,2.75,1.4,0,0,81446,25/4/2023 14:53,25/4/2023,1400,1500
2555770,25/4/2023 13:23,0,9.34,4.77,0,0,156583,25/4/2023 16:26,25/4/2023,1600,1700
2556582,25/4/2023 17:27,0,27.8,14.21,0,0,27515,25/4/2023 19:48,25/4/2023,1900,2000
2557213,25/4/2023 23:24,0,5,2.56,0,0,87395,27/4/2023 16:00,27/4/2023,1600,1700
2559195,26/4/2023 20:06,0,9.07,4.64,0,0,179450,27/4/2023 09:34,27/4/2023,900,1000
2559804,27/4/2023 08:58,0,27.46,14.04,0,0,40881,27/4/2023 11:41,27/4/2023,1100,1200
2559851,27/4/2023 09:18,0,15.65,8,0,0,14817,27/4/2023 11:59,27/4/2023,1100,1200
2560037,27/4/2023 10:18,0,17.54,8.96,0,0,10925,27/4/2023 13:04,27/4/2023,1300,1400
2562216,28/4/2023 09:05,0,56.21,28.74,36.38,18.6,74321,28/4/2023 13:57,28/4/2023,1400,1500
2562493,28/4/2023 10:39,0,11.01,5.63,0,0,71127,28/4/2023 12:43,28/4/2023,1200,1300
2564707,29/4/2023 10:18,0,9.72,4.97,0,0,170802,29/4/2023 15:29,29/4/2023,1600,1700
2565116,29/4/2023 12:39,0,5.69,2.92,0,0,31069,29/4/2023 17:49,29/4/2023,1700,1800
2565129,29/4/2023 12:43,0,16.92,8.66,0,0,47648,29/4/2023 15:35,29/4/2023,1500,1600
2566790,30/4/2023 08:26,0,11.68,5.97,0,0,162098,30/4/2023 15:00,30/4/2023,1500,1600
2566510,29/4/2023 22:18,0,85.2,43.56,0,0,172535,30/4/2023 08:00,30/4/2023,800,900
2567065,30/4/2023 10:32,0,13.99,7.15,0,0,58723,30/4/2023 13:10,30/4/2023,1300,1400
2567814,30/4/2023 14:20,0,16.93,8.66,0,0,122493,30/4/2023 16:58,30/4/2023,1600,1700
2568991,30/4/2023 22:51,0,126.06,64.45,117.35,60,35912,1/5/2023 14:00,1/5/2023,1400,1500
2569732,1/5/2023 11:16,0,106.64,54.52,0,0,27750,2/5/2023 08:34,1/5/2023,2200,2300
2569576,1/5/2023 10:28,0,5.25,2.69,0,0,80828,1/5/2023 12:41,1/5/2023,1300,1400
2571601,2/5/2023 04:42,0,18.46,9.44,0,0,181236,2/5/2023 13:04,2/5/2023,1300,1400
2576613,4/5/2023 06:37,0,3.75,1.92,0,0,29960,4/5/2023 18:32,4/5/2023,1800,1900
2578395,4/5/2023 16:51,0,17.43,8.92,0,0,81342,4/5/2023 19:10,4/5/2023,1900,2000
2579550,5/5/2023 09:53,0,32.96,16.84,0,0,90105,5/5/2023 15:02,5/5/2023,1500,1600
2578799,4/5/2023 20:10,0,8.77,4.48,0,0,168114,5/5/2023 09:43,5/5/2023,900,1000
2579208,5/5/2023 02:33,0,2.52,1.29,0,0,175499,5/5/2023 09:49,5/5/2023,1000,1100
2580954,5/5/2023 17:38,0,3.69,1.88,0,0,55972,5/5/2023 20:33,5/5/2023,2000,2100
2582651,6/5/2023 15:05,0,57.47,29.39,0,0,43201,6/5/2023 19:15,6/5/2023,1900,2000
2585148,7/5/2023 18:26,0,8.98,4.59,0,0,144031,8/5/2023 09:55,8/5/2023,1000,1100
2586591,8/5/2023 12:33,0,6.41,3.28,0,0,120670,8/5/2023 15:16,8/5/2023,1500,1600
2586608,8/5/2023 12:36,0,61.47,31.43,0,0,40816,8/5/2023 15:00,8/5/2023,1500,1600
2587362,8/5/2023 16:04,0,14.61,7.47,0,0,91424,8/5/2023 19:24,8/5/2023,1900,2000
2587377,8/5/2023 16:09,0,2.33,1.19,0,0,105432,8/5/2023 19:15,8/5/2023,1900,2000
2587485,8/5/2023 16:33,0,23.29,11.91,0,0,93795,8/5/2023 20:06,8/5/2023,2000,2100
2588299,8/5/2023 23:14,0,9.03,4.61,0,0,100490,9/5/2023 10:41,9/5/2023,1100,1200
2589026,9/5/2023 10:57,0,2.56,1.31,0,0,68786,9/5/2023 13:14,9/5/2023,1300,1400
2591432,10/5/2023 09:17,0,45.99,23.51,0,0,68873,10/5/2023 17:41,10/5/2023,1700,1800
2592119,10/5/2023 12:46,0,14.58,7.45,0,0,64302,11/5/2023 09:26,11/5/2023,900,1000
2594176,11/5/2023 10:13,0,0,0,0,0,96900,11/5/2023 20:16,11/5/2023,1900,2000
2592417,10/5/2023 14:18,0,30.11,15.4,0,0,60504,10/5/2023 15:59,10/5/2023,1700,1800
2592598,10/5/2023 15:07,0,6.63,3.39,0,0,127204,10/5/2023 17:51,10/5/2023,1700,1800
2593084,10/5/2023 17:49,0,3.84,1.97,0,0,118528,11/5/2023 17:55,11/5/2023,1700,1800
2593312,10/5/2023 19:41,0,7.37,3.77,0,0,95606,11/5/2023 09:23,11/5/2023,900,1000
2595603,11/5/2023 17:21,0,12.67,6.48,0,0,27959,11/5/2023 19:42,11/5/2023,1900,2000
2595684,11/5/2023 17:57,0,3.89,1.99,0,0,176377,12/5/2023 18:01,12/5/2023,1800,1900
2598931,13/5/2023 00:27,0,33.99,17.38,0,0,83379,13/5/2023 14:14,13/5/2023,1400,1500
2599136,13/5/2023 08:38,0,4.9,2.51,0,0,24094,13/5/2023 11:07,13/5/2023,1100,1200
2607229,16/5/2023 09:21,0,78.97,40.38,0,0,43310,16/5/2023 21:40,16/5/2023,2100,2200
2604387,14/5/2023 23:36,0,82.15,42,0,0,56349,15/5/2023 13:01,15/5/2023,1300,1400
2604865,15/5/2023 10:13,0,13.25,6.77,0,0,18908,15/5/2023 14:18,15/5/2023,1400,1500
2606308,15/5/2023 17:33,0,43.49,22.24,0,0,43019,15/5/2023 20:51,15/5/2023,2000,2100
2607324,16/5/2023 09:50,0,13.8,7.06,0,0,9145,16/5/2023 18:08,16/5/2023,1800,1900
2606975,16/5/2023 04:27,0,41.28,21.11,0,0,46317,16/5/2023 11:19,16/5/2023,1100,1200
2607361,16/5/2023 10:05,0,13.81,7.06,0,0,85870,16/5/2023 13:03,16/5/2023,1300,1400
2607488,16/5/2023 10:38,0,14.99,7.66,0,0,37658,16/5/2023 13:28,16/5/2023,1300,1400
2610981,17/5/2023 17:14,0,23,11.76,0,0,44881,17/5/2023 20:46,17/5/2023,2000,2100
2611048,17/5/2023 17:35,0,7.5,3.84,7.5,3.84,121467,17/5/2023 20:49,17/5/2023,2000,2100
2611587,17/5/2023 22:26,0,29.31,14.98,0,0,83751,18/5/2023 10:39,18/5/2023,1000,1100
2611996,18/5/2023 08:54,0,2.82,1.44,0,0,9055,18/5/2023 15:25,18/5/2023,1500,1600
2613116,18/5/2023 14:01,0,3.83,1.95,0,0,125984,18/5/2023 16:59,18/5/2023,1600,1700
2615038,19/5/2023 11:45,0,137.71,70.41,0,0,27750,20/5/2023 07:47,19/5/2023,2200,2300
2613985,18/5/2023 19:42,0,0,0,0,0,64187,18/5/2023 20:31,18/5/2023,2100,2200
2613946,18/5/2023 19:13,0,7.01,3.58,0,0,75881,19/5/2023 08:28,19/5/2023,800,900
2616607,19/5/2023 23:09,0,36.39,18.6,0,0,93398,20/5/2023 10:16,20/5/2023,1000,1100
2614735,19/5/2023 09:45,0,18.33,9.38,0,0,75795,19/5/2023 13:00,19/5/2023,1300,1400
2618292,20/5/2023 17:20,0,0,0,0,0,116368,20/5/2023 20:07,20/5/2023,1900,2000
2619612,21/5/2023 10:50,0,7.52,3.84,0,0,179364,21/5/2023 14:20,21/5/2023,1400,1500
2623147,22/5/2023 16:21,0,0,0,0,0,94636,22/5/2023 20:09,22/5/2023,1900,2000
2625632,23/5/2023 18:53,0,11.69,5.97,0,0,32963,24/5/2023 10:14,24/5/2023,1000,1100
2626974,24/5/2023 14:17,0,8.78,4.48,0,0,171193,24/5/2023 18:30,24/5/2023,1800,1900
2630746,26/5/2023 09:04,0,4.1,2.1,0,0,102057,26/5/2023 14:27,26/5/2023,1400,1500
2632267,26/5/2023 18:33,0,17.96,9.18,0,0,166994,27/5/2023 10:07,27/5/2023,1000,1100
2632270,26/5/2023 18:36,0,28.82,14.74,0,0,9275,26/5/2023 21:48,26/5/2023,2100,2200
2636535,28/5/2023 14:27,0,2.82,1.45,0,0,124197,28/5/2023 20:09,28/5/2023,2000,2100
2636950,28/5/2023 16:18,0,0,0,0,0,133803,28/5/2023 18:24,28/5/2023,1800,1900
2637568,28/5/2023 22:12,0,11.53,5.89,0,0,98472,29/5/2023 11:10,29/5/2023,1100,1200
2639220,29/5/2023 15:37,0,12.85,6.57,0,0,152302,29/5/2023 16:56,29/5/2023,1700,1800
2639569,29/5/2023 17:34,0,133.34,68.18,0,0,162517,29/5/2023 19:06,29/5/2023,1900,2000
2645250,1/6/2023 11:27,0,0,0,0,0,107642,1/6/2023 22:20,1/6/2023,2200,2300
2642806,31/5/2023 10:48,0,2.9,1.48,0,0,102538,1/6/2023 11:00,1/6/2023,1100,1200
2644989,1/6/2023 09:58,0,71.12,36.36,0,0,46059,1/6/2023 14:31,1/6/2023,1500,1600
2646266,1/6/2023 17:17,0,6.67,3.41,0,0,72858,2/6/2023 08:55,2/6/2023,800,900
2647266,2/6/2023 09:21,0,11.57,5.92,0,0,39686,2/6/2023 14:13,2/6/2023,1400,1500
2648412,2/6/2023 15:31,0,9.64,4.93,0,0,149279,2/6/2023 18:03,2/6/2023,1800,1900
2648932,2/6/2023 18:57,0,20.13,10.29,0,0,71760,2/6/2023 21:04,2/6/2023,2100,2200
2649576,3/6/2023 06:39,0,7.35,3.75,0,0,54609,3/6/2023 10:37,3/6/2023,1000,1100
2649738,3/6/2023 09:13,0,3.12,1.59,0,0,61599,3/6/2023 13:01,3/6/2023,1300,1400
2650098,3/6/2023 11:21,0,15.7,8.03,15.7,8.03,37049,3/6/2023 14:03,3/6/2023,1400,1500
2650432,3/6/2023 13:07,0,10.48,5.35,0,0,35806,3/6/2023 16:07,3/6/2023,1600,1700
2651937,3/6/2023 23:52,0,36.36,18.58,0,0,102004,4/6/2023 11:05,4/6/2023,1000,1100
2652218,4/6/2023 09:22,0,23.05,11.79,0,0,8846,4/6/2023 11:18,4/6/2023,1100,1200
2652391,4/6/2023 10:15,0,12.98,6.64,12.98,6.64,27663,4/6/2023 12:13,4/6/2023,1200,1300
2653449,4/6/2023 15:19,0,5.21,2.67,0,0,174331,5/6/2023 11:10,5/6/2023,1100,1200
2654700,5/6/2023 08:39,0,0,0,0,0,182694,5/6/2023 17:47,5/6/2023,1700,1800
2653319,4/6/2023 14:41,0,11.57,5.92,0,0,140582,4/6/2023 17:35,4/6/2023,1700,1800
2654350,4/6/2023 21:38,0,9.51,4.87,0,0,109544,5/6/2023 09:46,5/6/2023,1000,1100
2655448,5/6/2023 12:28,0,17.06,8.72,0,0,81132,5/6/2023 15:16,5/6/2023,1500,1600
2656252,5/6/2023 16:53,0,5.36,2.75,0,0,48112,6/6/2023 14:09,6/6/2023,1400,1500
2656541,5/6/2023 19:17,0,8.17,4.17,0,0,10923,6/6/2023 09:43,6/6/2023,900,1000
2657099,6/6/2023 08:27,0,33.92,17.34,0,0,43558,6/6/2023 11:07,6/6/2023,1100,1200
2657407,6/6/2023 10:52,0,3.59,1.84,0,0,178663,6/6/2023 12:55,6/6/2023,1300,1400
2659050,7/6/2023 00:01,0,16.58,8.48,0,0,148016,7/6/2023 10:34,7/6/2023,1000,1100
2658978,6/6/2023 23:05,0,2.5,1.28,0,0,126462,7/6/2023 19:29,7/6/2023,1900,2000
2661262,8/6/2023 00:16,0,7.81,4,0,0,58133,8/6/2023 10:22,8/6/2023,1000,1100
2661535,8/6/2023 08:55,0,6.24,3.19,0,0,110864,8/6/2023 11:40,8/6/2023,1100,1200
2662585,8/6/2023 14:39,0,40.2,20.56,0,0,70773,8/6/2023 17:08,8/6/2023,1700,1800
2662390,8/6/2023 13:33,0,51.4,26.28,0,0,8952,8/6/2023 15:48,8/6/2023,1500,1600
2663261,8/6/2023 19:16,0,11.9,6.08,0,0,48957,9/6/2023 11:26,9/6/2023,1100,1200
2664538,9/6/2023 12:53,0,17.59,8.99,0,0,51410,9/6/2023 15:02,9/6/2023,1500,1600
2665260,9/6/2023 17:05,0,4.53,2.32,0,0,10625,9/6/2023 20:26,9/6/2023,1900,2000
2666569,10/6/2023 11:00,0,4.68,2.4,0,0,149290,10/6/2023 16:13,10/6/2023,1700,1800
2666065,10/6/2023 01:47,0,42.75,21.86,0,0,39295,10/6/2023 10:30,10/6/2023,1000,1100
2666655,10/6/2023 11:29,0,18,9.21,0,0,176942,10/6/2023 14:03,10/6/2023,1400,1500
2666616,10/6/2023 11:15,0,5.52,2.82,0,0,170379,10/6/2023 14:01,10/6/2023,1400,1500
2668286,10/6/2023 23:07,0,57.43,29.37,43.88,22.44,50899,11/6/2023 10:14,11/6/2023,1000,1100
2666715,10/6/2023 11:47,0,13.67,6.99,0,0,142260,10/6/2023 15:53,10/6/2023,1600,1700
2667489,10/6/2023 16:22,0,2.53,1.29,0,0,52309,10/6/2023 19:01,10/6/2023,1900,2000
2667610,10/6/2023 17:05,0,10.05,5.14,0,0,40241,10/6/2023 19:49,10/6/2023,1900,2000
2668856,11/6/2023 10:26,0,5.8,2.96,0,0,122779,11/6/2023 20:07,11/6/2023,2000,2100
2669886,11/6/2023 15:30,0,34.11,17.44,0,0,69024,12/6/2023 08:42,12/6/2023,800,900
2670292,11/6/2023 17:37,0,2.63,1.35,0,0,169648,11/6/2023 21:24,11/6/2023,2100,2200
2670413,11/6/2023 18:40,0,44.29,22.65,0,0,32719,11/6/2023 20:51,11/6/2023,2100,2200
2670950,12/6/2023 07:13,0,8.79,4.5,0,0,157384,12/6/2023 09:50,12/6/2023,1000,1100
2672472,12/6/2023 16:24,0,4.77,2.44,0,0,120953,12/6/2023 19:06,12/6/2023,1900,2000
2673243,12/6/2023 22:58,0,6.43,3.28,0,0,179809,13/6/2023 10:13,13/6/2023,1000,1100
2674240,13/6/2023 12:56,0,9.78,5,0,0,34670,13/6/2023 19:36,13/6/2023,1900,2000
2674626,13/6/2023 14:57,0,26.45,13.53,0,0,124287,13/6/2023 17:53,13/6/2023,1700,1800
2674998,13/6/2023 16:43,0,15.03,7.69,0,0,48565,14/6/2023 10:30,14/6/2023,1000,1100
2676281,14/6/2023 10:35,0,62.62,32.02,0,0,27750,15/6/2023 07:59,14/6/2023,2200,2300
2677287,14/6/2023 16:28,0,22.49,11.5,0,0,101215,14/6/2023 19:16,14/6/2023,1900,2000
2679405,15/6/2023 14:19,0,24.83,12.69,0,0,86402,15/6/2023 17:22,15/6/2023,1800,1900
2681558,16/6/2023 12:32,0,41.1,21.01,0,0,154380,16/6/2023 14:57,16/6/2023,1500,1600
2685935,18/6/2023 03:11,0,73.11,37.39,0,0,71545,18/6/2023 10:13,18/6/2023,1000,1100
2685702,17/6/2023 22:28,0,9.08,4.64,0,0,68876,18/6/2023 10:26,18/6/2023,1000,1100
2687634,18/6/2023 17:39,0,2.26,1.15,0,0,8407,18/6/2023 20:51,18/6/2023,2000,2100
2687899,18/6/2023 20:36,0,14.93,7.63,0,0,113792,19/6/2023 10:00,19/6/2023,1000,1100
2690778,20/6/2023 11:38,0,0,0,0,0,134195,20/6/2023 13:08,20/6/2023,1300,1400
2691108,20/6/2023 14:01,0,45.89,23.47,0,0,52329,20/6/2023 16:12,20/6/2023,1600,1700
2693076,21/6/2023 14:14,0,13.16,6.73,0,0,97027,21/6/2023 18:12,21/6/2023,1800,1900
2693124,21/6/2023 14:38,0,23.47,12,0,0,38772,21/6/2023 18:05,21/6/2023,1800,1900
2698289,23/6/2023 21:28,0,39.38,20.13,0,0,49045,24/6/2023 08:35,24/6/2023,900,1000
2693639,21/6/2023 18:40,0,27.28,13.95,0,0,34414,21/6/2023 20:53,21/6/2023,2100,2200
2694913,22/6/2023 12:43,0,2.9,1.48,0,0,132897,22/6/2023 14:56,22/6/2023,1500,1600
2696382,23/6/2023 04:44,0,18.39,9.41,0,0,16295,23/6/2023 10:39,23/6/2023,1000,1100
2698262,23/6/2023 21:01,0,3.26,1.66,0,0,72351,24/6/2023 11:02,24/6/2023,1100,1200
2699482,24/6/2023 14:22,0,3.61,1.85,0,0,97046,24/6/2023 16:30,24/6/2023,1600,1700
2699897,24/6/2023 17:19,0,0,0,0,0,66356,24/6/2023 21:01,24/6/2023,2100,2200
2700893,25/6/2023 09:36,0,18.85,9.63,0,0,80828,25/6/2023 10:37,25/6/2023,1100,1200
2701959,25/6/2023 15:13,0,2.56,1.31,0,0,41998,25/6/2023 18:03,25/6/2023,1800,1900
2702183,25/6/2023 16:18,0,2.95,1.51,0,0,99327,26/6/2023 10:08,26/6/2023,1000,1100
2702690,25/6/2023 20:40,0,8.03,4.1,0,0,93809,26/6/2023 10:04,26/6/2023,1000,1100
2704251,26/6/2023 15:14,0,6.73,3.44,0,0,44418,26/6/2023 19:18,26/6/2023,1900,2000
2703926,26/6/2023 13:23,0,41.96,21.45,0,0,101757,26/6/2023 16:04,26/6/2023,1500,1600
2704957,26/6/2023 20:37,0,88.09,45.04,0,0,111940,27/6/2023 07:30,27/6/2023,800,900
2705834,27/6/2023 12:02,0,74.03,37.85,0,0,30529,27/6/2023 14:59,27/6/2023,1400,1500
2706394,27/6/2023 15:36,0,15.97,8.16,0,0,45279,27/6/2023 17:58,27/6/2023,1700,1800
2706474,27/6/2023 16:04,0,39.63,20.26,0,0,33331,27/6/2023 19:59,27/6/2023,1900,2000
2710174,29/6/2023 13:02,0,8.21,4.19,0,0,159148,30/6/2023 08:24,30/6/2023,900,1000
2710860,29/6/2023 17:45,0,53.25,27.22,0,0,59761,29/6/2023 20:36,29/6/2023,2000,2100
2711535,30/6/2023 08:07,0,31.7,16.21,0,0,24119,30/6/2023 15:00,30/6/2023,1500,1600
2712660,30/6/2023 16:00,0,30.62,15.65,30.62,15.65,128212,30/6/2023 21:04,30/6/2023,2100,2200
2715267,1/7/2023 20:35,0,9.09,4.64,0,0,118768,2/7/2023 08:19,2/7/2023,800,900
2714101,1/7/2023 12:07,0,20.13,10.29,0,0,44743,1/7/2023 14:51,1/7/2023,1500,1600
2715297,1/7/2023 20:59,0,29.04,14.85,0,0,177269,2/7/2023 07:52,2/7/2023,800,900
2716852,2/7/2023 14:25,0,60.71,31.04,55.82,28.54,120009,3/7/2023 20:21,3/7/2023,1900,2000
2719876,3/7/2023 20:57,0,11.95,6.11,11.95,6.11,186493,4/7/2023 09:14,4/7/2023,900,1000
2720828,4/7/2023 11:58,0,14.44,7.39,0,0,33446,4/7/2023 13:50,4/7/2023,1400,1500
2799108,8/8/2023 19:38,0,0,0,0,0,76587,9/8/2023 18:00,9/8/2023,1800,1900
2723088,5/7/2023 12:39,0,56.15,28.71,0,0,27750,6/7/2023 08:18,5/7/2023,2200,2300
2726602,7/7/2023 00:23,0,33.07,16.91,0,0,11326,7/7/2023 08:10,7/7/2023,800,900
2727647,7/7/2023 13:54,0,0,0,0,0,88182,7/7/2023 20:36,7/7/2023,1900,2000
2725152,6/7/2023 11:57,0,2.51,1.28,0,0,118188,6/7/2023 16:34,6/7/2023,1600,1700
2727614,7/7/2023 13:46,0,26.98,13.8,6.31,3.22,158278,7/7/2023 19:09,7/7/2023,1900,2000
2726459,6/7/2023 22:17,0,3.47,1.78,0,0,61216,7/7/2023 11:07,7/7/2023,1100,1200
2727225,7/7/2023 11:17,0,4.52,2.32,0,0,64060,7/7/2023 12:55,7/7/2023,1300,1400
2728308,7/7/2023 18:00,0,141.51,72.36,0,0,37730,7/7/2023 22:48,7/7/2023,2200,2300
2728587,7/7/2023 21:11,0,6.94,3.55,0,0,131817,8/7/2023 08:17,8/7/2023,900,1000
2728684,7/7/2023 22:16,0,31.54,16.13,0,0,30194,8/7/2023 08:44,8/7/2023,800,900
2729245,8/7/2023 10:09,0,7.73,3.95,0,0,124197,8/7/2023 18:07,8/7/2023,1800,1900
2729418,8/7/2023 11:13,0,2.83,1.44,0,0,87270,8/7/2023 13:42,8/7/2023,1300,1400
2731361,9/7/2023 10:38,0,8.81,4.5,0,0,39753,9/7/2023 13:38,9/7/2023,1300,1400
2732506,9/7/2023 17:08,0,0.01,0.01,0,0,18563,9/7/2023 19:32,9/7/2023,1900,2000
2732548,9/7/2023 17:20,0,7.53,3.85,0,0,84550,9/7/2023 21:06,9/7/2023,2100,2200
2734772,10/7/2023 17:07,0,25.67,13.13,0,0,149172,10/7/2023 20:49,10/7/2023,1900,2000
2735955,11/7/2023 11:33,0,45.09,23.05,0,0,76390,11/7/2023 14:02,11/7/2023,1400,1500
2737553,12/7/2023 08:33,0,14.05,7.19,0,0,35702,12/7/2023 11:53,12/7/2023,1100,1200
2739507,13/7/2023 02:17,0,46.26,23.65,0,0,21622,13/7/2023 08:09,13/7/2023,800,900
2738379,12/7/2023 14:20,0,3.91,2,0,0,59032,12/7/2023 17:35,12/7/2023,1800,1900
2744193,15/7/2023 07:17,0,0,0,0,0,39955,15/7/2023 08:15,15/7/2023,800,900
2738831,12/7/2023 17:10,0,10.06,5.14,0,0,131817,12/7/2023 19:34,12/7/2023,1900,2000
2739196,12/7/2023 21:00,0,4.52,2.31,0,0,162579,13/7/2023 10:24,13/7/2023,900,1000
2744428,15/7/2023 10:13,0,49.5,25.3,10.05,5.14,20212,16/7/2023 10:15,16/7/2023,1000,1100
2740194,13/7/2023 11:51,0,10.07,5.16,0,0,171827,13/7/2023 14:34,13/7/2023,1400,1500
2741344,13/7/2023 18:49,0,36.21,18.51,0,0,60759,14/7/2023 09:00,14/7/2023,900,1000
2741827,14/7/2023 02:57,0,9,4.6,0,0,179538,14/7/2023 11:49,14/7/2023,1100,1200
2742670,14/7/2023 12:54,0,11.57,5.91,0,0,103320,16/7/2023 17:11,16/7/2023,1700,1800
2742880,14/7/2023 13:51,0,28.38,14.51,0,0,136666,14/7/2023 18:02,14/7/2023,1700,1800
2744930,15/7/2023 13:04,0,1.7,0.86,0,0,117422,15/7/2023 18:22,15/7/2023,1800,1900
2744698,15/7/2023 11:51,0,12.72,6.5,0,0,116368,15/7/2023 13:44,15/7/2023,1300,1400
2745590,15/7/2023 16:53,0,12.72,6.5,0,0,162746,15/7/2023 18:49,15/7/2023,1900,2000
2747083,16/7/2023 12:35,0,3.9,1.99,0,0,104641,16/7/2023 15:02,16/7/2023,1500,1600
2747417,16/7/2023 14:27,0,8.81,4.5,0,0,64658,16/7/2023 17:04,16/7/2023,1700,1800
2751793,18/7/2023 12:57,0,2.31,1.19,0,0,76587,18/7/2023 17:27,18/7/2023,1700,1800
2753727,19/7/2023 11:26,0,33.83,17.3,0,0,18102,19/7/2023 21:05,19/7/2023,2100,2200
2754749,19/7/2023 18:04,0,21.4,10.94,0,0,39148,19/7/2023 20:50,19/7/2023,2000,2100
2755169,19/7/2023 22:39,0,7.72,3.94,0,0,63808,20/7/2023 08:53,20/7/2023,800,900
2756142,20/7/2023 12:33,0,4.11,2.1,0,0,44954,20/7/2023 18:17,20/7/2023,1800,1900
2758906,21/7/2023 16:34,0,7.93,4.06,0,0,37655,21/7/2023 19:42,21/7/2023,1900,2000
2759209,21/7/2023 18:43,0,12.73,6.51,0,0,24273,21/7/2023 21:46,21/7/2023,2100,2200
2760565,22/7/2023 13:34,0,23.47,12.01,0,0,107022,22/7/2023 15:56,22/7/2023,1500,1600
2762454,23/7/2023 12:03,0,20.81,10.64,0,0,35708,23/7/2023 19:13,23/7/2023,2000,2100
2762194,23/7/2023 10:36,0,11.43,5.85,0,0,21571,23/7/2023 12:03,23/7/2023,1200,1300
2764262,24/7/2023 09:16,0,37.21,19.02,0,0,136521,24/7/2023 11:14,24/7/2023,1100,1200
2765076,24/7/2023 13:46,0,12.6,6.44,0,0,112248,25/7/2023 08:53,25/7/2023,900,1000
2765959,24/7/2023 19:33,0,95.19,48.67,0,0,104001,24/7/2023 22:20,24/7/2023,2200,2300
2766779,25/7/2023 10:49,0,7.97,4.07,0,0,69922,25/7/2023 16:27,25/7/2023,1600,1700
2768622,26/7/2023 02:26,0,27.65,14.14,0,0,100238,26/7/2023 10:26,26/7/2023,1000,1100
2769153,26/7/2023 11:24,0,16.65,8.52,0,0,52275,26/7/2023 16:33,26/7/2023,1600,1700
2769045,26/7/2023 10:52,0,25.28,12.92,0,0,39165,26/7/2023 13:41,26/7/2023,1300,1400
2770372,26/7/2023 19:13,0,47.93,24.51,0,0,149228,27/7/2023 08:05,27/7/2023,800,900
2774915,29/7/2023 08:12,0,0,0,0,0,100238,29/7/2023 11:11,29/7/2023,1100,1200
2771337,27/7/2023 11:26,0,4.51,2.3,0,0,85203,27/7/2023 13:09,27/7/2023,1300,1400
2773076,28/7/2023 09:28,0,16.85,8.62,0,0,91442,28/7/2023 11:20,28/7/2023,1100,1200
2776844,29/7/2023 22:41,0,7.83,4,0,0,97027,30/7/2023 09:09,30/7/2023,900,1000
2777372,30/7/2023 10:37,0,0,0,0,0,36154,30/7/2023 11:47,30/7/2023,1100,1200
2777847,30/7/2023 13:17,0,28.72,14.68,0,0,132999,30/7/2023 16:32,30/7/2023,1600,1700
2778792,30/7/2023 19:26,0,21.27,10.87,0,0,110472,31/7/2023 12:41,31/7/2023,1200,1300
2779091,30/7/2023 23:17,0,9.42,4.82,0,0,10500,31/7/2023 13:41,31/7/2023,1300,1400
2779288,31/7/2023 08:18,0,4.44,2.27,0,0,56002,31/7/2023 11:26,31/7/2023,1200,1300
2779559,31/7/2023 10:09,0,16.67,8.52,0,0,43345,31/7/2023 12:25,31/7/2023,1200,1300
2780371,31/7/2023 14:35,0,4.11,2.1,0,0,72121,31/7/2023 18:53,31/7/2023,1800,1900
2781091,31/7/2023 19:30,0,0,0,0,0,36913,31/7/2023 20:18,31/7/2023,2000,2100
2781501,1/8/2023 00:28,0,57.69,29.49,0,0,130476,1/8/2023 09:19,1/8/2023,900,1000
2782383,1/8/2023 13:13,0,5.31,2.71,0,0,68949,1/8/2023 17:42,1/8/2023,1800,1900
2782884,1/8/2023 16:14,0,50.98,26.07,0,0,38772,1/8/2023 18:36,1/8/2023,1800,1900
2783279,1/8/2023 18:34,0,4.99,2.55,4.99,2.55,169336,4/8/2023 11:10,4/8/2023,1100,1200
2784040,2/8/2023 09:46,0,58.49,29.91,24.93,12.75,63327,2/8/2023 12:48,2/8/2023,1200,1300
2784213,2/8/2023 11:00,0,0,0,0,0,14488,2/8/2023 13:22,2/8/2023,1300,1400
2784310,2/8/2023 11:37,0,18.71,9.56,0,0,70011,2/8/2023 14:59,2/8/2023,1400,1500
2784456,2/8/2023 12:27,0,6.45,3.29,0,0,119450,2/8/2023 19:09,2/8/2023,1900,2000
2784646,2/8/2023 13:33,0,42.82,21.9,0,0,135729,2/8/2023 14:38,2/8/2023,1500,1600
2785969,3/8/2023 06:04,0,3.91,1.99,0,0,182660,3/8/2023 08:57,3/8/2023,800,900
2786107,3/8/2023 08:50,0,4.31,2.2,0,0,28386,3/8/2023 13:21,3/8/2023,1300,1400
2786386,3/8/2023 10:35,0,5.4,2.76,0,0,174317,3/8/2023 13:11,3/8/2023,1300,1400
2789508,4/8/2023 14:59,0,38.3,19.58,0,0,45763,5/8/2023 09:45,5/8/2023,1000,1100
2787687,3/8/2023 18:13,0,5.16,2.64,0,0,69600,4/8/2023 10:11,4/8/2023,1000,1100
2787691,3/8/2023 18:15,0,27.74,14.19,0,0,108844,3/8/2023 21:03,3/8/2023,2100,2200
2789174,4/8/2023 13:20,0,13.73,7.02,0,0,61517,4/8/2023 15:00,4/8/2023,1500,1600
2789503,4/8/2023 14:59,0,9.41,4.81,0,0,170436,4/8/2023 17:27,4/8/2023,1700,1800
2789728,4/8/2023 16:20,0,2.75,1.4,0,0,169648,4/8/2023 21:01,4/8/2023,2000,2100
2791027,5/8/2023 11:23,0,11.5,5.88,0,0,56633,5/8/2023 13:37,5/8/2023,1300,1400
2791017,5/8/2023 11:20,0,12.9,6.59,0,0,187162,5/8/2023 14:47,5/8/2023,1400,1500
2791836,5/8/2023 16:01,0,3.89,1.98,3.89,1.98,144863,6/8/2023 14:41,6/8/2023,1400,1500
2792270,5/8/2023 18:59,0,10.93,5.59,0,0,67196,5/8/2023 22:34,5/8/2023,2200,2300
2792535,5/8/2023 22:05,0,16.18,8.27,0,0,157925,6/8/2023 10:42,6/8/2023,1000,1100
2793116,6/8/2023 10:43,0,36.22,18.52,0,0,184078,6/8/2023 15:58,6/8/2023,1600,1700
2793661,6/8/2023 13:12,0,37.9,19.37,0,0,59820,6/8/2023 18:12,6/8/2023,1800,1900
2793595,6/8/2023 12:57,0,9.78,5,0,0,43974,6/8/2023 19:06,6/8/2023,1900,2000
2797390,8/8/2023 00:03,0,5.42,2.77,0,0,64468,8/8/2023 11:09,8/8/2023,1000,1100
2798720,8/8/2023 16:33,0,9.32,4.77,0,0,44714,8/8/2023 18:15,8/8/2023,1800,1900
2798988,8/8/2023 18:30,0,37.81,19.33,0,0,38048,8/8/2023 20:10,8/8/2023,2000,2100
2799407,8/8/2023 23:35,0,111.94,57.24,0,0,21545,9/8/2023 09:05,9/8/2023,900,1000
2800419,9/8/2023 13:39,0,117.29,59.97,19.25,9.84,75224,9/8/2023 16:05,9/8/2023,1600,1700
2805079,11/8/2023 14:27,0,8.77,4.49,0,0,118400,11/8/2023 19:06,11/8/2023,1900,2000
2804894,11/8/2023 13:13,0,73.84,37.76,0,0,173134,11/8/2023 16:19,11/8/2023,1700,1800
2805304,11/8/2023 15:44,0,4.22,2.15,0,0,107082,11/8/2023 18:56,11/8/2023,1800,1900
2805803,11/8/2023 19:49,0,0,0,0,0,169746,12/8/2023 11:40,12/8/2023,1100,1200
2805890,11/8/2023 20:59,0,5.8,2.97,0,0,20216,12/8/2023 11:24,12/8/2023,1100,1200
2808207,12/8/2023 23:42,0,28.56,14.6,0,0,8506,13/8/2023 08:57,13/8/2023,800,900
2807539,12/8/2023 16:58,0,14.2,7.25,0,0,75473,12/8/2023 19:00,12/8/2023,1900,2000
2807677,12/8/2023 17:49,0,6.3,3.22,0,0,131817,12/8/2023 20:01,12/8/2023,2000,2100
2808365,13/8/2023 07:50,0,0,0,0,0,45762,13/8/2023 10:54,13/8/2023,1000,1100
2808339,13/8/2023 07:17,0,0,0,0,0,173602,13/8/2023 08:32,13/8/2023,800,900
2808170,12/8/2023 23:10,0,29.47,15.07,0,0,138675,13/8/2023 11:38,13/8/2023,1100,1200
2809793,13/8/2023 16:59,0,0,0,0,0,173704,13/8/2023 19:28,13/8/2023,1900,2000
2809736,13/8/2023 16:34,0,53.23,27.21,0,0,14579,13/8/2023 18:51,13/8/2023,1900,2000
2810105,13/8/2023 19:39,0,24.61,12.58,0,0,92717,13/8/2023 21:49,13/8/2023,2200,2300
2812253,14/8/2023 18:33,0,30.27,15.48,0,0,56227,14/8/2023 20:32,14/8/2023,2000,2100
2812997,15/8/2023 09:31,0,22.2,11.35,0,0,20620,15/8/2023 11:06,15/8/2023,1200,1300
2814179,15/8/2023 16:05,0,35.07,17.93,0,0,70418,16/8/2023 09:23,16/8/2023,900,1000
2814844,15/8/2023 22:38,0,7.1,3.63,0,0,86865,16/8/2023 09:24,16/8/2023,800,900
2815980,16/8/2023 14:17,0,17.03,8.7,0,0,49110,16/8/2023 16:36,16/8/2023,1600,1700
2817051,17/8/2023 01:02,0,6.3,3.22,0,0,10772,17/8/2023 09:37,17/8/2023,1000,1100
2817459,17/8/2023 10:11,0,14.51,7.42,0,0,146548,17/8/2023 16:11,17/8/2023,1600,1700
2818782,17/8/2023 17:53,0,4.25,2.17,0,0,120533,18/8/2023 09:47,18/8/2023,1000,1100
2819468,18/8/2023 07:10,0,86.16,44.05,0,0,70773,18/8/2023 12:01,18/8/2023,1200,1300
2820054,18/8/2023 11:40,0,18.98,9.7,0,0,190993,18/8/2023 15:35,18/8/2023,1500,1600
2819764,18/8/2023 10:02,0,5.16,2.64,0,0,30836,18/8/2023 16:42,18/8/2023,1700,1800
2820640,18/8/2023 15:00,0,35.19,17.99,0,0,66753,18/8/2023 19:29,18/8/2023,1900,2000
2821644,19/8/2023 01:24,0,21.21,10.84,0,0,21378,19/8/2023 08:27,19/8/2023,900,1000
2823833,20/8/2023 00:11,0,16.19,8.28,0,0,41739,20/8/2023 09:22,20/8/2023,900,1000
2823795,19/8/2023 23:32,0,18.93,9.68,0,0,41397,20/8/2023 11:48,20/8/2023,1200,1300
2824999,20/8/2023 14:15,0,18.88,9.65,18.88,9.65,188150,20/8/2023 16:18,20/8/2023,1600,1700
2826194,20/8/2023 23:46,0,60.37,30.87,0,0,166254,21/8/2023 10:53,21/8/2023,1000,1100
2826088,20/8/2023 22:22,0,26.53,13.56,0,0,149413,21/8/2023 10:07,21/8/2023,1000,1100
2827226,21/8/2023 12:50,0,20.62,10.55,0,0,39753,21/8/2023 14:32,21/8/2023,1400,1500
2828165,21/8/2023 17:30,0,7.56,3.87,0,0,8309,21/8/2023 20:13,21/8/2023,2000,2100
2832469,23/8/2023 15:28,0,25.2,12.89,0,0,95109,23/8/2023 19:46,23/8/2023,1900,2000
2832566,23/8/2023 16:10,0,12.27,6.28,0,0,74421,23/8/2023 19:56,23/8/2023,1900,2000
2832843,23/8/2023 18:07,0,10.34,5.29,0,0,27959,23/8/2023 19:25,23/8/2023,2000,2100
2834328,24/8/2023 12:59,0,35.64,18.23,0,0,168490,24/8/2023 16:56,24/8/2023,1600,1700
2834423,24/8/2023 13:21,0,24.67,12.61,0,0,111600,24/8/2023 17:05,24/8/2023,1600,1700
2834634,24/8/2023 14:22,0,20.54,10.5,0,0,161217,24/8/2023 16:47,24/8/2023,1600,1700
2834752,24/8/2023 15:04,0,37.59,19.23,0,0,111577,24/8/2023 18:02,24/8/2023,1800,1900
2835724,25/8/2023 00:04,0,57.95,29.63,0,0,184987,25/8/2023 09:50,25/8/2023,900,1000
2838401,26/8/2023 10:16,0,230.21,117.71,23.77,12.15,100708,27/8/2023 10:52,27/8/2023,1000,1100
2836899,25/8/2023 14:29,0,11.35,5.8,0,0,29657,25/8/2023 16:13,25/8/2023,1600,1700
2837921,25/8/2023 23:24,0,18.08,9.24,0,0,10069,26/8/2023 08:12,26/8/2023,800,900
2837858,25/8/2023 22:26,0,11.79,6.03,0,0,27724,26/8/2023 09:12,26/8/2023,900,1000
2841049,27/8/2023 12:55,0,0,0,0,0,166897,27/8/2023 15:44,27/8/2023,1600,1700
2838440,26/8/2023 10:32,0,6.98,3.57,6.98,3.57,58041,26/8/2023 16:48,26/8/2023,1700,1800
2839025,26/8/2023 13:44,0,11.86,6.06,0,0,56482,26/8/2023 19:36,26/8/2023,2000,2100
2839431,26/8/2023 16:27,0,31.45,16.08,0,0,104819,26/8/2023 17:58,26/8/2023,1900,2000
2840189,27/8/2023 00:40,0,9.22,4.72,0,0,46027,27/8/2023 11:21,27/8/2023,1100,1200
2840885,27/8/2023 12:09,0,0,0,0,0,8483,27/8/2023 14:03,27/8/2023,1400,1500
2841038,27/8/2023 12:54,0,43.71,22.36,0,0,98313,28/8/2023 10:22,28/8/2023,1000,1100
2843386,28/8/2023 12:26,0,11.18,5.72,0,0,84077,28/8/2023 15:26,28/8/2023,1500,1600
2843737,28/8/2023 14:13,0,133.8,68.41,0,0,177709,28/8/2023 18:14,28/8/2023,1700,1800
2844872,29/8/2023 00:58,0,25.08,12.82,0,0,76510,29/8/2023 12:52,29/8/2023,1200,1300
2844240,28/8/2023 17:05,0,21.26,10.87,21.26,10.87,77911,28/8/2023 18:54,28/8/2023,1900,2000
2845939,29/8/2023 14:35,0,32.47,16.6,0,0,70773,29/8/2023 17:05,29/8/2023,1700,1800
2847778,30/8/2023 11:47,0,46.91,23.98,0,0,9055,30/8/2023 15:58,30/8/2023,1600,1700
2847743,30/8/2023 11:38,0,31.44,16.07,0,0,111940,30/8/2023 14:26,30/8/2023,1400,1500
2850347,31/8/2023 13:30,0,48.49,24.8,0,0,95152,31/8/2023 15:05,31/8/2023,1500,1600
2850350,31/8/2023 13:31,0,8.84,4.52,0,0,45182,31/8/2023 16:33,31/8/2023,1600,1700
2850906,31/8/2023 16:39,0,10.59,5.42,0,0,25444,31/8/2023 19:48,31/8/2023,1900,2000
2854330,2/9/2023 09:40,0,11.81,6.04,0,0,9125,2/9/2023 16:56,2/9/2023,1700,1800
2854990,2/9/2023 13:40,0,3.63,1.86,0,0,92035,2/9/2023 15:51,2/9/2023,1600,1700
2855909,2/9/2023 20:14,0,159.12,81.36,0,0,113841,3/9/2023 09:44,3/9/2023,900,1000
2856096,2/9/2023 22:25,0,48.15,24.62,0,0,120533,3/9/2023 10:36,3/9/2023,1100,1200
2856251,3/9/2023 00:32,0,70.8,36.2,0,0,23363,3/9/2023 11:29,3/9/2023,1200,1300
2856189,2/9/2023 23:32,0,5.6,2.87,0,0,65889,3/9/2023 09:57,3/9/2023,1000,1100
2856519,3/9/2023 09:29,0,7.38,3.77,0,0,112729,3/9/2023 12:11,3/9/2023,1100,1200
2857057,3/9/2023 12:32,0,6.31,3.23,0,0,48103,3/9/2023 21:59,3/9/2023,2200,2300
2857903,3/9/2023 17:09,0,8.41,4.3,0,0,156117,3/9/2023 19:46,3/9/2023,1900,2000
2858616,4/9/2023 05:06,0,2.58,1.32,0,0,24678,4/9/2023 14:15,4/9/2023,1400,1500
2861032,4/9/2023 20:57,0,35.7,18.26,0,0,76154,5/9/2023 08:32,5/9/2023,800,900
2859568,4/9/2023 12:48,0,12.2,6.24,0,0,48034,4/9/2023 15:33,4/9/2023,1500,1600
2859820,4/9/2023 13:57,0,1.89,0.97,0,0,69755,4/9/2023 15:46,4/9/2023,1600,1700
2866002,7/9/2023 07:20,0,0,0,0,0,157077,7/9/2023 09:37,7/9/2023,800,900
2860736,4/9/2023 18:06,0,12.15,6.22,0,0,147613,4/9/2023 20:43,4/9/2023,2000,2100
2860696,4/9/2023 17:54,0,14.24,7.28,0,0,110551,4/9/2023 20:29,4/9/2023,2100,2200
2861379,5/9/2023 04:26,0,20.54,10.5,0,0,20910,5/9/2023 09:19,5/9/2023,900,1000
2861441,5/9/2023 07:55,0,7.67,3.92,0,0,66973,5/9/2023 11:04,5/9/2023,1100,1200
2861521,5/9/2023 08:52,0,7.87,4.03,0,0,85150,5/9/2023 16:15,5/9/2023,1400,1500
2862219,5/9/2023 12:49,0,13.78,7.05,0,0,193172,5/9/2023 14:57,5/9/2023,1500,1600
2862466,5/9/2023 14:15,0,10.64,5.44,0,0,19516,5/9/2023 17:42,5/9/2023,1700,1800
2863225,5/9/2023 19:04,0,44.87,22.95,0,0,94239,5/9/2023 20:24,5/9/2023,2100,2200
2912658,25/9/2023 16:37,0,0,0,0,0,27374,25/9/2023 20:52,25/9/2023,2000,2100
2867005,7/9/2023 14:06,0,28.37,14.5,0,0,105466,7/9/2023 19:32,7/9/2023,1900,2000
2866807,7/9/2023 13:07,0,5.12,2.61,0,0,29688,7/9/2023 19:08,7/9/2023,1900,2000
2868005,7/9/2023 21:02,0,20.34,10.4,0,0,45125,8/9/2023 08:58,8/9/2023,800,900
2868073,7/9/2023 21:38,0,97.72,49.96,0,0,168114,8/9/2023 09:12,8/9/2023,900,1000
2868691,8/9/2023 10:06,0,3.23,1.65,0,0,120368,8/9/2023 13:46,8/9/2023,1300,1400
2875641,11/9/2023 07:08,0,0,0,0,0,177159,11/9/2023 09:08,11/9/2023,900,1000
2877739,11/9/2023 19:25,0,0,0,0,0,184774,12/9/2023 10:40,12/9/2023,1000,1100
2870386,8/9/2023 21:04,0,35.49,18.15,30.08,15.38,69381,9/9/2023 17:19,9/9/2023,1700,1800
2872185,9/9/2023 16:47,0,4.13,2.11,0,0,35272,9/9/2023 19:22,9/9/2023,1900,2000
2872893,9/9/2023 23:12,0,19.65,10.04,0,0,48665,10/9/2023 08:46,10/9/2023,900,1000
2874350,10/9/2023 14:57,0,28.08,14.36,0,0,92905,10/9/2023 16:57,10/9/2023,1700,1800
2875038,10/9/2023 18:38,0,7.84,4,0,0,94890,10/9/2023 21:35,10/9/2023,2100,2200
2875674,11/9/2023 07:57,0,0.06,0.03,0,0,188752,11/9/2023 09:51,11/9/2023,1000,1100
2876094,11/9/2023 10:45,0,4.61,2.36,0,0,125185,11/9/2023 13:58,11/9/2023,1300,1400
2876905,11/9/2023 14:34,0,20.89,10.69,0,0,60546,11/9/2023 17:30,11/9/2023,1700,1800
2877810,11/9/2023 20:07,0,18.38,9.4,0,0,110592,12/9/2023 15:12,12/9/2023,1500,1600
2878689,12/9/2023 11:06,0,19.27,9.85,0,0,81331,12/9/2023 13:31,12/9/2023,1300,1400
2881807,13/9/2023 14:25,0,6.95,3.56,0,0,159978,13/9/2023 18:37,13/9/2023,1800,1900
2882393,13/9/2023 18:19,0,13.28,6.79,0,0,114241,13/9/2023 21:50,13/9/2023,2100,2200
2883543,14/9/2023 11:05,0,14.28,7.3,0,0,8359,14/9/2023 13:02,14/9/2023,1300,1400
2884820,14/9/2023 17:34,0,10.12,5.18,0,0,40053,14/9/2023 21:17,14/9/2023,2100,2200
2886347,15/9/2023 12:20,0,9.54,4.87,0,0,77858,15/9/2023 15:41,15/9/2023,1500,1600
2889821,16/9/2023 15:38,0,62.38,31.89,0,0,26078,17/9/2023 09:21,17/9/2023,900,1000
2888898,16/9/2023 11:44,0,5.67,2.9,0,0,147210,16/9/2023 16:33,16/9/2023,1500,1600
2889411,16/9/2023 13:45,0,2.46,1.25,0,0,167781,16/9/2023 16:26,16/9/2023,1700,1800
2889614,16/9/2023 14:41,0,7.48,3.83,0,0,130319,16/9/2023 19:17,16/9/2023,1900,2000
2889666,16/9/2023 14:57,0,78.22,40,0,0,9676,16/9/2023 18:33,16/9/2023,1800,1900
2890513,16/9/2023 20:36,0,20.67,10.57,0,0,121096,17/9/2023 19:26,17/9/2023,1900,2000
2892179,17/9/2023 13:51,0,65.31,33.39,0,0,175938,17/9/2023 16:25,17/9/2023,1600,1700
2894175,18/9/2023 11:23,0,15.05,7.69,0,0,160104,18/9/2023 14:49,18/9/2023,1500,1600
2895821,18/9/2023 20:59,0,5.61,2.87,0,0,71923,19/9/2023 17:32,19/9/2023,1700,1800
2896161,19/9/2023 01:22,0,36.93,18.89,0,0,128402,19/9/2023 09:50,19/9/2023,900,1000
2896625,19/9/2023 10:34,0,15.18,7.76,0,0,76482,19/9/2023 12:22,19/9/2023,1300,1400
2897390,19/9/2023 15:01,0,0,0,0,0,193954,19/9/2023 18:50,19/9/2023,1800,1900
2897071,19/9/2023 13:10,0,78.64,40.2,0,0,42512,19/9/2023 16:06,19/9/2023,1500,1600
2898122,19/9/2023 20:24,0,83.57,42.73,83.57,42.73,62260,20/9/2023 09:56,20/9/2023,1000,1100
2898310,19/9/2023 22:37,0,34.56,17.67,0,0,78477,20/9/2023 10:20,20/9/2023,1000,1100
2899044,20/9/2023 11:20,0,0,0,0,0,70011,20/9/2023 13:06,20/9/2023,1300,1400
2900557,20/9/2023 22:43,0,65.74,33.61,0,0,128364,21/9/2023 10:58,21/9/2023,1000,1100
2901886,21/9/2023 13:54,0,158.53,81.06,0,0,95152,21/9/2023 17:46,21/9/2023,1800,1900
2901952,21/9/2023 14:14,0,5.05,2.58,0,0,104957,21/9/2023 17:37,21/9/2023,1800,1900
2902587,21/9/2023 18:25,0,5.94,3.04,0,0,130831,21/9/2023 21:29,21/9/2023,2100,2200
2905046,22/9/2023 18:15,0,22.29,11.39,22.29,11.39,35913,23/9/2023 09:35,23/9/2023,900,1000
2905285,22/9/2023 20:24,0,33.19,16.97,0,0,185360,23/9/2023 08:31,23/9/2023,800,900
2905391,22/9/2023 21:39,0,86.8,44.37,0,0,124196,23/9/2023 10:01,23/9/2023,900,1000
2906059,23/9/2023 10:38,0,17.47,8.94,0,0,42299,23/9/2023 12:55,23/9/2023,1300,1400
2907025,23/9/2023 16:06,0,14.44,7.38,0,0,56736,23/9/2023 18:28,23/9/2023,1800,1900
2908242,24/9/2023 09:29,0,0,0,0,0,86771,24/9/2023 13:54,24/9/2023,1300,1400
2907553,23/9/2023 19:34,0,6.9,3.52,0,0,64767,23/9/2023 22:58,23/9/2023,2200,2300
2908035,24/9/2023 06:55,0,35.62,18.22,0,0,73115,24/9/2023 09:59,24/9/2023,1000,1100
2910959,25/9/2023 08:53,0,129.71,66.32,0,0,172114,25/9/2023 12:39,25/9/2023,1200,1300
2912363,25/9/2023 15:12,0,8.8,4.5,0,0,149086,25/9/2023 21:23,25/9/2023,2100,2200
2913455,25/9/2023 23:06,0,4.66,2.39,0,0,160743,26/9/2023 10:15,26/9/2023,1000,1100
2914547,26/9/2023 12:37,0,11.38,5.82,0,0,48540,26/9/2023 18:20,26/9/2023,1800,1900
2914614,26/9/2023 12:54,0,2.16,1.11,0,0,192966,26/9/2023 15:51,26/9/2023,1600,1700
2914715,26/9/2023 13:21,0,47.34,24.2,0,0,8783,26/9/2023 15:57,26/9/2023,1600,1700
2916770,27/9/2023 11:21,0,26.83,13.71,0,0,58480,27/9/2023 13:41,27/9/2023,1300,1400
2917668,27/9/2023 15:50,0,25.35,12.96,0,0,148330,28/9/2023 11:11,28/9/2023,1100,1200
2927083,1/10/2023 09:54,0,18.75,9.59,0,0,48323,1/10/2023 14:26,1/10/2023,1500,1600
2922489,29/9/2023 13:36,0,35.33,18.06,0,0,189030,29/9/2023 16:06,29/9/2023,1500,1600
2922618,29/9/2023 14:18,0,39.38,20.14,14.71,7.52,32370,29/9/2023 18:13,29/9/2023,1700,1800
2922974,29/9/2023 16:09,0,1.47,0.75,0,0,133016,29/9/2023 18:48,29/9/2023,1800,1900
2924936,30/9/2023 12:58,0,7.62,3.89,0,0,138819,30/9/2023 16:51,30/9/2023,1600,1700
2925601,30/9/2023 16:23,0,0,0,0,0,63299,30/9/2023 18:43,30/9/2023,1800,1900
2925555,30/9/2023 16:09,0,10.88,5.55,0,0,188794,1/10/2023 10:53,1/10/2023,1000,1100
2926126,30/9/2023 19:24,0,49.44,25.28,0,0,43267,1/10/2023 09:59,1/10/2023,1000,1100
2926928,1/10/2023 09:03,0,11.34,5.8,0,0,146286,1/10/2023 13:03,1/10/2023,1200,1300
2927312,1/10/2023 10:57,0,6.5,3.32,0,0,21545,1/10/2023 14:15,1/10/2023,1400,1500
2927326,1/10/2023 10:59,0,22.38,11.44,0,0,36186,1/10/2023 14:04,1/10/2023,1500,1600
2928068,1/10/2023 13:56,0,11.53,5.89,0,0,64187,1/10/2023 17:42,1/10/2023,1700,1800
2928184,1/10/2023 14:22,0,30.97,15.84,0,0,9623,1/10/2023 17:45,1/10/2023,1800,1900
2928347,1/10/2023 15:14,0,7.46,3.82,0,0,46600,1/10/2023 16:32,1/10/2023,1900,2000
2929336,1/10/2023 23:40,0,13.32,6.81,0,0,43704,2/10/2023 11:02,2/10/2023,1100,1200
2933191,3/10/2023 12:32,0,0,0,0,0,119690,3/10/2023 17:13,3/10/2023,1600,1700
2931284,2/10/2023 16:17,0,36.2,18.51,0,0,142443,2/10/2023 19:42,2/10/2023,1900,2000
2931448,2/10/2023 17:09,0,11.67,5.97,0,0,77772,2/10/2023 22:36,2/10/2023,2200,2300
2932009,2/10/2023 21:50,0,2.32,1.19,0,0,173007,3/10/2023 18:16,3/10/2023,1800,1900
2932673,3/10/2023 10:06,0,40.49,20.71,0,0,61721,3/10/2023 13:42,3/10/2023,1300,1400
2932752,3/10/2023 10:24,0,21.61,11.05,0,0,18019,3/10/2023 13:40,3/10/2023,1300,1400
2933409,3/10/2023 13:41,0,4.42,2.26,0,0,122920,3/10/2023 16:36,3/10/2023,1600,1700
2934137,3/10/2023 17:38,0,44.35,22.68,0,0,118551,3/10/2023 19:39,3/10/2023,2000,2100
2935439,4/10/2023 11:20,0,4.31,2.21,0,0,138819,4/10/2023 13:24,4/10/2023,1400,1500
2935405,4/10/2023 11:12,0,3.88,1.99,0,0,178443,4/10/2023 17:59,4/10/2023,1700,1800
2935722,4/10/2023 12:48,0,25.32,12.95,0,0,53616,4/10/2023 14:32,4/10/2023,1400,1500
2936255,4/10/2023 15:39,0,0,0,0,0,56301,4/10/2023 16:28,4/10/2023,1600,1700
2936339,4/10/2023 16:11,0,3.85,1.97,0,0,136276,4/10/2023 18:37,4/10/2023,1800,1900
2937980,5/10/2023 11:17,0,15.2,7.78,0,0,105646,5/10/2023 17:33,5/10/2023,1700,1800
2938101,5/10/2023 11:51,0,25.29,12.93,0,0,83254,5/10/2023 15:52,5/10/2023,1600,1700
2938277,5/10/2023 12:42,0,11.67,5.97,0,0,142945,5/10/2023 16:56,5/10/2023,1600,1700
2939455,5/10/2023 19:13,0,29.86,15.27,0,0,63199,6/10/2023 12:28,6/10/2023,1100,1200
2940347,6/10/2023 09:45,0,157.25,80.4,5.12,2.62,184078,6/10/2023 19:40,6/10/2023,1900,2000
2940132,6/10/2023 08:23,0,21.52,11,0,0,9287,6/10/2023 13:27,6/10/2023,1200,1300
2940317,6/10/2023 09:36,0,13.3,6.8,0,0,61374,6/10/2023 16:23,6/10/2023,1600,1700
2940546,6/10/2023 10:45,0,27.25,13.94,0,0,162565,6/10/2023 13:15,6/10/2023,1300,1400
2940982,6/10/2023 12:39,0,9.73,4.97,0,0,86033,6/10/2023 15:37,6/10/2023,1500,1600
2940916,6/10/2023 12:22,0,5.95,3.05,0,0,81527,6/10/2023 15:52,6/10/2023,1500,1600
2941120,6/10/2023 13:18,0,34.08,17.42,0,0,132012,6/10/2023 15:18,6/10/2023,1500,1600
2941712,6/10/2023 15:54,0,49.98,25.55,0,0,33331,6/10/2023 20:40,6/10/2023,2000,2100
2942757,7/10/2023 00:53,0,45.11,23.07,0,0,25457,7/10/2023 09:37,7/10/2023,900,1000
2947380,8/10/2023 15:10,0,9.44,4.83,0,0,126795,9/10/2023 08:34,9/10/2023,800,900
2942502,6/10/2023 21:34,0,13.73,7.01,0,0,9125,7/10/2023 16:35,7/10/2023,1600,1700
2944797,7/10/2023 17:26,0,35.52,18.16,0,0,66678,7/10/2023 21:16,7/10/2023,2000,2100
2947363,8/10/2023 15:06,0,0,0,0,0,14705,8/10/2023 16:31,8/10/2023,1600,1700
2946837,8/10/2023 13:17,0,29.51,15.09,0,0,178987,8/10/2023 16:22,8/10/2023,1600,1700
2947895,8/10/2023 17:08,0,20.65,10.56,0,0,16628,8/10/2023 21:14,8/10/2023,2100,2200
2950106,9/10/2023 14:41,0,8.91,4.56,0,0,42104,9/10/2023 17:43,9/10/2023,1800,1900
2950440,9/10/2023 16:18,0,23.63,12.08,0,0,126540,9/10/2023 20:31,9/10/2023,2000,2100
2951202,9/10/2023 22:33,0,36.76,18.8,0,0,72087,10/10/2023 10:26,10/10/2023,1000,1100
2951899,10/10/2023 10:35,0,0,0,0,0,96103,10/10/2023 11:47,10/10/2023,1100,1200
2952181,10/10/2023 11:57,0,27.34,13.98,0,0,168459,10/10/2023 19:14,10/10/2023,1900,2000
2952455,10/10/2023 13:10,0,39.96,20.44,0,0,84494,10/10/2023 17:37,10/10/2023,1700,1800
2955926,11/10/2023 17:01,0,22.58,11.55,0,0,14260,11/10/2023 19:23,11/10/2023,1900,2000
2957743,12/10/2023 12:20,0,38.94,19.91,0,0,91893,12/10/2023 16:47,12/10/2023,1600,1700
2957562,12/10/2023 11:24,0,9.76,4.99,0,0,47734,12/10/2023 15:59,12/10/2023,1600,1700
2958352,12/10/2023 15:32,0,6.81,3.48,0,0,53797,12/10/2023 18:28,12/10/2023,1800,1900
2959156,12/10/2023 21:08,0,16.29,8.33,0,0,97505,13/10/2023 10:06,13/10/2023,1000,1100
2961449,13/10/2023 17:48,0,9.5,4.85,0,0,77774,13/10/2023 18:56,13/10/2023,1900,2000
2963174,14/10/2023 13:16,0,0,0,0,0,99792,14/10/2023 15:42,14/10/2023,1600,1700
2963192,14/10/2023 13:19,0,20.26,10.36,0,0,39970,14/10/2023 16:32,14/10/2023,1600,1700
2963766,14/10/2023 15:45,0,9.74,4.98,0,0,111721,14/10/2023 18:27,14/10/2023,1800,1900
2965315,15/10/2023 09:33,0,77.32,39.53,0,0,52086,15/10/2023 12:03,15/10/2023,1200,1300
2966708,15/10/2023 15:20,0,0,0,0,0,68724,15/10/2023 18:14,15/10/2023,1800,1900
2966368,15/10/2023 14:01,0,4.16,2.13,0,0,137518,15/10/2023 16:25,15/10/2023,1600,1700
2967287,15/10/2023 18:11,0,0,0,0,0,123401,15/10/2023 19:16,15/10/2023,1900,2000
2967617,15/10/2023 21:18,0,41.54,21.24,0,0,28950,16/10/2023 10:27,16/10/2023,1000,1100
2967936,16/10/2023 01:00,0,25.18,12.88,0,0,128848,16/10/2023 10:27,16/10/2023,1000,1100
2968864,16/10/2023 11:22,0,18.98,9.71,0,0,73531,16/10/2023 13:57,16/10/2023,1300,1400
2970067,16/10/2023 16:31,0,6.23,3.19,0,0,174443,16/10/2023 20:23,16/10/2023,2000,2100
2970860,16/10/2023 23:45,0,4.98,2.54,0,0,45935,17/10/2023 09:51,17/10/2023,900,1000
2972896,17/10/2023 16:27,0,13.23,6.76,0,0,107746,18/10/2023 09:46,18/10/2023,900,1000
2972692,17/10/2023 15:33,0,0,0,0,0,159605,17/10/2023 20:19,17/10/2023,1900,2000
2973560,17/10/2023 21:54,0,0,0,0,0,33455,18/10/2023 09:22,18/10/2023,900,1000
2973482,17/10/2023 21:05,0,31.71,16.22,0,0,183071,18/10/2023 09:56,18/10/2023,900,1000
2973958,18/10/2023 07:51,0,11.07,5.66,0,0,86034,18/10/2023 14:42,18/10/2023,1400,1500
2974176,18/10/2023 09:30,0,0,0,0,0,73022,18/10/2023 12:01,18/10/2023,1200,1300
2976047,18/10/2023 18:14,0,7.27,3.72,0,0,44757,20/10/2023 19:16,20/10/2023,1900,2000
2974070,18/10/2023 08:48,0,3.97,2.03,0,0,175465,18/10/2023 12:14,18/10/2023,1200,1300
2975682,18/10/2023 16:07,0,24.2,12.37,0,0,79832,18/10/2023 19:48,18/10/2023,1800,1900
2976061,18/10/2023 18:24,0,51.47,26.32,0,0,47342,18/10/2023 20:42,18/10/2023,2000,2100
2976115,18/10/2023 18:53,0,62.77,32.1,0,0,79483,19/10/2023 12:15,19/10/2023,1200,1300
2977934,19/10/2023 13:28,0,50.41,25.77,0,0,119155,19/10/2023 21:22,19/10/2023,2100,2200
2978004,19/10/2023 13:48,0,9.62,4.92,0,0,198052,19/10/2023 16:42,19/10/2023,1600,1700
2978849,19/10/2023 18:16,0,13.3,6.8,0,0,27604,19/10/2023 22:03,19/10/2023,2100,2200
2979605,20/10/2023 03:58,0,2.27,1.17,0,0,109380,20/10/2023 09:52,20/10/2023,900,1000
2979477,19/10/2023 23:33,0,3.26,1.66,0,0,193782,20/10/2023 12:23,20/10/2023,1200,1300
2980507,20/10/2023 12:38,0,14.95,7.65,0,0,49211,20/10/2023 15:06,20/10/2023,1400,1500
2981181,20/10/2023 15:42,0,3.54,1.82,0,0,70152,20/10/2023 18:56,20/10/2023,1800,1900
2994295,25/10/2023 12:29,0,0,0,0,0,25609,25/10/2023 17:47,25/10/2023,1700,1800
2984769,21/10/2023 22:03,0,10.13,5.18,0,0,146393,22/10/2023 09:36,22/10/2023,1000,1100
2982403,21/10/2023 08:38,0,10.14,5.18,0,0,35405,21/10/2023 17:35,21/10/2023,1800,1900
2982267,21/10/2023 01:40,0,9.9,5.06,0,0,62748,21/10/2023 11:30,21/10/2023,1100,1200
2982317,21/10/2023 05:25,0,191.9,98.12,0,0,43167,21/10/2023 17:58,21/10/2023,1800,1900
2982553,21/10/2023 09:41,0,18.26,9.34,0,0,11364,21/10/2023 11:38,21/10/2023,1200,1300
2983561,21/10/2023 14:21,0,16.35,8.36,0,0,77199,22/10/2023 11:12,22/10/2023,1100,1200
2984003,21/10/2023 16:22,0,23.39,11.95,0,0,76847,21/10/2023 18:29,21/10/2023,1900,2000
2984688,21/10/2023 21:19,0,10.28,5.26,10.28,5.26,188826,22/10/2023 09:36,22/10/2023,1000,1100
2985093,22/10/2023 06:57,0,16.03,8.19,0,0,140909,22/10/2023 09:58,22/10/2023,1100,1200
2987002,22/10/2023 16:47,0,0,0,0,0,73822,22/10/2023 20:34,22/10/2023,2000,2100
2985735,22/10/2023 11:30,0,32.22,16.47,0,0,97749,22/10/2023 15:26,22/10/2023,1600,1700
2987093,22/10/2023 17:11,0,7.79,3.98,0,0,159250,22/10/2023 22:24,22/10/2023,2100,2200
2988283,23/10/2023 09:55,0,28,14.31,0,0,119182,23/10/2023 12:21,23/10/2023,1200,1300
2989232,23/10/2023 14:08,0,2.78,1.42,0,0,78469,23/10/2023 17:38,23/10/2023,1800,1900
2988811,23/10/2023 12:17,0,10.29,5.26,0,0,42661,23/10/2023 15:22,23/10/2023,1500,1600
2989445,23/10/2023 15:03,0,25.58,13.08,0,0,39753,23/10/2023 18:27,23/10/2023,1800,1900
2990590,23/10/2023 23:21,0,5.06,2.58,0,0,47734,24/10/2023 08:47,24/10/2023,800,900
2990179,23/10/2023 19:03,0,6.3,3.21,0,0,45038,23/10/2023 22:11,23/10/2023,2200,2300
2990389,23/10/2023 21:21,0,22.88,11.7,0,0,109447,24/10/2023 16:41,24/10/2023,1600,1700
2999831,27/10/2023 12:54,0,57.03,29.16,0,0,143588,27/10/2023 18:10,27/10/2023,1800,1900
2993175,24/10/2023 22:48,0,32.53,16.63,0,0,72390,25/10/2023 10:52,25/10/2023,1000,1100
2994762,25/10/2023 15:05,0,2.16,1.1,0,0,123682,25/10/2023 19:53,25/10/2023,1900,2000
2994978,25/10/2023 16:09,0,9.19,4.7,0,0,193218,25/10/2023 18:06,25/10/2023,1800,1900
2995726,25/10/2023 21:26,0,14.3,7.31,0,0,144559,26/10/2023 10:06,26/10/2023,1000,1100
2996682,26/10/2023 11:02,0,40.55,20.73,0,0,11520,27/10/2023 10:55,27/10/2023,1100,1200
2998872,27/10/2023 08:25,0,6.04,3.09,0,0,64776,27/10/2023 12:13,27/10/2023,1200,1300
2997205,26/10/2023 13:58,0,11.88,6.08,0,0,163985,26/10/2023 16:21,26/10/2023,1600,1700
2996914,26/10/2023 12:24,0,9.32,4.77,0,0,45102,26/10/2023 15:30,26/10/2023,1500,1600
2996922,26/10/2023 12:26,0,7.62,3.89,0,0,163348,26/10/2023 16:50,26/10/2023,1700,1800
2997491,26/10/2023 15:23,0,38.98,19.93,0,0,21571,26/10/2023 18:10,26/10/2023,1800,1900
2999086,27/10/2023 09:37,0,7.41,3.79,0,0,58882,27/10/2023 12:35,27/10/2023,1200,1300
2999543,27/10/2023 11:36,0,21.96,11.23,0,0,170077,27/10/2023 17:35,27/10/2023,1700,1800
3002428,28/10/2023 12:12,0,14.85,7.6,0,0,198465,28/10/2023 14:07,28/10/2023,1400,1500
3003228,28/10/2023 15:41,0,29.74,15.2,0,0,165411,28/10/2023 17:40,28/10/2023,1800,1900
3003686,28/10/2023 17:45,0,47.97,24.53,0,0,171470,28/10/2023 20:33,28/10/2023,2100,2200
3004504,29/10/2023 06:09,0,87.64,44.82,0,0,115674,29/10/2023 08:46,29/10/2023,900,1000
3005559,29/10/2023 13:00,0,5.85,2.99,0,0,95318,29/10/2023 15:32,29/10/2023,1500,1600
3007476,30/10/2023 09:15,0,30.33,15.5,0,0,86417,30/10/2023 16:43,30/10/2023,1700,1800
3005933,29/10/2023 14:39,0,15.14,7.75,0,0,8276,30/10/2023 08:36,30/10/2023,900,1000
3006767,29/10/2023 19:41,0,18.61,9.51,0,0,132756,30/10/2023 10:43,30/10/2023,1100,1200
3007469,30/10/2023 09:14,0,0,0,0,0,68974,30/10/2023 14:36,30/10/2023,1300,1400
3007511,30/10/2023 09:27,0,7.92,4.05,0,0,45171,30/10/2023 11:49,30/10/2023,1200,1300
3011394,31/10/2023 14:49,0,8.31,4.24,0,0,152389,31/10/2023 18:33,31/10/2023,1800,1900
3010309,31/10/2023 09:46,0,7.73,3.96,0,0,19730,31/10/2023 11:50,31/10/2023,1200,1300
3011826,31/10/2023 17:15,0,25.93,13.26,0,0,171469,1/11/2023 08:45,1/11/2023,800,900
3010673,31/10/2023 11:30,0,23.06,11.79,0,0,42184,31/10/2023 14:49,31/10/2023,1400,1500
3012275,31/10/2023 21:46,0,12.7,6.49,9.66,4.94,143726,1/11/2023 10:03,1/11/2023,1000,1100
3011945,31/10/2023 18:13,0,9.49,4.86,0,0,148142,31/10/2023 19:48,31/10/2023,2000,2100
3012526,1/11/2023 07:05,0,46.05,23.54,0,0,123889,1/11/2023 19:49,1/11/2023,2000,2100
3013736,1/11/2023 13:41,0,10.16,5.2,0,0,8407,1/11/2023 19:34,1/11/2023,1800,1900
3014550,1/11/2023 17:32,0,8.68,4.44,0,0,19115,1/11/2023 19:57,1/11/2023,1900,2000
3014722,1/11/2023 18:46,0,56.34,28.81,0,0,8842,2/11/2023 18:37,2/11/2023,1800,1900
3015922,2/11/2023 10:25,0,50.75,25.95,0,0,173134,2/11/2023 12:11,2/11/2023,1200,1300
3015968,2/11/2023 10:37,0,2.59,1.33,0,0,131970,2/11/2023 13:20,2/11/2023,1400,1500
3020371,3/11/2023 16:19,0,31.86,16.29,0,0,56005,3/11/2023 19:39,3/11/2023,1900,2000
3021477,4/11/2023 02:13,0,6.35,3.24,0,0,52845,4/11/2023 08:31,4/11/2023,800,900
3021407,4/11/2023 00:23,0,2.47,1.26,0,0,103035,4/11/2023 11:20,4/11/2023,1100,1200
3021832,4/11/2023 09:20,0,3.96,2.02,0,0,191553,4/11/2023 13:40,4/11/2023,1300,1400
3024071,4/11/2023 17:07,0,0,0,0,0,111066,4/11/2023 20:15,4/11/2023,1900,2000
3025884,5/11/2023 12:34,0,27.91,14.28,0,0,97749,5/11/2023 14:34,5/11/2023,1400,1500
3025861,5/11/2023 12:26,0,4.03,2.06,0,0,128758,5/11/2023 15:02,5/11/2023,1500,1600
3027848,6/11/2023 08:43,0,24.38,12.47,0,0,148317,6/11/2023 11:03,6/11/2023,1100,1200
3028231,6/11/2023 10:27,0,0,0,0,0,48569,6/11/2023 12:51,6/11/2023,1200,1300
3028444,6/11/2023 11:22,0,34.63,17.7,0,0,41951,6/11/2023 14:52,6/11/2023,1400,1500
3028737,6/11/2023 12:42,0,9.32,4.76,0,0,68899,6/11/2023 17:40,6/11/2023,1700,1800
3028797,6/11/2023 12:54,0,28.31,14.47,0,0,200337,6/11/2023 19:12,6/11/2023,1900,2000
3030244,6/11/2023 20:51,0,15.56,7.95,0,0,81207,7/11/2023 19:29,7/11/2023,1900,2000
3029649,6/11/2023 16:33,0,5.71,2.93,0,0,180942,6/11/2023 18:43,6/11/2023,1900,2000
3029701,6/11/2023 16:49,0,13.09,6.69,0,0,145791,6/11/2023 19:03,6/11/2023,1900,2000
3029893,6/11/2023 17:53,0,56.8,29.04,0,0,7804,6/11/2023 20:50,6/11/2023,2000,2100
3030498,6/11/2023 23:16,0,81.83,41.84,0,0,44194,7/11/2023 10:47,7/11/2023,1000,1100
3030629,7/11/2023 02:35,0,27.66,14.14,0,0,36056,7/11/2023 10:34,7/11/2023,1000,1100
3032069,7/11/2023 14:45,0,3.37,1.72,0,0,26102,7/11/2023 18:10,7/11/2023,1700,1800
3032325,7/11/2023 15:56,0,41.23,21.08,41.23,21.08,102222,7/11/2023 18:32,7/11/2023,1800,1900
3032838,7/11/2023 18:57,0,24.67,12.61,0,0,31055,7/11/2023 22:52,7/11/2023,2200,2300
3033044,7/11/2023 21:05,0,8.93,4.57,0,0,40509,8/11/2023 17:00,8/11/2023,1700,1800
3033369,8/11/2023 01:15,0,13.99,7.15,0,0,58753,8/11/2023 11:05,8/11/2023,1000,1100
3035034,8/11/2023 14:10,0,14.36,7.34,0,0,195490,8/11/2023 16:16,8/11/2023,1700,1800
3036411,8/11/2023 22:33,0,9.11,4.65,0,0,136131,9/11/2023 10:28,9/11/2023,1000,1100
3037441,9/11/2023 11:17,0,21.71,11.1,0,0,186388,9/11/2023 19:41,9/11/2023,1900,2000
3039592,10/11/2023 02:17,0,31.5,16.11,0,0,200805,10/11/2023 07:43,10/11/2023,800,900
3039101,9/11/2023 20:04,0,3.76,1.93,0,0,100810,10/11/2023 08:45,10/11/2023,800,900
3040442,10/11/2023 11:38,0,29.49,15.08,0,0,177159,10/11/2023 13:29,10/11/2023,1300,1400
3042645,11/11/2023 00:11,0,22.89,11.7,0,0,24266,11/11/2023 10:13,11/11/2023,1000,1100
3042909,11/11/2023 08:40,0,61.22,31.31,0,0,116498,11/11/2023 12:04,11/11/2023,1100,1200
3043292,11/11/2023 10:24,0,129.75,66.34,28.26,14.45,9363,11/11/2023 13:44,11/11/2023,1300,1400
3043831,11/11/2023 12:15,0,0,0,0,0,77562,11/11/2023 19:25,11/11/2023,1900,2000
3044087,11/11/2023 13:05,0,25.82,13.2,0,0,32815,11/11/2023 15:02,11/11/2023,1500,1600
3043993,11/11/2023 12:47,0,4.69,2.39,0,0,201018,11/11/2023 16:39,11/11/2023,1600,1700
3044106,11/11/2023 13:09,0,10.66,5.45,0,0,44805,11/11/2023 17:11,11/11/2023,1600,1700
3044260,11/11/2023 13:41,0,10.81,5.53,0,0,131934,11/11/2023 18:11,11/11/2023,1700,1800
3050063,13/11/2023 10:53,0,92.53,47.31,0,0,70773,13/11/2023 17:44,13/11/2023,1700,1800
3046093,12/11/2023 01:11,0,77.51,39.63,0,0,63356,12/11/2023 09:52,12/11/2023,1000,1100
3045959,11/11/2023 23:22,0,7.79,3.98,0,0,168153,12/11/2023 10:25,12/11/2023,1000,1100
3046356,12/11/2023 08:57,0,143.18,73.2,0,0,94538,12/11/2023 12:14,12/11/2023,1200,1300
3046565,12/11/2023 10:00,0,13,6.65,0,0,104674,12/11/2023 12:22,12/11/2023,1200,1300
3048010,12/11/2023 14:49,0,77.67,39.71,0,0,69506,12/11/2023 20:05,12/11/2023,1900,2000
3049512,13/11/2023 08:18,0,19.07,9.74,0,0,27079,13/11/2023 11:34,13/11/2023,1100,1200
3050218,13/11/2023 11:31,0,11.91,6.09,0,0,10235,13/11/2023 13:34,13/11/2023,1300,1400
3049872,13/11/2023 10:12,0,9.04,4.62,0,0,184194,13/11/2023 15:11,13/11/2023,1500,1600
3050637,13/11/2023 13:16,0,127.03,64.96,0,0,39016,13/11/2023 16:21,13/11/2023,1500,1600
3051809,13/11/2023 19:47,0,0,0,0,0,187188,14/11/2023 13:07,14/11/2023,1300,1400
3052341,14/11/2023 06:11,0,4.93,2.52,0,0,42235,14/11/2023 12:56,14/11/2023,1300,1400
3052572,14/11/2023 09:05,0,4.19,2.14,0,0,174506,14/11/2023 11:31,14/11/2023,1100,1200
3052828,14/11/2023 10:31,0,4.26,2.18,0,0,89718,14/11/2023 12:45,14/11/2023,1300,1400
3054354,14/11/2023 18:13,0,105.01,53.69,0,0,27750,16/11/2023 08:00,15/11/2023,2200,2300
3054434,14/11/2023 18:57,0,9.8,5.01,0,0,87749,14/11/2023 21:43,14/11/2023,2100,2200
3057005,15/11/2023 16:00,0,23.46,12,0,0,48982,15/11/2023 20:11,15/11/2023,2000,2100
3056124,15/11/2023 12:38,0,4.68,2.4,0,0,201601,15/11/2023 15:33,15/11/2023,1500,1600
3056904,15/11/2023 15:32,0,13.23,6.77,0,0,175500,15/11/2023 19:35,15/11/2023,1900,2000
3057458,15/11/2023 18:24,0,5.46,2.79,0,0,66093,16/11/2023 10:59,16/11/2023,1100,1200
3058708,16/11/2023 10:24,0,25.51,13.05,0,0,20517,16/11/2023 14:05,16/11/2023,1400,1500
3058140,16/11/2023 04:15,0,24.2,12.37,0,0,116290,16/11/2023 12:09,16/11/2023,1200,1300
3058153,16/11/2023 05:43,0,10.66,5.45,0,0,201380,16/11/2023 13:33,16/11/2023,1300,1400
3058863,16/11/2023 11:04,0,13.8,7.06,0,0,41541,16/11/2023 13:46,16/11/2023,1300,1400
3059391,16/11/2023 13:26,0,0,0,0,0,149693,16/11/2023 14:20,16/11/2023,1400,1500
3059422,16/11/2023 13:33,0,1.18,0.61,0,0,65026,16/11/2023 16:01,16/11/2023,1600,1700
3059655,16/11/2023 14:44,0,0.59,0.3,0,0,150450,16/11/2023 17:00,16/11/2023,1700,1800
3061904,17/11/2023 11:50,0,11.83,6.04,0,0,133239,17/11/2023 18:07,17/11/2023,1800,1900
3062017,17/11/2023 12:17,0,5.19,2.65,0,0,11846,17/11/2023 17:12,17/11/2023,1500,1600
3063958,17/11/2023 23:36,0,16.41,8.39,0,0,36169,18/11/2023 09:03,18/11/2023,900,1000
3070136,19/11/2023 17:40,0,21.02,10.74,0,0,132500,19/11/2023 21:59,19/11/2023,2200,2300
3066100,18/11/2023 14:21,0,28.95,14.8,0,0,60078,18/11/2023 19:38,18/11/2023,1900,2000
3066122,18/11/2023 14:25,0,8.15,4.17,0,0,104788,18/11/2023 20:36,18/11/2023,2000,2100
3066403,18/11/2023 15:21,0,3.43,1.76,0,0,92035,18/11/2023 19:58,18/11/2023,2000,2100
3067526,18/11/2023 22:20,0,13.03,6.67,0,0,111160,19/11/2023 11:27,19/11/2023,1100,1200
3067640,18/11/2023 23:14,0,5.21,2.66,0,0,23363,19/11/2023 12:42,19/11/2023,1300,1400
3067724,19/11/2023 00:05,0,11.12,5.69,11.12,5.69,200819,19/11/2023 13:15,19/11/2023,1300,1400
3067905,19/11/2023 07:00,0,10.31,5.27,0,0,162994,19/11/2023 13:46,19/11/2023,1300,1400
3068298,19/11/2023 09:52,0,5.46,2.8,0,0,21006,19/11/2023 13:53,19/11/2023,1300,1400
3069261,19/11/2023 13:05,0,20.72,10.59,0,0,73323,19/11/2023 18:57,19/11/2023,1900,2000
3069984,19/11/2023 16:30,0,11.7,5.99,0,0,53313,19/11/2023 21:16,19/11/2023,2100,2200
3072742,20/11/2023 15:34,0,0,0,0,0,23196,20/11/2023 20:21,20/11/2023,2000,2100
3070461,19/11/2023 20:51,0,23.5,12.01,0,0,33030,20/11/2023 10:12,20/11/2023,1000,1100
3070844,20/11/2023 00:41,0,18.47,9.44,0,0,91774,20/11/2023 10:35,20/11/2023,1000,1100
3070778,19/11/2023 23:47,0,16.48,8.43,0,0,174300,20/11/2023 10:56,20/11/2023,1100,1200
3071310,20/11/2023 09:56,0,37.18,19.01,0,0,54222,20/11/2023 17:43,20/11/2023,1700,1800
3072621,20/11/2023 15:02,0,23.24,11.89,0,0,196831,20/11/2023 22:28,20/11/2023,2200,2300
3072090,20/11/2023 13:10,0,0,0,0,0,13613,20/11/2023 16:30,20/11/2023,1600,1700
3072498,20/11/2023 14:34,0,15.25,7.8,0,0,196357,20/11/2023 18:02,20/11/2023,1800,1900
3071839,20/11/2023 12:08,0,21.75,11.12,0,0,127566,20/11/2023 15:35,20/11/2023,1500,1600
3073226,20/11/2023 18:03,0,0,0,0,0,56230,21/11/2023 11:18,21/11/2023,1100,1200
3073974,21/11/2023 07:16,0,3.56,1.82,0,0,195103,21/11/2023 17:43,21/11/2023,1800,1900
3074290,21/11/2023 09:34,0,4.15,2.13,0,0,124233,22/11/2023 09:08,22/11/2023,900,1000
3075423,21/11/2023 14:46,0,9.12,4.66,0,0,188718,21/11/2023 19:04,21/11/2023,1900,2000
3076148,21/11/2023 18:43,0,31.8,16.26,0,0,111686,21/11/2023 20:29,21/11/2023,2000,2100
3076195,21/11/2023 19:05,0,2.77,1.41,0,0,147174,21/11/2023 21:13,21/11/2023,2100,2200
3077003,22/11/2023 09:04,0,57.03,29.16,0,0,101310,22/11/2023 14:07,22/11/2023,1500,1600
3076828,22/11/2023 07:31,0,21.53,11.01,16.95,8.67,159318,22/11/2023 10:44,22/11/2023,1000,1100
3077308,22/11/2023 10:37,0,1.76,0.9,0,0,136801,22/11/2023 12:43,22/11/2023,1300,1400
3079511,22/11/2023 23:04,0,5.47,2.79,0,0,124203,23/11/2023 10:30,23/11/2023,1000,1100
3079917,23/11/2023 08:34,0,22.78,11.65,0,0,168114,23/11/2023 09:41,23/11/2023,1000,1100
3082630,23/11/2023 21:47,0,13.11,6.7,0,0,70904,24/11/2023 17:11,24/11/2023,1700,1800
3081217,23/11/2023 13:48,0,6.63,3.4,0,0,135189,23/11/2023 18:06,23/11/2023,1800,1900
3081242,23/11/2023 13:54,0,22.94,11.72,0,0,187988,23/11/2023 17:04,23/11/2023,1700,1800
3081688,23/11/2023 15:47,0,13.94,7.13,0,0,82872,23/11/2023 17:18,23/11/2023,1700,1800
3083491,24/11/2023 10:19,0,15.63,7.99,0,0,133376,24/11/2023 13:12,24/11/2023,1300,1400
3083572,24/11/2023 10:34,0,28.04,14.34,0,0,31592,24/11/2023 13:00,24/11/2023,1300,1400
3083788,24/11/2023 11:28,0,72.5,37.07,0,0,142876,24/11/2023 13:15,24/11/2023,1300,1400
3084061,24/11/2023 12:31,0,19.59,10.02,0,0,11616,24/11/2023 15:31,24/11/2023,1500,1600
3084690,24/11/2023 14:55,0,21.64,11.06,0,0,112717,24/11/2023 16:57,24/11/2023,1700,1800
3086347,25/11/2023 03:27,0,11.74,6.01,0,0,87396,25/11/2023 16:30,25/11/2023,1700,1800
3086792,25/11/2023 09:39,0,43.07,22.02,0,0,167140,25/11/2023 18:41,25/11/2023,1800,1900
3090500,26/11/2023 06:25,0,14.2,7.26,0,0,122779,26/11/2023 17:17,26/11/2023,1700,1800
3088118,25/11/2023 13:17,0,3.38,1.72,0,0,146023,25/11/2023 18:51,25/11/2023,1800,1900
3088938,25/11/2023 15:48,0,23.77,12.15,0,0,8506,25/11/2023 19:41,25/11/2023,2000,2100
3089286,25/11/2023 17:25,0,6.62,3.38,0,0,78018,25/11/2023 20:28,25/11/2023,2000,2100
3092526,26/11/2023 14:42,0,23.59,12.06,0,0,79006,26/11/2023 18:20,26/11/2023,1800,1900
3089127,25/11/2023 16:38,0,28.31,14.47,0,0,11378,25/11/2023 22:13,25/11/2023,2100,2200
3089649,25/11/2023 19:45,0,17.85,9.12,0,0,118833,26/11/2023 11:50,26/11/2023,1000,1100
3090529,26/11/2023 07:12,0,10.65,5.45,0,0,44257,26/11/2023 11:46,26/11/2023,1000,1100
3089867,25/11/2023 21:26,0,10.93,5.59,0,0,59993,26/11/2023 10:59,26/11/2023,1000,1100
3091125,26/11/2023 10:21,0,52.03,26.61,0,0,100176,26/11/2023 14:57,26/11/2023,1500,1600
3092135,26/11/2023 13:17,0,112.33,57.44,0,0,18374,26/11/2023 17:07,26/11/2023,1700,1800
3091362,26/11/2023 10:56,0,4.3,2.19,0,0,194691,26/11/2023 17:22,26/11/2023,1700,1800
3092318,26/11/2023 13:56,0,12.69,6.48,0,0,148411,26/11/2023 19:46,26/11/2023,1900,2000
3092563,26/11/2023 14:56,0,7.83,4.01,0,0,188260,26/11/2023 18:34,26/11/2023,1900,2000
3093403,26/11/2023 19:21,0,13.93,7.12,0,0,187871,27/11/2023 10:44,27/11/2023,900,1000
3098772,28/11/2023 12:21,0,96.16,49.17,0,0,164660,28/11/2023 22:59,28/11/2023,2200,2300
3094185,27/11/2023 07:51,0,20.09,10.27,0,0,34703,27/11/2023 12:40,27/11/2023,1200,1300
3095372,27/11/2023 12:23,0,7.3,3.74,0,0,194054,27/11/2023 15:02,27/11/2023,1400,1500
3097319,27/11/2023 22:49,0,11.03,5.64,0,0,24797,28/11/2023 11:25,28/11/2023,1100,1200
3098536,28/11/2023 11:28,0,12.23,6.25,0,0,148229,28/11/2023 16:08,28/11/2023,1600,1700
3099728,28/11/2023 16:00,0,29.29,14.98,0,0,58080,28/11/2023 20:36,28/11/2023,2000,2100
3098966,28/11/2023 13:07,0,15,7.67,0,0,25977,28/11/2023 17:11,28/11/2023,1700,1800
3099082,28/11/2023 13:27,0,6.62,3.38,0,0,45534,28/11/2023 20:22,28/11/2023,1900,2000
3099713,28/11/2023 15:57,0,2.99,1.53,0,0,118744,29/11/2023 09:29,29/11/2023,900,1000
3101118,29/11/2023 08:25,0,2.03,1.03,0,0,146491,29/11/2023 18:59,29/11/2023,1900,2000
3100576,28/11/2023 21:32,0,6.55,3.35,0,0,16515,29/11/2023 10:38,29/11/2023,1100,1200
3101426,29/11/2023 09:55,0,61.85,31.62,0,0,9629,29/11/2023 13:05,29/11/2023,1300,1400
3103129,29/11/2023 16:23,0,10.53,5.39,0,0,9745,29/11/2023 18:57,29/11/2023,1900,2000
3106958,30/11/2023 21:03,0,15,7.67,0,0,85346,1/12/2023 08:52,1/12/2023,800,900
3104312,30/11/2023 07:23,0,82.63,42.24,32.26,16.49,66028,30/11/2023 09:54,30/11/2023,1100,1200
3105628,30/11/2023 13:46,0,10.57,5.4,0,0,105391,30/11/2023 19:20,30/11/2023,1900,2000
3106535,30/11/2023 17:47,0,21.02,10.75,0,0,75224,30/11/2023 19:55,30/11/2023,1900,2000
3106715,30/11/2023 19:00,0,8.46,4.33,0,0,131673,30/11/2023 21:33,30/11/2023,2100,2200
3107111,30/11/2023 22:04,0,206.84,105.76,0,0,78760,1/12/2023 17:07,1/12/2023,1700,1800
3107809,1/12/2023 09:45,0,14.37,7.35,0,0,45840,1/12/2023 13:55,1/12/2023,1400,1500
3108895,1/12/2023 13:55,0,18.77,9.59,0,0,69470,1/12/2023 19:46,1/12/2023,2000,2100
3108090,1/12/2023 10:52,0,70.68,36.13,0,0,10469,1/12/2023 13:48,1/12/2023,1300,1400
3109756,1/12/2023 17:51,0,7.15,3.66,0,0,42168,2/12/2023 09:22,2/12/2023,900,1000
3109743,1/12/2023 17:49,0,18.81,9.61,0,0,42235,2/12/2023 08:08,2/12/2023,800,900
3109609,1/12/2023 17:09,0,12.47,6.37,0,0,44796,2/12/2023 08:56,2/12/2023,800,900
3110713,2/12/2023 07:44,0,12.41,6.34,0,0,42961,2/12/2023 11:59,2/12/2023,1100,1200
3110533,2/12/2023 01:06,0,7.03,3.6,7.03,3.6,48455,2/12/2023 10:11,2/12/2023,1000,1100
3110564,2/12/2023 01:51,0,29.34,15,0,0,163077,2/12/2023 10:29,2/12/2023,1100,1200
3111833,2/12/2023 12:58,0,21.61,11.05,0,0,38699,2/12/2023 15:26,2/12/2023,1500,1600
3112361,2/12/2023 14:53,0,34.51,17.65,0,0,181662,2/12/2023 17:40,2/12/2023,1800,1900
3121027,5/12/2023 08:59,0,29.08,14.87,0,0,70090,5/12/2023 18:05,5/12/2023,1800,1900
3112787,2/12/2023 16:49,0,7.27,3.71,0,0,100619,2/12/2023 20:47,2/12/2023,2000,2100
3112928,2/12/2023 17:36,0,5.61,2.86,0,0,196595,3/12/2023 11:03,3/12/2023,1100,1200
3113129,2/12/2023 18:39,0,9.68,4.96,0,0,126284,3/12/2023 09:02,3/12/2023,900,1000
3116502,3/12/2023 16:30,0,8.36,4.27,0,0,72858,4/12/2023 08:27,4/12/2023,800,900
3113569,2/12/2023 21:55,0,6.97,3.56,0,0,110326,3/12/2023 10:25,3/12/2023,1000,1100
3114256,3/12/2023 09:42,0,4.08,2.08,0,0,191187,3/12/2023 11:45,3/12/2023,1200,1300
3114382,3/12/2023 10:12,0,16.52,8.45,0,0,193957,3/12/2023 16:13,3/12/2023,1600,1700
3115183,3/12/2023 12:21,0,4.42,2.26,0,0,25739,3/12/2023 18:46,3/12/2023,1800,1900
3116064,3/12/2023 14:52,0,5.1,2.61,0,0,54599,3/12/2023 18:20,3/12/2023,1800,1900
3115993,3/12/2023 14:37,0,23.46,11.99,0,0,141483,3/12/2023 18:09,3/12/2023,1800,1900
3116081,3/12/2023 14:55,0,8.97,4.59,0,0,116276,3/12/2023 19:33,3/12/2023,1900,2000
3116782,3/12/2023 18:33,0,25.55,13.06,25.55,13.06,88925,4/12/2023 09:17,4/12/2023,900,1000
3117449,4/12/2023 01:15,0,4.04,2.07,0,0,197653,4/12/2023 14:41,4/12/2023,1400,1500
3119603,4/12/2023 16:30,0,20.33,10.4,0,0,89511,5/12/2023 16:10,5/12/2023,1600,1700
3120024,4/12/2023 18:55,0,79.21,40.5,0,0,151728,8/12/2023 14:15,8/12/2023,1400,1500
3120351,4/12/2023 21:15,0,19.52,9.98,0,0,148549,5/12/2023 10:16,5/12/2023,1000,1100
3122404,5/12/2023 14:43,0,25.94,13.26,0,0,22311,5/12/2023 18:01,5/12/2023,1800,1900
3122613,5/12/2023 15:36,0,13.5,6.9,0,0,56289,5/12/2023 19:12,5/12/2023,1900,2000
3123400,5/12/2023 20:22,0,0,0,0,0,16144,6/12/2023 10:10,6/12/2023,900,1000
3123373,5/12/2023 20:12,0,1.69,0.86,0,0,136967,6/12/2023 09:49,6/12/2023,1000,1100
3125306,6/12/2023 11:59,0,0,0,0,0,38480,6/12/2023 15:11,6/12/2023,1500,1600
3125955,6/12/2023 14:17,0,75.85,38.78,0,0,28786,6/12/2023 17:56,6/12/2023,1700,1800
3126993,6/12/2023 22:04,0,72.23,36.93,12.93,6.61,77080,7/12/2023 09:26,7/12/2023,900,1000
3126855,6/12/2023 20:48,0,15.33,7.84,0,0,164380,7/12/2023 10:15,7/12/2023,1000,1100
3127718,7/12/2023 09:44,0,9.15,4.67,0,0,56921,7/12/2023 12:07,7/12/2023,1200,1300
3128078,7/12/2023 11:07,0,2.34,1.2,0,0,125622,7/12/2023 16:19,7/12/2023,1600,1700
3128244,7/12/2023 11:45,0,47.98,24.53,0,0,75104,7/12/2023 14:45,7/12/2023,1400,1500
3129129,7/12/2023 15:06,0,10.26,5.25,0,0,118304,7/12/2023 17:31,7/12/2023,1700,1800
3131604,8/12/2023 11:11,0,55.73,28.5,9.58,4.89,40639,8/12/2023 19:17,8/12/2023,1900,2000
3130466,7/12/2023 22:21,0,132.45,67.72,0,0,164212,8/12/2023 18:18,8/12/2023,1800,1900
3131999,8/12/2023 12:27,0,92.85,47.47,0,0,112650,8/12/2023 18:09,8/12/2023,1800,1900
3130959,8/12/2023 08:42,0,9.79,5,0,0,30836,8/12/2023 11:48,8/12/2023,1200,1300
3132266,8/12/2023 13:22,0,0,0,0,0,81425,8/12/2023 14:17,8/12/2023,1400,1500
3137187,9/12/2023 19:40,0,111.67,57.1,0,0,122938,10/12/2023 11:02,10/12/2023,1100,1200
3132342,8/12/2023 13:37,0,18.34,9.38,0,0,11518,8/12/2023 16:58,8/12/2023,1600,1700
3133349,8/12/2023 17:45,0,0,0,0,0,90369,8/12/2023 22:15,8/12/2023,2200,2300
3133145,8/12/2023 16:42,0,16.99,8.69,0,0,47940,8/12/2023 20:07,8/12/2023,2000,2100
3134278,9/12/2023 03:35,0,58.2,29.76,0,0,15633,9/12/2023 08:38,9/12/2023,800,900
3133656,8/12/2023 20:01,0,1.65,0.84,0,0,14260,9/12/2023 10:38,9/12/2023,1000,1100
3135270,9/12/2023 11:49,0,9.38,4.79,0,0,33148,9/12/2023 13:13,9/12/2023,1400,1500
3135707,9/12/2023 13:13,0,5.97,3.06,0,0,8368,9/12/2023 15:00,9/12/2023,1500,1600
3135771,9/12/2023 13:26,0,6.5,3.33,0,0,77775,9/12/2023 19:10,9/12/2023,1900,2000
3135790,9/12/2023 13:30,0,16.45,8.42,0,0,122545,10/12/2023 09:33,10/12/2023,900,1000
3136759,9/12/2023 17:05,0,5.89,3.01,0,0,58351,10/12/2023 08:08,10/12/2023,800,900
3139377,10/12/2023 13:51,0,82.05,41.95,0,0,131918,10/12/2023 19:27,10/12/2023,1900,2000
3137826,10/12/2023 02:04,0,24.72,12.64,0,0,149130,10/12/2023 12:16,10/12/2023,1200,1300
3138128,10/12/2023 09:32,0,19.16,9.8,0,0,44228,10/12/2023 13:46,10/12/2023,1300,1400
3140230,10/12/2023 17:16,0,41.4,21.17,28.89,14.77,65850,10/12/2023 20:51,10/12/2023,2000,2100
3142470,11/12/2023 13:52,0,0,0,0,0,194806,11/12/2023 14:35,11/12/2023,1400,1500
3142886,11/12/2023 15:37,0,32.11,16.42,0,0,64966,11/12/2023 18:09,11/12/2023,1800,1900
3144243,12/12/2023 06:54,0,90.76,46.41,0,0,83795,12/12/2023 11:27,12/12/2023,1100,1200
3144248,12/12/2023 07:01,0,20.74,10.6,0,0,189410,12/12/2023 12:57,12/12/2023,1100,1200
3144297,12/12/2023 07:53,0,5.49,2.81,0,0,105339,12/12/2023 14:02,12/12/2023,1400,1500
3144815,12/12/2023 10:49,0,5.6,2.87,0,0,11319,12/12/2023 13:48,12/12/2023,1300,1400
3145593,12/12/2023 14:17,0,34.03,17.4,0,0,205985,12/12/2023 17:13,12/12/2023,1700,1800
3146674,12/12/2023 20:53,0,35,17.9,0,0,121050,13/12/2023 09:15,13/12/2023,800,900
3147213,13/12/2023 08:34,0,23.9,12.22,0,0,31362,13/12/2023 14:15,13/12/2023,1400,1500
3147631,13/12/2023 10:38,0,22.16,11.33,0,0,20311,13/12/2023 20:14,13/12/2023,2000,2100
3148427,13/12/2023 14:01,0,44.98,23,0,0,23119,14/12/2023 09:18,14/12/2023,900,1000
3150030,14/12/2023 05:39,0,10.86,5.55,0,0,95109,14/12/2023 19:10,14/12/2023,1900,2000
3150892,14/12/2023 11:18,0,2.87,1.47,0,0,45780,14/12/2023 14:55,14/12/2023,1500,1600
3151464,14/12/2023 13:25,0,0,0,0,0,7525,14/12/2023 15:05,14/12/2023,1500,1600
3152123,14/12/2023 16:12,0,2.55,1.31,0,0,204061,14/12/2023 18:57,14/12/2023,1800,1900
3153004,14/12/2023 21:59,0,28.84,14.74,0,0,34670,15/12/2023 09:08,15/12/2023,900,1000
3154363,15/12/2023 11:25,0,74.52,38.1,0,0,20482,15/12/2023 13:58,15/12/2023,1300,1400
3155325,15/12/2023 14:33,0,0,0,0,0,57287,15/12/2023 21:12,15/12/2023,2100,2200
3155074,15/12/2023 13:39,0,22.08,11.29,0,0,75915,15/12/2023 15:54,15/12/2023,1500,1600
3166478,18/12/2023 18:13,0,357.03,182.55,0,0,167432,19/12/2023 11:26,19/12/2023,1100,1200
3161813,17/12/2023 11:37,0,16.22,8.29,0,0,46892,18/12/2023 10:23,18/12/2023,1000,1100
3157314,16/12/2023 08:57,0,66.98,34.24,0,0,165217,16/12/2023 11:01,16/12/2023,1100,1200
3157804,16/12/2023 10:40,0,33.99,17.38,0,0,39649,16/12/2023 20:47,16/12/2023,2000,2100
3157981,16/12/2023 11:10,0,19.19,9.8,0,0,11709,16/12/2023 14:28,16/12/2023,1500,1600
3157943,16/12/2023 11:05,0,34.28,17.53,0,0,43090,16/12/2023 17:28,16/12/2023,1700,1800
3157994,16/12/2023 11:11,0,5.23,2.67,0,0,206463,16/12/2023 15:18,16/12/2023,1500,1600
3157942,16/12/2023 11:05,0,5.49,2.8,0,0,95246,16/12/2023 14:55,16/12/2023,1500,1600
3158931,16/12/2023 13:34,0,103.47,52.9,0,0,8767,16/12/2023 16:44,16/12/2023,1700,1800
3162197,17/12/2023 12:55,0,45.37,23.2,0,0,178121,19/12/2023 16:56,19/12/2023,1600,1700
3159524,16/12/2023 15:52,0,15.57,7.96,0,0,136397,17/12/2023 10:08,17/12/2023,1000,1100
3159982,16/12/2023 18:10,0,11.23,5.74,0,0,199848,17/12/2023 19:29,17/12/2023,1900,2000
3160399,16/12/2023 20:54,0,114.98,58.79,0,0,84078,17/12/2023 12:19,17/12/2023,1200,1300
3162150,17/12/2023 12:44,0,99.74,50.99,0,0,157964,17/12/2023 14:26,17/12/2023,1400,1500
3161730,17/12/2023 11:22,0,11.97,6.12,0,0,19392,17/12/2023 16:45,17/12/2023,1600,1700
3162203,17/12/2023 12:56,0,38,19.43,0,0,59680,17/12/2023 18:05,17/12/2023,1800,1900
3162164,17/12/2023 12:47,0,7.03,3.6,0,0,47942,17/12/2023 17:59,17/12/2023,1800,1900
3162576,17/12/2023 14:15,0,22.62,11.56,0,0,165628,17/12/2023 19:33,17/12/2023,2000,2100
3163088,17/12/2023 16:48,0,78.9,40.33,0,0,182904,17/12/2023 19:42,17/12/2023,2000,2100
3163968,17/12/2023 23:30,0,38.5,19.68,0,0,120622,18/12/2023 11:23,18/12/2023,1200,1300
3164338,18/12/2023 08:34,0,17.46,8.92,0,0,28950,18/12/2023 12:21,18/12/2023,1200,1300
3166736,18/12/2023 20:17,0,0,0,0,0,135124,19/12/2023 08:27,19/12/2023,800,900
3166907,18/12/2023 21:38,0,6.77,3.46,0,0,25986,19/12/2023 10:13,19/12/2023,1000,1100
3166585,18/12/2023 18:58,0,10.47,5.36,0,0,9252,19/12/2023 13:21,19/12/2023,1300,1400
3168732,19/12/2023 13:37,0,22.12,11.31,0,0,63327,19/12/2023 15:58,19/12/2023,1500,1600
3170059,19/12/2023 20:28,0,10.23,5.24,0,0,195563,20/12/2023 15:17,20/12/2023,1500,1600
3171181,20/12/2023 10:14,0,78.88,40.33,0,0,174806,21/12/2023 16:21,21/12/2023,1600,1700
3172470,20/12/2023 14:45,0,64.37,32.91,0,0,37626,20/12/2023 17:32,20/12/2023,1700,1800
3171931,20/12/2023 12:47,0,0,0,0,0,39175,20/12/2023 13:55,20/12/2023,1300,1400
3172424,20/12/2023 14:33,0,88.83,45.42,0,0,36889,20/12/2023 18:35,20/12/2023,1800,1900
3175441,21/12/2023 11:26,0,28.41,14.52,0,0,55481,22/12/2023 17:38,22/12/2023,1700,1800
3172318,20/12/2023 14:11,0,5.64,2.88,0,0,46205,20/12/2023 18:09,20/12/2023,1800,1900
3171920,20/12/2023 12:45,0,7.59,3.88,0,0,189480,21/12/2023 15:29,21/12/2023,1600,1700
3179622,22/12/2023 11:34,0,3.99,2.04,0,0,152343,23/12/2023 09:12,23/12/2023,900,1000
3174160,21/12/2023 00:20,0,109.48,55.98,0,0,7832,21/12/2023 10:55,21/12/2023,1100,1200
3175067,21/12/2023 10:23,0,49.11,25.1,0,0,84367,21/12/2023 18:20,21/12/2023,1800,1900
3174251,21/12/2023 01:48,0,3.79,1.94,0,0,70982,21/12/2023 15:25,21/12/2023,1400,1500
3174278,21/12/2023 02:25,0,5.5,2.81,0,0,141281,21/12/2023 12:26,21/12/2023,1200,1300
3186483,23/12/2023 17:19,0,29.78,15.23,0,0,9271,24/12/2023 09:55,24/12/2023,1000,1100
3176944,21/12/2023 17:15,0,0,0,0,0,32014,21/12/2023 20:09,21/12/2023,2000,2100
3175312,21/12/2023 11:02,0,4.43,2.27,0,0,126462,21/12/2023 15:09,21/12/2023,1500,1600
3175484,21/12/2023 11:36,0,14.64,7.49,0,0,59051,21/12/2023 16:11,21/12/2023,1600,1700
3176025,21/12/2023 13:26,0,0,0,0,0,136413,22/12/2023 12:29,22/12/2023,1200,1300
3186141,23/12/2023 16:09,0,222.16,113.59,0,0,145997,24/12/2023 09:01,24/12/2023,900,1000
3179732,22/12/2023 11:51,0,3.89,1.99,0,0,106123,22/12/2023 17:31,22/12/2023,1700,1800
3180940,22/12/2023 15:43,0,15.11,7.73,0,0,106304,22/12/2023 20:58,22/12/2023,2100,2200
3181556,22/12/2023 17:54,0,39.89,20.4,0,0,21734,23/12/2023 09:08,23/12/2023,900,1000
3183681,23/12/2023 09:31,0,73.14,37.4,0,0,9316,23/12/2023 12:16,23/12/2023,1200,1300
3181574,22/12/2023 17:59,0,8.76,4.48,0,0,144487,23/12/2023 12:15,23/12/2023,1200,1300
3182094,22/12/2023 19:50,0,47.6,24.33,0,0,164900,23/12/2023 11:58,23/12/2023,1100,1200
3182203,22/12/2023 20:17,0,26.51,13.55,0,0,79857,23/12/2023 19:18,23/12/2023,1900,2000
3182170,22/12/2023 20:11,0,32.61,16.67,25.83,13.21,61293,23/12/2023 14:19,23/12/2023,1300,1400
3183358,23/12/2023 08:11,0,25.41,12.99,0,0,140986,23/12/2023 14:10,23/12/2023,1300,1400
3182519,22/12/2023 21:38,0,19.52,9.98,0,0,23525,23/12/2023 13:54,23/12/2023,1400,1500
3187295,23/12/2023 21:56,0,92.49,47.3,0,0,28532,24/12/2023 10:43,24/12/2023,1100,1200
3184670,23/12/2023 11:56,0,64.54,33,0,0,36652,23/12/2023 17:27,23/12/2023,1700,1800
3186313,23/12/2023 16:39,0,0,0,0,0,131471,24/12/2023 11:39,24/12/2023,1100,1200
3184654,23/12/2023 11:54,0,23.72,12.13,0,0,118162,23/12/2023 17:44,23/12/2023,1800,1900
3183889,23/12/2023 10:06,0,17.93,9.16,0,0,87699,23/12/2023 14:22,23/12/2023,1400,1500
3184704,23/12/2023 12:02,0,16.78,8.58,16.78,8.58,161027,23/12/2023 20:43,23/12/2023,2000,2100
3184830,23/12/2023 12:18,0,5.47,2.79,0,0,158132,23/12/2023 20:49,23/12/2023,2000,2100
3187905,24/12/2023 08:42,0,9.96,5.09,0,0,129154,24/12/2023 11:18,24/12/2023,1100,1200
3187833,24/12/2023 07:54,0,129.29,66.11,0,0,45855,24/12/2023 12:02,24/12/2023,1200,1300
3186987,23/12/2023 19:48,0,11.8,6.03,0,0,39770,24/12/2023 13:06,24/12/2023,1300,1400
3187244,23/12/2023 21:38,0,6,3.06,0,0,207834,24/12/2023 14:01,24/12/2023,1400,1500
3188256,24/12/2023 10:37,0,36.25,18.54,0,0,161945,24/12/2023 15:37,24/12/2023,1500,1600
3188378,24/12/2023 11:13,0,24.88,12.71,0,0,83978,24/12/2023 15:20,24/12/2023,1700,1800
3187980,24/12/2023 09:13,0,5.36,2.74,0,0,99503,24/12/2023 12:28,24/12/2023,1300,1400
3188572,24/12/2023 12:35,0,12.01,6.14,0,0,41742,24/12/2023 15:58,24/12/2023,1600,1700
3188452,24/12/2023 11:42,0,11.6,5.93,0,0,45135,24/12/2023 15:49,24/12/2023,1600,1700
3188531,24/12/2023 12:12,0,4.6,2.36,0,0,197462,24/12/2023 15:24,24/12/2023,1500,1600
3189100,25/12/2023 15:17,0,142.44,72.83,0,0,36328,26/12/2023 12:13,26/12/2023,1100,1200
3190634,26/12/2023 14:32,0,11.26,5.76,0,0,101768,26/12/2023 18:26,26/12/2023,1900,2000
3191540,26/12/2023 22:46,0,25.73,13.16,0,0,119740,27/12/2023 09:27,27/12/2023,1000,1100
3191500,26/12/2023 22:08,0,14.31,7.32,0,0,192433,27/12/2023 10:12,27/12/2023,1000,1100
3191550,26/12/2023 22:55,0,5.39,2.76,0,0,65841,27/12/2023 10:25,27/12/2023,1000,1100
3201881,30/12/2023 09:55,0,108,55.22,0,0,164390,30/12/2023 16:39,30/12/2023,1600,1700
3191938,27/12/2023 09:37,0,41.97,21.46,0,0,41556,27/12/2023 12:15,27/12/2023,1200,1300
3192677,27/12/2023 13:24,0,5.11,2.61,0,0,189928,27/12/2023 15:20,27/12/2023,1500,1600
3192861,27/12/2023 14:11,0,22.02,11.26,0,0,101996,27/12/2023 16:29,27/12/2023,1600,1700
3192937,27/12/2023 14:35,0,30.96,15.83,0,0,83375,27/12/2023 15:44,27/12/2023,1600,1700
3196655,28/12/2023 19:36,0,0,0,0,0,84723,29/12/2023 10:14,29/12/2023,1000,1100
3194849,28/12/2023 11:06,0,3.96,2.03,0,0,10518,28/12/2023 13:27,28/12/2023,1300,1400
3197532,29/12/2023 08:30,0,15.45,7.9,0,0,189635,29/12/2023 17:06,29/12/2023,1700,1800
3197638,29/12/2023 09:25,0,9.44,4.83,0,0,180198,29/12/2023 12:29,29/12/2023,1200,1300
3197565,29/12/2023 08:50,0,56.59,28.94,0,0,32923,29/12/2023 11:44,29/12/2023,1200,1300
3198519,29/12/2023 12:45,0,16.25,8.31,0,0,11836,29/12/2023 15:45,29/12/2023,1500,1600
3199164,29/12/2023 14:51,0,27.93,14.28,0,0,52739,29/12/2023 18:42,29/12/2023,1800,1900
3199072,29/12/2023 14:34,0,3.84,1.96,0,0,30626,29/12/2023 19:21,29/12/2023,1900,2000
3202254,30/12/2023 10:59,0,28.77,14.72,0,0,169501,30/12/2023 15:22,30/12/2023,1500,1600
3200217,29/12/2023 18:52,0,354.78,181.4,0,0,72259,30/12/2023 07:59,30/12/2023,800,900
3201423,30/12/2023 06:14,0,23.03,11.78,0,0,63150,30/12/2023 09:13,30/12/2023,900,1000
3200465,29/12/2023 20:06,0,10.02,5.12,10.02,5.12,143198,30/12/2023 10:05,30/12/2023,1000,1100
3201385,30/12/2023 04:13,0,33.4,17.08,0,0,37004,30/12/2023 13:05,30/12/2023,1300,1400
3201196,30/12/2023 00:29,0,11.52,5.89,0,0,114750,30/12/2023 10:48,30/12/2023,1100,1200
3201532,30/12/2023 08:24,0,25.27,12.92,0,0,147031,30/12/2023 11:02,30/12/2023,1100,1200
3201509,30/12/2023 08:12,0,22.39,11.45,0,0,58624,30/12/2023 12:25,30/12/2023,1200,1300
3201551,30/12/2023 08:30,0,4.99,2.55,0,0,121467,30/12/2023 12:54,30/12/2023,1200,1300
3202078,30/12/2023 10:28,0,59.91,30.63,0,0,88985,30/12/2023 13:19,30/12/2023,1300,1400
3203132,30/12/2023 13:13,0,43.7,22.34,0,0,189742,30/12/2023 17:13,30/12/2023,1700,1800
3205716,30/12/2023 22:06,0,103.17,52.75,43.55,22.26,208558,31/12/2023 11:32,31/12/2023,1100,1200
3205780,30/12/2023 22:26,0,45.47,23.26,0,0,57202,31/12/2023 08:47,31/12/2023,900,1000
3205414,30/12/2023 20:27,0,17.06,8.72,0,0,10616,31/12/2023 08:07,31/12/2023,800,900
3206483,31/12/2023 09:15,0,19.77,10.11,0,0,9103,31/12/2023 11:01,31/12/2023,1100,1200
3206299,31/12/2023 06:53,0,6.61,3.38,0,0,142871,31/12/2023 11:22,31/12/2023,1200,1300
3207294,31/12/2023 12:56,0,3.12,1.6,0,0,182347,31/12/2023 14:45,31/12/2023,1500,1600
